id,text,true_label,predicted_label
1012242835480806,charakterloses gesindel was dort die macht übernommen hat,True,False
977026749002415,"Die USA bzw die NWO finanziert ja durch ihre verbündeten wie Saudi-Arabien die Terroristen damit erst ein Flüchtlingssturm nach Europa zieht und anschließend soziale Unruhen (Bürgerkrieg)ausbricht......die Amis sorgen sogar im eigenen Land dafür das dort bald ebenfalls Unruhen kommen und die Fema die KZ ähnliche Lager (wen nicht noch schlimmer)betreibt selektiert seit Juni diesen Jahres sogar schon die Bürger wer direkt stirbt,wer ins Lager kommt und wer treu ergeben ist. Anschließend wird ein weltweiter Krieg ausbrechen durch Kämpfe zwischen Iran vs Israel oder Saudi-Arabien ausgelöst.....das ziel der NWO ist danach erreicht:große Teile der Weltbevölkerung ausgelöscht und den Rest komplett unter Kontrolle und als Zwangsarbeiter eingesetzt,natürlich alle mit mikrochips der Fema ""ausgestattet"" was in USA und Afrika teilweise seit 2013 schon der Fall ist! Mal schauen wie lang es dauert bis der Kommentar gesperrt wurde.....",False,False
856768134361611,Dresdener Bürger gehen hier für mehr Demokratie auf die Straße. Dresden ist doch jetzt schon zur heimlichen Hauptstadt der Demokratie in Deutschland geworden. Berlin = Multikulti und Verarschung des Deutschen Volkes.,False,False
1073,"@KokoLores20 Frage mich schon seit Jahren, wieviel Stoff jemand intus haben muß, um solche deutschfeindlichen Idioten zu wählen?!",False,False
982739818431108,"Wir haben uns die Pest ins Land geholt ! Wir wurden auf linke Art,ohne Krieg,besetzt ! Alles nur hirnlose Idioten,die das zu verantworten haben !",False,False
1015,"@BVBorussia_ @rponline Was hat diese saublöde Frage mit meiner ""Fußballerfrage"" zu tun? 80% der Fußballvereine, bestehen nur aus Legionäre! Das ist trauriger Fakt!",False,False
994054977299592,"Sandro Rodriguez, vor dieser Bezeichnung muss aber unbedingt stehen: ""Islamische Republik Asylistan"". Und dann wird die größte Mosche in Europa gebaut mit dem Namen: ""Fatma Merkel und Gaukler Mosche"". Natürlich müssen beide vorher beschnitten werden.",False,False
1391786441303265280,@hamadsportlich @Laza069 @delilabaatzen @niddalas2021 Du fetter Hurensohn hahahahahahahahah du machst fake leak aber beim echten einfach fetter Hurensohn kanake der stinkende Eier hat,True,True
1134089513296137,"Murks Merkel, ich war knapp 20 Jahre als Außendienstingenieur im Einsatz, in Europa, aber auch in Afrika (Nigeria, Uganda, Tanzania, Cote d´ivoire, Kamerun ...), in Nahost (Iran, Saudi, Kuwait, Doha, UAE, Jordanien), ich bezweifle ernsthaft, daß sie dumme Frau jemals so viele nichtdeutsche Menschen kennengelernt und mit ihnen gesprochen haben. Erzählen Sie mir also keinen Scheiß und hauen Sie endlich ab! Sie haben weiß Gott genug Schaden angerichtet!!!",False,False
952178954820528,Mathias Schü ... Dir schreibt man in diesem Zusammenhang groß Du überhebliches ...  Und wenn ich mir das Profil von dem Rotzlöffel ansehe ... Denk ich mir meinen Teil,True,False
982673688437721,"Die Flüchtlinge ich kann es nicht mehr hören 
Ungarn macht es vor wie man das Gesindel behandeln muss",False,False
593,@KrahMax Kirche und Staat sind aus gutem Grund getrennt. Sie sollte neutral sein und sich nicht zu Politischen Statements hin reißen lassen. Der Makel des Verrates haftet seit dem 13 October anno 1307 an der Kirche und ist nicht vergessen.,False,False
993548840683539,"Alexander Läßner Die Flüchtlinge nix, aber die Flüchtlingsindustrie , die immer mehr hier her schafft. Kleine Probleme ? Wie einseitig kann man denken. Auch die Kriegspropaganda gehört dazu,. Denn was folgt daraus. Und die Islamisierung unseres Landes und das Überfluten unseres Landes mit Moslimen , die nur Ihren Koran, als Staat und Religion kennen und Toleranz untereinander nicht kennen . Und schon ist der Kreis geschlossen . Deine überaus dämlichen Beleidigungen , kannst Du Dir hinstrecken , wo die Sonne nicht hinkommt. Wer würde das alles finanzieren können, wenn wir nicht unsere Heimat lieben würden brav arbeiten gingen und vor allem brav Steuern zahlen würden? Wer bitte hätte so einen Staat , in dieser Form aufbauen können.? Wer zur Hölle. Und Lustig ich bin auch Migrant und Deutschland ist meine Heimat!",False,False
858382294200195,"[@IND]: Du meinst doch sicherlich die Antifa und Grünen Mitläufer mit asozial, oder?",False,False
1065548856816870,"Genau alle hier checken es also, gut so das wir nicht so naiv sind bringen Gold Geld zurück und gehen dann um die Ecke kleine Kinder und Omas Opas Kloppen und ausrauben und die Klamotten im Geschäfte stehlen!!! Aber Gold Geld und Co, bringen die zurück meine Güte voll die Robin hut's",False,False
884852508219840,Deutschlnd ohne dich wäre eine Sorge weniger.,False,False
470,Die neue Pampers Werbung. |LBR| Nur Kinder von Invasoren die man uns dort zeigt. |LBR| Ich würde keine Pampers kaufen. |LBR| Deutsche sollten nur deutsche Produkte kaufen. |LBR| Und deutsche Werbung.,False,False
885880571450367,Ganz normale Bilder wie wir sie schon seit jahren am 1 Mai in hamburg sehen oder bei den chaostagen in Hannover. Diese Faschisten  sind die neuzeitgestapo der Regierung,False,False
856806847691073,"Das ist mir auch aufgefallen, meisten sind es junge Frauen, die noch grün sind. Vielleicht gehören die zu den versprochenen 77 Jungfrauen.",False,False
1058071417564614,"Merkel lacht sich doch ins Fäustchen! Wie geplant, machen Andere die Drecksarbeit für sie und sie braucht ihre Politik nicht zu ändern, verliert ihr Gesicht nicht. Ha ha ha",False,False
1565,"@RobertMertens16 @stormyseas212 @MoebusAnne @mamjahid Du bist ein fremdenfeindlicher kleiner Volkspfosten, der sich im Netz mal richtig toll fühlt. Wer aber",True,True
1010844958953927,"Was ist denn daran Halbwissen, wenn man die zwei Schwuchteln nicht leiden mag? Ich bin wohl wirklich unkultiviert, da ich den Sinn von deren Sendung nicht verstehe! Was hat das für einen Unterhaltungswert, wenn die Deppen sich gegenseitig die Daumen in ihre Ärsche stecken? Und solche Versager wollen mir eintrichtern, dass ich dumm bin! Hahaha, da muss schon jemand kommen, der intelligenter ist.",True,False
1105666222805133,Geh mal in DD in die Innenstadt! Da gibt es genug Muselmänner. Alle schwer traumatisiert und gezeichnet von den furchtbaren Kriegen und Folterungen ;),False,True
982668571771566,Diese Feiglinge..lassen ihre Familien zurück und kämpfen nicht für diese aber können Steine werfen. ..Da sieht man mal wie die ticken,False,False
1035142839857472,"So jetzt auch Probleme in Hamburg, und wieder Nordafrikaner dreck!!",False,False
1088778541160568,"Da kann man noch hoffen!!! Vielleicht, ich hoffe es läuft bei uns ähnlich die Nonsensparteien müssen endlich weg!! Weg mit dieser Inkompetenzshow in Berlin!!",False,True
1111375498900872,richtig so....anders kann man ja nicht verhindern das die Schmarotzer das Geld nach Hause schicken und wirklich nur für sich nutzen,False,False
1057763907595365,"Was muß diese Frau unser Deutschland hassen. Denn ihr Deutschland ist es niemals, sonst würde sie dieses Land mit einer fremden Kultur nicht überschwemmen.",False,False
882270231811401,Frank Golz !!! Hohl hohl hohl !!! Das es solche Menschen noch gibt ???,False,False
819,@Quatrofinia @ulschzi @Tinimaus1110 Ich will dieses Arschloch nicht auf freiem Fuß wissen...egal in welchem Land..!,False,False
683,"Bei #Halbneger meldet sich Till #Schweiger grosskotzig zu Wort, bei Mord an #Mila Valentin hört man nichts von diesen Heuchler.",False,False
1063737950331294,"Das wird sich ändern, wenn der Prozentsatz der Fudschies in den Klassen weiter so rasant ansteigt..",False,False
951558961549194,tsssss....euer rumgejammer...schaut mal.europa geht pleite.sobald unser geld nix mehr wert ist brauchen wir wieder billigarbeiter.nix mehr mit tarifverträge und mindestlohn...nene diese asylbewerber werden früher oder später wie sklaven für uns arbeiten dürfen....ich hoffe nicht das das wirklich der plan ist aber irgendwie schauts bissl danach aus.,False,False
857454397626318,"Mit friedlichen Demonstrationen erreicht ihr gar nichts. Die lachen sich doch nur schrott. Jemand, der nichts zu befürchten hat, der macht weiter, so tickt nunmal die menschliche Psyche. Mein Gott, laß euch doch nicht dauernd von dem blöden Nazi-Gerede einschüchtern. Ich muß kein Nazi sein um was gegen die Islamisierung zu haben und radikal erst recht nicht.",False,False
1052457508126005,"Thomas Miles Der war aus Eritrea. Und zwar wurde er in der Nacht von Montag zu Dienstag gefunden und logischer Weise, da Pegida montags unterwegs ist, konnte es nur Pegida gewesen sein, ansonsten auch, wer sonst? Großes Bla Bla. Empörung usw.  Seine Mitbewohner fühlen sich in Dresden nicht mehr sicher. Großes Plakat und derjenige der das Plakat gehalten hat, wars.  Die hatten Streit wegen der Wachmaschinenbenutzung und da wird eben der andere abgestochen. Oder nicht. Die Dementierung kommt dann meistens nicht.",False,False
1095917270446695,...kann man die nicht mit Gummigeschossen beräumen??,False,False
894699097235181,"Sowas von Realitätsverlust, der braucht dringend Ärztliche Hilfe!
Worte sind wie Schall und Rauch, an ihren Taten sollt ihr sie messen!
Hassprediger , Salafisten, Parallelgesellschaften, ISIS, Boko Haram, geschändete und abgeschlachtete anders Gläubige. Warum sollen die Moslems hier anders sein?
Man hört und sieht sie nicht in ihrem Protest!",False,False
882739545097803,"Passt genau zu dem Bericht über den, von unseren ach so traumatisierten Fachkräften aufgebauten Drogenring, die Gegend stimmt auch, Zwickau, Plauen und Umgebung hieß es im Polizeibericht!",False,False
873,@HolgerEwald1 @Westminster1000 made my day. Dummheit wurde schon immer bestraft. Die sind sogar so bekloppt das sie jetzt Teddys für Idioten werfen würden.,False,False
1096627693708986,"warscheinlich niemand geburt so. aber 1. der islam erzieht die islamisten so, dass sie gegen der unglaeubigen alles machen dürfen. 2. in europa sehen die islamisten das, dass sie tatsaechlich alles machen dürfen.",False,False
945853292119761,Weg mit dem Dreck ich verstehe unter Flüchtlingen alte und Kinder nicht welche die ihr Land verteidigen sollten.,False,False
1010693522302404,Theo Brenner Suchen Sie mal einen Pathologen auf damit er Ihren Hirntod bestätigt !,True,False
857526484285776,Geh und lies in deinem verstaubten Märchenbuch und knüpf deiner Aishe das Kopftuch zu : -),True,True
963533487018408,"Ich fordere den Kauf einer der griechischen Insel, um diese Idioten dahin zuverfrachten!",False,False
895399477165143,"SChön, im Namen Allah verlieren zur Zeit 1000 Menschen  am Tag ihr Leben dieser Spinner will das nicht wahrhaben. Das ist Volksverhetzung pur.",False,False
385,"Piepser, ich war shoppen, Hemd gekauft in 44 ""Slim"" &gt;&gt;&gt; Schietkrom, dor passt doch nur so`n süddeutscher Sprottenbuckel rinn 😜",False,False
1265,"Du Fotze Du Hurensohn Du Kinderfickerin Du Kibdrrficker Du Inzucht PÄDOOHILE Scheiße Du sendest mir deine perverse Sex PÄDOPHILE Kinder Pornographie Filme auf mein Handy Hast Du Lack gesoffen du krankes Inzucht Objekt aus der Gruppe Sprüche Deine Adresse habe ich, dich komme ich besuchen, und dann werde ich dich eiskalt abstechen geh dich bitte erschießen du PÄDOPHILE Drecksau",True,True
1152533004785121,"jegliche Spenden zukünftig verweigern. Wenn sie auf der Straße oder an der Haustür betteln, sofort in die Schnauze hauen. ( 62j. und kein Mitglied bei der AFD ) übrigens nach meiner Kenntnis ist die AWO eine Organisation der S - charia P - artei D - eutschland- !",False,False
109,"@Dauerquerulant Sie meinte, ich solle die Mäuse allein fangen - zu flink die Viecher, ich würde verhungern 😂",False,False
1012232922148464,Das ist extrem:(good bye freedom im Deutschland.Merkel zahle fur das,False,False
676,"@ibikus31 @BlondJedi @Beatrix_vStorch @CDU @CSU @spdbt @Die_Gruenen @RegSprecher @GottfriedCurio @fdp @Linksfraktion Weil der Rest, also der überflüßige MÜLL, im BT, so PERVERS,PÄDOPHIL,RASSISTISCH,GIERIG,MACHTGEIL,KRIMINELL,IDEOLOGISIERT,POPULISTISCH,HETZERISCH,ANTIDEUTSCH,WURZELLOS und häßlich wie Claudia Roth oder Stegner sind. Kohn Bendit ist auch so einer,der seine Rechnung bekommen sollte",True,False
215,"@ThunderRainman @arian_elquaida ...nicht ""vor der Tür"", sondern im Haus. Es wird HÖCHSTE Zeit, dass es eine Grundreinigung des Hauses gibt 😜",False,False
945896408782116,"ach gottchen,jetzt jammern die weiber rum,wegen beläßtigung u sind pikiert!aber wenn es darum geht sich auszutauschen,komm ""ach,ich interessiere mich nicht für politik!"" ja,hättet ihr aber mal sollen!!!dann gäbe es gewisse probleme nicht!!!aber ihr kümmert euch lieber um eure strähnchen u die nägel u schuhchen.aber da,wo es mal wichtig wäre,sich zu informieren,den mund aufzumachen,wo es mal nicht um äußerlichkeiten geht,winkt ihr gelangweilt ab!!!!
selbst schuld!
u hört endlich auf zu jodeln,was andere von euch denken könnten!geht es bei allem,was ihr tut,um die meinung anderer?!
wie erbärmlich...wir im osten leben seit rostock u hoyerswerda mit dem nazistempel auf der stirn u jetzt erst recht...mir ist das egal!!!",False,False
882694678435623,Ja die ostdeutschen lassen sich nicht so schnell auf Gehirnwäsche der Politik ein. In den alten Bundesländern lief die Gehirnwäsche schon paar Jahre länger. Aber würde es ans persönliche gehen ( auto angeben damit die Asylanten beweglicher sind usw) fällt ihnen vielleicht die Schuppen aus den Augen.,False,False
857427124295712,"Eins muss ich ja mal sagen, lasst euch nicht von Trollen provozieren!!
Ich finde, bzw mir ist es wichtig, dass jede/r seine Meinung sachlich kundtuen soll. Es kann nicht sein, dass hier stetig Menschen beleidigt werden. Ob jetzt Pegidaanhänger, oder Gegner.

Mir soll ein Gegner bitte mal erklären, was an dem Positionspapier rechts sein soll. Kommt mir nicht mit ""Das wird nur als Deckmantel genutzt"", denkt ihr auch so bei einem Parteiprogramm von z.B der CDU??

Und nochmal was zum Thema Islamisierung, der Fall von der 19-jährigen hochschwangeren Maria, die von Moslems ermordert wurde, wird nicht bis garnicht in den Medien erwähnt. Erinnern wir uns mal ein paar Wochen zurück bei dem Fall von Tugce, das war tagelang in den Medien, weil hier das Opfer eine Türkin war. Nun stellt euch nur mal vor, es hätten 2 Deutsche eine Türkin ermordert, das würde in den Medien rauf und runter laufen mit ARD-Sondersendung.

Die Täter kommen glimpflich davon, wärenddessen der Deutsche 25 Jahre Haft bekäme. Das zum Thema ""alle sind vor dem Gesetz gleich"". 

Und daran ist die Politik Schuld, und genau deswegen gehen Leute auf die Straße!! Weil sie einfach keine Lust mehr darauf haben verarscht zu werden!!! 

Und das hat nichts mit rassistisch zutun, wenn verlangt wird, dass die Gesetze für jeden gelten und auch angewandt werden sollen, egal welcher religiösen Herkunft oder wie auch immer!!!",False,False
1284,Du bist ein hurenson,True,True
862103940494697,"Schmeißt doch endlich mal das krupvolk hier raus , kann die  unnötigen Kommentare nicht mehr sehn . Die sind sowieso nur da um stress zu schieben . Man sieht es doch immer von der gegen Demo , einfach nur Hirnlose Voll Idioten . Da sieht man wieder wie die Asylanten sind , und die Eltern von denen sind kein stück besser .",False,False
309,@emrich_5933 @DuHugonotte @CDU Wo war das Merkel‘sche Entsetzen beim „Unfall“ in Cuxhaven? Wahrscheinlich weil kein Politiker betroffen war!,False,False
858361400868951,Die Deppen sind genervt von der Polizei https://www.facebook.com/pegidawatch/photos/pcb.693425560767071/693424614100499/?type=1&theater,False,False
856848874353537,"# Ihr seid einfach nur ""DUMM""!!
Sind das etwa Vorurteile? *tztztz*

# Schaut euch mal an wer hier tatsächlich Europa überschwemmt
Ja, das haben wir angeschaut!

# ihr erbärmlichen Kreaturen!
Beleidungen? *tztztz*",True,True
1038624159509340,Nicht nur in Österreich ist die Lage von Tag zu Tag immer bedrohlicher. Auch hier in Doitschelandistan will das Merkel-Regime die ISlamisierung gegen alle Widerstände durchboxen. Es wird allerhöchste Zeit für einen Regime-Change. Ja. Wir können das.,False,False
857401474298277,"Da ist er schon, der erste panische Gutmensch und Selbsthasser, der nicht lesen kann und schnell versucht irgendeine antideutsche Propagandaphrase abzulassen.",False,False
857953544243070,"Dont burn the books, LEARN FROM THEM. The communists want to destroy us and our nations!! READ THE PROTOCOLS OF THE LEARNED ELDERS OF ZION!!!!!!",False,False
338,@zeitonline Eines ist Fakt...wer vor Assad flieht der führt nichts gutes im Schilde. |LBR| Alle wissen das doch niemanden interessiert es..!,False,False
858648884173536,"ihr Osis klaut uns Ausländern erst die Arbeitsplätze, und jetzt hetzt ihr auch noch.
Kauf dir schonmal ne Burka wenn Du soviel Angst hast vor dem Islam, die köpfen nämlich mit vorliebe hässliche Menschen.
Ach und noch etwas, bleib bitte im Osten, hier im Westen sind wir ganz viele!!!",False,False
1056478657723890,"Da fehlen noch Hirnlos Künast, Marionetten Altmeyer und der GAUCKler",True,False
961014363936987,"Da den verbloedeten Linksversifften nie irgendwelche guten Gegenargumente einfalllen, weissen sie fuer gewoehnlich auf voellig themenirrelevante Themen wie Rechtschreibung oder Grammatik hin.",False,False
951674248204332,"Guten Morgen, jeder der über folgenden Vorfall schon irgendwo las, wusste woher der Wind weht, eine ""Gruppe Jugendlicher"" bzw. ""eine Gruppe junger Männer"" verprügelte einen gewissen Marcel Rohrlack, den Sprecher der Grünen Jugend in München.

Nach dem Besuch des CSD, bei dem er als Frau verkleidet war, traf er die Bereicherer, bzw. sie trafen ihn.

Nun sind wir weit entfernt davon, schadenfreudig zu sein, es gibt keinerlei Rechtfertigung dafür, was ihm passiert ist, aber wer denkt Herr Rorlack zöge die richtigen Schlüsse, weit gefehlt, schaut Euch den Link an und staunt. 

http://www.pi-news.net/2015/07/muenchen-gruene-transe-von-kulturbereicherern-verpruegelt-afd-ist-schuld/#more-471024

Ein Auszug aus dem Text von www.pi-news.net 

(...)Als diese Woche die deutschen Medien berichteten, Marcel Rohrlack, der Sprecher der Grünen Jugend in München sei nach dem Besuch des CSD, bei dem er als Frau verkleidet war, von einer „Gruppe junger Männer“ geschlagen worden, gab es zuerst keine konkrete Täterbeschreibung. Diese wurde jetzt von der Polizei nachgereicht und nun ist klar, was eigentlich bei dieser fehlenden Täterbeschreibung jedem noch wirklich Denkenden schon die ganze Zeit dämmerte: „Südländer“ waren die eifrigen Überbringer von Kulturgut in Form eines Schlages, der Rohrlack die Brille zerstörte, ein blaues Auge und eine Wunde hinterließ, die genäht werden musste.

Inzwischen gab es eine Solidaritätsdemo für den Grünen und jede Menge Empörung von grün bis rot, durch alle Medien und auch wieder zurück – ohne freilich auch nur ansatzweise die Ursache jener sogenannten Homophobie zu diskutieren, die die Kulturschätzchen veranlasst hat, einem Unterstützer von Islamisierung und Masseneinwanderung das Dankesgeschenk eines Veilchens zu machen.(...)

#PEGIDA #DresdnerThesen #München #Einzelfall",False,False
412,"@welt Gabriel hat sich gemeldet weil er auch mal was sagen wollte!! Diese Witzfigur nimmt doch keiner erst, weltweit nicht!!",False,False
946266898745067,"Warmer abriss warmer abriss und die Bude von dem gesocks was sowas genehmigt, veranlasst gehört gleich mit in Brand gesteckt pfui teufel",False,True
1152508174787604,Leute merkt euch diese awo Dreckfressen. Eines Tages gibt's vielleicht was aufs Maul.,False,False
1058042510900838,"Monika Nitzsche das bringt in dem Falle gar nichts, weil die ganze linke Bande ja für diesen Irrsinn ist, da hilft nur noch ,alle verhaften und in den Flüchtlingslagern den neuen Heiligen die Scheiße wegräumen lassen, das würde vielleicht was bringen ;)",False,False
857360610969030,Aba die deutschen sonen Nazis sein... Ihr seit doch  viel schlimmer,False,False
951875351517555,"Mal sehen wie lange sie noch brüllen ""Refugees are welcome!"". Ich finde, unsere Politiker brauchen deutlich öfter einen Schlag in die Fresse. Sorry, aber etwas anderes haben sie in meinen Augen nicht verdient! Und JA, in diesem Fall bin ich schadenfroh, na und.",False,True
858003777571380,"Ja, ganz toll. Ihr seid eine Schande für Deutschland!",True,True
858250710880020,"Und dann freut sich ein Herr Sven Statz der endlich wieder einen dunkelhäutigen Menschen als ""Schwarzbrot "" bezeichnen kann obwohl der Herr die Grammatik seiner Sprache selbst nicht völlig beherrscht ...",False,False
911,"@christelmett @artepmobil Alle ""pro Erdogan"" Türken sofort rückführen und falls im Besitz der d. Staatsbürgerschaft sofort aberkennen! = 👍",False,False
988264421211981,Helfen gerne aber als Nachbarn nein danke. Wir werden aber dazu gezwungen mit diesen Wandalen Tür an Tür zu wohnen.,False,False
634,Der Islam hat sich in den Sechzigern nicht integriert warum geht ihr davon aus dass er sich jetzt integrieren möchte? So dumm kann doch kein Mensch sein. |LBR| #illner,False,False
877120868993004,"Na die Fachkräfte kennt man ja. Drogendealer, Frauenschläger und ähnliches Gesockse",False,False
857644467607311,Und Du ein Muraddin :) -- Komische Islamisierte Mischpoke Du,True,False
894824053889352,"Kann bei dem leider nicht mehr kommentieren, da ich nach einem Kommentar auf seiner Seite gesperrt wurde - dabei stand dort weder was rassistisches, noch was beleidigendes oder so drin...:

Sehr geehrter Herr Jürgen Todenhöfer,

selten habe ich so einen Schmarrn gelesen! Bringen Sie doch nicht das Christentum mit den Öl-Kriegen (welche ich absolut kritisiere) in Verbindung. Denn auch wenn sowohl die früheren Kolonialherren als auch die heutige Finanzmafia samt ihren Schergen aus dem christlichen Abendland kommen, so geschehen diese Kriege nicht im Namen des Christentums und kein Christ kann sich dabei auf die Bibel oder die Lehre Jesu Christi berufen!

Ob es diese Islamische Gewalt nicht gäbe, das bezweifel ich aber dennoch. Denn Gewalt von dieser Seite gibt es ohne Pause seit Entstehung des Islams. Mit den Kreuzzügen, eine Reaktion auf 400 Jahre muslimischen Terrors, konnten wir uns zeitweise etwas Erleichterung verschaffen. Vor Wien konnten wir sie schlagen und aus Spanien wieder vertreiben. Aber heutzutage hilft das Alt-68er Gesocks, die internationale Gutmenschenmafia und die Lobby der Sozialindustrie denen bei der Infiltrierung Europas. Traurig dieser Verrat von innen!

In Richtung schwächerer Staaten ist der Islam so grausam, brutal und rücksichtslos wie eh und je. Ob in Nigeria, Sudan, Irak oder Syrien, überall werden Christen, Atheisten, Anhänger von Naturreligionen und andere abgeschlachtet wie Vieh. Ja selbst die an sich sehr friedfertigen Buddhisten in Indoniesien wehren sich inzwischen mit Waffengewalt da sie permanent unterdrückt und bedroht werden. Leider gelingt es den verlogenen Moslems selbst dort, sich schön brav als unschuldige Opfer darzustellen.

Und daß in den letzen 200 Jahren kein arabisches Land ein westliches Land überfallen hat, das hat einen allereinzigen Grund:

Überlegene westliche Waffentechnik!

Herr Todenhöfer, Sie sollten nicht so tun als ob sie auf der Seite des Westens stünden oder neutral wären. Ich kann mich noch gut an ihre manipulierten Bilder aus dem Gazastreifen erinnern. Bei allem Respekt vor ihrem Mut, diese Krisengebiete zu bereisen, was Sie journalistisch machen ist alles andere als saubere Arbeit! Das Faken von Reportagefotos ist ein absolutes NoGo und ein Armutszeugnis für jeden ehrbaren Journalisten!",False,False
1052405014797921,"War da letztens nicht so ein Bericht vom Verfassungsschutz oder so ähnlich, über die aufkommende Pogrom-Stimmung in Deutschland?

Wie weit darf sich eine Regierung von ihrem Regierungsauftrag entfernen?

Und wenn sie sich soweit davon entfernt hat, dass sie den Schutz der eigenen Bevölkerung gar nicht mehr wirklich verfolgt oder verfolgen kann, dann ist es Zeit für eine Abwahl/Neuwahl.... damit diese Art von Briefen nie wieder notwendig sind.... Schlimm dass der nette Polizei Onkel so etwas schreibt (schreiben muss).... pure Hilfslosigkeit!!

Die Pegida fordert schon lange eine Verstärkung der Polizei.... und dann so ein Brief?

Eisenstiefel an und weg mit dieser linksrotgrünen Faschistentruppe",False,False
616,@BlondJedi @Boelscheline Hey Charr...du bist kein guter Boxer...im Ami-Land haut dich jeder Sparingspartner wech du Pfeife...! |LBR| @ManuelCharrr,True,True
1010248652346891,"Bis ""Deutschland"" stimme ich Ihnen VOLL zu. Was mich nur stört, ist die Tatsache, dass jeder Flüchtling (von Teilen unserer Gesellschaft)  von vorn herein als ""Terrorist"" betrachtet wird. Im übrigen verstehe ich nicht warum z. B. Tunesier und Marokkaner in unserem Land geduldet werden ( selbst wenn sie kriminell werden) ???",False,False
970,"In Deutschland gilt derjenige, der auf Probleme hinweist, als viel gefährlicher, als derjenige, der die Probleme verursacht. Es müssen wohl noch viele Kinder erstochen, Homosexuelle gejagt &amp; Frauen auf bestialische Art &amp; Weise vergewaltigt werden, bis die Politik aufwacht!",False,False
1038623186176104,Nur noch Verräter,False,False
862,"@KokoLores20 @Heinrich_Krug Wir werden auf Jahre hin verseucht.....dieses Unkraut, auch dieses in den eigenen Reihen, kriegen wir nie wieder los...!!",False,True
945849142120176,"stolzen deutschen Nation, aber sie sehen nicht, wie die Muslime zu zerstören Deutsch",False,False
1035180829853673,PEGIDA ist die einzige Rettung Deutschlands wenn man sieht was dieses Gesockse wieder am Kölner Bahnhof gemacht hat!,False,False
1069269819778107,"Kretschi: Senil, debil, Hohlraumdübel und Gehirnprothesenträger.",True,False
982668075104949,"Ungarn hat die Grenzen dicht gemacht aber die Illegalen machen sich jezt über Kroatien auf den Weg in das gelobte Land. Seitdem Merkel mit ihrer ungedeckelten Willkommensdiktatur die Büchse der Pandora geöffnet hat gibt es auch für den letzten ""Flüchtling"" kein Halten mehr. Dabei spielt es keine Rolle mehr ob man wirklich aus einem Kriegsgebiet, einem Flüchtlingslager oder aus einem sicheren Land kommt. Für alles was jetzt folgt sind Merkel und Gabriel aber auch all die verstrahlten Luftballonschwenker von den Willkommensbahnsteigen verantwortlich. Und wer noch immer nicht begriffen hat was auf uns zukommt sollte sich die Bilder vpn der ungarischen Grenze schon eimal ganz genau ansehen.",False,False
608,"Wenn der Islam in Europa wirklich eines Tages die Überhand gewinnt, dann werden die linksgrünen Bahnhofsklatscher die ersten sein die ihre Köpfe verlieren. Denn auch der Islam hasst Verräter.",False,False
961083440596746,Udo Görtz ist nicht nur dumm sondern ein ganz Schlauer....er hat sich auch noch angesprochen gefühlt....was für ein Idiot...,True,True
842,"@schneeridara @twittonium Selbstverständlich. Fett gepamperte Zugpferde sämtlicher arabischer Islamlobbys. Wenn diese am Ziel sind, werden die Damen unter das Kopftuch ""entsorgt""",False,True
982690255102731,Ramon De la Perez Fluchbenzin gegurgelt oder keine Steine mehr von der Antifa bekommen ? so eine Blitzbirne ^^,True,False
876262615745496,"Der Islam ist nicht friedlich, schaut eu doch den Koran an..",False,False
935295236508900,Bist bestimmt sauer weil dein papa noch andere Kinder belästigt hat.,False,False
894901507214940,"Warum kommen solche Deutschlandhasser überhaupt in die Nachrichten? Das sind die wahren Leute der Lügenpresse! Das sind die ""anständigen"", die Steine werfen. Der Herr Fischer hat es ja schließlich auch zu was gebracht. Erbärmlich dieses Volksverräter!!!",False,False
475,Der #Islam gehört zu Deutschland |LBR| heißt auch |LBR| Der #Terror gehört zu Deutschland |LBR| Danke Fr #Merkel für diese Errungenschaft,False,False
1012240715481018,"Lieber Lutz, auf was für Seiten du dich aber auch zu bilden und zu informieren versuchst. Das kann ja nur in die Hose gehen ??????????????",False,True
849,Jetzt wird Deutschland überschwemmt werden aber die Idioten wollten es ja nicht anders.,False,False
941,@AkifPirincci @krippmarie Joschka war einst der größte Stinkstiefel ein Unruhestifter...bis man ihn zum gutbezahlten Minister ernannte.... |LBR| Sagt das nicht viel aus...?,False,False
951869571518133,Wenn da irgend welche in mein Eltern Haus sollen dann garantiere ich für nichts.,False,False
977103645661392,"Uns stehen schlimme Zeiten bevor... Wer das nicht sehen will, muss entweder blind, naiv oder total verblendet sein! Lest Euch das mal bitte durch! Unfassbar, was für Leute hier ins Land geholt werden!  Überhaupt sind die Polizeiberichte aus Sachsen in letzter Zeit sehr lesenswert, wenn Ihr versteht was ich meine... Tausend Dank ""liebe"" Politiker! :p  Glaubt ja nicht, dass wir uns an solche Zustände gewöhnen werden! NIEMALS! https://www.polizei.sachsen.de/de/MI_2015_38067.htm",False,False
1084439864927769,Blitzabschiebung! Jeden Mistkerl der nach den Terroranschlägen jubelt in ein Flugzeug und ohne Fallschirm über der arabischen Wüste abkippen.,False,False
1111904338847988,"Was für ein Schwachmatenverein. Glaubt ihr eigentlich das, was ihr erzählt oder seid ihr inzwischen einfach nur noch von eurem eigenem Budenzauber berauscht? Traurig, wie ihr den Ruf ein ganzen Region in den Dreck zieht.",False,False
856766357695122,Linke sollte man verbieten! Es würde ohne diese schwarzen Trolle auf jeder Demo friedlich sein!,False,False
323,@karina_vogel_de @krippmarie Besser kann man ein Bild des Grauens nicht malen.... |LBR| Was kommt als nächstes..?,False,False
1038620316176391,#RapeFuzees GetOut from Europe !,False,False
1107836009254821,"könnte man diese heinis nicht mal zwangsaussiedeln in die länder wo sie die ausländer wären, denn das wollen sie doch, viele fremde menschen um sich. warum müssen sie die ländern stressen die das nicht möchten? was hällt die hier ?",False,False
855601514478273,"und in wie fern muss ich mich als kleiner bürger dafür verantwortlich fühlen?? kann absolut nichts dafür und kann auf grund meines alters schon nicht damit in verbindung gebracht werden. aber mit dem aufschwatzen eines schlechten gewissens lässt sich heute ja prima profit machen??klar war es eine absolute sauerei was damals ab ging. aber hörst du die juden klagen, fordern etc. wie diverse personen vom islam oder wie man sie auch nennen soll??? hilfsbereitschaft schafft abhängigkeit (zum glück sind nicht alle so)",False,False
982711535100603,Müssen wir jetzt die Panzer aus der Garage holen um uns zu schützen. Langsam bekommt man Angst. Bekomme ich nicht was ich will werde ich wüdent und zerstöre alles .......................,False,False
856840864354338,"Im Ansatz nicht schlecht! Pegida, und somit vielen anderen, geht es auch nicht um die Kriegsflüchtlinge! NEIN, es geht um die Wirtschaftsflüchtlinge!!! Diejenigen, die unsere Hilfe bräuchten, können es sich gar nicht leisten herzukommen! Hierher kommt asoziales, sich nicht integrierendes und verbrecherisches PACK!!! Genau DIE wollen wir NICHT in Deutschland haben!!! Würde der Staat nicht soviel Geld an die ausgeben, wäre auch noch was für's EIGENE Volk da!!!",False,False
868,Ausländische Medien berichten dass in Deutschland ein Baby-Boom stattfindet. Allerdings ausschließlich durch Ausländer. Man vernichtet Deutschland durch ausländische Geburten.,False,False
1134227716615650,Krankenhaus Kuh,False,False
787,"@tagesschau Da diese Meldung von den Vasallen Merkels kommt, würde ich sagen das diese Meldung der Tagesschau gelogen ist!! Lügenpresse und Lügen Medien",False,False
1055076691197420,"""Wir schaffen das"", wird Aysche Ferkel auch hier wieder sagen! Zum kotzen!!!",True,False
666,"@RvrsApacheMastr @DuHugonotte Ich suche eine bezahlbare Wohnung für eine junge Familie mit 2Kindern. Ist unmöglich da alle von Asylanten beansprucht werden und unser Staat auch Mieten ,wie hoch sie sein mögen,von unseren Steuern bezahlt !",False,False
1012282268810196,"Was will man auch erwarten von diesen Bionaden und Linksabbiegern, das sind doch diejenigen die zu hause sitzen und es im Leben zu nichts gebracht haben und uns alle arbeiten lassen und dann in ihrer 365 tägigen Freizeit uns alle beleidigen und angreifen. Oder eben noch die Gattung, überstudiert sind und wo die Intelligenz bereits soweit fortgeschritten ist das das Gehirn nicht mehr die ganzen Daten verarbeiten kann und alles durcheinander bringt und so zu Frust führt und dann zu Aggressivität. Sehr gefährlich diese Leute. Da wo die Intelligenz zu weit geraten ist beginnt erst die Dummheit. :-)",False,False
1010177182354038,"Jo!...erstmal die bescheuerten 
Koran-Verteilstände weg...Burka-Verbot sowieso...und Meldepflicht ist ein unwiderufliches MUSS; auch für uns!!",False,True
924,@KayGottschalk1 Wenn die Scharia erst einmal eingeführt ist wird sie die erste sein die ihren Kopf verliert.,False,False
649,WO SOLL DAS ENDEN ??? WENN MAN SO VIEL HASS UND WUT ERZEUGT WIE DIESES FRETTCHEN VON DER SED-STASI-SEKTE CDU/CSU/LINKE/ROTE/GRÜNE ????,False,False
1056519914386431,"So viel geballte Ignoranz, Dummheit , Heuchelei und Verlogenheit auf einmal......",False,False
951918524846571,Peter Pertersen du bist so ein richtiges beispiel für dumme gutmenschen mit deinem fakeprofil!,True,True
948,"@heiseonline Wenn die infamen Lügen der etablierten Altpolitiker aufhören, dann gibts auch keinen Grund zum Hass!",False,False
982660041772419,Allahs Scheißbar ist eröffnet :)  Dreckspack,False,False
809,"Gerettete Flüchtlinge? Nein, vor der lybischen Küste abgeholte |LBR| Invasoren fluten die italienischen Häfen. Schluss damit.",False,False
857940527577705,"Germans PLEASE, for the sake of European people across the world, DESTROY THE FRANKFURT SCHOOL, AND SMASH CULTURAL MARXISM! Burn it down and destroy the communists!!!!! SAVE US PLEASE!!!
http://www.marxists.org/subject/frankfurt-school/",False,False
581,@Hartes_Geld @c_lindner Ja das ist das Ergebnis wenn blinde auf taube treffen....und das die nächsten 4 Jahre...holly shit,False,False
328,@BergholzMonika Wohl wahr ! Die nächsten Jahre werden ein böses Trauerspiel für Deutschland !,False,False
1403,ne wieso denkt meine mutter dass rassismus eine meinung ist bring dich um du hure,True,True
856759737695784,"Find ich toll, das er neben seiner Frau steht und für wixen wirbt... Lach... bedeutet das, dass er ein Wixer ist..?",False,False
1097,"@SteinbachErika ES IST NUR UND AUSSCHLIEßLICH DER ISLAM, ALSO A L L E UND J E D E R   MOSLEM,DIE EIN PROBLEM MIT DEM REST DER MENSCHHEIT HABEN! IM ISLAM HABT  IHR BESCHEUERTEN GUTMENSCHEN DIE N A Z I S DIE IHR SO VERZWEIFELT BEI  DEN DEUTSCHEN SUCHT! IHR SEID NUR ZU MINDERBEMITTELT DAS ZU SEHEN!",False,False
855024761202615,DAS SAGT DER RICHTIGE MIT FAKE ACCOUNT  HAHA WARUM FAKE ACCOUNT EIGENDLICH?  WEIL DU AUS?ANDISCHE FREUNDE HAST UND HEIMLICH DÖNER ESSEN GEHST? ? DU GEHRINLOSER AFFE AUS PEGIDA ZOO HAHAHA... KOMM HER DANN ZEIGE ICH DIR VON OBEN WIE DEUTSCHLAND AUSSIEHT HAHA,False,True
857372330967858,Akif rede nicht von bildung weil auf das niveau das man durch verwandschaftsehen kommt schafft kein ossi nicht mal mit gutem willen darum habt ihr ja soviel erfunden....ach ich vergass ihr habt ja amerika entdeckt??????????,False,True
572,@BejuBinich @haitabu1 Wir haben Jerusalem vom Islam befreit und das heutige Banken System erfunden. Wer oder was sollte uns aufhalten. Merkel oder Maas etwa. Lachhaft,False,False
880,"@AfD_HD Lachnummern, wie Papagei Tauber sind gut für`s Wahlergebnis. Merkel steht auf Leute oh. eigene Meinung u. mit NICHTS zw. d. Ohren 😜",False,False
913,"@SPORT1_PR @SPORT1 @fckoeln @VfLBochum1848eV @Rote_Teufel @tipico Bei den Vereinen versagt ,dann hat er dass richtige Profil für die Medien !",False,False
856878481017243,"Ziemlich widerlich, wenn Muslime sich mit Juden im dritten Reich vergleichen. Maulschelle, setzen, sechs",False,True
1010344722337284,Und so einer spricht davon das der Koran zur Gewalt aufruft??? Geh wieder in deinen Führerbunker braunes Gesockse,False,False
820,@Ralf_Stegner Ralle du alter Mülleimer lebst ja immer noch...dachte das zeitliche hat dich gesegnet... |LBR| Bist halt eine zähe Unkrautwurzel,True,False
1065318776839878,"Warte nur noch drauf, daß ein ehrlicher Flüchtling den Lügenbeutel der Lügenmedien findet, aus dem sie uns immer wieder so einen Quatsch auftischen. Vielleicht findet demnächst auch einer eine Tasche mit druckfrischen 600Euro- Scheinen!
Hahahahahahaha....??????",False,False
1372,Ekelhafte Hurensöhne,True,False
1107838659254556,"Ich würd die ins Arbeitslager stecken wo sie Fertighäuser bauen  für Obdachlose,aber in einem 1 A Zustand.",False,False
261,Wir sollten den deutschen Kinder und Frauen gedenken die durch den #Islam ermordet wurden.,False,False
448,@krippmarie Einweisen ...dafür gibt’s die geschlossenen... |LBR| Und den der diese alte hübsch findet oder gar erotisch....ebenfalls..! |LBR| @SawsanChebli ....im Land ihresgleichen bestimmt der Renner...😃😃,False,False
1594,@GrandmasterFleg Fett rumkugeln wie es sich für ein Fettes Schwein gehört |LBR| | LBR| Bei dir?,True,False
1012258145479275,Gott seid ihr blöd... #pegidioten,False,True
247,Irgend ein Idiot hat sich über die „Feuerzangenbowle „ aufgeregt weil dieser Film während der Nazizeit gedreht wurde.Was. Ist mit den Bestsellers wie „Emil und die Detektive „ Pünktchen und Anton „oder „das fliegende Klassenzimmer „von Erich Kästner.,False,False
1010732555631834,"(...)Joko und Klaas werden euch nicht verteidigen - Joko und Klaas werden nicht für uns da sein, wenn die Barbaren durch unsere Straßen marschieren.(...)

#Klartext #JoghurtUndKlaus #Fernsehclowns #FernseherAUS #Deppenalarm

 (...)Und die Generation Y und die noch jüngeren Kinder, die nach uns kommen, werden uns nicht verteidigen können. Die metrosexuellen Männer mit geöltem Spitzbärtchen, gepuderter Nase und gezupften Augenbrauen werden nicht kämpfen. Diese körperlich erwachsenen „Kinder“ werden nicht mit der Waffe vor der nicht vorhandenen Familie stehen und das eigene Haus und Land schützen können oder wollen. Generation Hipster und die Spaßgesellschaft wird sich beim bloßen Anblick eines schwarzbärtigen islamischen Kriegers in die Hosen pissen und in eine Schockstarre verfallen, welche dann auch bald in Totenstarre übergehen dürfte. Das oder die Bückhaltung des zukünftigen Sklaven.

Fernsehclowns wie Joko und Klaas, Stefan Raab und Hassknecht und wie sie alle heißen, werden nicht kommen, wenn Unschuldige auf den Straßen massakriert werden. Die werden nicht da sein, wenn man ihnen die Haustür eintritt, die Kehle durchschneidet oder die Hände abhackt. Die sind dann in ihren Luxusvillen und leben hinter Stacheldraht oder flüchten gar ins Ausland, von wo aus sie dann ihr Facebook-Profibild in ein „Peace-Symbol“ verwandeln und alle Menschen zu mehr Vernunft und Humanität aufrufen. Aus der Sicherheit des eigenen Bunkers heraus werden die Reichen und Prominenten dann auf das elende Volk im Bürgerkriegs Europa zeigen, dass sich mit Händen und Füßen gegen die eigene Vernichtung wehrt.(...)

#PEGIDA #AufDieStraße",False,False
982913048413785,"So Kuhweidner (oh nein, jetzt lass ich mich auch schon auf ihr Blödbürgerniveau herab), ab jetzt Hals zumachen, da kommt bei ihnen nur Dünnschiss raus :D",True,False
1043590509012705,"Die haben kollektiv einen an der Klatsche. Was kommt als nächstes - ""Oh..da hat einer was von 'Mord und Totschlag' gesagt am Wühltisch im Schlußverkauf-das ist Aufruf zur Gewalt ! ANZEIGEN ! SOFORT !..und da hinten-da habe ich ganz deutlich gehört wie jemand 'Der lacht sich tot' gesagt hat.Das ist Sterbehilfe oder billigendes in Kauf nehmen daß eine Person ums Leben kommt . ANZEIGEN ! SOFORT ! ..Ich mag mir nun gar nicht vorstellen auf welche kranken Ideen die Herrschaften kommen wenn man nun äußert "" Das Übel an der Wurzel packen"" -gilt das dann als Aufforderung zu sexuellen Übergriffen ?",False,False
1623,"@Rtti19311602 @RhodGuard Ach, er hat mich blockiert, eh ich antworten konnte. Feige Sau der.",True,False
1011560222215734,Gott was für dumme Deutsche jeder Ausländer gleich bereit ein Terroranschlag zu planen .Warum bewerbt ihr euch nicht gleich bei der Zeitung weil das grenz schon an KRANKHAFTEN Idoten.,False,False
1134078193297269,"Frau Merkel eine offene Unterhaltungsrunde im Fersehen mit Ihnen und den Sexualtraftätern von Köln, dazu noch diese perversen  Typen die Mädchen in den Schwimmbädern belästigen. Dann können sie fragen warum sie es tun wo sie doch alle ""lieb"" hergewunken haben. Die Runde würde ich gerne mal sehen.",False,False
885327771505647,wo führt das denn noch hin - ins Chaos und da sind wir schon. Scheiß M.....,False,False
886049371433487,"Sachsen soll überlegen, ob es ein souveräner Staat werden und auf die Diktate aus Berlin, Bonn, NRW und Brüssel pfeifen will!!! Sachsen wäre normal das größte Volk, der größte Stamm in Deutschland. Aber trotzdem sagen Fremde bzw. die in NRW an, was in Sachsen passieren, wer hier demonstrieren darf.",False,False
1095905187114570,Würden die sich mal mit dem gleichen Elan dafür einsetzen dass in ihren eigenen Ländern Frieden herrscht !!! Die bringen nur Chaos mit sag mal sieht das keiner!?,False,False
1793,Fuck Merkel. Ins Gefängnis mit dieser Dreckssau.,True,False
1105436739494748,"Und wieder ein Beweis von -zigtausenden, daß wir die unfähigste Regierung in der Glaskuppel sitzen haben. Alle Händchen im Schoß, bloß nix arbeiten müssen, Zeit absitzen und die fettesten Diäten kassieren. Man kann doch nicht so tatenlos zusehen, wie wir überrannt werden? Hallo? Auchwachen? Aber die immer Aussitzerei, und dann die Tröpelmina, falls die noch jemand kennt, ist so eine Kanne mit einem Hahn unten, und der tropft halt ab und zu, witziger Begriff, und so warten die Herren und Damen auch, bis",False,False
857928614245563,"Mindestens 50 Wohnungseinbrüche  pro Tag in Köln!Tendenz steigend!(Quelle:TV phoenix)Und wer glaubt dass die Täter Deutsche sind,der glaubt auch dass Zitronenfalter Zitronen falten!Oder seid ihr anderer Meinung, liebe kunterbunten Realitätsverdränger ?!",False,False
1385172164140277760,@CSU @Markus_Soeder Fickt euch und eure Drecks nazi Bullen. https://t.co/w3j6lZGq5U,True,False
858048484233576,"Hasan das wirst du bald ertragen müssen, kümmer dich um deine Salafisten , Hassprediger kannst auch zur ISIS gehen wen es dir so gut gefällt.",False,True
1057846784253744,"Sorry das ich dir das sagen muss der Islam gehört nicht zu deutschland hat er auch noch nie .
Ob du zu deutschland gehörst liegt an dir nicht an den anderen.",False,False
861966927175065,"Ein leider wahres Wort ! Die ehemalige Pegidaführung ist es nicht wert diese Bewegung zu führen!! Was hat Lutz Bachmann getan?!:Er hat Hilter imitiert, hat Charlie Chaplin auch,er hat bestimmte Menschen beleidigt hat Özdemir auch ,musste er deshalb zurücktretten Nein!! aber die Pegidaführung hat nichts besseres zu tun als zu kreuze zu kriechen.und Oertel sollte sich fragen für was Sie in dieser Bewegung überhaupt tätig war.??Wenn man eine Alternative seien will reicht es nicht den politischen Gegner zu kopieren!!Was soll aus einer weichgespühlten Alternative schon herauskommen?Nix !! Ein politischer Kampf kann nicht da durch gewonnen werden, wenn man mit Wattebällchen wirft. Wer auf die Strasse geht um dem Staat die Stirn zu bieten,muss damit rechnen Blesuren davon zutragen.Gut Oertel ist eine Frau aber als brave Hausfrau kann man keinen Strassenkampf führen.Pegida braucht eine Führung die wie ein Fels in der Brandung jedem Sturm paroli bietet. Mit einem schulmädchen Gehabe kann man sich nicht behaupten.Das ist leider so!!!",False,False
381,Früher waren Templer ein Ort für Mönche und Kämpfer. Wir aber suchen Denker und wahre Ritter. Der wahre Ritter kam immer aus dem Volk.,False,False
613,Gutmensch-Wahnsinn in Schweden: Hunderte radikale IS-Kämpfer erhalten neue Identitäten |LBR| Von Anonymous - 1. Juli 20174676 5,False,False
882708281767596,"ja Helmut Schoolmann, und wenn die Marokkaner merken das es denen dadurch schlechter geht und sie für dich mitarbeiten und mehr Steuern zahlen müssen, wirst du gesteinigt, deine Frau vergewaltigt und deine kinder als Sklaven verkauft ! Super Idee !",False,True
361,@MFHeine @Frank_Pasemann @AfDKoeln Leute merkt es euch....Finger weg von schlechten Drogen..!!,False,False
951539521551138,"langsam bunt? Mir ist es schon viel zu bunt - vielleicht sollten wir anfangen, die Repuplik so langsam mit Chlor zu behandeln.",False,False
1057159824322440,"Massenabschiebung, ich lache mich tot und wieviel Geld haben sie dafür in den Arsch geschoben bekommen ?????",False,False
951622638209493,"Wenn deutsche Menschen obdachlos sind , kümmert es  diese verraeter reg gierig einen scheiß pfui teufel. Und das wollen Christen sein. Von den rot gruenen pack wollen wir gar nicht sprechen. 30 Tage dürfen deutsche im obdachlosen schlafen",False,False
1007153502656406,Ja genau Herr Steinschmeisser kümmern Sie sich mal lieber um den Dreck hier in Deutschland...Putin verfolgt eigene Ziele und die Amis beginnen Kriege aus reinstem Bedürfnis zu helfen...Man Man geh in Rente du Dummschwätzer!,False,False
763,#Trump hat schneller begriffen daß seine Macht vom Geld der Wirtschaftsmafia begrenzt ist. |LBR| #erdogan braucht etwas länger,False,False
1035131663191923,Geh an Bahnhof Klatschen Tiefflieger,False,True
1788,"„Angela Merkel wird in die Geschichte eingehen als die Kanzlerin, die den offenen Judenhass in Deutschland wieder möglich gemacht hat.  Sie hat die deutschen Juden verraten und verkauft. Und nicht nur die Juden.“  https://t.co/FyHhOkQsek",True,False
1096045827100506,also ich würde fahren und wenn das blut erstmal 5meter weit spritzt knochen und körper fliegen  machen die anderen platz haben auf der bab nichts aber auch garnichts zu suchen ( eingriff in straßenverkehr ),False,False
998390163532740,"Diesen Bericht  (Julia Sczeb) muß wirklich JEDER Pegida-Teilnehmer lesen!!! Dort kann man sehen, wie sie lügen und das unter dem Motto ""HERZ statt Hetze"" es ist unglaublich!!! Wenn da wirklich Dresdner Bürger teilgenommen haben, sollten sie sich in Grund und Boden schämen!!!",False,False
998376240200799,Die zelte brennen in Slowenien.  Anscheinend zünden die sie jetzt selber an um die weiter Reise nach Deutschland zu erzwingen.,False,False
894847150553709,"Diese Menschen hetzen selbst nur rum zwar ein anderes Feindbild aber trotzdem nicht besser!!!!!!  Mit Weltfrieden kann man kein Geld verdienen ,also schön weiterhetzen ihr sogenannten Gutmenschen, wie ich euch verachte, nicht Pegida und Sarrazien sind die Pest der Gesellschaft sondern sie Herr Todenhöfer und ihresgleichen.",False,False
857932340911857,"http://www.bild.de/regional/hamburg/jugendkriminalitaet/kind-mit-150-straftaten-39512234.bild.html
Lest euch das mal durch...kein Einzelfall!!! (Flüchtlingskinder)",False,False
982693671769056,Ramon De la Perez: Ist ein Internettroll.,False,False
888003717904719,"Der Islam ist KEINE Religion!!!   Der Islam ist die mit Abstand menschenverachtendste Weltanschauung, welche nicht das Leben sondern den Tod verehrt, entsprungen aus den schizophrenen Wahnvorstellungen (eines mordenden, raubenden, egozentrischen, pädophilen, Schafe hütenden, geisteskranken Analphabeten, den diese Leute „Propheten"" nennen, der wahrscheinlich sogar der inkarnierte Antichrist war), welche durch unverarbeitete Traumata, hervorgerufen durch den frühen Tod seiner Mutter, seines Großvaters, seiner Frau Chadidscha und seines Sohnes Ibrahim, gepaart mit dem Spott der Mekkaner, die Grundlage einer angeblichen Religion bilden. Das kann und darf man in einer Kultur, welche christlich-abendländisch geprägt ist und das Mysterium von Golgatha („Vater vergib ihnen, denn sie wissen nicht was sie tun"") verehrt, wie der unseren, niemals zulassen, dass alle menschlichen Wertvorstellungen durch den Islam so derart lebensfeindlich untergraben werden. Der Islam gehört nicht zu Deutschland.   Das ist der wahre Islam, und Mohammed war sein „Prophet""... ACHTUNG SEHR GRAUSAMES BILDMATERIAL (18+) http://www.mpolska24.pl/post/6737/holokaust-chrzescijan",False,False
1057787694259653,"Die blicken doch schon lange nicht mehr durch! Der Karren ist längst gegen die Wand gefahren! Diese Person muß gestürzt werden, bevor noch Schlimmeres passiert.",False,False
857754044263020,"Ups, war zu schnell, hier nun komplett: Der Islam gehört doch nicht deswegen zu Deutschland, weil hier relativ viele Moslems leben. Dann könnte ich auch sagen, der Scheckbetrug, die Sodomie oder der illegale Organhandel gehören zu Deutschland, weil hier auch Scheckbetrüger, Sodomisten und illegale Oreganhändler leben. Hier geht es doch um eine kulturelle, zivilisatorische Kompatibilität - und diue ist nicht im Entferntesten gegeben, wie gerade wieder der grausige ""Ehrenmord"" - in islamischen Kulturen tolerierte Normalität - in Berlin gezeigt hat, der wohl jeden hier erschaudern lässt. Begangen von einem Türken, dessen Familie seine hochschwangere Freundin nicht mochte.",False,False
1134266499945105,"Einen persönlich kennenlernen soll ich????
Ganz sicher nicht sonst lande ich ja noch selbst im Krankenhaus sowie manch andere die von sowas verprügelt worden sind 
Wie wäre es denn wenn du dich mal darum kümmerst die unwetteropfer zu unterstützen die es jetzt gerade bitter nötig haben einfach nur noch ein witz alles nein ist ja alles für die werten Gäste hier in unserem Land die denken das es ihr Land wäre hör auf alles zu beschönigen und sieh zu das du einfach da weg kommst wo du sitzt dich will keiner mehr haben",False,False
1092524794119276,"Deutsche Land gute Land nix Arbeit viel Geld. Deren Motto, und hier kämpfen manche Hartz 4 Empfänger ums nackte Überleben",False,False
1043733988998357,"Auf Geheiß der Ministerpräsidenten Winfried Kretschmann und Malu Dreyer soll die AfD zu den üblichen Lifedebatten nicht eingeladen werden und der SWR führt diesen Befehl aus. Das hat mit Demokratie, unabhängiger Berichterstattung, Grundgesetz und Staatsferne nichts zu tun. Das ist ein weiterer unwiderlegbarer Beweis für den verlogenen undemokratischen Staatsfunk! Gleichzeitig wird Polen wegen seiner Medienpolitik in Brüssel vorrangig von deutschen Politikern abgekanzelt. Und darüber berichtet dann dieser verlogene Staatsfunk am selben Tag - ein Zusammenhang wird natürlich nicht gesehen. Wer soll dabei nicht an die Mistgabel denken! Und Protagonisten solcher Medien wollen unsere Tatjana strafrechtlich belangen, weil sie von ihrem Grundrecht auf Meinungsfreiheit Gebrauch gemacht hat! Pfui Teufel! Wo leben wir!",False,False
918,"@RegSprecher @iaamesse Merkel hat soviel Ahnung vom Auto, wie die ""berühmte"" Kuh vom Sonntag!",False,False
982675118437578,Was für ein Vergleich du Vogel,False,False
1012034585501631,Heinz Reinhardt Nur ein idiot merkt es nicht das die nicht Deutsche im lande sich gut eingenestet haben und es past ihnen garnicht das Der Deutsche (Nazi) meckert,False,False
1061,"Salvatore, siehst Du nicht, wer da aus Afrika kommt? Wenn Du diese |LBR| rücksichtslosen Invasoren willst, dann füttere sie selbst, und sitz.",False,False
1011232272248529,"Wieso unterrichtet diese Tante Sirseloudi nicht in ihrem Herkunftsland? Dort kann sie doch die Studenten ausbilden. Ach so, die können ja nicht lesen und schreiben nur schießen. Ja dann bleib in Deutschland auf eine mehr oder weniger von euch kommt es noch nicht an. Wird sich ändern.",False,False
1056710044367418,"Peter Gohs du häslicher kackvogel, noch so eine Spruch und du solltest dann vor mir Angst haben, verpiss dich??",True,False
992,"@ufhoven Gutmenschen lieben es,  mit Zitaten aus ganz anderen unvergleichbaren Zeiten zu moralisieren. Würde Goethe jetzt durch Leipzig wandern, würde er weinen, ob der Ueberfremdung, kulturellen Verwahrlosung und all den Messer- Überfällen",False,False
423,Europäer begreifen langsam dass sie durch #EU allen voran #Merkel #Juncker nur belogen und betrogen und ausgenommen werden. |LBR| #katalonien,False,False
882720598433031,"Die wollen Ihre Kinder und Frauen nicht mitnehmen. Da wird eine Deutsche geschwängert und schon darf man bleiben, egal wie lange und sich monatlich Stütze holen!!!!",False,False
110,"Der einzige, der sich noch darüber freut, dass Merkel auf ihrem Stuhl klebt |LBR| ist der beginnende |LBR| Dekubitus.",False,False
961128577258899,was zum Geier ist die VSA? oder meinst du die USA? den zutrauen würde ich es den kriegstreibern,False,False
1134086349963120,Wie lächerlich ist diese Frau,True,False
126,@Ralf_Stegner SPD ist der größte Dreck geworden....Stegner und Schulz so ziemlich das lächerliste was es zu bieten hat...!,False,False
982673075104449,kann nur sagen ..wenn sich welche in meinen Wohnzimmer nicht benehmen dann haue ich sie eine auf die fres....oder??,False,False
856829927688765,"Sandra Ahmad, Sie sprechen/schreiben von Neveau? Was Sie hier posten, ist unterste Schublade!!! Hören Sie Sich mal bei den Polizisten um!!! Die würden lieber MIT Pegida spazieren anstatt linksextremistische Faschos zu bändigen!!!",False,False
1010182322353524,"Ich habe fast 65 Jahre mit dieser Maxime: ""Jeder soll leben nach seiner Fasson, wenn er friedlich im Einklang mit seinen Mitmenschen leben!"" zugebracht, aber wenn ich diese Immigrantenströme sehe mit den grinsenden kräftigen Arabern und Schwarzen, die triumphierend das Victoryzeichen machen, habe ich Angst vor denen. Meine Freundin ist Türkin, selbständig, keine Muslima, die Nachbarn sind Italiener in der 3. Generation von Gastarbeitern, wir kommen alle prima aus! Aber das jetzt geht für mich gar nicht!",False,False
391,@ndaktuell @jungewelt Was heißt mehrere waren es zwei?,False,False
857964560908635,"Ja, das wäre gut. Zum Beispiel mache ich mir Gedanken um das Reinheitsgebot des deutschen Bieres. Den Moslems traue ich zu, dass die uns da auch noch reinreden wollen.",False,False
534,Die Diskussionen zwischen #Augstein &amp; #Blome spiegeln wunderbar die dekadente geistige Verblödung der politischen Presse wieder,False,False
841,"Wacht endlich auf, denkt an die Zukunft eurer Kinder. Oder möchtet ihr eure Töchter mit Kopftuch und mit 12 verheiratet sehen? |LBR| Ich nicht, darum wähle ich AFD! |LBR| #illner",False,False
1035355633169526,"Grad in den NDR Nachrichten war  nichts von Nordafrikanern zu hören. Anordnung von ganz oben, Asylanten nicht zu erwähnen. Lügenpresse.",False,False
856822041022887,Du kannst schreiben was du willst-so dumm wie ich dich brauche kannst du mir garnicht kommen!Ausserdem habe ich jetzt keine Lust in den Keller zu gehen um auf dein primitives Niveau zu kommen,True,True
1134130139958741,"Merkel, hau ab!",False,False
855502084488216,"Aber !
Das Wort ""Kanake"" ist  noch lange nicht so schlimm  wie die massive Verletzung  der Gefühle ganzer Völker !
Außerdem besagt Kanake in einschlägiger Relevanz nix anderes als das Wort Deutscher !
> Angehöriger eines Volkes !",False,False
876292659075825,"ne,  wollen wir auch nicht ... es sei denn die Einwanderung ist amtlich und gesetzlich organisiert ... hier handelt es nicht um Einwanderer sondern um Armutsflüchlinge (Asylanten) die in die Sozialsysteme wollen .. vor allem Hartz IV ...",False,False
882370515134706,"Ich habe mit ihm gar kein Mitleid. Er als Journalist wusste schon was er tat. Ich würde mir von ihm noch nicht mal ein Bier bringen lassen, bei Start seiner Kellnerkarriere! Von mir gäbe es keinen Umsatz für ihn.",False,False
982771565094600,"Ramon, Du kleiner Nichtsnutz...WO geht eine Nachtschicht nach 22:00 Uhr los? Alter, Du bist zugekifft!  Vonwegen Nachtschicht! Dummbeutel!",True,True
857891457582612,"Das kann ich Dir ganz einfach erklären, da die ""LÜGENPRESSE"" nun mal nicht die Wahrheit sagt über die PEGIDA-Bewegung und PEGIDA-Anhänger kommen aus ganz Deutschland und nicht nur aus Dresden.  Die Zahlen stimmen oft nicht, es wird meist heruntergeredet, die öffentlich-rechtlichen Medien beizeichnen oder haben die PEGIDA als rechtspopulistisch in den Nachrichten bezeichnet, obwohl Populismus was gutes ist (Volksnähe) so wird dieses als Negativbegriff benutzt, obwohl gerade die ARD und das ZDF zur Neutralität verpflichtet sind, aber ihre Rundfunkräte bestehen aus den MItgliedern der HARTZ IV-Partei, Union, FDP und Grüne, nun rate mal, wessen Meinung dort verbreitet wird.",False,False
856938134344611,"Der IS ist ja gar nicht so schlimm... Hat man ja am Wochenende gesehen, was die mit dem Japaner gemacht haben...??",False,False
1056569714381451,"Diese geisteskranke Truppe gehört in eine geschlossene Anstalt,ohne Rentenanspruch und mit Freigang ins Asylheim zum Putzen...",True,False
857907767580981,"Na gut, ich muß ja nicht gläubig sein um den Islam als Gefahr wahrzunehmen.",False,True
881958975175860,"Deutschland: Prostituierte kostenlos für Asylbewerber?   Siegertsbrunn (Bayern) während einer Debatte, veranstaltet von der CSU, ehemaliger evangelischer Pastor Ulrich Wagner hat die Idee der verfügbare freie Prostituierte Asylanten vorgeschlagen. Ihm zufolge konnte durch Spenden der gemeinnützigen Seelen oder Handler der Bordell (s) bereit, die eine gute Arbeit zu erreichen finanziert werden. Ulrich Wagner bringt diese Idee nach vorn die Ängste beeinträchtigen, sexuelle Übergriffe treffen die deutschen Dörfer in denen die Asylbewerber befinden :/ .  
Es ist eine Schande  http://euro-jihad.com/blog/?p=29027 .",False,False
894962910542133,"Eine korrekte Aufzählung des hiesigen und anderswo agierenden Linksfaschistenpacks. Der DGB übernimmt dabei die Führungsrolle. Nur zur Anmerkung: Der DGB hätte dieses Jahr dafür Sorge tragen können, dass für Leiharbeiter equal pay gilt. Aber nein, er musste sich ja mit der IGZ auf einen Hungerlohntarifvertrag einlassen. Ohne Tarifvertrag würde laut AÜG sofort equal pay gelten. Drecksbande",False,False
1096074887097600,"Es ist in der muslimischen Forderer-Kultur unüblich, Verantwortung für die eigenen Gefühle, Gedanken und Taten zu übernehmen. Alles ist Allah. So sind bspw. Frauen regelmäßig daran schuld, wenn Männer notgeil werden und Vergewaltungen verüben. Und so sind natürlich auch die bösen Deutschen daran schuld, daß die Moslems den leeren Versprechungen der Schlepper (zu denen auch Angela Merkel gezählt werden darf) auf den Leim gegangen sind.",False,False
701,"@FranzRichard45 Aber ein Bildausschnitt reicht, um Mio ""Wähler"" zu überzeugen &gt; bewusste Manipulation der ""Leser"" dieser Lügenpresse 😜",False,False
1058,@Grals_Hueter @sebwan1 Stimmt aber dazu ist er zu blöde.,False,False
1069457833092639,Wer kann den alten Mann für voll nehmen ? Da stimmt waa wie bei so vielen ganz schwer was im Kopf nicht ! Wie kann es sein das solche Parkinsonanwärzer solche Posten erlangen ? Absolut irre was in dieser Bananenrepublik passiert !,True,False
1095981003773655,"Die haben zu fordern, und tun wird auch keiner was. Sie werden herkommen so oder so. Warum ? Weil es unsere Politik so will. Ganz einfach. Es sind keine zufälligen Fehlentwicklungen. Und wenn sie nicht via Land reinkommen weil andere den Weg verschliessen. Na denn importieren wir sie eben per Flugzeug und nehmen noch die Kurden mit aus der Türkei.",False,False
1012906338747789,"Warte mal ab. Die linksgrün versifften Willkommensfreaks wie ProAsyl kriechen ja schon wieder aus ihren Löchern und es wird nicht lange dauern und sie werden Schuster als "" Rassisten"" beschimpfen. Genaus wie sie Hamed Abdel- Samat als "" Faschisten"" verunglimpft haben",False,False
896,Ich glaube an Vögel mit 6 Flügeln. Jeder der behauptet es gibt sie nicht sollte dies bitte Beweisen. |LBR| #Religioten,False,False
895197673851990,"Länder-IQ Türkei 80 Länder-IQ Deutschland 105.Durch Verwandschaftsehen sinkt der IQ nofhmal bis zu20 Punkte: Folge genetische Missbildungen ,Idiotie.
40% Der musl.Jugendlichen haben nicht die geistige Reife einen Schulabschluss zu machen.",False,False
935421243162966,Und für was war das gut? Heute wird die noch wahrlich erkämpfte Demokratie regelrecht mit Füßen getreten. So läuft es in Deutschland.,False,False
1002,"@keeprespect79 @Margit030 @welt Überall unterwerfen wir uns den Islamisten ,müssen wir uns integrieren oder Die Islamisten. Ein Moslem kriegt ein Sonderstatus , ich fasse es nicht !",False,False
856885577683200,Der Zentralrat sollte lieber seine Landsleute vor radikalen Islamisten warnen. Siehe Frankreich.,False,False
380,@dieLinke @katjakipping Sie stiehlt uns nur Lebenszeit!,False,False
1007297722641984,"Ist auch vernünftig, nicht jeden Schrott ins Land zu lassen !!!",False,False
560,@ndaktuell @PolizeiSachsen Es gibt auch einen Bestandsschutz!!! Aber das geht den Buntmenschen gegen den Strich!,False,False
198,"@Holger_Lucius Merkel reiht sich nahtlos in die Kette deutscher Diktatoren ein, die allesamt ihre Biographien schönen ließen 😜",False,False
1152539311451157,"sehr treffend formuliert,du sprichst mir aus dem Herzen...ich wohne auf dem Land in einem Dorf mit ca. 4 Tausend Einwohner nahe der französischen Grenze, seit etwa einem halben Jahr werden wir hier förmlich von diesen ""Facharbeiter"" überrannt.Kopftücher an jeder Ecke wo man nur hinschaut. Da kommen ganze Sippschaften,das sind alles Großfamilien.Eine davon,die erst vor kurzem in ein altes Haus auf der anderen Straßenseite einzog hat als erstes mit großen Buchstaben das Wort Ramadan auf die Fensterscheibe geschrieben,und das müssen wir alles mit Toleranz und Emphatie so hinnehmen bis zu unserem Untergang,denn das ist alles von unserer Verräterregierung so gewollt.",False,False
935325673172523,"Hat es auch nicht!!!!
Das  hat was mit Vollpfosten zu tun! Schon mal den Koran gelesen? Unsere Bibel ist viel schlimmer. Daher haben wir doch den ganzen Salat in unserem Land! Das Kanonische Recht!!!! Es ist der Vatikan und die Schlächter im roten Gewand. Der Papst trägt doch ganz ungeniert sein Templerkreuz auf Hemdkragen und auf der Roten Lügenbibel. Noch nicht aufgefallen? Die Pyramide, die Dreifaltigkeit, Der Vater, wie der Sohn und der heilige Geist",False,False
117,"@emrich_5933 @petpanther0 Dieser Typ erinnert mich in Agitation und Erscheinung an Subjekte der NS Zeit, er wird zusammen mit der Raute unser Grab schaufeln, Deutschland und die Deutschen werden zugunsten eines totalitären EU Systems vollständig vernichtet werden",False,False
994057793965977,Für 500 Euro machen die Wirtschaftsflüchtlinge alles!!!?,False,False
935257966512627,"ab auf dem Esel,nach Hause mit dem ISLA(H)M PACK !!!",False,False
120,@yartago @happyhaidrich3 Was willst du uns leaken oder was lel,False,False
1095906020447820,"Und warum lässt man sich sowas bieten und räumt die Straße nicht unverzüglich ? Diese Menschen werden ihre Forderermentalität nie ablegen , funktioniert doch. Und in D angekommen geht es dann genauso weiter , wenn man nicht bekommt was man will ! Das brauchen wir ganz doll ...",False,False
1043608979010858,"ein wort war suboptimal. das war ""PRÜGELN"". sie hätte ""JAGEN"" sagen sollen. 

aber ein eventueller prozess wendet sich eh gegen die sogenannten ankläger - aber nur, WENN der medial zur kenntnis genommen wird. 
insofern war PRÜGELN vielleicht unterm strich besser als JAGEN. 

""„Wenn die Mehrheit der Bürger noch klar bei Verstand wäre, dann würden sie zu Mistgabeln greifen und diese volksverratenden, volksverhetzenden Eliten aus den Parlamenten, 
aus den Gerichten, aus den Kirchen und aus den Pressehäusern ""prügeln"".“",False,False
116,Na Kameraden alles gut bei euch ich hoffe ihr habt nen schönen Abend,False,False
951565888215168,"Steffen Lachmann Kinderzeugen hast vergessen. Die Deutschen wollen ja nicht mehr oder doch, so ein niedliches Asylkind? Kinder brauch das Land und die bringen ja meist schon 2-5 Kinder mit, die später mal eine richtig fette Rente für uns erwirtschaften.... Angst....vor der Vorstellung, jetzt kann ich wieder nächtelang nicht schlafen!",False,False
885453058159785,"Als guter Christ, der sich Islamkritisch äussert, wird als Nazi bezeichnet, das ist bei den Islamischen Mitmenschen hier gang und gäbe. Wenn man als Rechts bezeichnet wird, ist jedem klar was damit gemeint ist. Bei den Ausländern ist natürlich keiner Rechts...das merkt man auch an ihrem Verhalten... unsere Linken arbeiten sehr gut mit Rechten zusammen, aber eben auf der Falschen Seite. Wenn man Fremden hilft indem man seine Brüder u. Schwestern in die Mangel nimmt, Frage ich mich natürlich was hier nicht Stimmt. Das Volk wird seit Kriegsende gegeneinander aufgehetzt um uns leichter zu Manipulieren, klein zu halten , das sozialsystem runter zu fahren  und suggestiv auszurotten. Unsere Werte und unser Glaube wird immer mehr in den Hintergrund gedrängt.",False,False
993925830645840,"1945 gabs die nürnberger prozesse gegen die nazis, sowas brauchen wir heute auch wieder für merkel und ihre bunte volksvernichtungsbande",False,False
857882604250164,"Christoph Pohlheimer: die Radikalen nutzen JEDE Gelegenheit, sich zu äußern. Bei ALLEN Medien. Man kann sie weglöschen (=Zensur) oder - was ich für besser halte - stehen lassen, damit das ein jeder für sich entscheiden kann. Leider instrumentalisiert das aber so mancher, um damit gegen die zu hetzen, die auf die Zensur verzichtet haben.",False,False
882004405171317,"Unser  Land hat alleine von 2007 bis 2013  über 166,9 MILLIARDEN € nach Europa  geschickt, aber davon sind lediglich 84,8 Milliarden zurück geflossen,  der Rest von ca. 82,1 MILLIARDEN € sind in dem Schlund dieses  Bürokratiemonsters verschwunden..... Und wofür??? damit die Deutschen in  ihrem eigenen Land von andern Nationalitäten verspottet , beschimpft  und beklaut werden. Dieses Geld hätte tausendmal besser in unsere  Wirtschaft, Schulen, Bildung, Lehrer und Polizeiausrüstung und -Personal  gesteckt werden können, als in die gierigen Mäuler der anderen  EU-Staaten, die uns dann noch beschimpfen. Und darum gibt es nur EINEN  Ausweg: Weg mit Merkel und Konsorten und schnellstens raus aus der EU.  Wir waren mal ein blühendes Land, und jetzt nur noch Not und Elend und  immer mehr Armut und Fremdeinflüsse.  Herr Stöcker hat alles richtig gemacht mit seinem Handeln",False,False
1394,"@Dzienus Dzienus, du bist der größte Faschist. |LBR| Irgendwie erinnerst du mich an Himmler. Ein Milchbubi mit großer Schnauze und wenn es hart auf hart kommt, ziehst du den Schwanz ein.",True,True
383,"@gerhard_mangott @BSchmeitzner @EvgenyFeldman Ein Wahlkampf, der nicht stattfinden darf. Ist für mich auch spannend zu sehen, wie eine Navalnij Kampagne aussehen könnte.",False,False
945355532169537,"das Stupide an diesen Kundgebungen ist, daß sie nicht gegen ""Nazis"" sondern gegen alles sind was diesen linken Faschisten nicht paßt !",False,False
1035113253193764,"Der unterentwickelte Osten gehört nicht zu Deutschland. Die Ausländer im Westen sind schon länger in der BRD als ihr und was habt ihr vorzuweisen? Fremdenhass, Arbeitslosigkeit und eine marode Infrastruktur. Ihr seit eine Last für die gesamte Republik (SOLI) und nun redet ihr davon, dass Flüchtlinge zu viel kosten? 
Der Mauerfall war der grösste Fehler der westlichen Welt ??",False,False
1108071842564571,"Gleich mit den ""Asylanten"" rausschmeisen. Müssen die nicht arbeiten???",False,False
856856491019442,"Allen antifas bitte am Flughafen Berlin Tegel versammeln und melden! Ich bemühe mich gerade spenden zu sammeln. Jeder bekommt ein one way ticket in die schöne bunte Welt nach wahlweise Afrika oder Syrien wo gaaanz viele tolle friedliche Menschen leben die sich auf eure Unterstützung freuen. kost und logie sind frei. Einzige Bedingung ist bei der Säuberung der Christen zu helfen. Nix besonderes, nur mal eben ein paar Kinder köpfen und zerstückeln und ein paar Frauen vergewaltigen und die anderen ungläubigen Männer foltern und ermorden. Da wird für jeden von euch was dabei sein. Ich hoffe ihr findet da ein neues zuhause und gleichgesinnte. Solltet ihr den Wunsch verspüren wieder ins abartige Deutschland zurück zu wollen, wendet euch bitte an euren Reiseveranstalter den IS Terroristen. Aber Vorsicht, nicht das ihr dann noch kopflos umher rennt ;-) lg",False,False
894667850571639,Ich habe ihn nie anders eingeschätzt. Er hat schon immer eindimensional gedacht.,False,False
512,@KaiserDesRap Wer so redet gehört sich Verdroschen,True,False
1134188976619524,"Ich habe meine 7 afrikanischen ""Beglücker"" ganz intim kennengelernt.  Habe zwar ihre (anscheinenden) Schimpfworte nicht verstanden, kannte ihre Namen nicht......die 7 nackten, afrikanischen Schwarzwurzeln sprachen allerdings ne eindeutige Sprache. Danke, ein weiterer Kontakt mit afrikanischen oder asiatischen Männern wird nicht passieren.....nie wieder!",False,True
1046,Wenn die Deutschen erstmal alle erwachen aus ihrem schlaf wird dieses kranke land namens BRD wieder zum alten Deutschland,False,True
1085,@SteiblBarbara @Thomas_S_Wagner @RitaKratzert Weitaus schlimmer. Heute ist es nicht mehr Dummheit.  Ein ganzes Volk ist zu (m)wutlosen Zombies dressiert worden.,False,False
857034854334939,"Wie bewegt Pegida eigentlich diesen wortlosen ""Vorzeige""-Schwarzen immer wieder auf diese ""Spaziergänge"", der da so brav - stets bedröppelt schauend - ein Plakat mit anderen Teilnehmern festhält und auch jede Woche aufs neue in der ""Tagesschau"" zu sehen ist? Noch zynischer wäre ja ein moslemischer Schwarzer im Rollstuhl. ^^",False,False
1064771146894641,"Sachsen, da wo Deutschland den Bach runter geht.",False,False
334,@MiriamOzen So schaun Sieger aus lalalalla so schaun Sieger aus lalalallaalla..... |LBR| Mein Traum geht in Erfüllung...kotzgrüne Brühe versickert endlich im Erdreich...😂😂😂😂,False,False
856802897691468,"so eine ""Nazi"" die Frau",True,False
1006,@Cerberus456 @Gigakuss Genau so ist das- der Algorithmus der deutschen Medien ist so durchsichtig wie verkommen heuchlerisch. #Presserat #Rundfunkrat,False,False
894800393891718,"Hab den Herrn Todenhöfer wegen seiner Kompetenz in Nahostfragen immer geschätzt. Aber über diesen Artikel und diese sog. ""online Petition"" bin ich schockiert und entsetzt. Jürgen Todenhöfer, wenden sie sich vertrauensvoll an unseren Staatsschutz oder an unsere Polizei, wenn sie bedroht werden. Auch Jürgen Elsässer, Hamed Abdel-Samad uva. werden beschützt.  Aber verfassen sie um Gottes Willen nie wieder solch ein hetzerisches und realitätsfremdes Pamphlet, was ihren Intellekt beleidigt",False,False
562,@ndaktuell Ihr seit Saboteure am deutschen Volk!,False,False
945874355450988,"Wenn die erstmal schwimmen gelernt haben, werden die auch außerhalb der Nichtschwimmerzonen, Frauen und junge Mädels belästigen können!",False,False
857876274250797,"Es ist interessant dass die meiste Anführer der Islamisten in Deutschland DEUTSCHE sind! Einfach Islam angenommen, Parole auswendig gelernt und neue Kariere kann starten, eben Wendehälse (damit kennt ihr Ossis euch auch aus ;-)).Irgendwelche hässliche Loser die Chance gesehen haben auch jemand zu sein (so wie die Anführer von Pegida die Eierdiebe ;-) und vorbestrafte Kriminellen",False,False
1805,@reitschuster Sie sprechen von Demokratie! Sie sind ein Lügner ein Hetzer und ein Rassist. Sie dummer Nazi.,True,False
857273224311102,Wer ist so dumm wie Olli Schnolli?,True,False
982780978426992,Dummes Gelaber! willst du diese Zustände in unserem Land du Grottenolm??!! also ich nicht!! das sind keine Familien die flüchten!!,False,True
1056491597722596,"Sollte man diese ""Pappnasen"" in die Zwangsjacke stecken oder lieber in den schwarz-weiß gestreiften ""Maas""-Anzug? Weiß nicht, was besser wäre!",False,False
587,@Carrera_73_RS @BonkeKolja @SPIEGELONLINE @DrDavidBerger |LBR| Nicht nur Linke Politiker decken die Antifantenbrut! 👎 😨 👎,False,False
449,@dushanwegner @krippmarie @zeitonline Hilfe...@zeitonline treibt wieder ihr Unwesen... |LBR| Da sind schon Schmierfinke am Werke...glaubt tatsächlich noch jemand diesen Unfug...?,False,False
749,@strangelove666 @Epanastatis04 Soll keiner mitbekommen wie Merkel ihre Bonuszahlungen von der Autoindustrie erhält!!!,False,False
968122693226154,"Lass den Linksfaschistoiden Päderasten labern.

Seine verkrüppelte Welt wird noch früh genug zusammenbrechen.",False,False
982856128419477,"Polen/ Warschau // Hallo Chaos – Refugees, dann würden eure “Triller“ aus der Schnauze fallen ! Seht euch nur die ersten Sekunden an. Mehr könntet ihr sowieso nicht erkennen ! ?  https://www.youtube.com/watch?v=3l_1WthGZQE",False,False
968371926534564,Armes Trollweibchen...,False,False
951542294884194,Die in der Kantine bei allen Studenten & & mit Speisen dürfen...und keiner kontrolliert was die für Krankheiten mitschleppen. Unglaublich,False,False
977041242334299,und er ist der Haupt Arschloch https://www.facebook.com/irreligious.ly,True,False
1065860843452338,Sachsen braucht weniger illegalen abfall,False,False
1012439928794430,"Andreas Schleicher Der Ossi ist schlau und stellt sich dumm,beim Wessi ist es anders rum!",False,False
135,Dortmund haut wieder auf die Kacke ! Die wollen die ganzen Braunhäutigen verjagen mit dem Slogan BUNT STATT BRAUN !! BRAVO !!!,False,False
1134122153292873,"Was hab ich davon?? Vergewaltigte töchter? Geschlachteten hund? Messer im rücken? Muselmanen rundrum? Schwarze stoffbeutel? Man seit ihr krank, das ganze parteingefilz!",False,False
1095971847107904,"Heute scheinfluechtlinge ,und bald unserer eigenen Mörder Bürgerkrieg wird definitiv und kommen nur noch eine frage der zeit und die lächerliche antifa  und andere linksdenkende, werden auch nicht verschont.die moslems machen keinen unterschied zwischen links und rechts.aber das kapieren die nie vielleicht wenn es die richtigen mal schlimmer erwischt wie der fall von köln.",False,False
745,So wie Firmen zu groß werden können und ihre zerstörerische Wirkung entfalten (FB ) |LBR| So ist es auch bei Staats– Vereinigungen ( EU. UdSSR),False,False
1052425154795907,"Warum ist es nicht möglich den Linksfaschisten die Gegendemonstrationen zu verbieten. Warum ist es nicht möglich die Gegendemos der Chaoten an einem anderen Ort, bzw. anderen Zeitpunkt festzusetzen. Dann können die doch mit ihrem Gewaltpotential die Tauben jagen, wenn keine friedliche Pegidakundgebung da ist !Vorallem brauch die Landesregierung kein Demogeld mehr an die Antifas zu zahlen, dann werden sogar Steuergelder gespart. Wenn es kein Geld gibt kommen die Untertassen ja sowieso nicht mehr. Also ist das Problem doch gelöst! Wie nannte Gabriel Teile der Bevölkerung mit anderer Meinung ....? Was ist das hier?  https://jungefreiheit.de/politik/deutschland/2016/streit-um-veroeffentlichung-von-kriminalstatistik/",False,False
1111577848880637,Sind ja auch Babys ... Benehmen sich jedenfalls wie welche .   Wollen alles  haben ohne Gegenleistung.   Kinder die was wollen bekommen es auf die Bollen hieß es doch früher oder.,False,False
982689145102842,Gehe weiter schlafen Michael !!...  du bist ein hoffnungslose Fall !!,False,True
856805511024540,#pegidasindallesarbeitslosehartz4empfängerdiezumerstenmaldasinternetentdeckthaben,False,False
1095921723779583,Injustice? Build your own civilisation you pricks.,False,False
1043618715676551,"Ausländer sind mehr wert als wir, das will uns die gleichgeschaltete Lügenpresse und das Lügen TV seit Jahren schmackhaft machen. Empörend!",False,False
1057387630966326,"Tja, die tun was. 127, die handeln nach der Devise nicht kleckern sondern klotzen. Leider dürfte am gleichen Tag wieder die zehnfache Menge ins Land gekommen sein.",False,False
951877078184049,Ja ja der war bestimmt als Claudia Roth verkleidet .die sollte man in Indien in bus setzen .ach geht leider nicht.dann steigen alle Vergewaltiger freiwillig aus .,False,False
798,"@LC180666 @jouwatch Vielleicht sollte man den Idioten mal zeigen, wo der Frosch die Locken hat.",False,False
1264,"Asoziale kinderhasserin! Dich sollte man vergasen, arme Drecksau",True,True
1105776289460793,"Lasst keine muslime in eure gemeinden ihr werdet sie nie mehr los !!! Hindert in ostdeutschland die politiker daran aus euren deutschen gemeinden multi-kulti scheisshaufen zu machen,wenn die muslime erstmal eingezogen sind bekommt ihr sie nicht mehr raus , Schaut nach hamburg,frankfurt köln,berlin dort glaubt man man ist auf einem ziegenmarkt in mosul !",False,True
1056939914344431,Und willst Du Immigranten Sex ganz hemmungslos...dann mach Dein Kreuz bei uns recht fein und groß .,False,False
951539511551139,"Ich sag euch was: Es wird so kommen, das private Hausbesitzer Zwangseinquartierungen bekommen! Und wisst ihr, was passiert? NICHTS!  Warum? Weil die Deutschen noch nie geschlossen auf die Strasse gegangen sind. Wir sind revolutionsunfähig - sonst hätte es schon vor Jahren geknallt.",False,False
960964183942005,"[@IND] Ihre Einstellung ist wirklich Kindisch und Naiv! Sie träumen von einer Welt wo jeder Leben kann, wo er gerne möchte und auch die Sozialleitungen dieses Landes misstrauen kann! Ich sage nein, zu diesem Wahnsinn. Natürlich können die Rentner, ihren Ruhestand  dort verleben, wo sie es gerne möchten, denn sie haben genug für unser Land getan!!",False,False
856756301029461,Verpiss dich mit deinem fake account. ..troll wo anders rum.,False,False
1044395878932168,"Österreich und die anderen EU-Staaten sollte gar keine Flüchtlinge aufnehmen. Das sollte Merkel alleine ausbaden. Zwar dumm für uns in Deutschland, aber Merkel hat sie gerufen ...",False,False
1055240207847735,merkel muß weg ! sonst ist Deutschland ...unsere Heimat verloren ! Was diese hirnverbrannte schon angerichtet hat ist icht mehr hinnehmbar....warten bis zur nächsten Bundestagswahl ...da kann alles zu spät sein ....Das Ausmaß dieser katastrophalen Asyl Politik ist jetzt schon nicht mehr überschaubar . Gott sei uns gnädig !,False,False
888259684545789,"was kommt nach der Paarung von Kuh und einer Ratte heraus???? ""der Murat""",False,False
1134249383280150,"Gute idee, Merkel! Lern ruhig mal einen kennen! Fahr einfach nachts ein paar mal OHNE Security durch Berlin Neukölln. ...geh doch einfach mal nachts alleine über den Platz am Kottbusser Tor! Da lernst du gleich Dutzende deiner Kulturbereicherer kennen! !! Oder...oder noch besser : Lade einfach mal ein paar zu dir nach Hause ein! Schenke denen eine wohnung ! Verzichte auf ein Großteil deines Geldes und saniere damit die Wohnung....
Schau dir an, was sie mit gesendeten Lebensmitteln machen und frage sie, was sie von schwulen , lesben und Christen halten. ...
Merkel. ...du bist das LETZTE! Du hast keine Ahnung, bist von deiner utopischen Idee total verblendet ...
Und völlig Realitätsfremd! Es ist ja SO leicht da oben auf dem Tron zu sitzen, wo man genug Kohle hat und in Sicherheit ist....da lebt sich's ganz gut, was? Bleib von mir aus gerne da....aber halt die Klappe und hör auf so zu tun als hättest du IRGEND EINE AHNUNG von dem was in Deutschland so passiert!!!! Ich spucke auf dich,  Angie!",True,True
935256856512738,Pegida hat Die provoziert und LÜGEN noch gar nicht gelesen. Oder aus dem Zusammenhang gerissen. Und absichtlich falsch interpretiert.,False,False
136,@newsphotoDE @ndaktuell Ich freue mich .Es gibt manchmal doch Gerechtigkeit!,False,False
1055116547860101,hoffentlich nehmen wir nur Kinder. Dann werden wir erst in 10 Jahren von denen erschossen.,False,False
1108173052554450,"Diesen linken Vollpfosten sind dermaßen realitätsfremd und leben in ihrer eigenen Welt. Wirklich extrem bescheuert. Dass sie auch immer so zu Gewalt neigen, sollte uns zu denken geben...",False,False
946265678745189,Ne wumme für Seppl ne bombe für Hubert Waffen für alle. Reden hilft ja nicht viel also lasst es knallen am besten bei den Bonzen und dann immer weiter,False,True
1095904237114665,"Bin mal gespannt wie lange es noch dauert und wir solche Szenen von deutschen Autobahnen zu sehen bekommen. Wenn unsere ""neuen Mitbürger"" nicht die versprochenen Häuser, Autos und 2000€ Taschengeld pro Monat bekommen, ist es nur noch eine Frage der Zeit bis wir diese aufgebrachten ""traumatisierten Facharbeiter"" wütend und protestierend vor unserer Haustüre sehen werden...",False,False
1097873106917778,"Klingt doch gut! Da nach dem offensichtlich erfolgreichen Waffenstillstand (unter Führung Rußlands) wohl auch bald die Befriedung Syriens (unter Führung Rußlands) einsetzen wird, müssen sich die Integrationsoptimierer (Dill Schweiner et al.) bald ein neues Betätigungsfeld suchen. ""Remigration"" - damit läßt sich 2016 RICHTIG Kohle verdienen! SICHERE Schiffspassagen und Flüge zurück ins gelobte Land. Finanziert vom Dummbürger.",False,False
272,"@sonneundmond1 Und genau darum geht es uns nicht, wenn dieser Tage Flaggen mit Davidsternen brennen (nicht nur die israelische Flagge) und Jüdinnen und Juden offen mit dem Tod bedroht. Über diesen Antisemitismus werden wir berichten, egal was Sie von Israel halten. Schönen Tag.",False,False
895401043831653,"Warum sollte ich Propaganda machen? Ich hatte nur auf einige 1000 Menschen hingewiesen, denen im Namen Allah die Köpfe abgeschnitten, die Hirne herausgeschlagen, die gekreuzigt oder lebendig verbrannt wurden. Passte halt nicht ins selbstgebastelte Weltbild des Islamverstehers Todenhöfer.",False,False
1035641363140953,"Andreas Wege, wir Dresdner arbeiten daran, daß Ähnliches in Sachsen niemals passieren wird.
Das kann nur funktionieren, wenn die hormongesteuerten Asylforderer einen Bogen um Sachsen machen, weil denen von hier ein mächtiger Gegenwind entgegen bläst. ....",False,False
547,@ErtuerkAslan @ShiwaMustafa Kotz deine Propaganda wo anders aus. Hier bist du falsch.,False,True
857922074246217,1% der bewafneten jehadisten und IS reichen um die ganze Städte und Ländern schikanieren und terrorisieren. Die zehn Terroristen in Paris warren vielleicht weniger als 1%. !!!. Ich habe vor islamisten Angst. Egal wie viele sie sind. Es lebe Freiheit und Demokratie. Es lebe sekuläres Deutschland.,False,False
855051451199946,Pass auf! Hier ist nur Deutsch erlaubt!,False,False
988034957901594,Das ist so ein widerliches Pack.,False,False
894887053883052,"Sarah Lehmann verarscht euch nur, ein Blick auf ihren Profilbanner geworfen und schon sehr ihr woher der Wind weht.
Die Leute von der Antifa haben heute Spaßtag und ihr fallt  darauf rein.
Einfach ignorieren und dann ist gut.",False,False
946634062041684,"Wenn die auf dem Mittelmeer von der Marine aufgesammelt werden, sollte man die gleich wieder nach Afrika zurück bringen und nicht nach Europa",False,False
839,@Hartes_Geld Welche der Identitäten bekommt dann einen Brief von der Polizei?  Vermutlich keine. |LBR| Lächerlich,False,False
993939410644482,"frau merkel ist gerade im begriff das deutschland zu zerstören, welches wir (der eine mehr, der andere weniger) schätzen und lieben gelernt haben und unsere kinder nie mehr so erleben werden. deutschland und schweden, die scheinbar noch einzigsten vor verfolgung sicheren länder europas (ironie), holen sich gerade millionenfach die gruppe von menschen ins land, welche europaweit die negativste bilanz zur integrativen anpassung an das westliche werte- und normensystem aufweisen. (kriminalität, arbeitslosigkeit, bildung, etc.)braucht deutschland zuwanderer aus ländern mit einer mittelalterlichen religion und lebensweise, dessen frauen keinen beruf erlernen dürfen, dessen frauen das steuern eines autos verwehrt wird, wo männer die absolute macht über die frau besitzen bis hin zum tode dieser, wo patriarchalismus statt gleichberechtigung herrscht, wo das leben von mann und frau im gesellschaftlichen zusammenleben strickt getrennt ist, in dessen schulen der koran den mittelpunkt der ganzheitlichen bildung einnimmt, wo die sharia als gesetzgebende instanz gilt, deren ölarmen länder in armut und rückschritt verharren, wo religiöser fanatismus schrecken und leid über die menschen bringt. der islam ist mit der westlichen welt und deren werten nicht kompatibel. es gibt heute kein einziges demokratisches islamisches land und es wird auch in der zukunft keines geben. der arabische frühling war ein witz, schnell kam der winter und jetzt herrscht dort wieder die eiszeit.wir brauchen menschen die sich an gesetz und ordnung halten, die dazu beitragen die sozialen und wirtschaftlichen standards in diesem lande zu halten und zu festigen, die bildungsorientiert und innovativ denken, die sich mit unserem land identifizieren, die im sozialen bereich auch aufgaben übernehmen und nicht nur forderungen stellen, die sich aktiv in die gesellschaft einbringen und auf uns deutsche auch zugehen können. kurz gesagt, zuwanderergruppen die weltweit bereits bewiesen haben, wie groß ihr wille zur wirtschaftlichen und gesellschaftlichen teilhabe ist.die in den medien oft rekapitulierte floskel ++wir schaffen das!++ ist der falsche ansatz und sollte durch ++ihr flüchtlinge müsst es schaffen!++ substituiert werden. denn, integration erfordert 100 prozentigen einsatz, ohne sprache, einem qualifizierten und in deutschland anerkannten beruf ist eine wirtschaftliche und soziale teilhabe ausgeschlossen. viele kriegsflüchtlinge aus den islamischen oder afrikanischen ländern (vor allem die frauen) besitzen eine schlechte bzw. eine unzureichende schulausbildung (20% analphabeten nach neusten schätzungen) und/oder keine bzw. eine nicht den deutschen standards entsprechende berufsausbildung. ein flächendeckendes kostenloses schul- und ausbildungssystem existiert in den ländern der 3. welt nicht. viele schaffen den beruflichen einstieg in ihr neues leben nicht und werden lebenslang die sozialkassen und damit den steuerzahler belasten. (eine zu hohe finanzielle alimentierung der flüchtlinge durch den deutschen steuerzahler hemmt die bereitschaft vieler, diesen nicht immer einfachen weg der integration zu beschreiten.)kein gesetz und auch keine integrative maßnahme können menschen, ohne deren innere bereitschaft, in unser gesellschaft integrieren. immigranten sind eben keine maschinen, die man durch das aufspielen von integrationssoftware neu programmieren kann.fakt ist! dass man europaweit beobachten kann, dass die stadteile, in welchen der anteil bestimmter migrationsgruppen eine bestimmte grenze überschreitet, als soziale brennpunkte gelten. ich kann deshalb jeden menschen verstehen, der gegen den bau von asylbewerberheimen und gegen die soziale und wirtschafltiche wertminderung seines wohngebietes auf die straße geht. wenn deutschland glaubt, mit den heutigen flüchtlingen in der immer stärker werdenden spezialisierten, globalisierten welt schritt halten zu können, dann verschließt die politik die augen vor den historischen migrationserfahrungen der europäischen länder. zieht man europaweit vergleiche der erfolgreichen integration der verschiedenen ethnischen gruppen, dann wird man erschreckende parallelen feststellen. das einzige problem was deutschland löst, ist das demografische in hinblick auf die altersverteilung, jedoch mit der konsequenz, dass diese menschen uns zukünftig enorme belastungen aufschultern und nicht uns und unsere sozialsysteme entlasten. wer heute die augen verschließt und sich in seinen noch vorhandenen wohlstandskokon zurückzieht, handelt verantwortungslos gegenüber seinen kindern und den nachfolgenden generationen.

- erschreckende bilder der 3. einwanderungsgeneration: https://www.youtube.com/watch?v=qz3chLW-128&amp;feature=youtube_gdata_player 

- innovationskraft arabische welt vs. israel: http://www.israelnet.de/nobelpreis.html",False,False
784,@Gauinator Würde lachen wenn er wirklich mal vom 1 stock ins Erdgeschoss mit seinem Fettarsch durchbricht,True,False
982643691774054,Die Kinder sterben im Sinne Allahs. Totale Scheisse . Ich habe Angst.,False,False
835,@OnlineMagazin @Heinrich_Krug Die wievielte Generation Türken scheint hier auf der Straße zu sein ca.die 4te das Wespen Nest,False,False
857608614277563,Dank Unwissenheit und ungebildeter Idioten ist ein Lauffeuer wie eures überhaupt möglich...,False,False
945846608787096,"Oh ho es müssen neue Einrichtungen geschaffen werden? Wann werden mal ausreichend Kindergartenplätze geschaffen? Wann werden staatliche Schulen endlich mal ausreichend gefördert? Die Zukunft unserer Kinder wird ins Klo gespült um, größtenteils, Schmarotzer und Wirtschaftsflüchtlinge groß zu ziehen",False,False
1645,@USER man sieht den Virus in seinem Gesicht hat er aber schon von Geburt der Arsch,True,False
364,@AfD @Joerg_Meuthen Perfekt...Glückwunsch |LBR| Alles auf dem richtigen Weg...weiter so...!!,False,False
698,"MERKEL MUß WEG !! UND DAS SCHNELL UND RÜCKSTANDSLOS !! DIESER GRÖßENWAHNSINNIGE ALKOHOLIKER SCHULZ DARF HIER NICHTS ZU SAGEN HABEN, AUßER IN DER GESCHLOSENEN! DAS DARF DOCH ALLES NICHT WAHR SEIN !",False,False
1120374664667622,Wie weit ist Klein- Heiko denn schon vor ideologischer Verblendung von der Wirklichkeit entrückt. Man kann in diesem speziellen Fall bereits von erheblicher Beeinträchtigung der Wahrnehmung der Realität sprechen.  Er passt zum Zentralbild der Regierung.,False,False
858227620882329,"Warum wundert es mich nicht dass die ""ausländische Unterstützung"" immer am häufigsten aus Länder kommt die zur Zeit des 3.Reiches schon faschistische Vasallenstaat en waren : Italien, Spanien,Kroatien, Ungarn usw usw..... Scheinbar haben dort einige Vorfahren ihr Gedankengut genauso weitervererbt wie hier...",False,False
1065205580184531,"Wahrscheinlich ist der Flüchtling an sich ggarnich der böse, sondern der deutsche! Hach, das wird es sein...",False,False
409,"Eins hat Sultan Erdogan schnell erkannt, der Weg zum Islamischen Großreich (IS) wurde ihm vom ""Gefühlsdusel-Westen"" gut geebnet u. bezahlt 😜",False,False
577,@KokoLores20 @MiriamOzen Die Frage sei erlaubt...wie können Asylanten auf regulärem Weg in ihr Heimatland zurück ohne Spuren zu hinterlassen? |LBR| Märchenstunde?,False,False
628,@focusonline ZF Erdowahn und seine Koran und Sharia Treue Gemeinde sind die schlimmsten Rassisten. Wir haben dem Islam heute den Krieg erklärt. Wir haben diese Spinner 800Jahre gewarnt. Jetzt ist Schluss mit Lustig. ++ Deus Vult +++,False,False
1335,Negerschlampe,True,False
993472160691207,"Bis auf die ""WIRKLICHEN"" Kriegsflüchtlinge muß man das gesamte muslimische Pack rauswerfen!!!!!!!!!!! SOFORT!",False,False
1007137865991303,Hoffentlich waren viele dabei schwer verletzt und nur sehr langsam und Allahkreischend abgekratzt.,False,False
481,@Halbzeitpfiffi @KokoLores100 Würde ich als Merkel Vasall  jetzt auch so sagen!!,False,False
235,@Strack_C Es gibt schon reichlich dumme in den eigenen Reihen...diesmal ist es halt ein arbeitsloser Journalist..!,False,False
987829627922127,wieso klatscht denn jetzt keiner Der Räfutschis welcome Pfeifen???,False,False
982791425092614,"""Murksel"" und ""die Misere"", Ihr Flachzangen habt nicht durchgerechnet (wie immer) ! Der Joker -->  plus Russia --> und dann einpacken -->  https://www.youtube.com/watch?v=3l_1WthGZQE",False,False
882708718434219,"Diesen Kinder sollte man helfen und nicht irgendwelchen schmarotzenden Asylanten, die sich noch darüber aufregen, dass sie hier keine First Class Unterkunft etc . vorfinden......dieser Mann, der gestorben ist hatte hier NICHTS zu suchen

http://www.zeit.de/politik/ausland/2015-03/unicef-syrien-kinder-leiden",False,False
1007134042658352,Steinmeier ist genauso ein geistig und politischer Tiefflieger wie der Rest dieser Regierungsbande...,False,False
856760307695727,auf der seite nazifrei wird groß propagandiert das es pegidas waren --- die sind doch gehirngeknickt,True,False
386,"Gute Nacht, Ihr Lieben da draußen und träumt schön von Murksel und ihrem Kurzschwanzdackel Luschet 😜",False,False
1052389998132756,"Der anti Gewaltaufruf wird der SAntifa scheiß egal sein, denn auch die Polizei ist deren Feind.",False,False
696,@Lexie_M_ @MiriamOzen Abnehmen hat sich nicht gelohnt...fett weg Hirn weg...!,True,False
674,"@BlaukePetry @tyramizou @lawyerberlin Sagte die Hippiesugarmama ! Auch ihr dürft Kernseife benutzen ! Nur, grüner DRECK, ist halt tief eingefressen! Fragt mal Mädels oder Jungen, die von Kohn Bendit eingeritten wurden !",False,False
1095982737106815,"Was diese Zugvögel sich alles herausnehmen ist unglaublich. Kinder vorschicken wenn was passiert ist denen scheißegal, hauptsache sie bekommen ihren Willen. Wasserwerfer und gut ist.",False,False
1152529371452151,"Sebastian Höfer.
Keine falschen Hoffnungen, sie wird. Jetzt stehen aber erstmal div. Landtagswahlen an und dann geht es in den Bundestag !
Wenn die Wahnsinnspolitik der Merkel so weitergefuehrt unsere Bevoelkerung immer weiter zugunsten von moslemischen Sozialschmarotzern ausgebeutet wird, sehe ich eine gute Chance fuer eine Regierungsbeteiligung.
Denn, die Hetze und die Diffamierung gegen die AfD nationalsozialischer Praegung zieht nicht mehr beim Buerger",False,False
1011413938897029,"Eine Servicekraft des Hotels, die arabisch spricht habe die Gäste gehört, wie.....
Na welch ein Glück, daß es solch treue, wachsame, integrierte Bürger gibt.",False,False
882353881803036,Dieses ganze verlogene Pack ist so wiederlich.,True,False
222,@Varg_I_Veum @tagesschau Verlogene Doppelmoralistenheuchler |LBR| Der arme Hund |LBR| #Hetze,False,False
346,@weissrot auf die verteilung haben sich die eu-innenminister verständigt. ob ich das sinnvoll finde oder nicht spielt überhaupt keine rolle.,False,False
234,"@RegSprecher So sieht Meinungsfreiheit in Deutschland aus, dank dieser Volksverräterin Merkel!! |LBR| Herzlichen Willkommen in der DDR 2.0! Es wird Zeit😡😡😡",False,False
950,"Ich frage mich warum ""Mein Kampf"" aber nicht der kleine ""Terroristenratgeber ""KORAN"" verboten war !?!?",False,False
1043689249002831,"Die da oben lassen sich von UNS bezahlen,werfen mit UNSEREM Geld nur so um sich,beschimpfen UNS als PACK,wir haben keinerlei Rechte mehr,sollen arbeiten(die es noch tun)bis zum umfallen und schön die Schnauze halten!!!zum kotzen ist das!!!Viel zu wenige gehn noch auf die Strasse!!!",False,False
894949343876823,"Ertan Giritli, Kannst Du Mir sagen warum Deine Landsleute so schlecht integrieren, gerade in Berlin bei mir ist es ein großes Problem",False,True
876,@AfD @christianlueth Die Linken Anarchisten sind Saboteure am Deutschen Volk und gehören in Umerziehungs-Lager.🛤,False,False
654,Mit dieser GROKO geht die illegale Masseneiwanderung der Islamischen Invasoren ohne Begrenzung weiter faulen Zauber beenden AFD wählen,False,False
630,"@LC180666 @DuHugonotte Diese Armani-Punker leben auf der Sonnenseite des Lebens ,da kann man generös über die Probleme hinwegsehen,🙈",False,False
733,@F_von_Steiner @krippmarie @loriotfehlt @OssiMarzahn76 Bist du ein asozialer Penner so werde Politiker ...gelingt Anwälten und Immobilienmakler auch..😃😃,False,True
856770361028055,N24-LÜGT SCHON WIEDER,False,False
1057126817659074,"Deshalb sind unsere Finanzbeamte so aggressiv , die Merkel- Bande braucht unser Geld für diese Lustreisen !  :(",False,False
1010276379010785,"Ich bin Grenzgänger nach Österreich und erlebe den Schwachsinn jeden Tag. Außer eine Riesen-Verkehrchaos und massiver Schaden für die Geschäfte hier im Deutsch-Österreichischen Grenzgebiet um Salzburg, passiert NICHTS nützliches. Nein, man lädt die Typen nur um un fährt sie eben aus Staatskosten weiter nach Germoney rein. 
Ich versteh einfach nicht mehr wie sich all diese Schafe das gefallen lassen!? Jeder klagt, verschwendet seine Lebenszeit tagtäglich im aufgezwungenen Stau, aber was solls....
""Wos soi i scho aloa mochn"" - MEINE FRESSE!",False,False
602,@anna_IIna Ohne Worte....das manche Menschen so dumm sind....noch dümmer sind wirklich nur Schafe...!,False,False
857414437630314,"Vorsicht, fast ausschließlich Salafisten unter den Koranverteiler-Ständen auf der Straße.
Da würde ich die Finger von lassen.
Nimm das hier...
http://www.islamisches-zentrum-muenchen.de/PDF/quran01.pdf",False,False
858076150897476,"Einmal Deutschland, immer Deutschland. (Y) 
Wegen so einer verlogenen Lügen Politik sollten wir 
keine Gedanken daran verschwenden unsere Kultur und unsere 
Heimat im Stich zu lassen bzw. aufzugeben.. 

Gerade jetzt braucht Deutschland eine Bewegung wie Pegida,
die, die Menschen zum aufwachen bringt !

Deutschland wird regiert von falschen Leuten, 
die falsche Ziele verfolgen und dem eigenen Land damit schaden.
Die Lügenpresse dient nur dazu uns gegenseitig aufzuhetzen.

Hoffentlich erkennen immer mehr Menschen, 
das ""Demokratie"" in diesem Land nur zählt um die Stimmen
für die Neuwahlen zu sichern bzw. ZU BEEINFLUSSEN !

Nur zusammen sind wir stark..!
Die wirklichen Feinde sitzen ganz oben 
und spielen uns gegeneinander auf !

Jetzt erst recht.",False,False
1012234458814977,"Diese Vollpfosten, mit dem ""aus Rücksicht"" ist doch nur Kaspertheater.",False,True
360,"@HolgerEwald1 @jouwatch Ihr diskutiert allen ernstes über eine völlig schwachsinnige, noch dazu ausgezeichnete Rede einer vielleicht schon nicht mehr im Land befindlichen Psychopathin, habt ihr nichts besseres zu tun ⁉️",False,False
389,@KritischerTroll Es gibt nur ein Maas das ist ein Mittelmaß und heißt auch so @HeikoMaas,False,False
1019,"@Frank_Pasemann @TinaHassel Wo ist eigentlich der jüdische Zentralrat, habe seit Monaten nichts mehr von ihm gehört.Wenn ein Deutscher die Juden kritisiert, dann herrscht im Zentralrat Ausnahmezustand!Bei Moslems ducken sie sich feige ab.",False,False
1134098659961889,Was dieser abartigen kreatur nur durch den Kopf geht. Ich hoffe sie wird für all ihre taten 3x mehr büßen,True,True
894932883878469,"Ein Journalist, der einen deutschen Djihadisten interviewt und meint, man müsse Mitleid mit diesem geistig bemittelten Gesindel haben, ist selber nicht mehr von dieser Welt.",False,False
1035135013191588,"Wer hat den das angezettelt? Das wird der Ami gewesen sein. Und Mutti hat hinter dem Rücken des eigenen Volkes , Verträge unterschrieben. Wenn alles verloren ist sitzt Mutti auf den Malediven.",False,False
894847157220375,Einfach nur sehr viel niedergeschriebene pisse...,False,False
771,"Solange solch Polit-Pfeifen, wie Murksel u. ihre Muschpoke bestimmen, was RECHTS ist, läuft mir das am Ars** vorbei - dieses verlogene Pack😜",False,False
922,@AfDimBundestag @Joerg_Meuthen ...altgediente zum schwachsinngealterte Politiker auf Abstellgleis mit goldener Pension geparkt.. |LBR| Wehe euch wenn ihr dort landet...wehe euch,False,False
303,"@anna_IIna Das sind doch alles masturbierende Pickelplatagen, keine Ahnung von Etwas...deswegen werden sie bestimmt Berufspolitiker..😃😃",False,False
935330706505353,Na endlich haben se den wixxer.. Jetzt nur noch verbuddeln...:),True,True
1035371759834580,und die werden nicht wie linke chaoten von der politik rangekart ..,False,False
1105825759455846,"Hahahah und wo ist dieser ""Islam""? Du Hinterwäldler es gibt auch Kirchen in Islamischen Länder aber dafür müsstest du Dorfesel aus deinem Bauernhof raus. Du kannst von Glück reden, dass du - wegen deinem Alter - die Islamisierung Deutschlands nicht mehr mit erleben wirst. In diesem Land werden in 100-200 Jahren mehr Moslems Leben als Christen usw. weil ihr am aussterben seid. Zu verdanken habt ihr das euch selber, denn zum Glück ist die Geburtenrate so niedrig „smile“-Emoticon. Die Welt wird ein besseres ohne euch Massemmörder.",True,False
982938298411260,"Guten Morgen Anke Schneider !

Habe gerade mal auf deinem Facebook Profil recherchiert. Nun ist mir alles klar warum du solchen MIST schreibst !!!

Freie Journalistin !!!!

Sagt doch alles !!!

Solche Leute wie du leben ja von solchen traurigen Ereignissen wie sie sich gerade ereignen !!!

Deswegen müsst ihr ja ""schmieren"" was das Zeug hält um damit euren Unterhalt zu verdienen !!! Egal ob es der Realität entspricht oder nicht ... Hauptsache es bringt genug Kohle !!! 

Also besser mal die Klappe halten wenn es um wirklich wichtige Sachen im Leben geht !!!",True,True
855116041193487,"Die Zahlen sind nicht rückläufig,verbreite nicht solch Unsinn,bist wohl Lügenpresse verseucht!Außerdem ist der Name Pegida Europaweit ein Markenname geworden!Natürlich gibt es eine Islamisierung,lebst wohl hinterm Mond?",False,False
982680268437063,"Ramon ist auch einer dieser Internethelden, die im Deckmantel ihres Pseudonyms die große Klappe haben.
Armselig.",False,False
1609,"@kirkovado1 @rebecahatake du bist ein bastard, schwein",True,True
856802121024879,"..absolut. Jetzt muss nur mal noch jemand dem unsäglichen OB Jung in Leipzig sagen, dass auch er seine Hetze zu unterlassen hat und die Menschen nicht gegenseitig aufwiegeln soll. Am besten, er würde zeitnah abgewählt und geht wieder dahin wo er hergekommen ist .",False,False
1591,"Was in Ihrem Kopf wohl vorgehen mag. Diese überhebliche Anmaßung setz wohl völlige Abwesenheit von Intelligenz voraus. Sie sind für mich wie Hitler, verbohrt und radikal. Wenn man Menschen wie Hitler zertreten muss, so befürworte ich das auch für Sie. Sie sind ein armseliger Parasit und Schmarotzer ohne Seele! Das glaube ich! Ihr Gott geht mir am Arsch vorbei. Alle Götter! Sie und andere Religioten haben diesen Planeten auf dem Gewissen!",True,False
982755311762892,"Auf SternTV kommt gerade, dass die""bösen"" Ungarn die armen Kriegsflüchtlinge, die gerade ihr Gewaltpotential zeigen und eine Grenzverletzung begehen, mit Wasserwerfern zurückdrängen. Die gehören gleich zurückgebracht. Für mich sind das alles Wirtschaftsflüchtlinge, denn sie waren schon im ersten europäischen Land vor Krieg und Verfolgung  sicher. Und warum wollen sie alle nach Deutschland? Ein Schelm, der denkt, dass sie nur ans Geld wollen. Vom der Tagung des  sächsischen Parlaments kam heute, dass die ""Wanne"" noch nicht voll wäre. So viel kann man gar nicht essen, wie man k..... könnte. Das werden bald unsere"" Rentenbringer"" . WEEER GLAUUUUBT DENNN SOOOO WAAAS?",False,False
1585,Überall täglich dieser menschliche Abfall den wir von unseren Steuern durchfüttern Aber ich garantiere bald ist das Fass voll und diese eselficker bekommen wie in Polen Ungarn nur wenn die dem Kopf aus dem Fenster halten prügel Im Grunde alles einsammeln und im Mittelmeer ersäufen Danach gutmenschen Hausbesuch mitnehmen und entsorgen damit in Zukunft sowas nicht mehr passiert So ein freier wie fighter kann mich kreuzweise mit seinen Verfassungsschutz Sprüchen Dieses Migranten pack gehört ohne Gnade ausgerottet,True,False
1790,"Solange Drosten keine nachprüfbare Dissertation vorlegen kann, ist er für mich der größte Scharlatan und Volksschädling aller Zeiten. Es ist an der Zeit für ihn Gift oder Kugel zu wählen. Der angerichtete Schaden für Wiedergutmachung ist zu groß.",True,True
775,"@VonSchwer @rostein45 @berghueserfritz Yoh. Vorauseilender Gehorsam, der eigentlich nichts anderes ist als Angst, welche aus dem Wissen resultiert, es mit einem unberechenbaren Bösewicht zu tun zu haben. Konfrontation und klare Kante wie die Ösis kriegen die Deutschen nicht mehr hin... Kastriertes Dummvolk",False,False
1152508324787589,"kann ich mir auch vorstellen warum! Er oder Sie könnte dann ja den Durchblick erhalten und sehen was da für ein Schmuh getrieben wird. Diese sogenannte ""Arbeiterwohlfahrt"" sind nichts anderes als, ich nenne es mal so : Geld saugende Durchfallopfer, also ............",False,False
856823921022699,Sandra das zeigt dein Nachname was du für eine bist . Wir wollen Deutschland wieder und nicht Migrantenland,False,False
855604227811335,"Amir geh wieder Ziegen hüten, bitte  ..brauchst Flugticket?",False,True
895149720523452,"Nein die haben das ueberhaupt nicht bemerkt warum der Gauweiler weg ist, weil die einfach nix mehr raffen. die lassen sich von Griechenland veraschen und fuehlen sich noch toll dabei.",False,False
935419529829804,piere vogel ist eine schande für deutschland und ganz europa!,False,False
894998753871882,"Wahrscheinlich nur einer der vielen jämmerlichen Feiglingen, die Schiss in der Hose haben und aus Angst vor den Islamisten lieber ihr eigenes Volk verraten und verkaufen.",False,False
1289,Du widerliche nutte klaust,True,True
960970707274686,"Das wäre der zweite wichtige Schritt. Der erste wäre, die Leute gar nicht ins Land zu lassen.",False,False
990,@focusonline Grüne gehören einfach nicht in Regierungs Verantwortung. Schon gar nicht diese Ost Schabracke,False,False
1077844702253952,Welche Seele? Um die müßte sich ein Exorzist kümmern.,False,False
855270731178018,"Lutz hat eine vergangenheit und hatte den entschluss gefasst seine zweite chance auch wahrzunehmen und hat pegida mitbegründet. Er tat es um etwas gutes zu tun und es ist nach wie vor was gutes, wenn man menschen ermutigt für sich einzustehen indem man sich zusammentut weil man alleine nicht gehört geschweige denn ernstgenommen wird...

Die ! terroristischen ! Muslime schlachten jeden tag und vermehren sich und schaffen es sogar perspektivlose deutsche zum terror zu bekehren... Die ihre kultur wie sie selbst sagen beruht auf den koran... Dass es hier zu lande auch hardcore islamisten gibt ist nachweisbar aber trotz all der gräultaten die der koran zur folge hat sollen die kriminellen unter ihnen weiterhin respektiert und intigriert werden?

Ich glaub es geht los...",False,False
856846294353795,Antifa...Eure Tage sind gezählt....Gewalt..Lügen...Falschheit zieht hier nicht...ihr seid nur ein unwichter Restmüll der RAF Zeit...bleibt doch bitte auf Eurer Schmuddelseite,False,True
565,@ainyrockstar Kroatien-Slowenien-Österreich-Tschechien-Polen bist Ostsee.....eine schöne Migranten/Moslem/Burka-freie Rundreise..!,False,False
915,"Hallo Freunde ""Absurdistan"" hat mich wieder. Gerade mit `nem Geschenk für Murksel aus PL zurück. Ein Kopftuch für die Zweitfrau des Sultans😜",False,False
344,@Macbeth0815 @Grals_Hueter @DasNoch @wiederDaIchBin @Nightmanager6 @dtpmaker @MiriamOzen @VonSchwer @MatthiasFux @bazonline Strafantrag stellen. Wir wollen das. Suchen aber noch Anwälte und Menschen die diese Klage unterstützen.,False,False
856822154356209,Laber keine scheiße dummes Kind. Wo waren die Ossis Flüchtlinge?  Wasser im Kopf?,False,True
855,"@FAZ_NET Wir als Integrationsunwillige Gesellschaft sind natürlich der Hemmschuh ! Meine Güte, für solch eine BEAMTEN-und JOURNALIENBANDE bezahlt man auch noch immer schön weiter! Ich gebe euch mal einen Tip ! Noch nichtmal die TÜRKEN sind INTEGRIERT, WEIL SIE ES NICHT WOLLEN !KAPIERT??",False,False
1007209809317442,Und der Einmarsch in Afghanistan war nicht im Eigeninteresse oder was? So ein Vollpfosten.,False,True
885330768172014,"Was für Werte, Normen und Gesetze sollen denn noch abgeschafft werden?

Spinnen die jetzt völlig da oben?

Kommt als nächste Revolution die Erlaubnis zum tragen der Burka in Amtsstuben und ein Alkoholverbot für alle damit sich keiner ausgegrenzt fühlt?



Sind wir noch deutsche Bundesbürger oder nur noch die lästigen Ureinwohner?



Ich kotz gleich.",False,False
946369335401490,"Da stellt man sich doch die Frage ,wie konnten die die Schlepper Bezahlen um nach Deutschland zu kommen ? Das Geld dafür kann doch nur durch Straftaten beschafft worden sein und wird es nicht so kommen das diese Bandenmäßig hier weiter machen um an das Geld anderer zu kommen ?",False,False
1044362922268797,Nichts neues...gehört ja schon zum guten Ton solche anzeigen...versucht der pädophile Beck doch auch ständig....,True,False
1007225742649182,Schwachsinn.....man kann Probleme auch herbeireden. Tonnenweise TNT auf dieses Drecksland und das Problem ist erledigt....aber wir quatschen ja nur.,False,False
1010211629017260,"Nach was sieht das aus ???

Einreise von Flüchtlingen ?

In meinen Augen ist es eher ein Eroberungsfeldzug u ähnelt der Besetzung von ""Neuland"" !!!

Durch eine rosarote Brille sieht es wahrscheinlich anders aus !??

Bei diesen Massen stellt sich für mich nur eine Frage

""Wann sind wir Ausländer im eigenen Land""

wobei die Betonung auf ""wann"" liegt !!!

Versteht keiner das ""Großziel"" der Islamisten ???

Die reichen arabischen Staaten unterstützen die Terrorgruppen , um die Länder zu destabilisieren !!!

Während sie Mrd in Mekka für klimatisierte Unterkünfte ausgeben, unterstützen Sie die Bevölkerung der Kriegsgebiete nicht mit einem $.
Nehmen nicht einen Flüchtling auf !
Das ist alles Absicht !

Die Flüchtlinge werden absichtlich nach Europa abgedrängt , um ""Neuland"" zu erobern !!!

In Deutschland will man dagegen 300 neue Gebetshäuser bauen !

Nach was sieht das aus ?????

Das ist eine groß angelegte ""Stille Übernahme"" Europas als Endziel !!!

Warum wollen unsere Politiker das nicht einsehen ???

Mit jedem Tag , den wir länger warten , wird die Situation immer schlimmer!!!

Die Anzahl der Einwanderer steigt täglich, bis wir sie überhaupt nicht mehr händeln können , was sich täglich mehr abzeichnet !!!

Sollten unseren Politikern jemals die Augen aufgehen , ist es längst zu spät !!!

Wie will man Millionen Menschen wieder ausweisen / abschieben ???

Die Sicherheitskräfte sind bei der Einreise schon lange überfordert!!!

Die sitzen in der Wüste u lachen sich tot über die Naivität der Europäer !!!",False,False
1096079920430430,"Invasion der ""schutzsuchenden"" Plagen",False,False
856753327696425,Die haben gedacht wenn sie den Kopf abschlagen ist Schluss haben sie sich ganz schön geirrt...,False,False
734,@KokoLores100 Die deutsche Lügenpresse und Nazi Medien sind nur noch zum kotzen 🤢 schlimmer als Göbbels eben alle samt Vasallen Merkels!!,False,False
311,@TerpentinSusi Heiko Maas hat das Buch - genau wie seine aktuellen Tweets - nicht einmal selbst verfasst. Der Schriftsteller Michael Ebmeyer stand ihm mit seinem schmalzigen Stil zur Seite.,False,False
826,"@SchaarSevi @Ofenschlampe Ich nenne solche Kaliber Bessermenschen. Die bezeichnen dich als Mörder,  wenn du eine Fruchtfliege killst, haben aber selbst x-fach abgetrieben. |LBR| #Doppelmoral |LBR| #Narzissmus",False,False
1055424157829340,"das volk muß geschlossen auf die straße, grenzen dicht und bewachen. wenn dieser invasion nicht bald einhalt geboten wird.....dann droht uns ein echter krieg.",False,False
694,"Ich warte nur noch drauf, dass die Grünen ihre V-Waffe ""Claudia"" zum Einsatz bringen und der Bayer ohne Eier Frauenbeauftragter wird 😂😂😂",False,False
882680641770360,"Was nehr sorgen machen sollte ist volgende citaat:  ""Am 14. Februar 2014 war dort ein libyscher Flüchtling gestorben. Er litt an einer Infektion, die trotz zweier Klinikaufenthalte unerkannt geblieben war. Am Ende kostete ihn eine Lungenembolie das Leben."" welcher infection? Was schleppen die noch mehr ins land auser streit und angst??",False,False
295,@MiriamOzen Wie verkommen müssen erst die sein die dieses Gesicht gewählt haben....,False,False
444,@Hartes_Geld Irgendwie beruhigend das es woanders noch schwachsinnigere Politik gibt als bei den deutschen...,False,False
946629355375488,"wenn die dich Nazi schimpfen dann nenn die doch beim namen, Sozialschmarotzer und rassistische Terroristen. was anderes sind die nämlich nicht. Wenn die ein Heimatgefühl hätten wären die da geblieben.",False,False
688,@N24 Dank der Islamisierung unserer Heimat!,False,False
1134122189959536,Also  EINEN bestimmt... und das sehr gut. Kriecht siexihm doch ständig in den Arsch,False,False
855028371202254,hau hab mit legida sind doch alles nasis,False,False
925344500837307,"Die Grünen sind zumindest aus Inzucht entstanden, das wird immer deutlicher.",True,True
857595754278849,Islam hat Gewaltproblem,False,False
430,"@1vanAckeren @petertauber @MarcusWeinberg @CDU Wenn Tauber lebensmüde ist, sollte er bei mir klingeln!!! 😬",False,False
856873377684420,Lutzi wird eh bald im Bau sein dort wo er hingehört die alte koksnase,False,False
977073448997745,"Ich verstehe bald gar nichts mehr .. Obwohl die ""Flüchtlinge"" in den östlichen Ländern ""menschenunwürdig"" behandelt werden, sollen sie in diese Länder ? Die bleiben doch sowieso nicht dort, s. Ungarn. Sie bestimmen doch inzwischen selbst, wo sie hin wollen, da braucht sich die Politik nicht den Kopf über ""Quoten"" zu zerbrechen.",False,False
993916503980106,"Na da können wir ja froh sein.??

IM Erika sagt: Es wird keinen Flüchtlingssoli geben. 

Sie sagte auch irgendwann mal: Es wird keine Maut geben.

Ebenso sagte sie : Wir schaffen das.

Und, wer kann sich noch an den Satz aus der Neujahrsansprache erinnern? Er lautete: Folgen Sie denen nicht!

Frau Merkel, wieso sollten wir Ihnen ausgerechnet jetzt glauben, wo doch Ihre anderen Versprechen ebenso nur Schall und Rauch waren?

Die deutsche Bevölkerung ist nicht so ungebildet wie all die Ärzte, Ingenieure und Architekten, welche laut einer Studie den Bildungsstand eines Viertklässlers haben.

Wenn Sie allerdings mit diesen uneingeschränkten und unkontrollierten Flüchtlingszustrom weiter machen, dann wird die Bevölkerung Deutschlands genau so dumm sein, wie Sie es sich wünschen. Denn nur dumme Wähler sind gute Wähler - Für Sie!

Deshalb noch einmal eine dringende Bitte an Sie: Treten Sie endlich zurück, denn Sie sind nicht länger unsere Bundeskanzlerin!

http://www.gmx.net/magazine/politik/fluechtlingskrise-in-europa/steuererhoehungen-rahmen-fluechtlingskrise-30988140",False,False
952,@JoeyGerlach @Renft1964 Werden wir und müssen wir NICHT! Es sind zu 99% nur Sozialtouristen (auf gut Deutsch: Schmarotzer) und zigtausende Kriminelle/Terroristen darunter! Das ist bewiesen!,False,False
576,@ilsegott Ich möchte ihn mal..für ne kurze Zeit....aber dieser Bayer ist wirklich ein Waschlappen,False,False
1700,Jeder Spieler von Paderborn sieht aus wie ein nazischwein,True,False
977094928995597,"Sabine Maier Hallo Frau Maier, ich geben ihnen in allem Recht. Ich wollte nur daraufhinweisen, dass die Ideen vieler Grünen die Flüchtlinge in den Osten zu verschieben (Aussagen wie der Osten ist zu weis/hat viel Platz) und damit ihr Flüchtlingsproblem damit verkleinern wollen nicht aufgehen wird. Die Ballungsgebiete sind das Ziel der Einwanderer. Die Aussagen sind nur den Grünen Wählern geschuldet, die natürlich ebenfall keinen ""Flüchtling"" als Nachbarn haben wollen. Für mich klar, die Völkerwanderung muß gestoppt werden.",False,False
886082511430173,....die Hosen tragen jetzt  die Asylanten,False,False
1096086830429739,machen aber mit! Noch bescheuerter! Lassen sich erst von Schleppern verarschen und dann von Aktivisten!,False,False
204,"@Die_Gruenen @GoeringEckardt Die gesamte deutschfeindliche Asyl-Politik der Altparteien, provoziert einen Bürgerkrieg! Die Grünen werden als erste vernichtet werden!",False,False
882678058437285,"Hier ist immernoch ein Mendch gestorben. Ich würde mir lieber Sorgen um den Täter machen. Vielleicht ist der ja aus absurden Gründen, wie religiösenr Verwirrung, straffrei zu stellen..?",False,False
1035113529860403,"Ich komme aus Kiel , und würde alles geben damit der Westen ( die ignoranten ) endlich mal den arsch und ihren Verstand benutzen würden ???? Das macht mich so wütend zu sehen das hier alle so tun als wäre alles okay und es ginge sie nichts an echt widerlich ??",False,False
1096011473770608,"Deshalb sind das in meinen Augen auch Asylforderer und Invasoren.
Es würde mir im Leben nicht einfallen, solche obskuren und völlig überzogenen Forderungen und Ansprüche zu stellen in einem Land, das mich gnädigerweise beherbergt und mir Obdach, Essen, ein Bett und medizinische Versorgung gewährt.
Unfassbare Mentalität.
Normalerweise würde ich jetzt schreiben, dass nur Deutschland so dermaßen dämlich ist, was aber nicht stimmt, denn fast europaweit grassiert dieser Gutmenschen-Virus.",False,False
1095899267115162,"..die intelligenten Fachkräfte von Morgen, die Deutschland retten sollen...!? Deutschland....Quo vadis..???",False,False
857472380957853,"die kommen leider so alleine, die linken Frauen sollten sich da mal erkenntlich zeigen, dann könnte man diese abartige Scheiße evtl. eindämmen....nicht verhindern. Schützt Eure Töchter !",False,False
982640215107735,"Und dieses Dreckspack haben wir zu Hunderttausende ins Land geholt 
Deutsche bewaffnet euch",False,False
1065000050205084,"#Islam: The Religion of Genocide
http://www.savemysweden.com/islam-the-religion-of-genocide/",False,False
1010815048956918,"805 Personen gefällts!!!!!????? Daran erkennt man Pegida :) Unkultiviert, halbwissen und ganz einfach zu maipulieren!!! Der Ruf , Image von Pegida ist gerechtfertigt!  Dummheit ist sehr gefährlich-  3.REICH lässt grüssen.",False,False
856766231028468,"O-Ton SWR1 gerade in den Nachrichten: „In Dresden haben erneut mehrere Tausend Teilnehmer bei der Pegida demonstriert. Auf dem Schlossplatz haben auch wieder mehrere Tausende Pegidagegner demonstriert“. Kurz danach kam dann: „Rund 15000 Begeisterte verfolgten das Narrentreffen in Ulm, auch in Aalen zählte die Polizei auch hier etwa 15000 Teilnehmer. „  
So zählt unsere Presse, je nachdem wie es reinpasst !  Für wie dumm halten die uns ?  Macht weiter so.",False,False
1007172995987790,wieder die linke Antifa ....die nichts..... im Kopf außer Müll.,False,False
882071748497916,So ist es richtig Herr Stöcker sollen sie doch sehen wie die Uni zu Geld kommt. Ich würde Vorschlagen die Studiengebühren ordentlich zu erhöhen bis es richtig weh tut.,False,False
105,"Worterklärungen: |LBR| Vierling = 9,26 cdm |LBR| Imber = Ingwer |LBR| Lott = 16 g |LBR| Musgatnus = Muskatnuss |LBR| Nägl = Nelken",False,False
982647195107037,"Sagt jetzt bitte ein Gebet für unsere Jungs, die Polizisten, die versuchen es, Europa von diese Horde zu schützen. LG aus Ungarn.",False,False
1007170822654674,Die Leben bestimmt alle vom Staat und gehe nicht arbeiten. Die müsste man alle in einem Arbeitslager einsperren am besten in Bautzen.,False,False
1014,"Wie sagte es d. CDU heute in d. Tagesschau,Schulz sei ein ""Sozialpopulist"" 😂 Diese Schwachköpfe sollten sich m. d. Definition beschäftigen 😂",False,False
858374027534355,Achten Sie mal lieber darauf was die Assis von Antif-Trupps so bewegen Hr. Aidsch.,False,False
1057996380905451,Merkel u ihre Pläne !!!!! Scheiß Pläne sind das..überall wird das Geld verstreut und nichts passiert !!! Könnt kotzen !!,False,False
856745534363871,Wer hier der Presse glaubt kann auch der Frau Merkel glauben die nehmen sich beim Lügen nichts !,False,False
549,Geheimdienste sind staatlich bezahlte und subventionierte Klatsch &amp; Tratsch &amp; Intrigen Organisationen ohne Verantwortung für irgendwas,False,False
844,@MartinaRenner @dieLinke @GBA_b_BGH Es gibt wichtigeres wie z.B Asylantenterror!,False,False
876542335717524,"Ha ha,, Fachkräfte aus dem Ausland""und der ,,demografische Wandel"" ha ha,..... mehr Verarsche des Volkes geht nicht mehr. ha ha... Also, die Schwarzen in den Booten sind die Fachkrtäfte oder vieleicht sogar Schlüsselarbeitskräfte...Ha ha ... und der Demografische Wandel lässt sich durch Umvolkung aufhalten. ...haha,....Glauben die wirklich wir sind Blöde? ...He, gebt denen endlich andere Tabletten oder schickt sie zu einem anderen Psychiater",False,False
982736521764771,Und das sind traumatisierte Schutzsuchende die vor dem Krieg flüchten? Diese Kulturerweiterer bringen uns Krieg und Elend!,False,False
858319947539763,"Jürgen ich glaube du hast mich nicht richtig verstanden.
Ich hab gesagt ich wüsste nicht was man gegen IS machen könnte, ich habe nicht gesagt dass ich dort mit offenen Armen und BussiBussi hingehen will und dort jeden lieb haben mag.

Andi, naja, unsere (nicht gewollte) kapitalistische Weltanschauung wirkt sich zurzeit viel schlimmer aus als der IS.
Wieviele werden denn rund um die Uhr von dem Summen der Drohnen allein schon terrorisiert und Unschuldige dabei getötet?
Was ist mit der Knechtung des IWF's?
Die Armutmache und strengen Bedingungen die ganze Länder arm machen, die in der globalen Welt ja auch anders nicht wirklich können.
Mir tut das Leid was in Frankreich passiert ist und wenn es auf das Konto der IS-Ideologie geht muss ich dennoch sagen, dass das mit Frankreich nur ein kleine Sache war im Gegensatz zu den jahrelangen Drohneneinsatz wo viele viele Unschuldige draufgehen.

Ich empfehle nur das Gespräch mit Ken Jebsen und Daniele Ganser
(https://www.youtube.com/watch?v=CiBWNXEzRio)
Man drehe die Rollen mal um.
Man stelle sich vor Irak würde bei uns Drohnen rumfliegen lassen weil sich unter uns meinetwegen christliche Terroristen befänden.
Über dir summen die Drohnen und du musst Angst haben dass du vielleicht der nächste bist, denn deine Nachbarn hat's schon weggesprengt.
Tauscht doch mal die ganzen Situationen.
Hartz IV und Arbeitslosengeld I muss eingestellt werden, der IWF fordert das von uns sonst gibts gar nichts mehr.
Jetzt muss sich jeder selbst krankenversichern lassen usw. usw. ...
Außerdem bekommst du nun weniger Geld, nun gut..jetzt kann man sagen, hol ich mir Wasser vom FLuss, da spar ich Geld, aber moment, Nestle steht daneben und der Fluss ist eingezäunt.
Aber naja, 20 km. weiter ist auch noch ein See, oh aber der ist verseucht, weil eine andere Produktion dort sitzt und ihre Chemikalien in den Boden kippt....
und die Islamisten, das ganze Pack dahinten kaufen von Nestle und der anderen Produktionsfirma die Sachen während wir hier verrecken...solche Unmenschen.

So in etwa stell ich mir das leben dort vor, in Afrika, in Afghanistan...usw.",False,False
856756157696142,Sehen so Nazis aus??? Oder eher die ganz normale Bevölkerung ??,False,False
1065227536849002,Die Invasoren sollten lieber mal den Weg nach Hause finden.,False,False
454,"@xXxOPEXOBxXx @Maxe8888 Bei den Antifa Terroristen fällt mir nur eins ein, „ Der Dieb rannte aus dem Kaufhaus und schrie, haltet den Dieb“",False,False
1400,Umd ihr dummen sats huren klaut ist die widerliche viel bessere Wahrheit ueber euren schmarotzer dreck faul und dumm der sich durchziehen lassen wollte dumme widerliche sats nuttchen die klauen und jallern,True,True
856765477695210,"Ihr dankt den Bullen???
Dafür dass sie auf Befehl von oben die Bekanntgabe des wahren Mörders des Eritreers hinauszögerten um Pegida in Misskredit zu bringen und um die Gegendemonstranten zu motivieren und zu legitimieren? Und jetzt gesteht ihr eure eigene Hilflosigkeit ein, mit ein paar Zecken nicht klarzukommen?
 Aber schön von Nazis distanzieren,  die wir unsere Veranstaltungen selbst schützen können. 
Ihr Pegida ""Organisatoren"" seid ja soo erbärmlich.",False,True
1111388835566205,"Horscht zieht wieder mal - und wie erwartet - den Schwanz ein:

http://www.spiegel.de/politik/deutschland/fluechtlinge-bayern-verzichtet-vorerst-auf-verfassungsklage-a-1090310.html",False,False
713,Behindert wer an Genderfluid und so ne Scheiße glaubt,False,False
1107918365913252,Arbeitslager müssen wieder her!,False,False
982665751771848,"Ihr Ungarn seid die Einzigen Die noch bei Verstand sind,haltet durch!Die Türken habt ihr vor Jahrhunderten auch schon rausgeschmissen! LG aus dem Pegidaland",False,True
982645065107250,"Wie süß - die wollen doch nur spielen. Genau so wird auch Deutschland in wenigen Wochen aussehen, wenn die traumatisierten Kulturbereicherer nicht ihre Forderungen von einer eigenen Wohnung und einem Spitzenlohn fürs Nichtstun durchgesetzt kriegen.",False,False
1096054593766296,"Ich verstehe nicht,warum die Flüchtlinge so ein Gewese machen.Sie sind in Griechenland doch in Sicherheit. Wer will den solche Querulanten noch freiwillig aufnehmen.Wenn sie dann in D.sind ,machen sie das dann auch,wenn z.B.das Essen nicht schmeckt oder wenn sie im Zelt schlafen sollen? Und wer gibt den arabisch schreibenden Kindern in G. Plakate mit perfekten lateinischen Buchstaben in Englisch?",False,False
945890215449402,"Eh, ich wohne auch in München. Fast fühl ich mich persönlich beleidigt. Ich würde das Dreckspack am liebsten sofort wieder zurück schicken. Aber leider geht das nicht :(",False,False
1012242475480842,"Richtig wir müssen uns radikalisieren,die sollen uns fürchten lernen diese Bastarde.????",False,False
1012240445481045,"was will man von den Grünen , und ANTIFA, vollidioten den rwarten ?? 0 Bildung und die  Hälfte vergessen,",False,False
945351205503303,"Vor Gericht stellen die ganze linke Brut, Anklagen wegen Volksverhetzung,  Amtsanmaßung und Hochverrat . Staatsbürgerschaft aberkennen, ausweisen. Bevorzugt nach Afrika und Arabien ...  Dort können sie ihren Wohlfahrtsstaat aufbauen, falls man ihnen nicht vorher die Kehle durchschneidet ...",False,False
982743661764057,"Ramon De la Perez na selbst für den Fußball biste zu hohl.""Stellt euch gegen ffm"",was soll das heißen? Einer der linkesten Hools in Deutschland willste ""bekämpfen""? Nicht das ich was dagegen hätte,versuch mal.Und du Blöd,das Bildchen welches du gepostest hast,sieht in Echt so aus http://img1.faszination-fankurve.de/fotos/galerien/1442102665.jpg  Ehrlich,wenn Dummheit schreien könnte,man würde dich bis nach China hören.Du wurdest auch letzt mit deinem Kumpel beim Gedankenaustausch gefilmt https://www.youtube.com/watch?v=m1agaZinJHg",True,False
753,@ReneTruninger @watson_news Sauerstoffmangel kann zu geistiger Beeinträchtigungen führen...😃😃,False,False
485,#Yücel von mir aus kann er in der Türkei die Todesstrafe bekommen was redet Wallraff für ein Scheiß? |LBR| Yücel einer der größten deutschhasser. |LBR| #lanz,False,False
895025333869224,"Herr Giritli, wenn alle Türken arbeiten müssten, müsste vielen aus ""Ihren Vierteln"" heraus kommen und mit Deutschen vermehrt zusammenarbeiten. Der grösste Fehler der deutschen Politiker war es, Arbeitslosengeld bei den Gastarbeitern abzuziehen. Statt dessen hätte man sie nach Haus schicken sollen, wenn sie denn arbeitslos geworden wären. Dann hätten wir nur die Fleissigen in Deutschland behalten, das wären dann die gewesen, die sich hier auch selbstständig gemacht haben. Und dass früher Arbeitslosengeld, Arbeitslosenhilfe, dann Sozialhilfe und nun HARTZ-IV gezahlt wird, ist seit Jahrzehnten die Anziehungskraft für Deutschland. Denn warum findet ""Einheiraten"" immer nur Richtung Deutschland statt? Ich kenne noch Türken aus 1969, die haben Bauklötze gestaunt ob des Gehalts, freie Arztwahl ohne Kosten, Krankenhaus kostet auch nichts. Ja, das war früher. Heute hat man sich daran gewöhnt und fordert alle naselang was Anderes. Wieviel Türken leben auf Kosten der Allgemeinheit? Dafür habe ich noch nie irgendwas von Dank oder ähnliches gehört, nein, dafür hasst man uns noch, schlägt Deutsche zusammen, manchmal auch tot, schlägt und beklaut alte Frauen! Hätten sich, und das ist nunmal so, alle Moslems genauso integriert wie alle anderen Menschen aus der ganzen Welt, hätten wir hier keine Probleme. Die Mosleme, die ""hier angekommen"" sind, uns nicht als Kartoffeln pp. ansehen, die Deutschland als Heimatland ansehen, die müssten auf die Strasse gehen und gegen ihre Landsleute, die ""Juden ins Gas"" skandieren, aufstehen und fordern, wenn sie Deutschland und Deutsche nicht mögen, sollen sie doch in ihr Heimatland gehen. Aber da ist das Schweigen gross.",False,False
1096148273756928,"Nehmen ihre Kinder als Schutzschilder..
Was sind das nur für Kreaturen.",False,False
179,"Wenn wir den ""Schiffbrüchigen"" konsequent den Weitertransport nach |LBR| Europa verwehren, werden sie das den anderen per Handy melden.",False,False
528,@APatzwahl @VonSchwer @phoenix_de Da der Islam im Grunde eine Rassistische Ideologie ist kann sie kein Theologe sein. Eher eine verwirrte Deutsche die sich gerne Lumpen auf den Kopf legt und sich Sharia gemäß gern von ihrem Mann falsch vorhanden verprügeln lässt.,False,False
1098144503557305,"Die deutsche hette es sehr gut haben können ohne amerika und die EU,keine asylanten,genung arbeit und so weiter,aber durch die schädlinge etablierte Volksverräter werden die deutsche mißbraucht und ausgeraubt,wie die Ärsche der welt ausgenuzt",False,False
719,"@ndaktuell Typisch,Demokraten werden ausgewiesen und der Mob von Nafris darf bleiben!Armes Europa.",False,False
856,"Die ganze Welt schüttelt den Kopf oder lacht uns aus und dieses dumme Weib, Merkel, macht fleißig weiter !",False,False
882731625098595,wieder ein Asylschwein weniger was wir durchfüttern müssen,False,False
856855447686213,"Das ist so typisch. Diese Machohaltung ist doch bald nicht mehr zu ertragen. Die kleinen Jungen werden schon so machomässig erzogen. Das erlebe ich immer wieder z. B. beim Einkaufen. Rüpelhaft, schlechtes Benehmen und die Mütter stehen daneben und sagen nichts. Grrrrrrrrrr!",False,False
1064697370235352,Aber bestimmt kennt ihr Deppen nicht einmal den kategorischen Imperativ. Ahnung vom 2. Weltkrieg oder wie es dazu kam kann man hier wohl auch nich voraussetzen.... ihr wisst gar nicht was ihr tut...,False,False
1096065207098568,"Hat Griechenland kein Militär mehr oder was?
Was soll das anderes sein als das Brandschatzen und Marodieren von ausländischen Invasoren?

Hätte nicht jeder Staat hier die Aufgabe, diesen Eindringlingen das Recht der Verteidigung zuzuführen? !",False,False
856821317689626,Stimmt ! Die werden immer ausfallend..?? Dabei hat Sandra in der Walldorf-Schule etwas anderes gelernt. Also sei dein brav und tanze deinen Namen !!!,False,True
1685,"@IsmailFN_ Junge wer bist du, du kleiner Hund das du meine Mutter beleidigst brauchst du Respekt oder meine Eltern verdienen mehr als deine Familie nerv mal nicht du spast",True,True
1063237200381369,Hmmm... Syrien: Chaos. Afghanistan: Chaos. Senegal: Chaos. Der ganze Mittlere Osten: Chaos. Quer durch alle Zonen hindurch Chaos und die einzig Konstante ist denen ihre religiöse Versklavung und das Patriarchentum der Familienoberhäupter (die oftmals so zivilisiert sind wie...... Mir fällt kein Tier ein.....).... Aber das darf man nicht sagen!,False,False
960927587278998,"Rosa Weiss, ist doch hinlänglich bekannt, dass sich hinter diesen Organisationen der letzte ""Abschaum und arbeitsscheues Gesindel"" befindet und bei den Plattköpfen, in Berlin, hohe Anerkennung findet. Sollten sich die Zeiten ändern, wird man für diese Unproduktiven auch einen Arbeitsplatz bereitstellen, um das Bruttosozialprodukt zu steigern.",True,False
1010276485677441,"Aha MArion. Du wünscht Dir also das DDR Regime mit Mauer und Stacheldraht. Gott sei Dank haben solche Menschen wie Du hier null zu melden. Ab nach Russland, da hast Du Dein Terrorgrenzregime!",False,False
1010192659019157,"Und was sagen die Leute, die diese Terroristen kannten ???? DAS HÄTTE ICH DENEN NIE ZUGETRAUT. Und doch ist es passiert........daraus gibt es nur eine Schlussfolgerung......es kann von denen jeder sein.....und keinem sieht man es an. Daraus resultierend kann es nur eine Handlung geben.......GRENZEN DICHT. Aber unsere Blindfische in der Regierung merken den Schuß nicht. Sie riskieren lieber das Leben 100er Deutscher nur um nicht einen Invasor abzuweisen. Aber dafür haben wir sie nicht gewählt. Lieber 1000 unschuldige Invasoren abweisen, als auch nur ein deutsches Leben zu riskieren. ""....Sie waren junge Franzosen und Belgier mit arabischem Migrationshintergrund, zwischen 20 und 31 Jahre alt, wuchsen in den Vororten von Paris und Brüssel auf.""...""....und daraus lernen wir........auch wenn die heutigen Invasoren noch friedlich sind.......Ihre Brut ist höchste Gefahr",False,False
960976363940787,sau dumm sind die von PEGIDA...,True,False
982750708430019,"Bald müssen unsere Frauen Kopftücher tragen, und allen Katholiken  und Evangelischen werden die Gurgel durchgeschnitten.!!!  Lobby Merkel muss Weck!!!",False,False
960974070607683,"Wie sagt der Volker Mosblech da so schön?

Man hat hier unkontrolliert alles ran geholt und dadurch sind hier in Duisburg diese großen Probleme entstanden. Man durfte aber selbst die Probleme NICHT ansprechen, denn sonst wurde man direkt in die rechte Ecke gedrückt!
Ach wirklich? In die rechte Ecke gedrückt? Das sind ja mal Neuigkeiten!
Ich habe schon seit vielen Jahren das Gefühl, dass wenn die Menschen in Deutschland zu den Missständen in unserem Land ihrem Unmut Luft machen wollen, sie sofort als ´rechts´, ´braun` und ´nazi´ tituliert werden!
ABER nun beachte man mal den Bericht GANZ genau! Darin sind es nicht nur gebürtige Deutsche, die sich beklagen! NEIN, es sind auch Ausländer die schon lange in Deutschland leben, integriert sind und diese ´neuen´ Ausländer ebenfalls scheiße finden! 
Ist das nicht SEHR bezeichnend???

Hey, wenn sich nicht mal mehr unsere Ausländer abends auf die Straße trauen, weil dort neue Ausländer herumhocken und die Leute ausrauben, ja, was soll man denn da von unserer Ausländerpolitik noch halten?
https://www.youtube.com/watch?v=k1BZYQOZpQc",False,False
858033357568422,"Ich sag euch jetzt mal was, ich bin stinksauer!
Ich bin aus NRW und aus Beruflichen Gründen im Außendienst tätig. Zu 90% wird gemeckert und sich beschwert, mit der Begründung ich alleine kann doch nichts machen.
Jetzt haben wir endlich eine Bewegung und der Westen kriegt den Arsch nicht hoch.
Muss mir vom Türken sagen lassen, seid ihr doch selbst schuld, wir werden Deutschland übernehmen weil wir zusammenhalten.
Und damit wird er wohl Recht behalten.
Für mich ist der Westen zu Weicheiern und Feiglinge verkommen. Neue Männer braucht das Land.
Es tut mir Leid aber so empfinde ich es!",False,False
856799194358505,Das linke Gesochs schiebt schon wieder Frust.,False,False
267,"@jochen_rohrberg @ARDde Wer so aussieht der träumt davon , die sollte mal sich mal auf ihren Geisteszustand untersuchen lassen!",False,False
646,@RonaiVeromaus Ich schließe mich Gauland an....irgendwo in Anatolien entsorgen...!!,False,False
982666505105106,"Da gehört die Merkel inklusive ihrer Speichellecker rein geschickt! Saubere Söhne hast du dir da angelacht. Das war nur der Anfang. Es sind und bleiben Verbrecher, Aber gleich und gleich gesellt sich bekanntlich gerne!",False,True
827,@lawyerberlin Vielleicht sollte mal jemand der Deutschland Hassenden Partei B 90 die Grünen erklären was Subsidaerer Schutz bedeutet. Ich führe doch keine Menschen zusammen die dieses Land absehbar wieder verlassen müssen. Wer soll diesen Irrsinn den bezahlen? Die Grünen etwa.,False,False
1105441756160913,"toll! freut euch schon daruaf, das alle 3 Stunden zum Gebet gerufen wird - wer in der Nähe wohnt, wird auch nachts um 3 Uhr nicht mehr schlafen können - in der Türkei selbst erlebt !!!",False,False
886038731434551,"FRAU MERKER HERR GAUCKLER, wo ist jetzt ihr Aufschrei in Frankfurt werden Polizeiwachen angegriffen von Linken   SAntifa Idioten , dass muss der Staat wohl aushalten aber wegen einem umgehauenen Auto in Köln wird über Wochen über die Caoten der HOGESA berichtet. Hat der Bürgerkrieg schon begonnen???",False,False
876320875739670,"Ich bin eine Fachkraft, aber in meinen Beruf mußt du noch Geld mitbringen,selbst dann reicht es nicht. Mir reicht` s dermaßen mit dieser Regierung. Nun hängen sich die größten Spinner auch noch rein. Da muß man für einen ALG1 -Antrag noch einen Antrag stellen. Die sollen ihre dreckige Fresse halten und ihre Arbeit machen, wofür sie mehr als fürstlich bezahlt werden. Sorry, aber ich muß kotzen. Ich gehe von 5Millionen Arbeitslosen aus, aber man wird ja nur noch belogen und betrogen von den Dreckspack in Berlin.",False,False
1152528161452272,"Die AWO sieht doch auch wie sie mit den Arsch an die Wand kommt . Wenn es Geld gibt , verraten sie auch Deutschland",False,False
331,"😂😂😂 Phantomschmerz (fehlende Eier) und Machtgeilheit zwangen heute erneut den ""Bayern-Horsti"" ohne Vaseline  in den Ar*** der Kanzlerette 😜",False,False
824,@anna_IIna @Renft1964 eutschfeindliche Richter sind von Merkel eingestellt und stehen unter ihrem Befehl!,False,False
1096049223766833,"bei uns müssen Demo´s angekündigt und genehmigt sein .... toll wie das so alles geht wenn du kein Deutscher bist ..... wir sind der Abtreter  der Welt ...... alle werden besser behandelt als die "" Deutschen """,False,False
888176241220800,"Schade, dass die FNP in Frankreich ist und nicht bei uns, die würde ich doch glattweg seit Jahren wählen und Marine Le Pen sieht nicht so scheiße aus wie die Genossin Merkel...",True,False
1092030587502030,sollen sie nur ordentlich bomben reintun. Auf daßdie schwarzen Affen eingeheizt kriegen.,False,False
858087204229704,"Zitat:"" Stephan Laurent ihr macht aber alle das selbe wie die idioten im 2 weltkrieg bevor hitler an die macht kam... IHR SEID ZU DUMM UM GESCHICHTE ZU KENNEN U WEITER ZU DENKEN ! 
Engstirnig, kurzsichtig u dumm seit ihr ! ""  Und ich dachte immer, Hitler hat die ""Idioten"" in den Krieg geschickt. Dann müssen wir wohl mein Geschichtsbuch umschreiben. Und den Duden gleich mit, wenn ich deine Rechtschreibung betrachte. ;-)",False,False
885865668118524,"Nein, Erwin hat das Zusammenschlagen der Glocken nicht verpasst. Sein Kopf befand sich zwischendrin !!!",True,True
1035127136525709,"Ich habe auch nichts gegen Muslime, die unseren Glauben, unsere Gesetze  und unsere Kultur  respektieren.  Wenn du als Kind von ""Gastarbeitern"" in Deutschland gross geworden bist, dann frag mal deine Eltern,  wie wir alle vor Jahren  friedlich nebeneinander leben konnten. Findest du es richtig, dass es in unserer Heimat mehr Toleranz für Migranten gibt, als für das eigene Volk.  Ganz zu schweigen von der Nazikeule, die überwiegend von jugendlichen Migranten geschwungen wird. Da muss ich dir dann leider sagen, habe ich auch die Schnauze gestrichen voll, denn Deutschland ist meine Heimat und wem es nicht passt, darf sich gerne von anderen Staaten durchfüttern lassen.",False,False
127,@yartago @happyhaidrich3 Wetten.du bist so ein verbittertes scheidungskind,True,True
1105824799455942,"Du kannst von Glück reden, dass du - wegen deinem Alter - die Islamisierung Deutschlands nicht mehr mit erleben wirst. In diesem Land werden in 100-200 Jahren mehr Moslems Leben als Christen usw. weil ihr am aussterben seid. Zu verdanken habt ihr das euch selber, denn zum Glück ist die Geburtenrate so niedrig „smile“-Emoticon. Die Welt wird ein besseres ohne euch Massemmörder.",False,True
856753001029791,die linken grünen sind jetzt die rechten,False,False
857866800918411,"Wissen wir doch, aber die Propagandapresse der BRiD muss alles auf PEGIDA beziehen, da sie zur Zeit der größte Feind für das kriminelle Regime darstellen.",False,False
1105403246164764,"Der Zivilisationsdschihad ist aufgrund seiner Eigenschaften und seiner Gestalt subtiler, aber er ist in Wahrheit langfristig eine sehr viel größere Gefahr. Er zielt darauf ab eine Gesellschaft von innen heraus zu verändern, so dass sie letztendlich dem islamischen Gesetz unterstellt wird ... 
Taqiyya: Krieg, Frieden und Täuschung im Islam

    Laß uns ins Gesicht mancher Nicht-Muslime lächeln, währenddessen unsere Herzen sie         verfluchen.                                                                     Ibn Kathir",False,False
477,@janboehm Lauter linke Ararchisten die sich hier zu Wort melden!,False,False
1134471336591288,"Genau richtig - wie auf dem Bild: Senk schön demütig den Kopf, du irre Verräterin! Du weißt zwar gewiss nicht warum, weil du nie Nähe zu deinem Volk hattest (was deine ganze Flüchtling-Scheiße finanziert und als Dank keine würdige Rente bekommt) und weil du emotional eiskalt und aalglatt bist. Ich warte schon sehnsüchtig auf die Wahlen 2017!",False,True
124,@Gl_owwyrm @GenKuchen @Tenreccc @magda_albrecht Also mich macht es froh wenn Leute ins Nachdenken kommen. Dann haben wir ein großes Ziel erreicht! #dritteoption,False,False
960884803949943,Schon alleine die Idee muslimische Asylanten auf einen christlichen Friedhof Urlaub machen zu lassen müsste bestraft werden.Konfliktpotenzial hoch drei.,False,False
855634017808356,"stimmt maria, in zürich haben sie eigene viertel. doch diese benehmen weit aus anständiger und sind integrierter als viele andere ""gäste"" welche aktuell an leib und leben bedroht sind. damit meine ich besonders junge männer aus eritrea welche in unserem dorf junge schulmädchen angraben etc. doch das sind immer ""einzelfälle"" ""missverständnisse"" genau das selbe mit diesem ""LIES"" typen. friedliche und integrierte fallen gar nicht auf. es sind die schwarzen schafe welche nicht hier her gehören!!! aber die integrierten machen am ende auch nix ausser zuschauen. sie distanzieren sich nicht oder gehen mit uns gemeinsam dagegen vor. profitieren Ja (sehr gerne) etwas dafür tun (leider nur wenige) lieber den ganzen tag vor dem einkaufszentrum sitzen und rum trollen und andere anschnorren. sowas geht gar nicht. und eine religion ist nach wie vor keine rasse. denn sonst währen die christen mordenden schweine die grössten nazis",False,False
1107838899254532,Linke waren schon immer Hirnlos und werden es immer bleiben.,True,False
197,"Wer die Zuwanderung nach Europa alleine auf die Einzelstaaten abschiebt, hat aus den letzten Jahren nichts gelernt.",False,False
876456319059459,"Welch ein Wunder! Welche ernstzunehmende Arbeitskraft (echte FACHKRÄFTE) möchte in ein Land kommen in dem Staatsführung und weite Teile der Bevölkerung mit Gender, Öko, Islamisierung, Quote, 70 % Steuern  und Lohndumping alles ruinieren. So ein Land ist ein Auswandererland. Intellekt raus, Pack rein!!",False,True
1711,"Mehr ist die auch nicht Wert, das Stück Müll",True,False
194,@KrabatKabat @Westhim Wir haben nicht genug Alternativen,False,False
1096428357062253,Proletarier - Waschmaschine und weggespült. Die sollten in ihrer Heimat mal die Ausfahrt des Kalifen blockieren. Da erkennt sie die eigene Mutter nicht wieder. Aber in Europa wide Sau spielen. Unglaublich,False,False
1010735725631517,"Wann geben unsere Volksverräter endlich zu daß multikulti gescheitert ist? Wann geben sie eindlich zu daß sie,um vor der Weltgemeinschaft gut dar zu stehen,das eigene Volk verraten,verkauft,belogen,betrogen und in den Abgrund gestoßen haben? Wann geben sie endlich zu daß sie die Situatin nicht mehr im Griff haben und unser Land nicht mehr schützen können.Wenn sie noch einen Funken Ehre im Leibe haben,dann sagen sie uns endlich die Wahrheit.Das kann uns zwar dann auch nicht mehr helfen, aber wir wissen dann wenigstens wo wir dran sind",False,False
1052415401463549,"Für Pegida sind Polizei da aber wenn Bürger im ubahn geschlagen werden und bedroht lasen die zufrort kriminelle Flüchtlinge frei. Das ist kein Recht Land ????????
https://youtu.be/0mXQ-PYaxWk",False,False
1106133239425098,Dresden hat doch schon eine riesen Moschee.Hoffentlich hat die Pegida für diesen Schwachsinn eine Antwort.,False,False
1121659441205811,"Der Islam will dominieren. Und dort wo er dominiert, sind die Nicht-Moslems nicht nur fremd im eigenen Land - sie sind Sklaven und entrechtet. Der Islam und seine Appeaser sind daher unsere Feinde.",False,False
664,@Heinrich_Krug @krippmarie Was für ein Gruselkabinett....bisher hatten wir nur die Cholera und jetzt kam doch die Pest hinzu! |LBR| 🇩🇪..wie konntet ihr das nur zulassen..??,False,False
993964160642007,Die Alte ist krank im Kopf. Die wird nie zurück treten,False,True
1084477211590701,moscheen gehören verboten und unter strafe gestellt.,False,False
857419477629810,Was ist denn mit euren Führer Bachmann passiert ? Zu viel Hitler in ihm ??,True,True
1080,Wenn nicht bald was geschieht in diesem Land haben wir einen neuen linksgrünen Hitler. Linksgrüne Nazis gibt es ja schon. Die Meinungsfreiheit wurde am 1.1.18 verboten. Demokratie gab es noch nie in Deutschland. |LBR| Denunziantentum 2017 neu eingeführt. Kann es noch schlimmer kommen?,False,False
901,"@FOJ45360104 @Lauro_Doc Warum hört ihr denen noch zu, was habt ihr von Profilügnern erwartet ⁉️",False,False
856839227687835,"Eine völlig verantwortungslose Bevölkerungspolitik (Bevölkerungsexplosion) in den Herkunftsländern trägt massiv zu dem Elend bei. Das können wir nicht kompensieren ohne selber vor die Hunde zu gehen. Kapiert es endlich ihr linken Narren! Helft den Ländern vor Ort, aber importiert nicht zu millionen deren Probleme! 
Ist das so schwer zu verstehen?",False,False
157,@sternde Jerusalem war schon immer die Hauptstadt von Israel genauso wie die Palästinenser schon immer Terroristen waren.,False,False
1064,"Unser Bundes-Pastor verabschiedete sich mit einer Predigt zur Demokratie, für deren Zerstörung seine AgitProp-Sekretärin verantwortlich ist.",False,True
1120403321331423,Müsste man mal die gebildete Kleckser des Sterns fragen wer den den 1.Mai als erster als gesetzlicher Feiertag übernommen hat- das waren nämlich die Nazis Dummschwätzer,False,False
1018199341551822,"Please can anyone translate to German and spread the message: This is what's gonna happen: This is all Jews plan who want to control the world and all the money, they use muslims as tools to start WW3, which has already started by the way and there's no way to stop it. Then it is going to be a white genocide, which is aimed at killing as many whites as possible, in particular white men because they are the only counterweight to jewishness. Apparently white women are less of a problem because they can be enslaved and forced to relationships with black and brown so that the black offspring will come out anyway. This genocide has already started, for example, in the UK jobs and promotions get black and muslims and in general they are promoted regardless of the level of stupidity, the idea is to weaken whites first. Islam was deliberately sent to Europe so that these two tribes i.e. muslims and Christians begin to fight badly, crowds will come, this is just a beginning, they will break into houses and will be provided with guns while we won't.. In this way a large group of white men i.e. the most competitive and intelligent individuals will be killed. Jews have a plan and know what to do later with brown, sort of mixed race society easily prone to huge manipulation. Merkel and all EU politicians know what they are doing and have been well paid. This isn't at all about integration or refugees, this is deliberate plan to destroy.",False,False
1057647107607045,Mia Mani Erstmal hat die Merkel- Bande aus ihrem ergaunerten Privatvermögen diese Scheiße zu bezahlen ! Ansonsten gehen sie halt zu Fuß. So sind sie ja auch hergekommen !,False,False
894754003896357,"Meiner Meinung nach ist da schon klare Propaganda für den Beitritt in den IS zusehen. Der Terrorismus wird bei seinen Aussagen klar verharmlost. EGAL von welcher Seite. Ob Links, ob Rechts, ob vorne, ob Hinten, ob IS oder nicht. TERRORISMUS darf nicht und niemals geduldet werden. Ganz egal von wo er auch kommt. Vieles nur als Panikmache abzustempeln ist hier zu einfach. Schaut euch doch mal an was Der IS bereits für Mächte hat. (Dieses ist ein Beispiel da es momentan  wohl die größte Terroristische Vereinigung ist.) Ihr sagt der Terror in dieser Größe hat nichts mit dem Islam zutun? Wielang  wollt ihr denn noch die Augen verschließen. Erst vor ein paar Tagen gab es einen Anschlag mit 150 toten der Anschlag war von einer Islamisten  Zelle. Syrien, Irak, Frankreich... dann  gäbe es da auch noch die Boko Haram ebenfalls eine Islamistische Terror Zelle  die regelmäßig viele viele menschen tötet. Jeder der diese Fakten nicht sieht sehen will oder sie sogar verharmlost sollte sich mal fragen warum der 2. Weltkrieg eigentlich entstand wegen genau solchen (was ich nicht sehe weiß nicht) und existiert nicht Meinungen.",False,False
977024042336019,Asylforderer trifft es voll auf den Kopf.....es sollte eher heißen Asylsuchende,False,False
392,"Jetzt diskutiert die SPD, ob es sich lohnt, mit der Union in Koalitionsverhandlungen einzusteigen, oder den mehr oder weniger direkten Weg zu Opposition und Neuwahlen zu suchen. |LBR| Das entscheidet der Bundesparteitag am kommenden Sonntag.",False,False
857649270940164,Geh dahin wo du herkommst Muraddin- hier will dich niemand haben!,False,True
882681845103573,"Dieses PACK lebt hier weiter seine unterbelichteten kriminellen einstellungen aus. Immer mit dabei: ein messer... watn los hier? Die Merkel hat einen totalschaden, es reicht echt !",False,True
881972355174522,"Lars wenn Orthographie dein einziges Problem ist, dann gute Nacht",False,False
855023321202759,"Grönemeier ist ein nix, nichtmal singen kann die flachzange!!",True,True
982645738440516,"Weil Ungarn nicht will das sich das Land durch die Ströme verändert und sein Land und Bevölkerung schützt, so wie es das Recht eines jeden Landes ist. Ausser Deutschland natürlich, wir sind das einzige Land was von einer Psychophatin gesteuert und verraten wurde.",False,False
946643398707417,"Die Flüchtlingsströme sind ein Problem, dem man nicht nur hier in München auf kommunaler und privater Ebene nach Kräften begegnet - statt  Stammtischparolen und Halluzinationen (Nini Czepokat) abzusondern.",False,False
989386511099772,"Hört euch mal das Gequatsche der Grünen im ZDF an , Frau Göring  hat einen Knall",True,False
118,"""Streit um Flüchtlings-Obergrenze - So könnten CDU und CSU ihr Gesicht wahren"" 😜 Wenn eine hässliche Fratze gemeint ist, geht`s 😜",False,False
1084408511597571,"Das sind Zombietexte, wer sich exakt wiederholt macht das selbe wie jemand der die Finger hinter dem Rücken kreutzt! Der Islam ist und bleibt eine verlogene Ideologie des Hasses gegen alle Nichtmuslime bzw. nach der Aufforderung im Quaran: ...""Töte alle Ungläubigen lieber Muslim, wo du sie auch triffst"". Das ist eine Weltanschauung die nichts, aber auch garnichts im 21 Jahrhundert verloren hat und erst recht nicht in Europa!!!",False,False
935262916512132,"Doch, die sind so blöde !!!",False,False
894899363881821,"Tja lieber Herr todenhöfer,der Paragraph 130 findet demnach aus sie vollste Anwendung!sie Stacheln zum Hass gegen andersdenkende auf. Und ihre 180 Opfer haben sie wahrscheinlich aus der Bildzeitung. Sie sind einfach nur blind vor Hass.",False,False
1121710911200664,Schmeiast den Dreck endlich raus aus Deutschland wie lange will das Deutsche Volk noch warden,False,False
1559,Du kleine hure. Dein vater soll dich ficken. Du bist ne nute genau wie deine mutter schlampe.,True,True
301,@vanderbellen @MatthiasCremer Minister Kickl MUSS seines Amtes enthoben werden.,False,False
1242,@user geh schwänze lutschen du bahnhofs Stricher...du bust zu dumm zum leben du elende kreatur,True,True
1263,"Werd erwachsen, kein Wunder, dass Du h unfreundliches humorloses Wesen kein Mann möchte und nun verpiss Dich Fotze!",True,False
895181270520297,"Geh deine grünen Pädodeppen und linken Antifakriminellen beleidigen du seltsames Etwas, servus !",True,True
1058322330872856,"Nurdin Tah das sie den Glauben verteidigen kann ich mir vorstellen. Auch das nur für euch das Paradies nach dem Abgang zählt.Wo ist unser Paradies? Deutschland o.ä.? Ich habe noch keinen Flüchtling,Islamisten erlebt der ohne Worte die Bibel in dir Hand nimmt. !Ich werde den Islam nicht befürworten. Wer hier einige Zeit leben darf, dann bitte sich anpassen. Die  Islamisten denken sie sind die besten. Dann ab nach Hamburg da passen sie alle hin. Euer Weltbild IST gestört.Glaubt ihr eigentlich an euch selbst? Strafen wie im Mittelalter, ein Weltbild was ihr uns auf drücken wollt.Verständniss? Terror und Weltbilder so wollt ihr euren heiligen Krieg gewinnen.Dann gehen wir halt nach Europa.Nein ich wehre mich gegen so eine Denkanstoß. Ich habe den Sozialismus, Kapitalismus mit machen müssen, das reicht.",False,False
945855068786250,"Eigentlich wollte ich die Tage mal nach München. Aber irgendwie...hab ich gar keine Lust mehr. 
Eine schöne Stadt, die nur voll mit Gesocks ist, ist trotz allem nicht mehr einladend. Das einfach wie verdorbenes Essen oder vielmehr eine verdorbene Zutat. Das Essen mag ja sonst okay sein, nur ein Element verdirbt den Gesamteindruck. 
Da brauchen die Bayern auch keinen Stolz mehr auf ihre Stadt zu hegen, wenn es am Ende doch nur ein Drecksloch ist.",False,False
895145567190534,Unglaublich diese analphabetischen Fachkraefte von Morgen.,False,False
1065131400191949,"Schlecht wirds erst wenn sie integriert sind, dann haben sie vor lauter Arbeit und Steuernzahlen keine Zeit mehr zum Finden, so wie damals die Deutschen als es sie noch gab.",False,False
1057729404265482,"und Frankreich scheint Migrantenmutti und Deutschlandabschafferin Merkel auch von der Fahne zu gehen. Es wird hoffentlich einsam um Merkel, Deutschland steht aussenpolitisch fast wieder genauso isoliert da, wie am Vorabend des 1. und des 2. Weltkrieges. Eine gefährliche Lage, hoffentlich finden sich bald und nicht zu spät Königinmörder, die dem Schrecken ein Ende bereiten.",False,False
856793857692372,Weil das feige Schwein sind und sich immer in der Mehrzahl und bewaffnet die Schwachen raus suchen!!!,False,False
182,@bruno_burzynski @info2099 Kümmert die einen feuchten D....,False,False
858074767564281,"Kommt mal alle Nach Mönchengladbach dann kann ich euch wenigstens umhauen scheiß Nazi pack ! 
Rentner aus dem 2 weltkrieg die nix gelernt haben und absolute Versager gehen nur zu dem Pack ! 

Wir werden euch ALLE umhauen !",False,False
857548304283594,"Du Kameltreibern,dir sollte man die Eier abschneiden",True,False
856829741022117,"Sicherlich hat der Terror keine Nationalität, aber eine Religion: Islam.",False,False
856755097696248,"??????, super Sache und bestimmt wieder alles Nazis. Wann merken sie es endlich???",False,False
274,@AsylinNot Trotzdem schaffen sie wahnsinnig großartige Arbeit! Wir sind beeindruckt von den mutigen Frauen!,False,True
1134128199958935,Geh Du erstmal die richtigen besuchen und nicht die dafür ausgesuchten  und dann kannste Maul aufmachen,False,False
1111335422238213,"ASYLHELFER SIND MEIST WEIBLICHE NICHTSNUTZIGE, AUSGEGRENZTE, DIE NIE EINER GEREGELTEN ARBEIT NACHGEGANGEN SIND UND SICH AN DEN UNSYMPHATISCHEN MUSLIMISCHEN ARABISCHEN UND NORDAFRIKANISCHEN ARCHAISCHEN TYPEN AUFGEILEN. DIES IST MEINE ANALYSE, ES  GIBT NATUERLICH EINE GANZE MENGE MEHR TIEFENANALYTISCHE DEUTUNGEN.DIESER BEVOELKERUNGSMISSBILDUNGEN, GENANNT ASYLHELFER. SIE SIND AUCH EIN PRODUKT NACHKRIEGSDEUTSCHER SCHULDINDOKTRINIERUNG GEFOERDERT VON ZIONISTISCHEN KREISEN UND IHREM MEDIENIMPERIUM.",False,False
876304525741305,"Das is lachhaft und primitiv...
Ausgerechnet die ey... Da sind kaum kompetenzen am werk...überwigend 2jahre eingestellte billigkräfte die der bevölkerung die hilfe verweigern und gesetzeswiderig handeln aber migranten den arsch vergolden...selber kein fachwissen am start aber aufmucken und wie so n dummes gör  auf andere zeigen die hingegen NIEMANDEM  schaden oder sich dran bereichern... 

Lachflash.... Also der artikel wird bei mir im kalender als witz des tages makiert... Lol...",False,False
946607138711043,"Da wird mir nicht mehr schlecht, da bin ich schon am Dauerkotzen......",False,False
1035145579857198,"Du kannst sehr wohl EBENFALLS jeden Tag dicht machen.
""HEUREKA! GENIAL! Die Lösung:
Es muss nur JEDER HANDELN!!!
Das Volk fährt ab sofort nur noch halb so schnell - 25 statt 50; 60 statt 100 - im ganzen Land auf allen Spuren in einer frei erfundenen Geschichte. Menschen verbreiten diese Geschichte wie ein Lauffeuer im ganzen Land jeden Tag (mit linker Maustaste Text markiert, mit den Tasten Strg+C kopiert und mit Strg+V neu eingefügt in E-Mails, in Druckdokumente, in Whatsapp). 
Überall wird endlich MITGEMACHT - in West, in Ost, in Süd, in Nord.

In jeder Stadt, in jedem Dorf legen jeden Tag zu jeder Zeit immer wieder und mehr Menschen den Wahnsinn lahmer, indem sie sich mit Auto, Rad, zu Fuß nur halb so schnell bewegen... vor VerRathäusern, auf allen Straßen usw. Sie entschleunigen den Wahnsinn legitim auf jeder Spur lange und deutlich bis zum Erfolg.

Fast das ganze Volk schlief oder wurde eingeschüchtert und von seinen kaltherzigen Königen und ihren teils arroganten, teils feigen Vasallen ausgeplündert, ignoriert und verraten an fremde Völker.
Alle Aufrufe, die Grenzen zu schließen und das eigene Volk zu beschützen, verhallten.
In der Geschichte gelang es aber einigen tausend wachen Menschen im ganzen Land, ihre kalten Könige zur Umkehr zu zwingen.
Generalstreik gab es nicht. Doch diese Entschleunigung konnte sich die ReGIERung wirtschaftlich nicht lange leisten.
Auch das restliche Volk musste somit aufwachen.

Die Könige und ihre ReGIERung mussten somit dem eigenen Volk die Macht und ihr sicheres Leben zurückgeben, die Grenzen schließen und endlich wieder beginnen, die Ordnung im Land nach Recht und Gesetz herzustellen.
Polizisten und Security werden dann massiv eingestellt.

Das Volk hat auf diese Weise friedlich die Macht errungen.""

Ich überlege, was diese Geschichte bedeutet.",False,False
883013661737058,"Aber aber....das waren bestimmt wieder Deutsche ( = Nazis), denn die Deutschen sind ja die Einzigen die was gegena ndere haben...denn in allen anderen Ländern sind Ausländer beliebt und hochgelobt...oder WO ist da jetzt mein Denkfehler ???? Untereinander haben die Asylanten doch nichts gegeneinander...die LIEBEN sich ja alle...nur WIR hassen ja ansch. alle anderen.....und alle alle alle sind arme arme arme Flüchtlinge aus Ländern in denen kein Krieg herrscht und meistens nur die kriminellen Elemente gesucht werden.....udn WARUM sind es IMMER nur MÄNNER und fast alle in einer bestimmten Altersgruppe? Als es ECHTE Flüchtlinge aus Vietnam und auch aus der ehem. DDR gab, da waren es Männer, Kinder, Frauen.....komisch das alles....und DENEN hat man nicht annähernd das zukommen lassen was HEUTE abgeht.....",False,False
888086767896414,"Ich nehme an bei Dir wohnen bis unters Dach Syrer und Nordafrikaner, natürlich vollständig auf Deine Kosten, und Du lebst auf ner Pritsche im Flur während sie sich Deine Wohnung untereinander aufteilen, wie es sich brav katzbuckelnd gehört.",False,False
335,"@weissrot sie verstehen das mit der gegenposition nicht. ein bsp: |LBR| käme jemand von der grünen, würde ich fragen: „wie ohne obergrenze?“ |LBR| käme jemand von der csu: „wozu ne obergrenze? siehe aktuelle zahlen.“ |LBR| jetzt besser?",False,False
982778395093917,"Es ist seltsam , wie diese Feiglinge plötzlich mutig genug, um zu kämpfen geworden . Zu viel Angst , um für ihr eigenes Land gegen das Böse , aber glücklich, gegen schwache Polizei, die nur verwenden, wird Tränengas bekämpfen kämpfen. Erschießen . Nagetiere.",False,False
1056938671011222,Bei über 600.000 die Ausreisepflichtig weil Abgelehnten Schmarotzern die sich hier im Land aufhalten und unsere Sozialkassen plündern von Massenabschiebung zu sprechen schafft wirklich nur die deutsche Qualitätspresse.,False,False
856770391028052,"Zu einer demokratischen Legitimation gehört auch das Vertrauen der Bürger in die Demokratie...unserer Demokratie wird diese Legitimation gerade wöchentlich von Tausenden abgesprochen...die dann von den Vertretern eben dieser Demokratie aufs Übelste beschimpft und beleidigt werden...also bleib mir weg mit demokratischer Legitimation...wo ist die eigentlich in Bezug auf ""Volkstod"" und ""Deutschland verrecke"" brüllende Vermummte, die von demokratisch gewählten Volksvertretern alimentiert werden? Und natürlich ist es demokratisch, wenn 20000 sich erdreisten, für 80 Millionen zu sprechen...unsere Kanzlerin ist auch nur von einem Bruchteil dieser 80 Millionen gewählt worden und erdreistet sich, für alle zu sprechen...",False,False
982670738438016,So es wird immer schlimmer und dann soll man sich freuen wenn die kommen die armen Kinder bleiben hier die Rabeneltern die ihren Kindern das antun zurück,False,False
968025573235866,Die Christenschweine haben uns erst diese Scheiße eingebrockt!,False,False
519,@hab_kein_nick @OssiMarzahn |LBR| Sollen sie doch ihre sieben Sachen packen und Erdowahn direkt in der Türkei unterstützen! 🤑🖕👎,False,False
160,"@Werwald Was hast du gegen Asiaten, du Halbnigger?!",True,False
946605338711223,"Kommt drauf an, wie man ""Fachkräfte"" interpretiert... Konsumenten sind auch ""Fachkräfte""... Denn für mehr taugen die nicht. Müssen die auch ni! Hauptsache die Transferleistung kommt wieder in die Wirtschaft zurück! Der Kapitalismus kann nur durch Wachstum bestehen bleiben...",False,False
945837645454659,"Offensichtlich wollen nichtmal seinesgleichen mit Gott reden, so dass er sich hier Beachtung sucht... :D Vielleicht hätte er es besser mal mit ""Allah"" versuchen sollen... ;)",False,False
945922665446157,"je,wo sind die weibsen denn nur,wenn demo war!ich war in aue,mehrfach in chemnitz u dresden u meist sah ich männer!!!!
also,wo sind sie,die frauen mit eiern,die sich politisch interessieren?wo?!einige wenige ausnahmen,denen ich den gleichen respekt entgegenbringe,wie den männern...die meisten damen interessiert das aber trotzdem nicht u da kannst du auf u niederhüpfen,wie du willst...
die dame oben sagte doch selbst,dass sie angst hat,als nazi zu gelten,oder?!es sollte ihr aber scheißegal sein,was andere denken!aber in münchen muss man sich ja gegenseitig was vormachen,als mal allen zu zeigen,hier,dass bin ich u das ist es,was ich denke u fühle u es ist mir egal,ob ihr hinter meinem rücken labert(als wenn die menschen das nicht auch so schon tun würden,ohne das man irgendetwas besonderes tut)

im übrigen stand ich da,als in chemnitz plötzlich gegendemonstranten zwischen uns waren u wir getrennt wurden.da kamen diese nachjacken u wollten einen lächerlichen sturmangriff führen,aber die polizei war da...ich bin bereit,zu kämpfen,wenn wir angegriffen werden!du auch?!
u ja,ich gebe dir in den punkt recht,auch ich  kenne diese typen,die,wenn se was gesoffen haben,erzählen,was sie alles tun würden u es dann nicht mal zu ner demo schaffen,zu der sie 5min weg hätten,zu der ich 45min fahre...u diese maulhuren kotzen mich genauso an,wie diese ignoranten weiber!!!!",False,False
985439078161182,alles nazis,False,False
1096073150431107,"Ganz einfach 
HAUT AB UND KOMMT ERST NICHT IN UNSER LAND",False,False
876304512407973,"Diese sogenannten ,,Fachkräfte"" kommen nicht mit Schleuserbooten und im anderweitigen Massenzustrom.  . Diese sogenannten ,,Fachkräfte ""haben auch in ihren Ländern genug Geld um sich eine andere Einreisemöglichkeit zu beschaffen. Diese sogenannten ,,Fachkräfte"" sind mit Sicherheit auch nicht die, die hier nur Forderungen stellen, klauen, Gesetze verletzen, pöpeln.Diese sogenannten,,Fachkräfte"" sind mit Sicherheit ganz wenige die hier wirklich ihr Leben normal leben wollen . Das wird bald ein ganz böses Erwachen geben. Und ich hab ehrlich gesagt ein wenig Angst ,daß dieses Erwachen für uns Deutsche böse wird. Ich war früher nie Ausländerfeindlich aber JETZT platzt mir der Kragen.:-(",False,False
894678363903921,Der versucht jetzt alles um nochmal richtig Kasse zu machen..,False,False
1057985367573219,Das ist genau richtig.....hoffentlich machen sie es auch ! jeder muß sich von der irrsinniger Asyl Politik Merkels distanzieren.,False,False
857352790969812,[@IND] wie Du sind der Grund das Deutschland weiterschläft und total verbödet. Spar Dir Deine hirn und sinnlosen Antworten auf meine Posts Du Opfer !!!!,True,False
1057124180992671,Das Viehzeug werden wir nicht mehr los !,False,False
987840444587712,"Ja, da gehören doch eigentlich Flüchtinge hin! Man ist doch so für die Buntheit! Wobei es natürlich keine Menschen sein dürfen, die aufgrund ihres Glaubens und ihrer Kultur vielleicht einen allzu kritischen Blick auf die viel beschworenen ""Werte"" des links-liberalen Westens werfen könnten ...",False,False
1095902123781543,Ekelhaftes Pack!,True,True
1676,"Es gibt Leute wie diese Schlam.pe , denen wuenscht man alles, aber nichts gutes!!! Gruss an die und einen schoenen Tot wuens.he ich der!!! Hoffe diese Schlam.e verrec.kt selbst dran !!!!!!!",True,False
857118107659947,"Ja mein Freund,denn Pegida wird wachsen ! Deine Rechnerei kannste den Weihnachtsmann vorgaukeln. Ich bin heilfroh das es endlich mal gegen die bescheuerte Politik geht.Ich brauche keine Moscheen und auch keinen Islam,denn ich bin Deutscher und das will ich bleiben! Alles klar!",False,False
774,Drachenlord wird immer fetter bald kann man die Sau schlachten und damit eine ganze Familie eine Woche ernähren,True,False
1007164982655258,"Ihr seit der Dreck der Nation , in shaa Allah gibt es Euch bald nicht mehr !!!!!!!!!!",False,False
894930593878698,Was hat der geraucht? Opium?,False,True
1097069930331429,Untermenchen das ist die Brut von Morgen????????????,False,False
1152553871449701,Ist halt ein Drecksverein... Soviel zur freien Meinungsäußerung. ??????,False,False
1107869529251469,Abartig dieses Pack,False,False
665,"Mit Europa im Zentrum meinen die Polit🤡 wohl die verrottete, korrupte #EU",False,False
876313625740395,"wenn du meinst, bisher wurde ich nur von leuten mit migrationshintergrund mit waffe bedroht und gefesselt ... tztztz und dies hier spricht auch für sich ....http://www.haz.de/Hannover/Aus-der-Stadt/Uebersicht/Drei-Raubueberfaelle-in-24-Stunden",False,False
960874550617635,"Schaut euch doch mal an wer den Begriff in der heutigen Zeit wieder so generiert hat, nehem wir mal an Pro Asyl, Flüchtlingsräte, zukunftslose Sozialarbeiter die hervorragend an diesem Trend verdienen. Schaut euch an wer hinter Pro Asyl und den div. Flüchtlingsräten steckt dann wisst ihr woher der Wind weht",False,False
1120385961333159,"Frauenverachtend sind die Jungs die er und sein Regime hier zu Millionen ansiedelt.
Herr Maas was stimmt nicht mit ihnen und ihres gleichen?
Sind ihre Eltern Geschwister und oder sind sie auf Droge?
Naja egal, euch sind wir bald los.",False,False
856835021021589,"Heidelberg ist eine Universitätsstadt, die meisten Ausländer sind Studierende und keine Analphabeten aus dem Libanon oder Anatolien. Es ist eine andere Bevölkerungsschicht, welche auch zur Integration bereit ist. Komme zum Ruhgebiet, z. B. Duisburg, wo einige Stadtteile unbewohnbar wurden, wo hohe Kriminalität herrscht, wo man als deutscher angepöbelt wird, wo man seine Kinder mit Angst in die Schule schickt, WELCOME in Duisburg!",False,False
982714085100348,"Ich frage mich immer, wieviel Frau Merkel noch nach D holt? 2, 5,  10 Millionen?
Jeder hat hier die Schnauze voll, von den Wohltätigkeiten der Weichgespülten",False,False
894915237213567,Müsste diese Gutmenschen nu nicht sagen das der Todenhöfer ein Rassist ist?,False,True
1035393853165704,"Als ""echter Franke"" kann ich nur sagen macht weiter so , lasst Euch nicht unterkriegen . Viele hier bewundern Euch für eueren Mut. Den Medien und der Lügenpresse glaubt doch eh kaum einer mehr. Bestes Beispiel ist doch Köln , 4 Tage nachdem es passiert ist , berichten die Medien darüber. Lässt sich halt nicht mehr verharmlosen und kleinreden. Es wird Zeit das Deutschland endlich aufwacht. Weg mit der Rautenkönigin Merkel  , der Lügenpresse , den Grünen, und vor allem muss dieser ""Invasion"" von Scheinasylanten einhalt geboten werden.",False,False
1134086183296470,Empfehlung an Frau Merkel: hau ab!,False,True
982638668441223,"Und langsam, Europa wird genau so aussehen wie Beirut. Da genau die selben tieren hereingekommen sind.",False,True
590,"Für mich sitzen d. Populisten in d. CDU,die mit ihren einfachen Lösungen ein ganzes Land verraten,verkaufen u. d. Bürger vorsätzlich belügen",False,False
599,"Wir brauchen von den Ja-Wählern für das Sultanat nicht die türkischen |LBR| Pässe, sondern sie sollen die österreichischen Pässe zurückgeben.",False,False
1092113500827072,Diese islamische Seuche gehört vernichtet und vergessen!,False,False
882012645170493,"ja, hier zeigt sich deutlich das Bildungsniveau unserer Studenten ab, sägen sich den Ast ab worauf sie sitzen nur um Liebkind zu seien. Lieber Gott, laß Hirn regnen.",False,False
888,@KokoLores20 Zum heulen und zum in die Fresse hauen.....,False,False
881998811838543,"Noch sitzt ihr da oben, ihr feigen Gestalten, vom Feinde bezahlt und dem Volke zum Spott. Doch einst wird wieder Gerechtigkeit walten, dann richtet das Volk und es gnade euch Gott.",False,False
1095902777114811,"Was sind die frech. Diese Art ihre Kinder vorzuschieben ist absolut unmenschlich. Es wird auch wieder in diesem Fall sehr deutlich, dass es ihnen nicht um Sicherheit geht, sondern nur um eine optimale Versorgung. Die gibt es wohl nur in Deutschland.",False,False
968051723233251,nur Christen ! Islamistischer Antichrist raus !,False,False
1064756853562737,Merkel das antichrist,True,False
681,Was mich unheimlich ärgert ist das die Bertelsmann Stiftung so unverschämt im Sinne der Politik LÜGEN darf!Das gehört unter Strafe gestellt!,False,False
993975220640901,"Innovation :D

Auf den Fünf-Euro-Schein hat jemand einen Spruch gestempelt: ""Refugees: YOU ARE NOT WELCOME"". Zwischen den Wörtern ist eine Hand, auf der ""Stop"" steht, gedruckt.",False,False
1096655267039562,Was diese Schmarotzer sich anmaßen das ist unglaublich. Was würde uns in deren Heimat passieren würden wir uns so benehmen?,False,False
1096045350433887,Nun sehen und hören wir wie und wozu diese Unholde Kinder  missbrauchen. Ich will nicht dass diese .... in unser Land kommen dürfen.,False,False
700,@DrDavidBerger @KrahMax Doch doch wir schulden denen bei der Abreise eine richtige saftige tracht Prügel ....,False,False
887999827905108,"sag ich ja , die Afd  wählt sich selber weg  , Lucke ist nur ein Geldgieriges Arschloch",False,False
1035153659856390,das ist der Franken-Depp (im Beisein eines Logopäden)!!!,False,False
855057834532641,"Linke Spinner. ... wenn es euch hier nicht gefällt, geht auf eure Seiten. ...",False,True
1235,@willensbrecher Willensbrecher du bist ein kranker und ekelhafter Spinner verzieh dich aus Twitter oder ich melde dein Tweet den Behörden du Nazi,True,True
1290,Du haessliche sats nutte klaust,True,True
856876361017455,"Pegida, die Rettung vor dem Burka!' Hoch sollen diese Menschen leben!!!!",False,False
982742321764191,"Da ist Steinewerfen glaube ich noch harmlos. Wie hat sich die Merkel eigentlich die Überwindung der kulturellen Gegensätze vorgestellt ? Bin mal gespannt, wann der erste Asyforderer ihr gegen das Schienenbein tritt, weil er nicht ein eigenes Haus bekommen hat !? Denn eins ist sicher, dieser Kulturkreis hat keinen Respekt vor Frauen ! Also warum vor der Kanzlerin, zumal die Versprechungen nicht einzuhalten sind !!",False,False
348,@ultrabreit @KontaktVito @echter_Stock Hatte schon Angst das ich ab jetzt nur noch an den Baum oder in die Hecke pissen darf.,False,False
1553,Ricarda Lang du ekelhaftes fettes Schwein,True,True
1059,@DuHugonotte @bzberlin @focus_regional Man hört noch nicht einmal einen Judenfurz💨,True,False
1043669485671474,Merkel is becoming worst then North korea !!!!!And making more damage then the 2 world wars !!!!!!,False,False
147,Dass wir diese ganzen IS-Kämpfer haben ist ausschließlich die |LBR| Schuld der Amerikaner. Scheinheiliges Volk.,False,False
934,"Ich könnte kotzen.Das erste was man sieht bei Ntv morgens ""SCHWESIG VERURTEILT KRAWALLMACHER"",soll sie bei ihrer BRUT machen. ROTE Stinker!",False,False
1107011946003894,"Wir haben fast 3.000 Moscheen in Deutschland, das reicht. In der Türkei stehen gerade mal 16 Kirchen und die Muselmänner wollen bei uns nochmals 120 Moscheen dazu? Wohl einen Knall, aber gehörig. Vergrabt überall eine tote Sau als Grundstein, damit Ruhe einkehrt! Und Schweineblut vergießen, dann gibt es halt eine Woche lang bischen weniger Blutwurst als sonst, damit kann man leben, aber keine weitere Moschee mehr, Null, Zero, nichts, nada!",False,False
273,@IAMMASCHO Bis auf den Holocaust und den Krieg wahr er eigentlich ein solider Kanzler,False,True
1111624782209277,"Dresden hat mal wieder Gesicht gezeigt.
Das Beweist mal wieder, wir lassen uns nicht vom MERKEL REGIME unterkriegen, NIEMALS.",False,False
1294,@flouwerii Ne digga bist du behindert kannst du iwie net lesen ???? Schonmal was von import export gehört du zurückgebliebenes stück Dreck shit wie kann man so dumm sein ich raff es net,True,False
1012254092146347,Bei einer Gegenüberstellung der jetzigen Fertilitätsraten Deutsch / Refugee gebe ich dem Namen noch etwa 50 Jahre,False,False
961025837269173,"Der Mann hat vollkommen recht.Jeder Ausländer der über ein sicheres Zwischenland hierher kommt ,sollte so chnell wie möglich abgeschoben werden",False,False
1057939997577756,"Hervorragend !  Militär  und Polizei an die grenze und Anlandung der Araber verhindern . So wird das Amiflittchen auch nicht ihren Plan verwirklichen, erdogan in die EU einzuschleusen. Dann wären wir frei erpreßbar, mit Millionen von zur Verfügung gehaltenen Landnehmern. Wir machen das selber, wir sperren die grenzen.  ""Balkanroute"" so schnell als möglich sperren. Alles sperren !! Wir müssen diesen Gangstern was entgegensetzen. zurück nach dahin wo sie hergekommen sind.",False,False
529,@focusonline Also ich habe bei dem Herrn eine deutliche Alters Demenz gesehen.,False,False
1052473514791071,Ganz einfach erklärt: Linke lügen - linke Lügen,False,False
894938380544586,"Please open your eyes , if you still can ....,Was ist denn deine  Realität , merkst du denn nicht  was läuft ? Wir werden auch hier bald mit folgendem konfrontiert : Um nur ein  Beispiel unter vielen herauszugreifen :  wenn man sieht und liest was der radikale muslimische Prediger Anjem Choudary  , der ja auch für uns in Deutschland  kein Unbekannter ist , bislang ungestört und ungestraft über die beabsichtigte Ausbreitung des Islam in Europa zu sagen hat , was er  über die  darauf folgenden Einführung der Scharia für alle Menschen , auch für die Nicht-Muslime von sich gibt , davon kann einem schon schlecht werden !",False,False
1012880302083726,"Oh je, jetzt werden auch noch die jüdischen Funktionäre zu pöhsen, pöhsen Nahsis! 

Wenn ich den Satz so gesagt hätte den Schuster da sagte, wäre ich wegen Volksverhetzung dran. 
Er nimmt da ganz klar eine ""Bevölkerungsgruppe"" (die illegalen Einwanderer, genannt Flüchtlinge) auf's Korn und pauschalisiert diese! 

Zitat J.Schuster, Vorsitzender des Zentralrates der Juden:
""Viele der Flüchtlinge fliehen vor dem Terror des Islamischen Staates und wollen in Frieden und Freiheit leben, gleichzeitig aber entstammen sie Kulturen, in denen der Hass auf Juden und die Intoleranz ein fester Bestandteil ist. Denken Sie nicht nur an die Juden, denken Sie an die Gleichberechtigung von Frau und Mann oder den Umgang mit Homosexuellen.""

Nun, seit mehr als einem Jahr warnt PEGIDA vor dieser Gefahr, wurde dafür aber als rassistisch, homophob und rechtsextrem diffamiert! 

Wer unsere Dresdner Thesen kennt, weiß es besser! 

Man darf gespannt sein, ob die linksgrüne Buntmenschenfraktion nun offen Ihre faschistische Gesinnung zeigt und auch gegen Juden demonstrieren wird - am besten gemeinsam mit ihren islamistischen Freunden, welche ja gern mal ""Juden ins Gas"" skandieren auf ihren Demos und dafür aber nicht angezeigt oder verurteilt werden!
Böse Zungen behaupten, jetzt können die Gleichgesinnten ja offen dazu stehen, egal ob sie sich Linke, PKK, IS, Grüne, Verdi, SPD oder sonstwie nennen. Ob da was dran ist? 

„Wenn der Faschismus wiederkehrt, wird er nicht sagen: «Ich bin der Faschismus» Nein, er wird sagen: «Ich bin der Antifaschismus»."" (Ignazio Silone) 

#ZDJ #JSchuster #AsylbetrügerRaus #GlücksritterZurückverschiffen #SchengenAussetzen #GrenzenDicht #PEGIDA #MontagIstPegidaTag #DresdenZeigtWiesGeht #DresdnerThesen 

http://www.br.de/nachrichten/unterfranken/inhalt/schuster-zentralrat-obergrenze-fluechtlinge-100.html",False,False
982656661772757,"Europa muss zur Festung werden und den Islam draußen lassen! Wer schon mit Steinen wirft, zeigt doch dass er unsere Regeln nicht akzeptieren wird. Go home, Allah wird dich beschützen!",False,False
569,Entweder Deutscher oder Türke. Wer gerne türkisch leben möchte -Idee- ab in die Türkei. |LBR| Dort könnt Ihr Erdogan dienen.,False,False
1064984250206664,"Kommende Woche findet ein Flüchtling einen Geldbeutel mit dem Rezept Krebs zu heilen, der Formel für Weltfrieden, Heilmittel gegen Aids  und eine Anleitung für ein perfektes Leben.",False,False
894947660543658,Bemitleidenswerte Kreaturen,False,False
894979543873803,"Todenhöfer ist ein Kryptomoslem, ein Stealthdjihadist. Er ist so geschickt, dass ihm selbst seine ärgsten Feinde auf den Leim gehen.",False,False
982669581771465,Haha die pegidisten scheissen sich in die Hose weil da ein paar Jugendliche an der Grenze zu Ungarn frei drehen. Oh mann was für jammerlappen diese pegida Spinner,False,False
925604187478005,"Johannes Otwin, würdest du bitte die Produkte deiner cerebralen Diarrhoe woanders hinschei$$en...",True,False
1088889734482782,"der islam ist eine friedliebende religion. dafür erhalten wir doch jeden tag unzaehlige male die beweise, osder irre ich mich ? wie blöd will man uns eigentlich verkaufen ??????",False,False
706,"Meine Güte , muß ich noch mehr Argumentfreie LinksGrüne Soros-Apologeten blocken ? Wenn Argument fehlt,gröhlen,wie im r.L",False,False
355,Irgendwie verständlich daß Berlusconi diesen #Schulz mit einem KZ-Aufseher verglich.,True,False
856946647677093,"Es gibt keine radikalen Muslime in Deutschland? Wie kann es dann sein, dass solche nach Syrien ausreisen , sich dem is anschließen und dann wieder zurückkehren? "" das sind nur ein paar"" ja, richtig. Mit 5000 Leuten gegen 150 NPD Trottel zu demonstrieren ist das Bürgerpflicht, aber gegen 400 radikale Muslime zu protestieren ist Rassismus? Aha....",False,False
993925963979160,Ab nach Chile zu den anderen SED-Verbrechern mit dem Ding!,False,True
685,@IQ_Stimulator @krippmarie So ein Mist aber auch...da kämpft die Jugendkammer mit allen Mitteln ihn doch nach Jugendstrafrecht zu verurteilen und da kommt der dämliche Vater und ruiniert alles...😃😃😃,False,True
418,@MiriamOzen Sind die Türken eigentlich alle so aggressiv..,False,False
1011485115556578,"Der Dschihad wird enden, wenn Allah es will... Woher wissen wir wann Allah es will? Genau dann, wenn der Dschihad endet... Diese Aussage macht mir wirklich Angst... Aber danach Leben die Islamisten! Und es macht deutlich, dass es nie enden wird! Egal was wir hier auch versuchen! Die Fäden haben ganz andere in der Hand! Wir sind nur die dummen Steuerzahler, die das Ganze finanzieren und Deutschland zu dem Unternehmen machen, welches es ist! Denn wir sind kein Sozialstaat, sondern einfach nur ein Unternehmen!",False,False
1096026103769145,"Herr Kriese . Man könnte aber auch diese ganze (kriminelle) Energie für Veränderungen im eigenen Land einsetzen.  Immerhin reicht ein verbünden dieser ""traumatisierten"" Menschen ja auch dafür aus um ihre, mit Verlaub, schmarotzerhaften Forderungen durchzusetzen.",False,False
993959810642442,Wir schaffen es nicht und warum sollten wir auch???Weil Merkel und Co es so wollen???Wir wollen das Islamistenpack nicht und wollen auch nicht für die Parasiten bezahlen.,False,False
858061987565559,"Die erinnert an eine stalinistische Politfunktionärin - schon dieser kalte, abgebrühte Blick. Solch einem Typus Frau würde man auch die Erschießung kleiner Kinder zutrauen.",True,False
782,@MatthiesenUwe @NorgePrivacy WEIDEL KLASSE ! HAT DEN POLITundJOURNALIENABSCHAUM zu RECHT abgehakt und verlassen!ZDF = LÜGENSENDER ! Jetzt wohl bewiesen !,False,False
1056934431011646,So wenig?in Massen abschieben sind ja auch in Massen gekommen! Das ist verarsche!,False,False
1055356674502755,Merkel  ist GRÖßTE SCHANDE IN GERMANY GESCHICHTE UND SIE IST NICHT ALLEIN NUR MIT GANZEN  BUNDESTAG UND VERFASUNG VERRÄTER RICHTER,True,False
659,"@petpanther0 Das wird eine apokalyptische Invasion. Man muss kein Rassist sein, um schwarz zu sehen...",False,True
251,Launige Breitseiten vom Kabarettisten Detlev Wischmeyer wie gewöhnlich gestern beim Jahresempfang von Radio Schleswig-Holstein (RSH).,False,False
892,"@Varg_I_Veum @DuHugonotte Wo sie recht haben ,haben sie recht.Der Schnitt ist Nano-Technologie.Ein wehleidiger Dorfbürgermeister der zudem noch Chef der Wasserwerke ist , die einem deutschen Bürger das Wasser abdreht,während die Asylanten keine Rechnung bezahlen !Ungerechtigkeit über alles!!!!!!!!!!!!!!!",False,False
852,@anna_IIna Weil die dummen deutschen Grünen und FDP gewählt haben...deswegen werden sich diese Zustände nicht ändern....ganz im Gegenteil...,False,False
457,"@jutta_ditfurth Im Grunde hätte Dir Bosbach eine schallende Ohrfeige |LBR| geben müssen, dass Dir der Fächer davongeflogen wäre.",False,False
807,@zeitonline @zeitonline ...ihr seit elende Schmierfinke...ihr gehört mit eurer gefakter Berichterstattung tatsächlich auf den Müll..!!,False,False
951528138218943,...weil viele trotz Abschiebung hier geduldet werden :(,False,False
856748887696869,"Wenn Pegida ein klein bisschen auf Zack wäre würden sie jetzt einen  gigantischen Trauer- und Gedenkmarsch für die lebendig verbrannte Frau  inszenieren. Auch auf die Gefahr hin dass die üblichen Verdächtigen  wieder von ""Instrumentalisierung"" geifern würden. Wobei man ihnen diesen  Vorwurf wg. den Vorgängen um Khalid direkt wieder zurück in die Fresse  klatschen könnte. Diese Steilvorlage sollte unbedingt genutzt werden.              http://www.focus.de/panorama/welt/verdaechtiger-gefasst-schwangere-frau-in-berlin-bei-lebendigem-leib-verbrannt_id_4427681.html",False,False
1052388388132917,"Sehr gut geschrieben und danke. Das Problem ist aber die Alte in Berlin mit Ihrer Bande !!  Die müssen schnellstens weg, dann kehrt auch wieder Ordnung ein !!",False,False
1121616887876733,"Hervorragend , Björn. Diesen Weg der Islamisierung werden wir nicht mitgehn, und daher werden die Islamknechte der altpartei-Mafia Pfründen verlieren. Die AfD wird den Platz einnehmen, die Mafia wird rausgekickt. Laßt euch doch aus USA eure überhöhten Pensionen zahlen ihr Wegelagerer von der Mafia. Laßt euch doch von den Yankees schmieren !! unser geld kriegt ihr nicht mehr ihr Diebe !",False,True
987831801255243,"Jaja, so kennt man die Rotfaschisten. Sind alle dieselben verlogenen Missgeburten. Sitzen in den Staatssendern in TV und Radio. Trommeln nun schon seit Wochen für die ""armen traumatisierten Flüchtlinge"". Pöbeln jeden Kritiker als Nazi an. Aber keiner von diesen roten Ratten ist bereit, in Eigenregie ein paar Flüchtlinge aufzunehmen. Das sind exakt dieselben Penner, die das DDR-Regime wohlwollend begleitet haben, aber selber im Arbeiter-und Bauernparadies nicht leben wollten. Nicht mal probeweise ein paar Wochen. Haben das Dasein im verhassten Kapitalismus vorgezogen. Ein ganz mieses falsches Dreckspack ist das.",False,False
264,"Ihr Japaner, nicht protestieren, Raketen, die über Eure Inseln fliegen, |LBR| abschießen. Bin ich verstanden worden? Sofort umsetzen.",False,False
856746287697129,Geh in den Wald Pilze pudern,False,True
1007164705988619,"Dass man ""im Interesse des Landes"" hadelt - wenn auch nur sekundär - ist diesen linken Affen so fremd wie einem Urwaldneger interstellare Reisen. 
Europas Krankheit ist die ""linke Bazille"" und all die anderen idiotischen Doktrinen die es nur schwächen oder gar in Kriegen treibt! 
Wie man nach fast 50 Jahren Ostblock, Teilung des Landes, Verfolgung, Grenztoten, Terror, Überwachung und zigMillionen Toten, auf diesem vollkommen verblödeten Kontinent immer noch links wählen kann, ist mir verdammt nochmal ein Rätsel! 
Aber andere kritisieren wie ein paar besserwisserische Korinthenkacker, das geht!! 
Europa verliert wirtschaftlich und Entwicklungstechnisch immer mehr den Anschluss, lässt sich schon sogar bei Umwelttechnik und erneuerbare Enrgieen von USA und China die Butter von Brot nehmen, ist sicherheitspolitisch der reinste Witz des Planeten, beschneidet schon in Monatsrhytmus die Rechte seiner Bürger, ehebt die höchsten Steuern und Sozialabgaben weltweit - ABER gleichzeitig ist uns nicht peinlich, andere Länder ständig zu kritisieren. 
Ist schon fast zum Fremdschämen, echt! Die Scheiße stapelt sich schon zum Himmel vor der eigenen Tür aber wir muckieren uns über vermeintliche Polizeigewalt in den USA, dass China die Meinungsfreihet (!!!) unterdrückt oder was Putin in seiner Freizeit so anstellt!",False,False
647,Türkeiurlaub gestrichen. Keinerlei Vergünstigungen für Türkei. Bis sich dort die |LBR| Demokraten gegen den irren Sultan wehren und ihn davonjagen,False,False
139,"@PatriceCore Die können mich weiterhin erreichen über Twitter, Google+, Skype, Whatsapp etc. Kein Mensch muss Facebook haben.",False,False
947694621935628,Ich denke das  man  kein Nazi  ist wenn man  hier Grenzen  im deuschland  haben möchte  und  bei  mir  zieht  die  Masche nicht mehr  ....wenn  zu mir  jemand  was sagt  ....sage ich  ..willst du  sie auf nehmen? ??????  Antwort  nein,False,False
675,"#Phoenix KGE zu #Familiennachzug |LBR| sorry- diese keifende, realitätsferne Grüne zu kommentieren widerstrebt mir so dermassen.",False,False
885320988172992,Wie rotzdumm die Antifafaschisten sind sieht man schon allein daran dass die Geld von jenem Staat annehmen den sie mit Waffengewalt bekämpfen wollen.,False,False
399,"Moin, Hat schon einer gemerkt das die ganzen Syrer wieder gehen können ??? Auch die hyperpigmentierten Schwarzafrikanischen ""SYRER"" können auch wieder nach Hause ! Da die Politik das nicht propagiert kann man wohl von gewollten Austausch reden !",False,False
296,@LizasWelt @HolgerScherer @wahl_beobachter Wie blöd sind deutsche Politiker eigentlich???,False,False
951542348217522,"In der Regierung haben doch schon alle das sonnenkönigsyndrom, lol",False,False
1095902737114815,Ran mit  Maschinengewehr und dann sollstemal sehen wie schnell die Strasse offen ist. spaetestens bei den ersten drei erschossenen rennen die anderen los. Ich haette da garkein Mitleid mit solchen Ratten die nur kommen um sich aushalten zu lassen und auch noch ganz frech was fordern. Dieses Pack braucht man genauso wenig wie die schwarze Beulenpest.,False,False
193,"@Joerg_Meuthen Na hoffentlich hat sich der ‚typisch deutsche Richter’ nicht auch noch entschuldigt, weil keine weiteren mildernde Beweise gefunden wurden",False,False
989214624450294,Richtig so ! Diese scheiß Robben-Klopper wollen wir hier auch nicht sehen.http://www.google.com/imgres?imgurl=http://robben.migaloo.de/images/seal1.jpg&imgrefurl=http://robben.migaloo.de/&h=897&w=600&tbnid=d4FeyAmHDJ0tUM:&docid=GKhsn5dWKWjLCM&ei=4yQMVuiWK4qrsgGZ0r2QBQ&tbm=isch&ved=0CEkQMygiMCJqFQoTCKiUju-sn8gCFYqVLAodGWkPUg,False,False
1794,"""Nicht wegen der Rente. Länger arbeiten und weniger Urlaub für die ganze Bunten Parasiten die Deutschland überfluten für die braucht der Staat Geld. Wir sollen mehr arbeiten und auf Urlaub verzichten und die Sozialschmarotzer bekommen alles in den Arsch gesteckt. Geht's noch?????  ""Würdet ihr mal so gegen die Migrationspolitik, gegen die Messerstecher, Vergewaltiger, Flüchtlinge demonstrieren das wäre mal was.""  ""Drecks grünes Pack, noch vor paar Jahren wart ihr alle dafür Kinderschänder nicht zu bestrafen ihr drecksgesindel. Es ist eine Zumutung das ihr im Bundestag sitzt geschweige denn das ihr überhaupt eine Partei gründen dürft. Deutschland geht kaputt verstehe nicht welche bekloppte euch gewählt haben. """,True,False
982645218440568,Könnte heulen.Unsere Grosseltern und Eltern haben dieses Land aus Ruinen wieder aufgebaut. Und nun kommt dieses Pack und trittdas mit Füßen. So nen Hals ????,False,False
857907734247651,"Das ermordete und verbrannte Mädchen aus Berlin. Laßt mich raten. Täter hatten Migrationshintergrund, oder? Ist das schon raus?",False,False
881988155172942,"dieser mann verdient meinen respekt, deckt er doch auf, das die politik nicht nur in der frage der einwanderung versagt hat, sondern auch in der finanzierung der bildung grosse lücken hat . wir haben geld für faschisten in der ukraine aber für unsere unis sind wir auf spenden der privatunternehmer angewiesen",False,False
640,@anna_IIna @AlexF1973 Wie? Dieses Pack wird doch von der Bundesregierung finanziert!! Das ist Merkels privat Armee! Hitler hatte auch Schläger Trupps!,False,False
856797194358705,Mudy Fa: Du Islamo-Faschist!,True,True
856835404354884,es wird doch immer runtergerechnet -- und bei der gegendemo schlappe 1000 - tja war ja auch noch hell da gehen ratten auch nicht vor die tür,False,False
993,@Hobbit9797 @tagesschau Warum berichtet ihr dann nicht über Merkel!!! An Verbrechen gibt es da ja wohl genug!!,False,False
857167617654996,"Wieso fehlt es mir an integration lieber mohamed ,du denkst es sind 0,1% mein lieber da täuscht du dich .es sind 20 mio die so denken wie wir und es gibt in europa mehr pegidas als du denkst..aber erklär mir bitte wieso es in westlichen ländern nur probleme mit dem muslmanen gibt und nicht mit anderen ethnischen gruppen ..und wieso zählen die muslmane zur integrationsunwilligste religion ..warum gibt es in deutschland ehrenmorde ,warum gibt es in deutschland no-go-äreas in die man sich als weisser nicht mehr nachts zu gehen traut .wieso beleidigen junge muslime in der schule deutsche mädchen alsmhuren ,wieso werden andersgläubige in der schule von muslimen geschlagen und als scheissdeutsche und scheisschristen beschimpft,wieso leben fast 50% der muslmane vom sozialstaat ( so war es in der geschichte des islam schon immer),
Wieso fordern muslime von der deutschen gesellschaft immer wieder einschränkungen ihrer kultur und werte,warum gibt es diese probleme nicht mit vietnamesen oder  hindus",False,False
544,@AthinaMala @Kreuzritter1099 Das recht auf Körperliche Unversehrtheit ist ein Grundrecht das von Juden und Moslems mit Füßen getreten wird. Genau wie das Schächten.,False,False
857009494337475,Susanne meiner Meinung nach gehört dazu leider auch ein krimineller deutscher.. Ja ... Ich finde die sollte man auch härter anfassen und bestrafen als diese schönen luxusurlaube in unseren knästen.,False,False
623,@bjoernstritzel @BILD Schickt diese ISIS-Schlampe nach Syrien!✈️,False,True
982642491774174,"Wer stopt endlich diese Luegenpress,e und wer stopt endlich die Merkel!",False,False
1039,@ellibisathide @krippmarie Widerliche Fratzen...sie machen unsere Welt nur schlechter...!!,False,True
882799171758507,"Ihr solltet mal in den Medien zeigen wie die Asylmenschen sich gegenüber den deutschen verhalten. Ganz ehrlich ich bin selber nich ganz deutsch aber sowas ist echt das letzte ! Die kommen hier her benutzen die gefühle von den deutschen frauen machen mit denen kinder nur um in deutschland bleiben zu können. Das solltet ihr überall verbreiten und nich wie die sich untereinander umbringen. Komischerweise gehts denen da so schlecht und kaum sind sie hier sind die die jenigen die die große fresse haben 1 und 2 komischerweise keine Depression haben oder psychische probleme weil sie ja ""alles mit erleben"" mussten. Das sind menschen die nichts tun und alles in den arsch gesteckt bekommen. Schämt euch !",False,False
960925827279174,"Minderheiten?sind unsere Alten Leute das etwa auch die ein leben lang gearbeitet haben und jetzt nicht wissen wie sie leben sollen von der Rente,eine Frechheit ,die haben es verdient besser zu leben und nicht die Wirtschaftsflüchtlinge die vor der Arbeit fliehen",False,False
982762378428852,"Dirk Wippich Stimmt, die hätten ihre Wut am IS auslassen sollen. Aber so sind die Forderer, sobald sie nicht bekommen was sie wollen, wird vermummt und zum Stein gegeriffen. Ein Vorgeschmack was Deutschland erwartet wenn sie endlich hier eintreffen. Die Winkefähnchen sind schon parat.",False,False
882704565101301,Was machen überhaupt Marrokkaner und Tunesier hier ??? Ist dort auch Krieg ??? Dann muss ich aber was verpasst haben !!! Deutschland holt sich anscheinend die Verbrecher selber rein :-D :-D :-D,False,False
1063239983714424,"Ich habe ein Geschenk für unsere Gäste, ein Koffer voll mit Messer",False,False
961230973915326,"In den Systemmedien sitzen heute (wie ""gestern"" C.E.v. Schnitzler) gut bezahlte Leute die vom Regime vorgegebene Texte glaubhaft vortragen. Claus Kleber (heute journal) bekommt für seine wahrheitswidrigen und hetzerischen Kommentare knapp 1/2 MILLIONEN EURO pro Jahr als ""freier Mitarbeiter"" (am System) des ZDF. Verona Pooth macht ja auch nicht Werbung für ""kik"" weil sie die Klamotten so geil findet . . .sondern die Kohle die sie einstreicht ! Dies Leute tun für Geld ALLES, sogar Volk & Vaterland verraten wie unsere Politiker es tuen  :-( https://de.wikipedia.org/wiki/Claus_Kleber",False,False
886363804735377,Hast du kein hobby. Autos anzünden oder Steine werfen,False,False
1107919965913092,Linksfaschos schlagen auf Grenzer ein damit Flüchtlinge aus dem Herkunftsland der Linksfaschos ausreisen können? Ja wie bekloppt ist das denn? Das ist doch völlig absurd!,False,False
1111563828882039,"als ich 1982 im Krankenhaus behandelt wurde lag neben mir ein Türke oder Kurde(sehen ja alle gleich aus)er hatte sich um seiner Abschiebung zu entgehen ein Messer in seinen Bauch gerammt...dieser Türke/Kurde hat mich vollgelabert ich solle ihm seine Gutscheine die er vom Sozialammt bekommen hat abkaufen.Nö Danke,habe ich ihm erwidert.Was aus ihm geworden ist weiß ich nicht,wünsche ihm dass er wieder glücklich in seinem Heimatland lebt und dem deutschen Steuerzahler nicht mehr auf der Tasche liegt.",False,True
1010770698961353,"Das Pack läuft mit Deutschlandfahne durch die Städte und ruft wir sind das Volk. Hat einen Redner der selber mal Asylbewerber war. Ist ja auch kaum widersprüchlich. Das einzige was ihr könnt, sind Ängste schüren, kein einziger Flüchtling den ich kennen gelernt habe und das sind sehr viele benimmt sich so wie ihr es sagt. Blöd für euch. Ihr seid nur dummes Nazipack!",False,False
1011808898857533,ja so recht.... wir werden verarscht... oder sie versuchen es auf jeden Fall...ABER..  WIR lassen das nciht zu... Der Lügenpressssssssse und dem zensierten Fernsehn glauben wir schon lange nicht mehr... jA ABER was können WIR  - DAS VOLK .- konkret machen um diese  - UNS vernichten wollende US-Arabisch-.Muslimische-Marionetten.Regierung abzusetzen.. ALLE...ALLE---ALLE  DEUTSCHEN müssen  in Berlin vor dem Kanzleramt DAFÜR erscheinen und für die Absetzung dieser Gesetzwidrig- Handelnden demonstrieren... eine Mahnwache abhalten für UNSER zu erhaltendes DEMOKRATISCHES DEUTSCHLAND  des FRIEDENS...  OHNE EINWANDERUNG DES BÖSEN,False,False
1010917058946717,"Ich erwarte auch nicht dass mich solche Klappspaten verteidigen. Wenn hier die Moslemapokalypse anfängt, werden sich eh Gruppen zusammen finden, die von der Gesinnung her zusammenpassen und sich von den Fähigkeiten her ergänzen. Da wird es keine Verwendung für diese Schießbudenfiguren geben, nichts als Kanonenfutter.",False,False
1011194372252319,Was hat die genommen???? Oder sind das die Hormone??,True,False
1768,Die Wahrheit kann sehr weh tun. Du linker Abschaum. Dich und deine Linken genossen müßen sofort an der Wand gestellt werden. Du und deinesgleichen seit Parasiten. Mann zu Mann zu stehen fehlern dir doch die Eier. Schieb die deine Weisheiten unter deiner Vorhaut du. Hartz IVIer,True,True
856747811030310,Du bist dumm,False,True
692,"@FraukePetry @AlternativeNRW So sollten sich alle Politiker äußern und nicht dieses verlogene Emotionsgeschwafel, was die Lügenbrut gerne abläßt !",False,False
793,Die Türken dringen hier ein und wollen uns ihre Art zu leben aufzwingen. Und |LBR| beschimpfen unsere entscheidungsunfähigen Weicheier als Nazis.,False,False
515,Sollten nicht #Ärzte und #Facharbeiter kommen? Gekommen sind #Mörder und #Vergewaltiger. Ist das eure Bereicherung ihr #Gutmenschen?,False,False
788,"Heute Abend bei #Maischberger. Anschlag auf Bürgermeister. Wie verblödet ist dieses Land? Anschlag welcher Anschlag? Ein kleiner Kratzer am Hals und Deutschland steht Kopf. Vergewaltigung, Raub, Totschlag durch Asylanten kaum einer spricht drüber.",False,False
657,#Merkel ist in in ihrem Innern eine Kommunistin geblieben und will jetzt mit ihrer EU Macht die alten DDR Ideen realisieren |LBR| Endet im Chaos,False,False
898,"@Riedegost Dem stimme ich vorbehaltlos zu Ralf. Wenn Merkel nur halb so viel Verstand hätte, wie Du, oder wie Mecklenburger 😜",False,False
1065185240186565,Und Sauerstoffvorkommen auf dem Mars finden die auch noch !,False,False
1010838695621220,"Wie ich diese drecks möchtegern Promis hasse, und sowas im deutschen Fernsehen. Schande für Deutschland. Joko, Klaas, Schweiger alles pack... In keinster weise fähig andere Meinungen zu tollerieren. Besoders Schweiger der penner rastet ja sofort aus. Keine anständige Diskussion möglich.",True,False
961239113914512,"Ich wäre dafür, daß man die ddr wieder herstellt. Alleine nur deshalb um diesen linken zu zeigen, was sie erwartet und wie man dann mit ihnen umgeht. Euer grosses Maul würde euch vergehen und ihr würdet sehen, wie es ist ,keine eigene Meinung haben zu dürfen.  Ihr Gutmenschen.",False,False
1011813482190408,die  Blümchenpflückerinnen haben ja auch schon die Gehirnwäsche hinter sich ..ergo ....können die unbeschwert jubeln....DIE bekommst nicht mehr auf die Seite der NOrmaldenker und Zweifler an unserer Marionetten-NOCH-Regierung,False,False
894644070574017,"Hat der nicht mal den IS besucht und hat einige davon interviewt! 
Warum ist gerade der lebend da wieder heim gekommen
Anderen Reporter hat man den Kopf abgeschnitten!
Der ist das beste Beispiel für einen Nazitheoretiker!",False,False
888067947898296,"ja gibt es. Volksverhetzer wie le Pen gehören für mich zu zweiteren, egal ob Marie gemeint ist oder ihr Vater",False,False
856821031022988,"Das Problem sind nicht die Moslem ,das Problem ist Ostdeutschland,  auch ihr ward mal ,,Flüchtlinge '' da hat sich der Westen auch nicht so asozial verhalten.!!  Obwohl uns hart getroffen hat erst von den Trabis über rollt und jetzt von Doofen, schlimmer kanns nimmer werden.",False,False
968981976473559,Nimand will Islamisten deren Religion derzeit etwa auf dem stand des Christentums zu Zeiten der Kreuzzüge ist nur das die statt Schwertern und Rüstungen Zugang zu automatischen Waffen und schweren Geschützen haben. Diese Fanatiker sollen in ihren Ländern bleiben und nicht ihre probleme im Streit um den richtigen Imaginären Freund in unser Land tragen. Also wen wir schon hunderttausende Flüchtlinge aufnehmen müssen dann wenigstens Christen. Bei denen muss man wenigstens nicht unter jedem Mantel einen sprengstoffgürtel erwarten.,False,False
821,@tagesschau Öffentlich-rechtlichen Nazi Medien und Merkel Vasallen setzten ihre Hetzkampagne gegen den Präsidenten der Vereinigten Staaten fort!!,False,False
857929397578818,"Ljudmila ist pegida Anhänger, sieht man an den Augenbrauen:)",False,False
881996371838787,"Den Menschen , welche sich der Folgen und Auswirkungen der ungesteuerten Zuwanderung nicht bewusst sind,aufgrund ihrer schöngeistigen,naiven und idealistischen Denkweise, möchte ich empfehlen, die Sozialstruktur von Stadtteilen mit hoher Migrantendichte zu studieren. Würden diese Bezirke autark und autonom existieren wollen , könnte dort, heute schon keine Normalgesellschaft mehr funktionieren. Ein Stadtteil wie Berlin Neukölln mit einer Migrantenquote (mit Hintergrund) von über 50 %, benötigt einen Bezirkshaushalt von703 Millionen Euro, davon sind 416 Millionen Transferleistungen (59 Prozent). Über 70% der Migranten dort (1te,2t, 3te Generation) besitzt keine Ausbildung und über 50% sind dauerhaft von Sozialleistungen abhängig.Bei diesem wachsenden Potential an Menschen in Deutschland , kann sich jeder die Folgen für sich und seine Nachkommen ausmalen. Neukölln gehört leider schon zu Deutschland und Neukölln ist kein Phänomen, ob Duisburg- Marxloh, Hamburg- Wilhelmsburg oder Köln- Chorweiler , all diese Stadtteile weisen eine negative Bilanz auf. Ich weiß, viele Menschen blicken mit Multi-Kulti- Augen auf die Welt und übersehen bei dem vielen bunten Licht ,oft die Schatten der Migrationspolitik. Jene sind meist auch absolut resistent gegen Logik , Realismus, Rationalität und faktische Argumentation.",False,False
1069103569794732,"Mal ganz ehrlich, der Herr Kretschmann kommt mir sehr verdächtig vor , entweder ist er etwas verwirrt oder aber er nimmt auch solche guten Mittelchen ala Volker Beck ! Er kann Fragen nicht folgen, gibt merkwürdige Antworten, ja holla die Waldfee, und solche Menschen regieren ein Bundesland, nee danke , wer diese Leute an die Macht gebracht ist auch irgendwie nicht ganz bei Trost, noch dazu diese Kompost Partei, die sollte schnell entsorgt werden, besser ist das .",False,False
993931893978567,"So schaut's  aus Christoph. Ich plädiere für Dresden als Verhandlungsort. Aber vorher gibt's noch den langen Fussmarsch in Ketten und Stahlkugel am Bein von Berlin nach Dresden. Und damit es richtig spannend wird darf die verarschte Bevölkerung sich seines faulen Obstes ""entledigen"".",False,False
856747061030385,"mal so am rande, er ist schon länger dabei, und bei einem spaziergang mit an der spitze, meine hochachtung vor diesem mann, wenn da ca 20 000 nazi und rassiesten spazieren gehen, kannst ja mal mit springerstiefel und bomberjacke bei der gegendemo mit laufen, mal sehen wie lange",False,False
894682273903530,"Dem Idiot wuden doch mehrere Musel-Blut Transfusionen verabreicht, anders kann ich mir den Dreck den der Labert nicht erklären.",False,False
894672763904481,"Dafür, dass W.T. hier seine Geisteszerrungen verbreitet, darf er wohl vom nächste Kopfbeschneidungsfest der IS live berichten. Eine Hand wäscht die andere.",False,False
166,"@MadamePlissee @Frau_Al3X Ja. Da fehlen dir noch 2. Und die müssen nicht im Kreis w..retweeten, sondern hinausziehen zu den Barbaren und ihnen das Evangelium predigen. Also z.B zu den Mullahs, die gerade eine Frau steinigen, weil ihr Kopftuch verrutscht ist.",False,False
1108140769224345,"Diese dummen Blagen haben so richtig schön lange was von der Bereicherung. Die versemmeln sich gerade ihre Zukunft. So bescheuert muss man erst mal sein. Da grins ich mir doch eins. In ein paar Jahren sitze ich unter der Palme und diese kleinen Doofis können sich hier in Europa mit den Musels abplagen, vor allem die Mädels. Anerzogener links/grüner  Schuldkomplex. "" Wir müssen alle mit durchfüttern, weil der  böse Westen an allem Elend der Welt schuld ist "". Viel Spass damit, Ihr Deppen",False,False
858071764231248,"was haltet ihr davon wenn wir geschlossen nach griechenland auswandern. hier geht irgendwie alles den bach runter und mit dem geld, was von uns dort schon reingepumpt wurde und sicher noch reingepumpt wird, gehört uns doch sicher schon ein großer teil :P also könnten wir dort sozusagen bei null anfangen und hätten sogar das ganze jahr schönes wetter ;-) also ich finde die idee von tag zu tag besser. zumal es sicher hier bald eng wird mit unseren finanzen. denn wenn die ""reichen länder"" immer mehr geld in die armen länder pumpen, dann sind sie bald genau so arm wie die ""armen länder"", denn ich denke schon mal daran, mein geld was ich bis hier mühsam zusammen gespart habe von der bank zu holen, da die damit arbeiten und mir eh dafür keinen cent mehr dafür geben. bringt also für mich keinerlei vorteile mehr mein geld denen zu überlassen. ich habe die sch.... gestrichen voll (mal mit den worten eines normalen bürgers gesagt der jeden tag schicht arbeitet)",False,False
440,"@GrueneBundestag @GoeringEckardt @spdbt @Linksfraktion @RenateKuenast @NicoleMaisch @KonstantinNotz @Oliver_Krischer @BriHasselmann Wenn die Grünen Stinktiere in Deutschland verschwinden im September, wird Deutschlands Luft enorm besser werden!",False,False
1058530490852040,Zumachen hilft nicht da lässt die olle Ziege die asyls eben direkt einfliegen,False,True
1105937942777961,"Xerxes Azizi Na ja, in Sachsen immerhin noch die höchste Geburtenrate Deutschlandweit. Nach letzten Erhebungen. Ohne vielwerfende Muslime. Im Notfall sagen wir einfach ""Tschüss Germania!"". Dann kann der Rest von ""Deutschland"" sehen, wie er klarkommt. Die sächsische Landesverfassung gibt es zumindest her!",False,False
1096091423762613,Eine gutes Prugel sollten die bekommen aber so das sie 4wochen lang Blut pinkeln.,False,False
856751864363238,"He is white and British, which is enough for those animals.",False,False
856816801023411,"[@IND] - Selber nicht den Arsch in der Hose sein Gesicht zu zeigen , aber das Maul hier aufreisen",False,False
1096101507094938,Die sehn ja sowas von kriegstraumatisiert aus das einen das k...kommt !!!!,False,False
876389492399475,"Was für Fachkräfte ??? Berufsmörder, Berufsvergewaltiger, Berufseinbrecher, Berufsasylbetrüger, Berufsdrogenhändler, Berufsschläger  naja, auf solche Fachkräfte haben wir schon lange gewartet !!!",False,False
982683221770101,So wird es generell werden wenn die netten Asylafisten ihren Willen nicht bekommen oder gar abgeschoben werden sollen... aber  damit diese Kreaturen wieder aus dem Land zu bekommen sind wird zwar gefordert aber nicht überfordert;),False,False
168,@IQ_Stimulator Wir brauchen dringend einen RESET der MsM und des Grundschulsystems ohne diese verfluchten Handsockenpuppen schwingenden ÖkoAntifaFeministinnen ! DRINGLICHST !!,False,False
641,@Junge_Freiheit Ja die schauen auch abgemagert aus...speziell das fette Altmaier-Etwas....,True,True
1123543717684050,"Tja Herr Lammert, es ist deutlich ,daß sie wissen ,daß sie in einer direkten Wahl ihr Amt verlieren könnten, genau wie die anderen sogenannten ""demokratisch Gewählten""  Ihr und nur Ihr seid das Geschwür am Leib des deutschen Volkes. Parrasiten haben sich schon immer auf Kosten anderer ""ernähren"" können ,ihr seid der Bandwurm Deutschlands!",False,True
858054527566305,Ach jûrgen mûnsterlænder schátzchen in deinem Profil habe ich gerade gelesen wieee sehrrrr du uns tûrken gern hast'!wir tûrken haben solche nazis wie dich auch zum beißen gern!aber nur mit zaziki!!,True,False
982695398435550,"Lisa Sander Haben sich DDR Bürger so aufgeführt an den Grenzen???  Das was in Ungarn die ja so traumatisierten da veranstalten, hätte in deren Ländern das Militär mit Panzern und Schießbefehl auf den Plan gerufen. Sind in einem sicheren EU Land und veranstalten so einen Zirkus.",False,True
1010221522349604,"Es sollte ein generelles ""Vermummugsverbot"" erlassen werden !!!

Einmal ist es eine Sicherheitsfrage!
Man muß immer erkennen , wer vor einem steht !!!
Egal ob Burka auf der Straße oder Gesichtsmasken bei einer Demo !!!

Fahren Sie mal mit einer Karnevalsmaske durch einen Radarblitzer, da werden sie vom Richter ans Kreuz genagelt!
Andererseits soll es toleriert werden !??

Bei einem 10tägigen Türkeiaufenthalt habe ich weniger Kopftücher gesehen , als in einer deutschen Kleinstadt in 10 Minuten !!!

Wo leben wir denn ???",False,False
269,"Politisch der Ungebildete, Kriegsbilligende und Charakterlose wird im September Merkels Politik wählen &gt; eine Schande für dieses Land. 🤢",False,False
856840224354402,Leute ganz ruhig.. er meint die Linken Schweine und Gutmenschen... :D,False,False
482,"Schlesien,Pommern und Ostpreußen sind deutsch und werden es immer sein",False,False
1121590117879410,"Und das ist der Islam, und diesen Islam den wollen diese völlig verblödeten und absolut Hirn verbrannten und realitätsfremden Gutmenschen nach Europa hohlen?

Das ist der wahre ISLAM, da gibt es doch nichts mehr zu diskutieren und zu interpretieren außer, ISLAM Verbot in Deutschland und in Europa, Moscheen Verbot, Kopftuch Verbot ! 

Bitte dieses Video so oft wie möglich teilen, damit auch der letzte naive und völlige verblendete und Merkel hörige Deutsche Gutmensch begreift, das ist der wahre ISLAM der uns alle in Europa und Deutschland bedroht, oder müssen wir erst in Europa und Deutschland warten, bis die ersten Bürger nach IS Ritual enthauptet wurden.

Wie der Ägyptische Journalist Namens Omer Adib richtig sagt jeder Moslem ist ein potentieller Mörder, weil er als Moslem seinem Gott Allah gefallen möchte wenn er tötet, um in das Paradies zu kommen und weil der ISLAM eine kranke das Morden fördernde Religionslehre ist.

Darauf gibt es nur eine Antwort, ein sofortiges totales ISLAM Verbot in Europa, ohne wenn und aber!

https://www.youtube.com/watch?v=VsqNcTyAlc0

Mr. Omar Adib verbreitet in dem Video ja keine Thesen, es sind Fakten die wir alle kennen, und täglich lesen und sehen. Mr. Omar Adib interpretiert / übersetzt lediglich die arabische Urfassung des Korans, wie grauenhaft und unmenschlich die Islamische Lehre ist und zitiert dazu die Geschehnisse und die schweren Verbrechen der Muslime unter einander, und gegen einander in den Arabischen Ländern und in der westlichen Welt.",False,False
882,@krippmarie Grausam....die ist doch schon halbtot....,False,False
1000,"""Wenn das deutsche Volk nicht bereit ist, sich für seine Selbsterhaltung einzusetzen, gut: Dann soll es verschwinden!"" |LBR| Damals wie heute, weise Worte!",False,False
1012886525416437,"Wann hat bei Pegida jemals jemand etwas gegen wirkliche Flüchtlinge gesagt ? Egal ob christlich, jesidisch, atheistisch.....hier ist doch Willkommen, wer wirklich vor großer Not flüchtet. Aber ein sehr großer Teil kommt nicht aus Not, sondern um den Westen einzunehmen.
Besonders die ganzen schwarzen Jungen Männer. Und nee, die laufen nicht, die reißen LKWs kaputt oder brechen sie auf und springen einfach hinten rein. Unmöglich !",False,False
856922501012841,I love all of u.  Thanks for ur hard work.  Islam is not a religion.  Sure it has a god but it is primarily a political ideology.  It is a political ideology with a religious component.  It has more in common with nazism or communism that a religion,False,False
991268027578287,"Sie würden gern sagen das sie den traumatisierten Familien helfen wollen . Komisch, die neueste Statistik sagt : 77 Prozent junge Männer im Alter von 18-25 Jahre . 2  Prozent  !!! Kinder im Alter bis 10 Jahre ... Hmm, wo sind die Familien? Kommen die dann im Flugzeug, nachgeholt und bezahlt von uns deutschen Steuerzahlern ?",False,False
1099,@anna_IIna Über 10 Millionen Ausländer leben in Deutschland....die meisten sind Türken...und über 50% davon leben vom Sozialamt...! |LBR| Das sagt viel aus über die Deutschtürken.,False,False
1111332562238499,"Gutscheine für Kleidung? 

Was ist mit den Deutschen Familien die nen Antrag auf Bekleidung stellen? 

Die bekommen alle ne Absage, von der Arge, 

und solche Kanalratten bekommen einmal mehr alles in ihren Islamistischen Arsch gesteckt... 

Wird Zeit das die Regierung aufgelöst, oder weggebombt wird... Unfassbar sowas...",True,False
856765711028520,Ist es demokratisch alle 4 Jahre zu wählen und damit nichts zu erreichen ?!,False,False
951873754851048,"Laut Forza Umfrage ist einer von drei ´´Grünen´´,genauso blöd wie die anderen 2.
(In den kommentaren bei PI gesehen)",False,False
982664425105314,"Wer das ..... immer noch ""Mutti"" nennt hat echt nicht mehr alle Latten am Zaun.",False,False
1111325292239226,"Die bekommen doch alles UMSONST.Wir, die Steuerzahler geben denen doch unser Letztes Hemd. Wir die Bürger dieses Staates bezahlen ja ihren Aufenthalt im Land. Die Sozialkassen wurden ja durch die Kanzlerin geöffnet. Sie holte ja die Welt nach Deutschland. Und diese GutMenschen machen wieder Rabatz. Wenn es einen Flüchtling in Deutschland nicht gefällt. Kann er ja gehen. Ab nach Frankreich !!! Nach einen Tag steht dieser wieder an der Grenze. Ich möchte wieder ins Land BITTE BITTE",False,False
575,@focusonline Wenn ich das Wort schon höre Transgender,False,False
537,"JC Neubrandenburg entscheidet nach dem Motto &gt; nur ein toter Deutscher ist ein guter Deutscher, Leistungsverweigerungen verkürzen das Leben😜",False,False
1057707157601040,"Alle Länder um Deutschland wachen auf, versuchen Ihr Volk zu schützen. Nur bei uns ist der Wahnsinn noch am Merkeln! Ich hoffe das sie dieses Jahr noch gestürzt wird und das dann jemand kommt der für das Deutsche Volk arbeitet!",False,False
876260089079082,Ja wie recht sie haben aber ganz Europa will keine mehr und vor allen keine radikalen mussels.,False,False
1010756935629396,"Nun Pohlheimer möglich dass es menschenfeindlich ist. Tatsache ist aber der Islam strebt nach der Weltherrschaft und steht für die Unterdrückung aller die nicht so denken, handeln und glauben wie es dieser pädophile Mörder Mohammed verlangt umgebracht werden müssen. Gerne kann ich die entsprechenden Suren und Verse posten. Minderbemittelt ist wer glaubt es gäbe einen Konsens zwischen Christen und Muslimen. So ist der Islam keine Religion sondern eine Ideologie und auf Grundlage des Koran und seiner Forderungen eine terroristische Vereinigung. Diese gehört verboten und MIT ALLEN MITTELN BEKÄMPFT. Sollte Dir das Hintergrundwissen fehlen nun Lesen bildet vor allem im Land der Dichter und Denker. Du minderbemittelter Schwachkopf. Mein Post ist argumentativ dein letzter Post nur Müll.",True,False
1065001356871620,"Vielleicht schicken wir auch noch einen syrischen Wirtschaftsmigranten in den Indischen Ozean, der das vermisste Flugzeug MH-370 der Malaysia Airline vermutlich in 20 minuten finden wird. Muss aber ein richtiger syrischer Wirtschaftsflüchtling sein und nicht einer von den 99% die sich dafür ausgeben...!!!",False,False
856798884358536,"Und dann wird das Dönerland einfach von der gelben Gefahr geschluckt...
Merkt keiner das wir die Chinesen völlig unbeobachtet handeln lassen?!
Die Schwarzen kommen alle zu uns, weil die Chinesen aus Afrika ein rießen Acker machen!!!",False,False
1134071323297956,Frau Mürkel ist doch jenseits pädagogischer reichweite - die soll doch mit den affen in den orient auswandern!!!,False,True
1065034993534923,"Achtung, ... es ist bald Ostern!
Wer weiß, was die alles noch so ""finden""!Vielleicht  werden noch ein paar Goldeier ausgelegt.Die werden durch die ehrlichen Finder dann auch selbstlos zurückgebracht. Das erinnert an aportierende Hunde ,aber man will die Hunde jedoch nicht beleidigen.??",False,False
716,"@AkifPirincci Naja,zu Lauterbach,ich kenne viele Leute die es besser machen würden und zum Dummerchen Thomalla , Merkel ist der Skandal, Watt für IRRE!",False,True
982674521770971,mehr dummes Zeug und Schwachsinn fällt dir nicht ein ?   Aber der Name sagt ja schon einiges !!   Du Schwachmat !!,True,True
591,#Myanmar #Islamisierung: Aber irgendwie muss das globale #Dreckspack wohl von seiner krachenden Niederlage in #Syrien ablenken,False,False
