id,description,DEF,predicted_label,reply,prompt
1011024408935982,"Oh Gott, NRW, das ist doch das versiffte Bundesland wo man schon mehr fremdartige sieht als Mitteleuropäer. Da ist eh schon alles verloren. Aber sollen sie nur machen, mir ist das egal, solang in meiner Straße keine Gruppen rumlungern. Sollen sie doch mit ihren Migranten glücklich werden. Wird aber eh nicht funktionieren wie man in Frankreich und England sieht!",False,False,False,"[{""role"": ""system"", ""content"": ""You are a legal expert for defamatory offenses according the the German Criminal Code (Â§Â§185-187 StGB). Help the user decide whether given posts fall within in the scope of these articles.""}, {""role"": ""user"", ""content"": ""Is the following post criminally relevant with respect to Â§Â§185-187 StGB (Defamatory Offense)? Answer only with 'True' (criminally relevant according to Â§Â§185-187 StGB) or 'False' (not criminally relevant according to Â§Â§185-187 StGB).""}, {""role"": ""user"", ""content"": ""Oh Gott, NRW, das ist doch das versiffte Bundesland wo man schon mehr fremdartige sieht als Mitteleuropäer. Da ist eh schon alles verloren. Aber sollen sie nur machen, mir ist das egal, solang in meiner Straße keine Gruppen rumlungern. Sollen sie doch mit ihren Migranten glücklich werden. Wird aber eh nicht funktionieren wie man in Frankreich und England sieht!""}]"
818,@Ami66Stefan @PatMair1 Schlimmer sind die IS Kämpfer die unkontrolliert ins Land kommen. # Brüder wie heute gezeigt in der ARD. Nicht nur Bio Muslems haben da gekämpft. Auch Deutscher Menschen Müll. Anders kann man solche Menschen nicht bezeichnen.,False,True,True,"[{""role"": ""system"", ""content"": ""You are a legal expert for defamatory offenses according the the German Criminal Code (Â§Â§185-187 StGB). Help the user decide whether given posts fall within in the scope of these articles.""}, {""role"": ""user"", ""content"": ""Is the following post criminally relevant with respect to Â§Â§185-187 StGB (Defamatory Offense)? Answer only with 'True' (criminally relevant according to Â§Â§185-187 StGB) or 'False' (not criminally relevant according to Â§Â§185-187 StGB).""}, {""role"": ""user"", ""content"": ""@Ami66Stefan @PatMair1 Schlimmer sind die IS Kämpfer die unkontrolliert ins Land kommen. # Brüder wie heute gezeigt in der ARD. Nicht nur Bio Muslems haben da gekämpft. Auch Deutscher Menschen Müll. Anders kann man solche Menschen nicht bezeichnen.""}]"
882699795101778,"Andy es geht nicht nur um Radikale...es gibt Berichte, wonach die Nordafrikanischen Länder ihre Kriminellen und Geisteskranken in die Boote nach Europa setzen....wenn das stimmt, erklärt das vieles....",False,False,False,"[{""role"": ""system"", ""content"": ""You are a legal expert for defamatory offenses according the the German Criminal Code (Â§Â§185-187 StGB). Help the user decide whether given posts fall within in the scope of these articles.""}, {""role"": ""user"", ""content"": ""Is the following post criminally relevant with respect to Â§Â§185-187 StGB (Defamatory Offense)? Answer only with 'True' (criminally relevant according to Â§Â§185-187 StGB) or 'False' (not criminally relevant according to Â§Â§185-187 StGB).""}, {""role"": ""user"", ""content"": ""Andy es geht nicht nur um Radikale...es gibt Berichte, wonach die Nordafrikanischen Länder ihre Kriminellen und Geisteskranken in die Boote nach Europa setzen....wenn das stimmt, erklärt das vieles....""}]"
894912003880557,"Oh waren es diesmal nicht die pösen Rechten??? Na sowas... Aber solange keiner zu Schaden kommt, sollte man die Dinger reihenweise abfackeln. Finde ich gut.",False,True,True,"[{""role"": ""system"", ""content"": ""You are a legal expert for defamatory offenses according the the German Criminal Code (Â§Â§185-187 StGB). Help the user decide whether given posts fall within in the scope of these articles.""}, {""role"": ""user"", ""content"": ""Is the following post criminally relevant with respect to Â§Â§185-187 StGB (Defamatory Offense)? Answer only with 'True' (criminally relevant according to Â§Â§185-187 StGB) or 'False' (not criminally relevant according to Â§Â§185-187 StGB).""}, {""role"": ""user"", ""content"": ""Oh waren es diesmal nicht die pösen Rechten??? Na sowas... Aber solange keiner zu Schaden kommt, sollte man die Dinger reihenweise abfackeln. Finde ich gut.""}]"
858395597532198,Stumm macht bei Euch Sinn !,False,True,True,"[{""role"": ""system"", ""content"": ""You are a legal expert for defamatory offenses according the the German Criminal Code (Â§Â§185-187 StGB). Help the user decide whether given posts fall within in the scope of these articles.""}, {""role"": ""user"", ""content"": ""Is the following post criminally relevant with respect to Â§Â§185-187 StGB (Defamatory Offense)? Answer only with 'True' (criminally relevant according to Â§Â§185-187 StGB) or 'False' (not criminally relevant according to Â§Â§185-187 StGB).""}, {""role"": ""user"", ""content"": ""Stumm macht bei Euch Sinn !""}]"
620,"Merkel – Vollbeschäftigung bis 2025, ""das ist zu schaffen"" 😂😂😂 Das Lügen u. Betrügen geht auch zur BTW 2017 weiter 😂😂😂",False,True,True,"[{""role"": ""system"", ""content"": ""You are a legal expert for defamatory offenses according the the German Criminal Code (Â§Â§185-187 StGB). Help the user decide whether given posts fall within in the scope of these articles.""}, {""role"": ""user"", ""content"": ""Is the following post criminally relevant with respect to Â§Â§185-187 StGB (Defamatory Offense)? Answer only with 'True' (criminally relevant according to Â§Â§185-187 StGB) or 'False' (not criminally relevant according to Â§Â§185-187 StGB).""}, {""role"": ""user"", ""content"": ""Merkel – Vollbeschäftigung bis 2025, \""das ist zu schaffen\"" 😂😂😂 Das Lügen u. Betrügen geht auch zur BTW 2017 weiter 😂😂😂""}]"
759,@kacktus2010 @traumdiebe Die vom Staat unterstützte Antifantenbrut ist unerträglich!,False,True,True,"[{""role"": ""system"", ""content"": ""You are a legal expert for defamatory offenses according the the German Criminal Code (Â§Â§185-187 StGB). Help the user decide whether given posts fall within in the scope of these articles.""}, {""role"": ""user"", ""content"": ""Is the following post criminally relevant with respect to Â§Â§185-187 StGB (Defamatory Offense)? Answer only with 'True' (criminally relevant according to Â§Â§185-187 StGB) or 'False' (not criminally relevant according to Â§Â§185-187 StGB).""}, {""role"": ""user"", ""content"": ""@kacktus2010 @traumdiebe Die vom Staat unterstützte Antifantenbrut ist unerträglich!""}]"
935471019824655,Och lasst doch die Salafistchen in Ruhe. Die machen doch nichts ausser bisschen Terror und Hetze. Die paar Einzelfällchen. Gleich das SEK. Hätte man doch den Gauck hinschicken können und paar Pressefotos knipsen können.,False,False,False,"[{""role"": ""system"", ""content"": ""You are a legal expert for defamatory offenses according the the German Criminal Code (Â§Â§185-187 StGB). Help the user decide whether given posts fall within in the scope of these articles.""}, {""role"": ""user"", ""content"": ""Is the following post criminally relevant with respect to Â§Â§185-187 StGB (Defamatory Offense)? Answer only with 'True' (criminally relevant according to Â§Â§185-187 StGB) or 'False' (not criminally relevant according to Â§Â§185-187 StGB).""}, {""role"": ""user"", ""content"": ""Och lasst doch die Salafistchen in Ruhe. Die machen doch nichts ausser bisschen Terror und Hetze. Die paar Einzelfällchen. Gleich das SEK. Hätte man doch den Gauck hinschicken können und paar Pressefotos knipsen können.""}]"
1718,@Onigv7 unschuldige Frauen werden vergewaltigt und sie nutzt die Aufmerksamkeit um über sowas zu reden die dreckige nutte,True,True,True,"[{""role"": ""system"", ""content"": ""You are a legal expert for defamatory offenses according the the German Criminal Code (Â§Â§185-187 StGB). Help the user decide whether given posts fall within in the scope of these articles.""}, {""role"": ""user"", ""content"": ""Is the following post criminally relevant with respect to Â§Â§185-187 StGB (Defamatory Offense)? Answer only with 'True' (criminally relevant according to Â§Â§185-187 StGB) or 'False' (not criminally relevant according to Â§Â§185-187 StGB).""}, {""role"": ""user"", ""content"": ""@Onigv7 unschuldige Frauen werden vergewaltigt und sie nutzt die Aufmerksamkeit um über sowas zu reden die dreckige nutte""}]"
891,"Seehofer, Ihr Hauptschulabschluss reicht nicht mehr aus. Jetzt löst Sie ein Akademiker ab. |LBR| Bei den Bayern haben Sie das Vertrauen verloren. Also, ab in den Ruhestand.",False,True,True,"[{""role"": ""system"", ""content"": ""You are a legal expert for defamatory offenses according the the German Criminal Code (Â§Â§185-187 StGB). Help the user decide whether given posts fall within in the scope of these articles.""}, {""role"": ""user"", ""content"": ""Is the following post criminally relevant with respect to Â§Â§185-187 StGB (Defamatory Offense)? Answer only with 'True' (criminally relevant according to Â§Â§185-187 StGB) or 'False' (not criminally relevant according to Â§Â§185-187 StGB).""}, {""role"": ""user"", ""content"": ""Seehofer, Ihr Hauptschulabschluss reicht nicht mehr aus. Jetzt löst Sie ein Akademiker ab. |LBR| Bei den Bayern haben Sie das Vertrauen verloren. Also, ab in den Ruhestand.""}]"
1305,"So richtig scharf auf ein freies Leben sind offensichtlich unsere Neger offensichtlich nicht. Das einzige, worauf die scharf sind, sind die jeweiligen Sozialleistungen und Kohle.... naja, das konnte man natürlich nicht wissen.",True,True,True,"[{""role"": ""system"", ""content"": ""You are a legal expert for defamatory offenses according the the German Criminal Code (Â§Â§185-187 StGB). Help the user decide whether given posts fall within in the scope of these articles.""}, {""role"": ""user"", ""content"": ""Is the following post criminally relevant with respect to Â§Â§185-187 StGB (Defamatory Offense)? Answer only with 'True' (criminally relevant according to Â§Â§185-187 StGB) or 'False' (not criminally relevant according to Â§Â§185-187 StGB).""}, {""role"": ""user"", ""content"": ""So richtig scharf auf ein freies Leben sind offensichtlich unsere Neger offensichtlich nicht. Das einzige, worauf die scharf sind, sind die jeweiligen Sozialleistungen und Kohle.... naja, das konnte man natürlich nicht wissen.""}]"
1057946414243781,Macht die Schotten dicht ! Parasiten abwehren mit allen Mitteln !!!,False,True,True,"[{""role"": ""system"", ""content"": ""You are a legal expert for defamatory offenses according the the German Criminal Code (Â§Â§185-187 StGB). Help the user decide whether given posts fall within in the scope of these articles.""}, {""role"": ""user"", ""content"": ""Is the following post criminally relevant with respect to Â§Â§185-187 StGB (Defamatory Offense)? Answer only with 'True' (criminally relevant according to Â§Â§185-187 StGB) or 'False' (not criminally relevant according to Â§Â§185-187 StGB).""}, {""role"": ""user"", ""content"": ""Macht die Schotten dicht ! Parasiten abwehren mit allen Mitteln !!!""}]"
1044172618954494,"U Bahn schubser war ein deutscher mit Iranischen Wurzeln, wie sollte es auch anders sein http://www.bild.de/regional/berlin/vorsaetzliche-toetung/mann-stoesst-frau-vor-ubahn-44221754.bild.html",False,False,False,"[{""role"": ""system"", ""content"": ""You are a legal expert for defamatory offenses according the the German Criminal Code (Â§Â§185-187 StGB). Help the user decide whether given posts fall within in the scope of these articles.""}, {""role"": ""user"", ""content"": ""Is the following post criminally relevant with respect to Â§Â§185-187 StGB (Defamatory Offense)? Answer only with 'True' (criminally relevant according to Â§Â§185-187 StGB) or 'False' (not criminally relevant according to Â§Â§185-187 StGB).""}, {""role"": ""user"", ""content"": ""U Bahn schubser war ein deutscher mit Iranischen Wurzeln, wie sollte es auch anders sein http://www.bild.de/regional/berlin/vorsaetzliche-toetung/mann-stoesst-frau-vor-ubahn-44221754.bild.html""}]"
1043616159010140,"sie heulen rumm,nur weil man mal die wut rausläßt und sagt was alle denken,man was ist das für ein arme regierung und presse",False,False,False,"[{""role"": ""system"", ""content"": ""You are a legal expert for defamatory offenses according the the German Criminal Code (Â§Â§185-187 StGB). Help the user decide whether given posts fall within in the scope of these articles.""}, {""role"": ""user"", ""content"": ""Is the following post criminally relevant with respect to Â§Â§185-187 StGB (Defamatory Offense)? Answer only with 'True' (criminally relevant according to Â§Â§185-187 StGB) or 'False' (not criminally relevant according to Â§Â§185-187 StGB).""}, {""role"": ""user"", ""content"": ""sie heulen rumm,nur weil man mal die wut rausläßt und sagt was alle denken,man was ist das für ein arme regierung und presse""}]"
1044284582276631,Schlisen und zwahr sofort für alle muslimen.,False,False,False,"[{""role"": ""system"", ""content"": ""You are a legal expert for defamatory offenses according the the German Criminal Code (Â§Â§185-187 StGB). Help the user decide whether given posts fall within in the scope of these articles.""}, {""role"": ""user"", ""content"": ""Is the following post criminally relevant with respect to Â§Â§185-187 StGB (Defamatory Offense)? Answer only with 'True' (criminally relevant according to Â§Â§185-187 StGB) or 'False' (not criminally relevant according to Â§Â§185-187 StGB).""}, {""role"": ""user"", ""content"": ""Schlisen und zwahr sofort für alle muslimen.""}]"
1010737852297971,"Und - vor allem an alle Gutgläubigen unter uns - lasst Euch nicht erzählen, dass Terroristen nicht über die Land- oder Wasser-Fluchtrouten kommen, sondern so clever wären, dass sie mit dem Flugzeug First Class reisen würden. Das sind Beruhigungspillen für's Volk.
Eine oder viele Kalaschnikows und sogar den gefundenen Raketenwerfer / Panzerfaust, Handgranaten, Pistolen etc. kriegt kein Terrorist durch die Flughafenkontrolle.
Die ReGIERung sollte langsam akzeptieren, dass wir mitdenken können - besser als die meisten verblendeten und macht- und geldgeilen Politiker.

Grenzen SCHLIEßEN UND dauerhaft BEWACHEN!!!

Dazu passend der heutige Bericht hier:
Terrorverdächtige auf dem Weg nach Deutschland festgenommen

http://www.gmx.net/magazine/panorama/attentat-paris/terrorverdaechtige-deutschland-festgenommen-31145742",False,True,True,"[{""role"": ""system"", ""content"": ""You are a legal expert for defamatory offenses according the the German Criminal Code (Â§Â§185-187 StGB). Help the user decide whether given posts fall within in the scope of these articles.""}, {""role"": ""user"", ""content"": ""Is the following post criminally relevant with respect to Â§Â§185-187 StGB (Defamatory Offense)? Answer only with 'True' (criminally relevant according to Â§Â§185-187 StGB) or 'False' (not criminally relevant according to Â§Â§185-187 StGB).""}, {""role"": ""user"", ""content"": ""Und - vor allem an alle Gutgläubigen unter uns - lasst Euch nicht erzählen, dass Terroristen nicht über die Land- oder Wasser-Fluchtrouten kommen, sondern so clever wären, dass sie mit dem Flugzeug First Class reisen würden. Das sind Beruhigungspillen für's Volk.\r\nEine oder viele Kalaschnikows und sogar den gefundenen Raketenwerfer / Panzerfaust, Handgranaten, Pistolen etc. kriegt kein Terrorist durch die Flughafenkontrolle.\r\nDie ReGIERung sollte langsam akzeptieren, dass wir mitdenken können - besser als die meisten verblendeten und macht- und geldgeilen Politiker.\r\n\r\nGrenzen SCHLIEßEN UND dauerhaft BEWACHEN!!!\r\n\r\nDazu passend der heutige Bericht hier:\r\nTerrorverdächtige auf dem Weg nach Deutschland festgenommen\r\n\r\nhttp://www.gmx.net/magazine/panorama/attentat-paris/terrorverdaechtige-deutschland-festgenommen-31145742""}]"
857874260917665,Das deutsche Volk hat damals Bescheid gewusst und man darf das nie vergessen das die deutschen dran schuld sind,False,False,False,"[{""role"": ""system"", ""content"": ""You are a legal expert for defamatory offenses according the the German Criminal Code (Â§Â§185-187 StGB). Help the user decide whether given posts fall within in the scope of these articles.""}, {""role"": ""user"", ""content"": ""Is the following post criminally relevant with respect to Â§Â§185-187 StGB (Defamatory Offense)? Answer only with 'True' (criminally relevant according to Â§Â§185-187 StGB) or 'False' (not criminally relevant according to Â§Â§185-187 StGB).""}, {""role"": ""user"", ""content"": ""Das deutsche Volk hat damals Bescheid gewusst und man darf das nie vergessen das die deutschen dran schuld sind""}]"
1108101355894953,"Polizei und/oder Politik ist nicht gewillt etwas gegen diese Terroristen im Links-grünen Gewand zu unternehmen, wenn wir es nicht selbst mal langsam in die Hand nehmen, wird sich auch nichts zum Positiven ändern.",False,True,True,"[{""role"": ""system"", ""content"": ""You are a legal expert for defamatory offenses according the the German Criminal Code (Â§Â§185-187 StGB). Help the user decide whether given posts fall within in the scope of these articles.""}, {""role"": ""user"", ""content"": ""Is the following post criminally relevant with respect to Â§Â§185-187 StGB (Defamatory Offense)? Answer only with 'True' (criminally relevant according to Â§Â§185-187 StGB) or 'False' (not criminally relevant according to Â§Â§185-187 StGB).""}, {""role"": ""user"", ""content"": ""Polizei und/oder Politik ist nicht gewillt etwas gegen diese Terroristen im Links-grünen Gewand zu unternehmen, wenn wir es nicht selbst mal langsam in die Hand nehmen, wird sich auch nichts zum Positiven ändern.""}]"
1011531405551949,Die belgier sind anscheinend mindestens genauso bekloppt wie die Deutschen.,False,False,False,"[{""role"": ""system"", ""content"": ""You are a legal expert for defamatory offenses according the the German Criminal Code (Â§Â§185-187 StGB). Help the user decide whether given posts fall within in the scope of these articles.""}, {""role"": ""user"", ""content"": ""Is the following post criminally relevant with respect to Â§Â§185-187 StGB (Defamatory Offense)? Answer only with 'True' (criminally relevant according to Â§Â§185-187 StGB) or 'False' (not criminally relevant according to Â§Â§185-187 StGB).""}, {""role"": ""user"", ""content"": ""Die belgier sind anscheinend mindestens genauso bekloppt wie die Deutschen.""}]"
1105428986162190,"für straßen- und Brückenbau und Spielplätze ist kein Geld da, aber für so einen sinnlosen sch. und wir dürfen es sicher auch noch zahlen vom Steuergeld. da hilft nur ein Streichholz.....",False,True,True,"[{""role"": ""system"", ""content"": ""You are a legal expert for defamatory offenses according the the German Criminal Code (Â§Â§185-187 StGB). Help the user decide whether given posts fall within in the scope of these articles.""}, {""role"": ""user"", ""content"": ""Is the following post criminally relevant with respect to Â§Â§185-187 StGB (Defamatory Offense)? Answer only with 'True' (criminally relevant according to Â§Â§185-187 StGB) or 'False' (not criminally relevant according to Â§Â§185-187 StGB).""}, {""role"": ""user"", ""content"": ""für straßen- und Brückenbau und Spielplätze ist kein Geld da, aber für so einen sinnlosen sch. und wir dürfen es sicher auch noch zahlen vom Steuergeld. da hilft nur ein Streichholz.....""}]"
1035122053192884,"Das aller letzte was ich tun werde, ist auf ein Ostdeutschen zu hören. Wie könnte ich euch ernst nehmen, immerhin habt ihr die Existenz der Banane erst in den 90ern entdeckt ??????",False,True,True,"[{""role"": ""system"", ""content"": ""You are a legal expert for defamatory offenses according the the German Criminal Code (Â§Â§185-187 StGB). Help the user decide whether given posts fall within in the scope of these articles.""}, {""role"": ""user"", ""content"": ""Is the following post criminally relevant with respect to Â§Â§185-187 StGB (Defamatory Offense)? Answer only with 'True' (criminally relevant according to Â§Â§185-187 StGB) or 'False' (not criminally relevant according to Â§Â§185-187 StGB).""}, {""role"": ""user"", ""content"": ""Das aller letzte was ich tun werde, ist auf ein Ostdeutschen zu hören. Wie könnte ich euch ernst nehmen, immerhin habt ihr die Existenz der Banane erst in den 90ern entdeckt ??????""}]"
1057726654265757,bei kohl und schröder(einheit u.agenda2010) hab ich gedacht schlimmer gehts nimmer! mit merkel wurde ich eines besseren belehrt.,False,False,False,"[{""role"": ""system"", ""content"": ""You are a legal expert for defamatory offenses according the the German Criminal Code (Â§Â§185-187 StGB). Help the user decide whether given posts fall within in the scope of these articles.""}, {""role"": ""user"", ""content"": ""Is the following post criminally relevant with respect to Â§Â§185-187 StGB (Defamatory Offense)? Answer only with 'True' (criminally relevant according to Â§Â§185-187 StGB) or 'False' (not criminally relevant according to Â§Â§185-187 StGB).""}, {""role"": ""user"", ""content"": ""bei kohl und schröder(einheit u.agenda2010) hab ich gedacht schlimmer gehts nimmer! mit merkel wurde ich eines besseren belehrt.""}]"
895012237203867,"Ich hatte dem Herrn Todenhöfer ein paar Zeilen über den Islam in seinen Block geschrieben. Meine Kommentare wurden entfernt und die Kommentarfunktion gesperrt. Der tolerante und vermutlich auch demokratische Herr Todenhöfer zeigt hier wie mit Leuten zu verfahren ist, die eine andere Meinung als er selbst vertreten. Ein echtes Leitbild unserer Gesllschaft also.",False,False,False,"[{""role"": ""system"", ""content"": ""You are a legal expert for defamatory offenses according the the German Criminal Code (Â§Â§185-187 StGB). Help the user decide whether given posts fall within in the scope of these articles.""}, {""role"": ""user"", ""content"": ""Is the following post criminally relevant with respect to Â§Â§185-187 StGB (Defamatory Offense)? Answer only with 'True' (criminally relevant according to Â§Â§185-187 StGB) or 'False' (not criminally relevant according to Â§Â§185-187 StGB).""}, {""role"": ""user"", ""content"": ""Ich hatte dem Herrn Todenhöfer ein paar Zeilen über den Islam in seinen Block geschrieben. Meine Kommentare wurden entfernt und die Kommentarfunktion gesperrt. Der tolerante und vermutlich auch demokratische Herr Todenhöfer zeigt hier wie mit Leuten zu verfahren ist, die eine andere Meinung als er selbst vertreten. Ein echtes Leitbild unserer Gesllschaft also.""}]"
1105649686140120,"Ich seh die Merkel schon vor meinem geistigen Auge in Burka auf der Kanzel stehen - aus Solidaritaet mit dem Islam. Und die Gutmenschen sind wie bloede am knechten, um ihre Unglaeubigensteuer abzuzahlen...",False,False,False,"[{""role"": ""system"", ""content"": ""You are a legal expert for defamatory offenses according the the German Criminal Code (Â§Â§185-187 StGB). Help the user decide whether given posts fall within in the scope of these articles.""}, {""role"": ""user"", ""content"": ""Is the following post criminally relevant with respect to Â§Â§185-187 StGB (Defamatory Offense)? Answer only with 'True' (criminally relevant according to Â§Â§185-187 StGB) or 'False' (not criminally relevant according to Â§Â§185-187 StGB).""}, {""role"": ""user"", ""content"": ""Ich seh die Merkel schon vor meinem geistigen Auge in Burka auf der Kanzel stehen - aus Solidaritaet mit dem Islam. Und die Gutmenschen sind wie bloede am knechten, um ihre Unglaeubigensteuer abzuzahlen...""}]"
1105439312827824,Wie War das doch gleich mal ... die Minarette sind die Speerspitze im Lande des Feindes ...,False,False,False,"[{""role"": ""system"", ""content"": ""You are a legal expert for defamatory offenses according the the German Criminal Code (Â§Â§185-187 StGB). Help the user decide whether given posts fall within in the scope of these articles.""}, {""role"": ""user"", ""content"": ""Is the following post criminally relevant with respect to Â§Â§185-187 StGB (Defamatory Offense)? Answer only with 'True' (criminally relevant according to Â§Â§185-187 StGB) or 'False' (not criminally relevant according to Â§Â§185-187 StGB).""}, {""role"": ""user"", ""content"": ""Wie War das doch gleich mal ... die Minarette sind die Speerspitze im Lande des Feindes ...""}]"
1791,Warum wird unser Waffengesetz nicht endlich geändert? Damit man sich bewaffnen und sich gegen diese tollwütigen Tiere wehren kann? Dann kann man die Viecher wenigstens umlegen kann wenn man angegriffen wird. Wollen Merkel und Co das wir Freiwild sind für die ganzen Affenmenschen?Das sind doch Intelligenzmäßig noch Neandertaler ohne menschlichen Verstand.,True,True,True,"[{""role"": ""system"", ""content"": ""You are a legal expert for defamatory offenses according the the German Criminal Code (Â§Â§185-187 StGB). Help the user decide whether given posts fall within in the scope of these articles.""}, {""role"": ""user"", ""content"": ""Is the following post criminally relevant with respect to Â§Â§185-187 StGB (Defamatory Offense)? Answer only with 'True' (criminally relevant according to Â§Â§185-187 StGB) or 'False' (not criminally relevant according to Â§Â§185-187 StGB).""}, {""role"": ""user"", ""content"": ""Warum wird unser Waffengesetz nicht endlich geändert? Damit man sich bewaffnen und sich gegen diese tollwütigen Tiere wehren kann? Dann kann man die Viecher wenigstens umlegen kann wenn man angegriffen wird. Wollen Merkel und Co das wir Freiwild sind für die ganzen Affenmenschen?Das sind doch Intelligenzmäßig noch Neandertaler ohne menschlichen Verstand.""}]"
1121604714544617,der islam ist rückschritt in reinnatur,False,False,False,"[{""role"": ""system"", ""content"": ""You are a legal expert for defamatory offenses according the the German Criminal Code (Â§Â§185-187 StGB). Help the user decide whether given posts fall within in the scope of these articles.""}, {""role"": ""user"", ""content"": ""Is the following post criminally relevant with respect to Â§Â§185-187 StGB (Defamatory Offense)? Answer only with 'True' (criminally relevant according to Â§Â§185-187 StGB) or 'False' (not criminally relevant according to Â§Â§185-187 StGB).""}, {""role"": ""user"", ""content"": ""der islam ist rückschritt in reinnatur""}]"
192,"Parteienwahlkampf &gt;&gt;&gt; Ich fühle mich richtig eingelullt, Versprechen, Vorhaben, hätten, könnten, wollten - wie immer, nichts als LÜGEN 😜",False,False,False,"[{""role"": ""system"", ""content"": ""You are a legal expert for defamatory offenses according the the German Criminal Code (Â§Â§185-187 StGB). Help the user decide whether given posts fall within in the scope of these articles.""}, {""role"": ""user"", ""content"": ""Is the following post criminally relevant with respect to Â§Â§185-187 StGB (Defamatory Offense)? Answer only with 'True' (criminally relevant according to Â§Â§185-187 StGB) or 'False' (not criminally relevant according to Â§Â§185-187 StGB).""}, {""role"": ""user"", ""content"": ""Parteienwahlkampf &gt;&gt;&gt; Ich fühle mich richtig eingelullt, Versprechen, Vorhaben, hätten, könnten, wollten - wie immer, nichts als LÜGEN 😜""}]"
748,...wie süß und entgegenkommend...das Auswärtige Amt nimmt Terminwünsche für den #Familiennachzug an. |LBR| Vielleicht holt man die Angehörigen auch einfach per shuttleservice direkt aus dem Herkunftsland ab. |LBR| Kannste Dir nicht ausdenken. |LBR| #N24,False,False,False,"[{""role"": ""system"", ""content"": ""You are a legal expert for defamatory offenses according the the German Criminal Code (Â§Â§185-187 StGB). Help the user decide whether given posts fall within in the scope of these articles.""}, {""role"": ""user"", ""content"": ""Is the following post criminally relevant with respect to Â§Â§185-187 StGB (Defamatory Offense)? Answer only with 'True' (criminally relevant according to Â§Â§185-187 StGB) or 'False' (not criminally relevant according to Â§Â§185-187 StGB).""}, {""role"": ""user"", ""content"": ""...wie süß und entgegenkommend...das Auswärtige Amt nimmt Terminwünsche für den #Familiennachzug an. |LBR| Vielleicht holt man die Angehörigen auch einfach per shuttleservice direkt aus dem Herkunftsland ab. |LBR| Kannste Dir nicht ausdenken. |LBR| #N24""}]"
1058217757549980,Macht die Bude endlich dicht !  Keine illegalen Asyl-Forderer mehr.,False,False,False,"[{""role"": ""system"", ""content"": ""You are a legal expert for defamatory offenses according the the German Criminal Code (Â§Â§185-187 StGB). Help the user decide whether given posts fall within in the scope of these articles.""}, {""role"": ""user"", ""content"": ""Is the following post criminally relevant with respect to Â§Â§185-187 StGB (Defamatory Offense)? Answer only with 'True' (criminally relevant according to Â§Â§185-187 StGB) or 'False' (not criminally relevant according to Â§Â§185-187 StGB).""}, {""role"": ""user"", ""content"": ""Macht die Bude endlich dicht !  Keine illegalen Asyl-Forderer mehr.""}]"
1080487628656326,"Thomas Kiehl keiner der EU Staaten muss Flüchtlinge aufnehmen ! Sonnst wär Merkels Deal geplatzt und was meinst du wer wird das bezahlen,natürlich der die show bestellt hat.",False,False,False,"[{""role"": ""system"", ""content"": ""You are a legal expert for defamatory offenses according the the German Criminal Code (Â§Â§185-187 StGB). Help the user decide whether given posts fall within in the scope of these articles.""}, {""role"": ""user"", ""content"": ""Is the following post criminally relevant with respect to Â§Â§185-187 StGB (Defamatory Offense)? Answer only with 'True' (criminally relevant according to Â§Â§185-187 StGB) or 'False' (not criminally relevant according to Â§Â§185-187 StGB).""}, {""role"": ""user"", ""content"": ""Thomas Kiehl keiner der EU Staaten muss Flüchtlinge aufnehmen ! Sonnst wär Merkels Deal geplatzt und was meinst du wer wird das bezahlen,natürlich der die show bestellt hat.""}]"
1063255133712909,Nach vier Jahren gibt es zur Belohnung einen deutschen Pass!,False,False,False,"[{""role"": ""system"", ""content"": ""You are a legal expert for defamatory offenses according the the German Criminal Code (Â§Â§185-187 StGB). Help the user decide whether given posts fall within in the scope of these articles.""}, {""role"": ""user"", ""content"": ""Is the following post criminally relevant with respect to Â§Â§185-187 StGB (Defamatory Offense)? Answer only with 'True' (criminally relevant according to Â§Â§185-187 StGB) or 'False' (not criminally relevant according to Â§Â§185-187 StGB).""}, {""role"": ""user"", ""content"": ""Nach vier Jahren gibt es zur Belohnung einen deutschen Pass!""}]"
982662171772206,Dafür machen die scheiß Kroaten freie Bahn. Balkan Pack,False,True,True,"[{""role"": ""system"", ""content"": ""You are a legal expert for defamatory offenses according the the German Criminal Code (Â§Â§185-187 StGB). Help the user decide whether given posts fall within in the scope of these articles.""}, {""role"": ""user"", ""content"": ""Is the following post criminally relevant with respect to Â§Â§185-187 StGB (Defamatory Offense)? Answer only with 'True' (criminally relevant according to Â§Â§185-187 StGB) or 'False' (not criminally relevant according to Â§Â§185-187 StGB).""}, {""role"": ""user"", ""content"": ""Dafür machen die scheiß Kroaten freie Bahn. Balkan Pack""}]"
855915294446895,"Michael Theben, du schreibst hier so einen Stuss, dass sich mir die Nackenhaare streuben. Wahrscheinlich bist Du genau so dämlich,  wie du auch aussiehst. Verschone uns bitte mit weiteren Geschichten, besser wäre noch, wenn du nach Syrien oder einen anderen deiner Lieblingsstaaten auswanderst. Auf einen Idioten mehr oder weniger kommt es da eh nicht an.",True,True,True,"[{""role"": ""system"", ""content"": ""You are a legal expert for defamatory offenses according the the German Criminal Code (Â§Â§185-187 StGB). Help the user decide whether given posts fall within in the scope of these articles.""}, {""role"": ""user"", ""content"": ""Is the following post criminally relevant with respect to Â§Â§185-187 StGB (Defamatory Offense)? Answer only with 'True' (criminally relevant according to Â§Â§185-187 StGB) or 'False' (not criminally relevant according to Â§Â§185-187 StGB).""}, {""role"": ""user"", ""content"": ""Michael Theben, du schreibst hier so einen Stuss, dass sich mir die Nackenhaare streuben. Wahrscheinlich bist Du genau so dämlich,  wie du auch aussiehst. Verschone uns bitte mit weiteren Geschichten, besser wäre noch, wenn du nach Syrien oder einen anderen deiner Lieblingsstaaten auswanderst. Auf einen Idioten mehr oder weniger kommt es da eh nicht an.""}]"
856914051013686,"Ansichten diskutieren ist eine Sache, unsinniges monotones Gewäsch ohn die Grundlage jeglicher Lebenserfahrung und Hirn ablassen, die andere...Grönermeier ist der Musiker der CDU, jeder Idiot findet ihn gut,,,deswegen ist es besser wenn keiner von Pegida dieser Schwuchtel zuhört, sorry",True,True,True,"[{""role"": ""system"", ""content"": ""You are a legal expert for defamatory offenses according the the German Criminal Code (Â§Â§185-187 StGB). Help the user decide whether given posts fall within in the scope of these articles.""}, {""role"": ""user"", ""content"": ""Is the following post criminally relevant with respect to Â§Â§185-187 StGB (Defamatory Offense)? Answer only with 'True' (criminally relevant according to Â§Â§185-187 StGB) or 'False' (not criminally relevant according to Â§Â§185-187 StGB).""}, {""role"": ""user"", ""content"": ""Ansichten diskutieren ist eine Sache, unsinniges monotones Gewäsch ohn die Grundlage jeglicher Lebenserfahrung und Hirn ablassen, die andere...Grönermeier ist der Musiker der CDU, jeder Idiot findet ihn gut,,,deswegen ist es besser wenn keiner von Pegida dieser Schwuchtel zuhört, sorry""}]"
1055074394530983,"#PEGIDA #InformiertEuch #AufDieStraße #GrenzenDICHT #FestungEuropa #FortressEurope

Und da sind die afrikanischen Völkerwanderer noch nicht einmal mit eingerechnet, wie gesagt, sobald es Frühjahr/Sommer wird, bricht das blanke Chaos aus, dagegen war 2015 NICHTS! 

Jeder sollte sich dieses Video anschauen und dann mal drüber nachdenken! (y)

https://www.youtube.com/watch?v=zNERcF1J1uY

(...)Fluchtwelle: Noch 8 bis 10 Millionen Syrer und Iraker unterwegs

Die größten Fluchtbewegungen stünden uns noch bevor, sagt Gerd Müller gegenüber der Bild-Zeitung. “Afrikas Bevölkerung wird sich in den nächsten Jahrzehnten verdoppeln.""(...)",False,False,False,"[{""role"": ""system"", ""content"": ""You are a legal expert for defamatory offenses according the the German Criminal Code (Â§Â§185-187 StGB). Help the user decide whether given posts fall within in the scope of these articles.""}, {""role"": ""user"", ""content"": ""Is the following post criminally relevant with respect to Â§Â§185-187 StGB (Defamatory Offense)? Answer only with 'True' (criminally relevant according to Â§Â§185-187 StGB) or 'False' (not criminally relevant according to Â§Â§185-187 StGB).""}, {""role"": ""user"", ""content"": ""#PEGIDA #InformiertEuch #AufDieStraße #GrenzenDICHT #FestungEuropa #FortressEurope\r\n\r\nUnd da sind die afrikanischen Völkerwanderer noch nicht einmal mit eingerechnet, wie gesagt, sobald es Frühjahr/Sommer wird, bricht das blanke Chaos aus, dagegen war 2015 NICHTS! \r\n\r\nJeder sollte sich dieses Video anschauen und dann mal drüber nachdenken! (y)\r\n\r\nhttps://www.youtube.com/watch?v=zNERcF1J1uY\r\n\r\n(...)Fluchtwelle: Noch 8 bis 10 Millionen Syrer und Iraker unterwegs\r\n\r\nDie größten Fluchtbewegungen stünden uns noch bevor, sagt Gerd Müller gegenüber der Bild-Zeitung. “Afrikas Bevölkerung wird sich in den nächsten Jahrzehnten verdoppeln.\""(...)""}]"
982677471770676,Die Flüchtlinge legen doch am ungarischem Zaun auch eine Aggressivität an den Tag.... die so nicht normal ist. Werfen Steine gegen die ungarischen Grenzposten usw..... Was machen die mit Deutschland... und uns.... wenn es dann auch nicht nach denen Ihrer Nase geht. Und Sie hier nicht das bekommen was sie sich erhoffen. So geht es nämlich auch nicht.,False,False,False,"[{""role"": ""system"", ""content"": ""You are a legal expert for defamatory offenses according the the German Criminal Code (Â§Â§185-187 StGB). Help the user decide whether given posts fall within in the scope of these articles.""}, {""role"": ""user"", ""content"": ""Is the following post criminally relevant with respect to Â§Â§185-187 StGB (Defamatory Offense)? Answer only with 'True' (criminally relevant according to Â§Â§185-187 StGB) or 'False' (not criminally relevant according to Â§Â§185-187 StGB).""}, {""role"": ""user"", ""content"": ""Die Flüchtlinge legen doch am ungarischem Zaun auch eine Aggressivität an den Tag.... die so nicht normal ist. Werfen Steine gegen die ungarischen Grenzposten usw..... Was machen die mit Deutschland... und uns.... wenn es dann auch nicht nach denen Ihrer Nase geht. Und Sie hier nicht das bekommen was sie sich erhoffen. So geht es nämlich auch nicht.""}]"
894985840539840,PR-Gag oder Hirn gestohlen von IS,False,True,True,"[{""role"": ""system"", ""content"": ""You are a legal expert for defamatory offenses according the the German Criminal Code (Â§Â§185-187 StGB). Help the user decide whether given posts fall within in the scope of these articles.""}, {""role"": ""user"", ""content"": ""Is the following post criminally relevant with respect to Â§Â§185-187 StGB (Defamatory Offense)? Answer only with 'True' (criminally relevant according to Â§Â§185-187 StGB) or 'False' (not criminally relevant according to Â§Â§185-187 StGB).""}, {""role"": ""user"", ""content"": ""PR-Gag oder Hirn gestohlen von IS""}]"
1152541824784239,"Dieser Verein profitiert doch sehr gut von dem Geschäft mit unseren neuen ""Bereicherungen"". Deswegen spielen die Frau M. irres Spiel mit. Sollten sich in Islamisten-Wohlfahrts-Organisation umbenennen.",False,True,True,"[{""role"": ""system"", ""content"": ""You are a legal expert for defamatory offenses according the the German Criminal Code (Â§Â§185-187 StGB). Help the user decide whether given posts fall within in the scope of these articles.""}, {""role"": ""user"", ""content"": ""Is the following post criminally relevant with respect to Â§Â§185-187 StGB (Defamatory Offense)? Answer only with 'True' (criminally relevant according to Â§Â§185-187 StGB) or 'False' (not criminally relevant according to Â§Â§185-187 StGB).""}, {""role"": ""user"", ""content"": ""Dieser Verein profitiert doch sehr gut von dem Geschäft mit unseren neuen \""Bereicherungen\"". Deswegen spielen die Frau M. irres Spiel mit. Sollten sich in Islamisten-Wohlfahrts-Organisation umbenennen.""}]"
856818074356617,geb du lieber mal ein.......linke drecksgewalttäter ...gegen friedliche bürger....,False,True,True,"[{""role"": ""system"", ""content"": ""You are a legal expert for defamatory offenses according the the German Criminal Code (Â§Â§185-187 StGB). Help the user decide whether given posts fall within in the scope of these articles.""}, {""role"": ""user"", ""content"": ""Is the following post criminally relevant with respect to Â§Â§185-187 StGB (Defamatory Offense)? Answer only with 'True' (criminally relevant according to Â§Â§185-187 StGB) or 'False' (not criminally relevant according to Â§Â§185-187 StGB).""}, {""role"": ""user"", ""content"": ""geb du lieber mal ein.......linke drecksgewalttäter ...gegen friedliche bürger....""}]"
882035785168179,Der Herr Mürwitz ist einfach nur ein Troll. Einfach links liegen lassen .,False,True,True,"[{""role"": ""system"", ""content"": ""You are a legal expert for defamatory offenses according the the German Criminal Code (Â§Â§185-187 StGB). Help the user decide whether given posts fall within in the scope of these articles.""}, {""role"": ""user"", ""content"": ""Is the following post criminally relevant with respect to Â§Â§185-187 StGB (Defamatory Offense)? Answer only with 'True' (criminally relevant according to Â§Â§185-187 StGB) or 'False' (not criminally relevant according to Â§Â§185-187 StGB).""}, {""role"": ""user"", ""content"": ""Der Herr Mürwitz ist einfach nur ein Troll. Einfach links liegen lassen .""}]"
960980247273732,"Korrekt Leo Mania, hinter Pegida und Konsorten steckt wirklich nur Abschaum und arbeitsscheues Gesindel, gut erkannt",False,True,True,"[{""role"": ""system"", ""content"": ""You are a legal expert for defamatory offenses according the the German Criminal Code (Â§Â§185-187 StGB). Help the user decide whether given posts fall within in the scope of these articles.""}, {""role"": ""user"", ""content"": ""Is the following post criminally relevant with respect to Â§Â§185-187 StGB (Defamatory Offense)? Answer only with 'True' (criminally relevant according to Â§Â§185-187 StGB) or 'False' (not criminally relevant according to Â§Â§185-187 StGB).""}, {""role"": ""user"", ""content"": ""Korrekt Leo Mania, hinter Pegida und Konsorten steckt wirklich nur Abschaum und arbeitsscheues Gesindel, gut erkannt""}]"
894661067238984,"Das war's mit seinem Job als Journalist, unter diesen Umständen kann man keine korrekte Berichterstattung mehr erwarten.",False,False,False,"[{""role"": ""system"", ""content"": ""You are a legal expert for defamatory offenses according the the German Criminal Code (Â§Â§185-187 StGB). Help the user decide whether given posts fall within in the scope of these articles.""}, {""role"": ""user"", ""content"": ""Is the following post criminally relevant with respect to Â§Â§185-187 StGB (Defamatory Offense)? Answer only with 'True' (criminally relevant according to Â§Â§185-187 StGB) or 'False' (not criminally relevant according to Â§Â§185-187 StGB).""}, {""role"": ""user"", ""content"": ""Das war's mit seinem Job als Journalist, unter diesen Umständen kann man keine korrekte Berichterstattung mehr erwarten.""}]"
163,"Erneut Bekanntschaft mit linkem Philosemitismus aus #Deutschland, der bevormundet, gemacht. Meinen kritischen Retweet der #Neonazis vom »3. Weg« warf man mir sogar als Sympathie vor. Dass diese Partei doch gegen #Juden sei, erklärte man mir oberlehrerhaft. Was ein Shmock!",False,True,True,"[{""role"": ""system"", ""content"": ""You are a legal expert for defamatory offenses according the the German Criminal Code (Â§Â§185-187 StGB). Help the user decide whether given posts fall within in the scope of these articles.""}, {""role"": ""user"", ""content"": ""Is the following post criminally relevant with respect to Â§Â§185-187 StGB (Defamatory Offense)? Answer only with 'True' (criminally relevant according to Â§Â§185-187 StGB) or 'False' (not criminally relevant according to Â§Â§185-187 StGB).""}, {""role"": ""user"", ""content"": ""Erneut Bekanntschaft mit linkem Philosemitismus aus #Deutschland, der bevormundet, gemacht. Meinen kritischen Retweet der #Neonazis vom »3. Weg« warf man mir sogar als Sympathie vor. Dass diese Partei doch gegen #Juden sei, erklärte man mir oberlehrerhaft. Was ein Shmock!""}]"
1011498575555232,"Heute morgen auf Radio Gütersloh: Gestern haben im Kreis Gütersloh 3 Flüchtlinge versucht andere Flüchtlinge für den IS anzuwerben! Konsequenzen: Zur ""Strafe"" wurden die drei in andere Unterkünfte verteilt! Sind die jetzt völlig wahnsinnig geworden? Diese Regierung ist völlig unfähig! Abschieben wäre die richtige Antwort gewesen!",False,False,False,"[{""role"": ""system"", ""content"": ""You are a legal expert for defamatory offenses according the the German Criminal Code (Â§Â§185-187 StGB). Help the user decide whether given posts fall within in the scope of these articles.""}, {""role"": ""user"", ""content"": ""Is the following post criminally relevant with respect to Â§Â§185-187 StGB (Defamatory Offense)? Answer only with 'True' (criminally relevant according to Â§Â§185-187 StGB) or 'False' (not criminally relevant according to Â§Â§185-187 StGB).""}, {""role"": ""user"", ""content"": ""Heute morgen auf Radio Gütersloh: Gestern haben im Kreis Gütersloh 3 Flüchtlinge versucht andere Flüchtlinge für den IS anzuwerben! Konsequenzen: Zur \""Strafe\"" wurden die drei in andere Unterkünfte verteilt! Sind die jetzt völlig wahnsinnig geworden? Diese Regierung ist völlig unfähig! Abschieben wäre die richtige Antwort gewesen!""}]"
1541,"Den beiden Herren auf dem Foto sollte man regelmässig einen Booster-Einlauf verpassen, das ist die geeignete Spritze für A…schlöcher.",True,True,True,"[{""role"": ""system"", ""content"": ""You are a legal expert for defamatory offenses according the the German Criminal Code (Â§Â§185-187 StGB). Help the user decide whether given posts fall within in the scope of these articles.""}, {""role"": ""user"", ""content"": ""Is the following post criminally relevant with respect to Â§Â§185-187 StGB (Defamatory Offense)? Answer only with 'True' (criminally relevant according to Â§Â§185-187 StGB) or 'False' (not criminally relevant according to Â§Â§185-187 StGB).""}, {""role"": ""user"", ""content"": ""Den beiden Herren auf dem Foto sollte man regelmässig einen Booster-Einlauf verpassen, das ist die geeignete Spritze für A…schlöcher.""}]"
894899097215181,"Todenhöfer lügt. Lügenpresse.
Das geht schon mit der Zahl 180 los.
Es sind 60, die anderen 120 wurden von Ausländern ermordet.
Das kann man sogar im linksversifften Wiki nachlesen.
Und das ist nicht die einzige Lüge in seinem ""um 2 Ecken"" Pamphlet.",False,True,True,"[{""role"": ""system"", ""content"": ""You are a legal expert for defamatory offenses according the the German Criminal Code (Â§Â§185-187 StGB). Help the user decide whether given posts fall within in the scope of these articles.""}, {""role"": ""user"", ""content"": ""Is the following post criminally relevant with respect to Â§Â§185-187 StGB (Defamatory Offense)? Answer only with 'True' (criminally relevant according to Â§Â§185-187 StGB) or 'False' (not criminally relevant according to Â§Â§185-187 StGB).""}, {""role"": ""user"", ""content"": ""Todenhöfer lügt. Lügenpresse.\r\nDas geht schon mit der Zahl 180 los.\r\nEs sind 60, die anderen 120 wurden von Ausländern ermordet.\r\nDas kann man sogar im linksversifften Wiki nachlesen.\r\nUnd das ist nicht die einzige Lüge in seinem \""um 2 Ecken\"" Pamphlet.""}]"
1067815666590189,"Bitte, bitte, Klaus Ehm, nicht Merkelchen schreiben! Da denkt man an ein süßes kleines Ferkelchen. Für uns ist es eine hässliche, verlogene, schandhafte Frau!",True,True,True,"[{""role"": ""system"", ""content"": ""You are a legal expert for defamatory offenses according the the German Criminal Code (Â§Â§185-187 StGB). Help the user decide whether given posts fall within in the scope of these articles.""}, {""role"": ""user"", ""content"": ""Is the following post criminally relevant with respect to Â§Â§185-187 StGB (Defamatory Offense)? Answer only with 'True' (criminally relevant according to Â§Â§185-187 StGB) or 'False' (not criminally relevant according to Â§Â§185-187 StGB).""}, {""role"": ""user"", ""content"": ""Bitte, bitte, Klaus Ehm, nicht Merkelchen schreiben! Da denkt man an ein süßes kleines Ferkelchen. Für uns ist es eine hässliche, verlogene, schandhafte Frau!""}]"
982682638436826,Steine werfende Flüchtlinge -gut und Ungarn die sich verteidigen und ihre Grenzen sichern-böse! Absolut lachhaft - jetzt wacht endlich mal auf gutmenschen-solche Bilder werden wir bei uns auch bald sehen wenn die sog Flüchtlinge nicht kriegen was sie wollen,False,False,False,"[{""role"": ""system"", ""content"": ""You are a legal expert for defamatory offenses according the the German Criminal Code (Â§Â§185-187 StGB). Help the user decide whether given posts fall within in the scope of these articles.""}, {""role"": ""user"", ""content"": ""Is the following post criminally relevant with respect to Â§Â§185-187 StGB (Defamatory Offense)? Answer only with 'True' (criminally relevant according to Â§Â§185-187 StGB) or 'False' (not criminally relevant according to Â§Â§185-187 StGB).""}, {""role"": ""user"", ""content"": ""Steine werfende Flüchtlinge -gut und Ungarn die sich verteidigen und ihre Grenzen sichern-böse! Absolut lachhaft - jetzt wacht endlich mal auf gutmenschen-solche Bilder werden wir bei uns auch bald sehen wenn die sog Flüchtlinge nicht kriegen was sie wollen""}]"
370,@RamazanAkbas37 @welt Mit verlaub würde Dummheit Quietschen müssten Sie den ganzen Tag mit einer Öl Kanne herum laufen. Da 95% der Türkei in Asien liegt ist das reines Wunsch denken. Die NATO und EU braucht die Türkei nicht.,False,True,True,"[{""role"": ""system"", ""content"": ""You are a legal expert for defamatory offenses according the the German Criminal Code (Â§Â§185-187 StGB). Help the user decide whether given posts fall within in the scope of these articles.""}, {""role"": ""user"", ""content"": ""Is the following post criminally relevant with respect to Â§Â§185-187 StGB (Defamatory Offense)? Answer only with 'True' (criminally relevant according to Â§Â§185-187 StGB) or 'False' (not criminally relevant according to Â§Â§185-187 StGB).""}, {""role"": ""user"", ""content"": ""@RamazanAkbas37 @welt Mit verlaub würde Dummheit Quietschen müssten Sie den ganzen Tag mit einer Öl Kanne herum laufen. Da 95% der Türkei in Asien liegt ist das reines Wunsch denken. Die NATO und EU braucht die Türkei nicht.""}]"
1011570408881382,"Semira Semi Alsharawi Mal wieder ein falscher Griff in die Kiste! Das waren DEUTSCHE ! Allein der Vergleich disqualifiziert Sie schon ! Setzen Sie sich lieber dafür ein, das Muslime im arabischen Raum mehr für diese Flüchtlinge tun ! Protestieren Sie doch mal in Saudi Arabien oder so !",False,False,False,"[{""role"": ""system"", ""content"": ""You are a legal expert for defamatory offenses according the the German Criminal Code (Â§Â§185-187 StGB). Help the user decide whether given posts fall within in the scope of these articles.""}, {""role"": ""user"", ""content"": ""Is the following post criminally relevant with respect to Â§Â§185-187 StGB (Defamatory Offense)? Answer only with 'True' (criminally relevant according to Â§Â§185-187 StGB) or 'False' (not criminally relevant according to Â§Â§185-187 StGB).""}, {""role"": ""user"", ""content"": ""Semira Semi Alsharawi Mal wieder ein falscher Griff in die Kiste! Das waren DEUTSCHE ! Allein der Vergleich disqualifiziert Sie schon ! Setzen Sie sich lieber dafür ein, das Muslime im arabischen Raum mehr für diese Flüchtlinge tun ! Protestieren Sie doch mal in Saudi Arabien oder so !""}]"
345,"Sag, was du denkst. |LBR| Wertschätze, was dir kostbar ist. |LBR| Verteidige, was du liebst. |LBR| Wünsche Euch einen Sonntag!",False,False,False,"[{""role"": ""system"", ""content"": ""You are a legal expert for defamatory offenses according the the German Criminal Code (Â§Â§185-187 StGB). Help the user decide whether given posts fall within in the scope of these articles.""}, {""role"": ""user"", ""content"": ""Is the following post criminally relevant with respect to Â§Â§185-187 StGB (Defamatory Offense)? Answer only with 'True' (criminally relevant according to Â§Â§185-187 StGB) or 'False' (not criminally relevant according to Â§Â§185-187 StGB).""}, {""role"": ""user"", ""content"": ""Sag, was du denkst. |LBR| Wertschätze, was dir kostbar ist. |LBR| Verteidige, was du liebst. |LBR| Wünsche Euch einen Sonntag!""}]"
1011479098890513,"1. Focus Falschmeldung, gestern ist erst im Radio gekommen, solche Falschmeldungen seien Volksverhetzung und strafbar. Also wo ist die Anzeige? 

2. Mehrere Personen ein uns ausgegangen? Im Hotel? Wenn es keine Terroristen sind, dann ist es eben eine andere Kriminelle Organisation.  Ob ich nun von nem  Kameltreiber in die Luft gejagt werde weil er seinem pedofilen Profeten nacheifern oder weil er nen geldtransporter sprengen wollte spielt nun keine große rolle.

3. Die konnten mit den eigenen Autos abhauen? Wird sowas nicht als erstes verhindert? Aber die Münchner Polizei ist ja vermutlich netmal in der Lage. Einen 6 jährigen Bub daran zu hindern nen lutscher zu klauen. 

4. Und man wird nie erfahren was es wirklich war und die Blümchenpflücken in München werden weiter jubeln. Die würden noch junbeln wärend sie von den Kameltreibern abgeschlachtet werden.",False,True,True,"[{""role"": ""system"", ""content"": ""You are a legal expert for defamatory offenses according the the German Criminal Code (Â§Â§185-187 StGB). Help the user decide whether given posts fall within in the scope of these articles.""}, {""role"": ""user"", ""content"": ""Is the following post criminally relevant with respect to Â§Â§185-187 StGB (Defamatory Offense)? Answer only with 'True' (criminally relevant according to Â§Â§185-187 StGB) or 'False' (not criminally relevant according to Â§Â§185-187 StGB).""}, {""role"": ""user"", ""content"": ""1. Focus Falschmeldung, gestern ist erst im Radio gekommen, solche Falschmeldungen seien Volksverhetzung und strafbar. Also wo ist die Anzeige? \r\n\r\n2. Mehrere Personen ein uns ausgegangen? Im Hotel? Wenn es keine Terroristen sind, dann ist es eben eine andere Kriminelle Organisation.  Ob ich nun von nem  Kameltreiber in die Luft gejagt werde weil er seinem pedofilen Profeten nacheifern oder weil er nen geldtransporter sprengen wollte spielt nun keine große rolle.\r\n\r\n3. Die konnten mit den eigenen Autos abhauen? Wird sowas nicht als erstes verhindert? Aber die Münchner Polizei ist ja vermutlich netmal in der Lage. Einen 6 jährigen Bub daran zu hindern nen lutscher zu klauen. \r\n\r\n4. Und man wird nie erfahren was es wirklich war und die Blümchenpflücken in München werden weiter jubeln. Die würden noch junbeln wärend sie von den Kameltreibern abgeschlachtet werden.""}]"
1389,was für ein korruptes geschmiertes Politarschloch!,True,True,True,"[{""role"": ""system"", ""content"": ""You are a legal expert for defamatory offenses according the the German Criminal Code (Â§Â§185-187 StGB). Help the user decide whether given posts fall within in the scope of these articles.""}, {""role"": ""user"", ""content"": ""Is the following post criminally relevant with respect to Â§Â§185-187 StGB (Defamatory Offense)? Answer only with 'True' (criminally relevant according to Â§Â§185-187 StGB) or 'False' (not criminally relevant according to Â§Â§185-187 StGB).""}, {""role"": ""user"", ""content"": ""was für ein korruptes geschmiertes Politarschloch!""}]"
1134091833295905,Diese behinderte olle ...,True,True,True,"[{""role"": ""system"", ""content"": ""You are a legal expert for defamatory offenses according the the German Criminal Code (Â§Â§185-187 StGB). Help the user decide whether given posts fall within in the scope of these articles.""}, {""role"": ""user"", ""content"": ""Is the following post criminally relevant with respect to Â§Â§185-187 StGB (Defamatory Offense)? Answer only with 'True' (criminally relevant according to Â§Â§185-187 StGB) or 'False' (not criminally relevant according to Â§Â§185-187 StGB).""}, {""role"": ""user"", ""content"": ""Diese behinderte olle ...""}]"
1134215903283498,"Ich erinnere mich bei dieser Gelegenheit an das Märchen von Hänsel und Gretel, da bat Gretel die böse Hexe zuerst in den Ofen zu klettern um die Temperatur zu prüfen um sie dann gepflegt im Ofen zu braten,genau das und nichts anderes empfehle ich auch mit Frau Merkel zu machen wär doch mal ne Maßnahme! ??????",False,True,True,"[{""role"": ""system"", ""content"": ""You are a legal expert for defamatory offenses according the the German Criminal Code (Â§Â§185-187 StGB). Help the user decide whether given posts fall within in the scope of these articles.""}, {""role"": ""user"", ""content"": ""Is the following post criminally relevant with respect to Â§Â§185-187 StGB (Defamatory Offense)? Answer only with 'True' (criminally relevant according to Â§Â§185-187 StGB) or 'False' (not criminally relevant according to Â§Â§185-187 StGB).""}, {""role"": ""user"", ""content"": ""Ich erinnere mich bei dieser Gelegenheit an das Märchen von Hänsel und Gretel, da bat Gretel die böse Hexe zuerst in den Ofen zu klettern um die Temperatur zu prüfen um sie dann gepflegt im Ofen zu braten,genau das und nichts anderes empfehle ich auch mit Frau Merkel zu machen wär doch mal ne Maßnahme! ??????""}]"
876630312375393,Fock Islam,False,False,False,"[{""role"": ""system"", ""content"": ""You are a legal expert for defamatory offenses according the the German Criminal Code (Â§Â§185-187 StGB). Help the user decide whether given posts fall within in the scope of these articles.""}, {""role"": ""user"", ""content"": ""Is the following post criminally relevant with respect to Â§Â§185-187 StGB (Defamatory Offense)? Answer only with 'True' (criminally relevant according to Â§Â§185-187 StGB) or 'False' (not criminally relevant according to Â§Â§185-187 StGB).""}, {""role"": ""user"", ""content"": ""Fock Islam""}]"
1013330305372059,Mir gehen die tierisch auf den Sack überall einmischen und nichts leisten . Vor wem haben die denn mehr Angst vor den sogenannten Nazis oder den armen harmlosen schutzsuchenden wie sie neuerdings in den Medien genannt werden.,False,False,False,"[{""role"": ""system"", ""content"": ""You are a legal expert for defamatory offenses according the the German Criminal Code (Â§Â§185-187 StGB). Help the user decide whether given posts fall within in the scope of these articles.""}, {""role"": ""user"", ""content"": ""Is the following post criminally relevant with respect to Â§Â§185-187 StGB (Defamatory Offense)? Answer only with 'True' (criminally relevant according to Â§Â§185-187 StGB) or 'False' (not criminally relevant according to Â§Â§185-187 StGB).""}, {""role"": ""user"", ""content"": ""Mir gehen die tierisch auf den Sack überall einmischen und nichts leisten . Vor wem haben die denn mehr Angst vor den sogenannten Nazis oder den armen harmlosen schutzsuchenden wie sie neuerdings in den Medien genannt werden.""}]"
883,"Seehofer, als ehemaliger Hauptschüler sollten Sie jetzt die Überlegenheit eines Akademikers anerkennen. Ab mit Ihnen in den Ruhestand. |LBR| Die Zeit ist abgelaufen.",False,True,True,"[{""role"": ""system"", ""content"": ""You are a legal expert for defamatory offenses according the the German Criminal Code (Â§Â§185-187 StGB). Help the user decide whether given posts fall within in the scope of these articles.""}, {""role"": ""user"", ""content"": ""Is the following post criminally relevant with respect to Â§Â§185-187 StGB (Defamatory Offense)? Answer only with 'True' (criminally relevant according to Â§Â§185-187 StGB) or 'False' (not criminally relevant according to Â§Â§185-187 StGB).""}, {""role"": ""user"", ""content"": ""Seehofer, als ehemaliger Hauptschüler sollten Sie jetzt die Überlegenheit eines Akademikers anerkennen. Ab mit Ihnen in den Ruhestand. |LBR| Die Zeit ist abgelaufen.""}]"
1113847901986965,"Die AfD ist die einzige Partei in Deutschland, welche sie Wahrheit über den Islam verbreitet!
VIELEN DANK DAFÜR!
Jetzt wird allmählich auch der Wahlmichel wach!
Jede Abartigkeit der Islamisten wird der AfD zukünftig Wahlstimmen bringen!
Das können  der Altparteien der CDU/CSU/SPD/FDP/SED/Grünen noch so viel zetern!
Mit dem islamkritischen Thema wird die AfD vermutlich bald die absolute Mehrheit in den Parlamenten erreichen, weil die linken Dämlacks keine Koalitionen zulassen!
Danach werden endlich Rückführungsprogramme durchgeführt!
Wir sollten inzwischen alles dafür tun, dass Islamisten sich bei uns nicht mehr wohl fühlen und möglichst von alleine wieder abhauen!",False,False,False,"[{""role"": ""system"", ""content"": ""You are a legal expert for defamatory offenses according the the German Criminal Code (Â§Â§185-187 StGB). Help the user decide whether given posts fall within in the scope of these articles.""}, {""role"": ""user"", ""content"": ""Is the following post criminally relevant with respect to Â§Â§185-187 StGB (Defamatory Offense)? Answer only with 'True' (criminally relevant according to Â§Â§185-187 StGB) or 'False' (not criminally relevant according to Â§Â§185-187 StGB).""}, {""role"": ""user"", ""content"": ""Die AfD ist die einzige Partei in Deutschland, welche sie Wahrheit über den Islam verbreitet!\r\nVIELEN DANK DAFÜR!\r\nJetzt wird allmählich auch der Wahlmichel wach!\r\nJede Abartigkeit der Islamisten wird der AfD zukünftig Wahlstimmen bringen!\r\nDas können  der Altparteien der CDU/CSU/SPD/FDP/SED/Grünen noch so viel zetern!\r\nMit dem islamkritischen Thema wird die AfD vermutlich bald die absolute Mehrheit in den Parlamenten erreichen, weil die linken Dämlacks keine Koalitionen zulassen!\r\nDanach werden endlich Rückführungsprogramme durchgeführt!\r\nWir sollten inzwischen alles dafür tun, dass Islamisten sich bei uns nicht mehr wohl fühlen und möglichst von alleine wieder abhauen!""}]"
1643,Genau wie du fetter huso hahahahahaha,True,True,True,"[{""role"": ""system"", ""content"": ""You are a legal expert for defamatory offenses according the the German Criminal Code (Â§Â§185-187 StGB). Help the user decide whether given posts fall within in the scope of these articles.""}, {""role"": ""user"", ""content"": ""Is the following post criminally relevant with respect to Â§Â§185-187 StGB (Defamatory Offense)? Answer only with 'True' (criminally relevant according to Â§Â§185-187 StGB) or 'False' (not criminally relevant according to Â§Â§185-187 StGB).""}, {""role"": ""user"", ""content"": ""Genau wie du fetter huso hahahahahaha""}]"
856806221024469,"Vielleicht kann man dann ja auch mal vor uns ""Deutschen"" warnen, die wir die Leichen von Neugeborenen in Blumenkübeln verschachern, Frauen vergewaltigen, um sie anschließend zu zerstückeln, etc. Material gibt's da auch wöchentlich.",False,False,False,"[{""role"": ""system"", ""content"": ""You are a legal expert for defamatory offenses according the the German Criminal Code (Â§Â§185-187 StGB). Help the user decide whether given posts fall within in the scope of these articles.""}, {""role"": ""user"", ""content"": ""Is the following post criminally relevant with respect to Â§Â§185-187 StGB (Defamatory Offense)? Answer only with 'True' (criminally relevant according to Â§Â§185-187 StGB) or 'False' (not criminally relevant according to Â§Â§185-187 StGB).""}, {""role"": ""user"", ""content"": ""Vielleicht kann man dann ja auch mal vor uns \""Deutschen\"" warnen, die wir die Leichen von Neugeborenen in Blumenkübeln verschachern, Frauen vergewaltigen, um sie anschließend zu zerstückeln, etc. Material gibt's da auch wöchentlich.""}]"
1152575828114172,Nazi-Methoden? Nein! Sehr viel schlimmer. Heute nennt man das Demokratie!,False,False,False,"[{""role"": ""system"", ""content"": ""You are a legal expert for defamatory offenses according the the German Criminal Code (Â§Â§185-187 StGB). Help the user decide whether given posts fall within in the scope of these articles.""}, {""role"": ""user"", ""content"": ""Is the following post criminally relevant with respect to Â§Â§185-187 StGB (Defamatory Offense)? Answer only with 'True' (criminally relevant according to Â§Â§185-187 StGB) or 'False' (not criminally relevant according to Â§Â§185-187 StGB).""}, {""role"": ""user"", ""content"": ""Nazi-Methoden? Nein! Sehr viel schlimmer. Heute nennt man das Demokratie!""}]"
1037,#Özdemir und #Peter von der #Grünen Sekte treten nicht mehr an. Noch mehr gute Nachrichten von dort? KGE oder Conchita? |LBR| #OhneGrünelebtsichsbesser,False,True,True,"[{""role"": ""system"", ""content"": ""You are a legal expert for defamatory offenses according the the German Criminal Code (Â§Â§185-187 StGB). Help the user decide whether given posts fall within in the scope of these articles.""}, {""role"": ""user"", ""content"": ""Is the following post criminally relevant with respect to Â§Â§185-187 StGB (Defamatory Offense)? Answer only with 'True' (criminally relevant according to Â§Â§185-187 StGB) or 'False' (not criminally relevant according to Â§Â§185-187 StGB).""}, {""role"": ""user"", ""content"": ""#Özdemir und #Peter von der #Grünen Sekte treten nicht mehr an. Noch mehr gute Nachrichten von dort? KGE oder Conchita? |LBR| #OhneGrünelebtsichsbesser""}]"
443,"@Anne_Zielisch @AfD_HD Bald haben wir in Berlin Einen Imam als Bürgermeister.RRG haben abgewirtschaftet .Am besten wäre es wenn wir eine Mauer um Berlin ziehen,um das Pack mitsamt der Meck-Pomm Schlampe zu isolieren ,aber bitte keine Care-Paketflieger schicken!",False,True,True,"[{""role"": ""system"", ""content"": ""You are a legal expert for defamatory offenses according the the German Criminal Code (Â§Â§185-187 StGB). Help the user decide whether given posts fall within in the scope of these articles.""}, {""role"": ""user"", ""content"": ""Is the following post criminally relevant with respect to Â§Â§185-187 StGB (Defamatory Offense)? Answer only with 'True' (criminally relevant according to Â§Â§185-187 StGB) or 'False' (not criminally relevant according to Â§Â§185-187 StGB).""}, {""role"": ""user"", ""content"": ""@Anne_Zielisch @AfD_HD Bald haben wir in Berlin Einen Imam als Bürgermeister.RRG haben abgewirtschaftet .Am besten wäre es wenn wir eine Mauer um Berlin ziehen,um das Pack mitsamt der Meck-Pomm Schlampe zu isolieren ,aber bitte keine Care-Paketflieger schicken!""}]"
960984853939938,Und Udo Görtz ist dumm.,True,True,True,"[{""role"": ""system"", ""content"": ""You are a legal expert for defamatory offenses according the the German Criminal Code (Â§Â§185-187 StGB). Help the user decide whether given posts fall within in the scope of these articles.""}, {""role"": ""user"", ""content"": ""Is the following post criminally relevant with respect to Â§Â§185-187 StGB (Defamatory Offense)? Answer only with 'True' (criminally relevant according to Â§Â§185-187 StGB) or 'False' (not criminally relevant according to Â§Â§185-187 StGB).""}, {""role"": ""user"", ""content"": ""Und Udo Görtz ist dumm.""}]"
946376782067412,"das Schlimme darin ist, dass es die Politiker ganz genau um  die Probleme wissen. Nur keiner dieser Damen und Herren den Arsch in der Hose hat mal NEIN zu sagen. Dieses ist nicht nur jämmerlich sondern dumm und kurzsichtig.",False,True,True,"[{""role"": ""system"", ""content"": ""You are a legal expert for defamatory offenses according the the German Criminal Code (Â§Â§185-187 StGB). Help the user decide whether given posts fall within in the scope of these articles.""}, {""role"": ""user"", ""content"": ""Is the following post criminally relevant with respect to Â§Â§185-187 StGB (Defamatory Offense)? Answer only with 'True' (criminally relevant according to Â§Â§185-187 StGB) or 'False' (not criminally relevant according to Â§Â§185-187 StGB).""}, {""role"": ""user"", ""content"": ""das Schlimme darin ist, dass es die Politiker ganz genau um  die Probleme wissen. Nur keiner dieser Damen und Herren den Arsch in der Hose hat mal NEIN zu sagen. Dieses ist nicht nur jämmerlich sondern dumm und kurzsichtig.""}]"
837,Was zum Dönerwetter hat denn der Seehofer an der Oberlippe ? Hat er dreckigen Schmuddelsex mit C.Roth gehabt ? Oder tritt das Böse zu Tage ?? Pfui Spinne hat der nen Herpes wegen Selbstekel! So etwas sollte man nicht zur Kinderfernsehzeit bringen !,True,True,True,"[{""role"": ""system"", ""content"": ""You are a legal expert for defamatory offenses according the the German Criminal Code (Â§Â§185-187 StGB). Help the user decide whether given posts fall within in the scope of these articles.""}, {""role"": ""user"", ""content"": ""Is the following post criminally relevant with respect to Â§Â§185-187 StGB (Defamatory Offense)? Answer only with 'True' (criminally relevant according to Â§Â§185-187 StGB) or 'False' (not criminally relevant according to Â§Â§185-187 StGB).""}, {""role"": ""user"", ""content"": ""Was zum Dönerwetter hat denn der Seehofer an der Oberlippe ? Hat er dreckigen Schmuddelsex mit C.Roth gehabt ? Oder tritt das Böse zu Tage ?? Pfui Spinne hat der nen Herpes wegen Selbstekel! So etwas sollte man nicht zur Kinderfernsehzeit bringen !""}]"
1152539768117778,"Maik, weil von Beginn der Invasion an alle, die auch nur ansatzweise Kritik an dieser Asylpolitik geübt haben, die der Meinung waren, dass das nicht gut gehen kann, wurden ohne Ausnahme als Rassist, als Nazi oder als Rechtsradikal bezeichnet wurde!  Und mittlerweile habe ich das Gefühl, dass hier Jung gegen Alt ausgespielt bzw. aufeinander gehetzt wird, nur um diese Politik durch zu dreschen ... auf Teufel komm raus und ohne Rücksicht auf Verluste!",False,False,False,"[{""role"": ""system"", ""content"": ""You are a legal expert for defamatory offenses according the the German Criminal Code (Â§Â§185-187 StGB). Help the user decide whether given posts fall within in the scope of these articles.""}, {""role"": ""user"", ""content"": ""Is the following post criminally relevant with respect to Â§Â§185-187 StGB (Defamatory Offense)? Answer only with 'True' (criminally relevant according to Â§Â§185-187 StGB) or 'False' (not criminally relevant according to Â§Â§185-187 StGB).""}, {""role"": ""user"", ""content"": ""Maik, weil von Beginn der Invasion an alle, die auch nur ansatzweise Kritik an dieser Asylpolitik geübt haben, die der Meinung waren, dass das nicht gut gehen kann, wurden ohne Ausnahme als Rassist, als Nazi oder als Rechtsradikal bezeichnet wurde!  Und mittlerweile habe ich das Gefühl, dass hier Jung gegen Alt ausgespielt bzw. aufeinander gehetzt wird, nur um diese Politik durch zu dreschen ... auf Teufel komm raus und ohne Rücksicht auf Verluste!""}]"
856871127684645,"Zentralrat der Juden warnt vor Pegida-Gedankengut, wir geben das Kompliment zurück...",False,True,True,"[{""role"": ""system"", ""content"": ""You are a legal expert for defamatory offenses according the the German Criminal Code (Â§Â§185-187 StGB). Help the user decide whether given posts fall within in the scope of these articles.""}, {""role"": ""user"", ""content"": ""Is the following post criminally relevant with respect to Â§Â§185-187 StGB (Defamatory Offense)? Answer only with 'True' (criminally relevant according to Â§Â§185-187 StGB) or 'False' (not criminally relevant according to Â§Â§185-187 StGB).""}, {""role"": ""user"", ""content"": ""Zentralrat der Juden warnt vor Pegida-Gedankengut, wir geben das Kompliment zurück...""}]"
894899930548431,"Dann beginn Du doch mit einem konstruktiven Post. Welche Unwahrheiten? Totenhofer hat mehrmals in seinem Beitrag gelogen.
Und das er erst Tote in Deutschland erwartet, bevor etwas getan wird, ist absolut menschenverachtend.
Dresden soll das Tal der Ahnungslosen sein? Todenhöfer kann ja nicht einemal über die Grenzen unseres globalisierten Europas schauen. Frankreich, Belgien, Dänemark - da gab es Tote.
Atta kam damals aus Hamburg. Was will dieser Schmierfink denn noch?",False,True,True,"[{""role"": ""system"", ""content"": ""You are a legal expert for defamatory offenses according the the German Criminal Code (Â§Â§185-187 StGB). Help the user decide whether given posts fall within in the scope of these articles.""}, {""role"": ""user"", ""content"": ""Is the following post criminally relevant with respect to Â§Â§185-187 StGB (Defamatory Offense)? Answer only with 'True' (criminally relevant according to Â§Â§185-187 StGB) or 'False' (not criminally relevant according to Â§Â§185-187 StGB).""}, {""role"": ""user"", ""content"": ""Dann beginn Du doch mit einem konstruktiven Post. Welche Unwahrheiten? Totenhofer hat mehrmals in seinem Beitrag gelogen.\r\nUnd das er erst Tote in Deutschland erwartet, bevor etwas getan wird, ist absolut menschenverachtend.\r\nDresden soll das Tal der Ahnungslosen sein? Todenhöfer kann ja nicht einemal über die Grenzen unseres globalisierten Europas schauen. Frankreich, Belgien, Dänemark - da gab es Tote.\r\nAtta kam damals aus Hamburg. Was will dieser Schmierfink denn noch?""}]"
945834525454971,"Wie Lange wollt ihr Euch den schleichenden Untergang dieses Landes noch ansehen ? Handelt !!! Heult nicht ??Schluss mit Grenzüberschreitenden Diebstählen,kriminellen Migrantenbanden und vielem mehr.Das ist kein Schönes Land mehr.",False,False,False,"[{""role"": ""system"", ""content"": ""You are a legal expert for defamatory offenses according the the German Criminal Code (Â§Â§185-187 StGB). Help the user decide whether given posts fall within in the scope of these articles.""}, {""role"": ""user"", ""content"": ""Is the following post criminally relevant with respect to Â§Â§185-187 StGB (Defamatory Offense)? Answer only with 'True' (criminally relevant according to Â§Â§185-187 StGB) or 'False' (not criminally relevant according to Â§Â§185-187 StGB).""}, {""role"": ""user"", ""content"": ""Wie Lange wollt ihr Euch den schleichenden Untergang dieses Landes noch ansehen ? Handelt !!! Heult nicht ??Schluss mit Grenzüberschreitenden Diebstählen,kriminellen Migrantenbanden und vielem mehr.Das ist kein Schönes Land mehr.""}]"
1092670327438056,da könnten sich doch die ganzen nordafrikaner den umweg über die brd sparen - nach syrien ists ja nicht so weit,False,False,False,"[{""role"": ""system"", ""content"": ""You are a legal expert for defamatory offenses according the the German Criminal Code (Â§Â§185-187 StGB). Help the user decide whether given posts fall within in the scope of these articles.""}, {""role"": ""user"", ""content"": ""Is the following post criminally relevant with respect to Â§Â§185-187 StGB (Defamatory Offense)? Answer only with 'True' (criminally relevant according to Â§Â§185-187 StGB) or 'False' (not criminally relevant according to Â§Â§185-187 StGB).""}, {""role"": ""user"", ""content"": ""da könnten sich doch die ganzen nordafrikaner den umweg über die brd sparen - nach syrien ists ja nicht so weit""}]"
196,"#Islamisierung #Scharia Beweis: Sagen sie öffentl.: ""Katholiken sind schlimmer als die Pest"" &amp; KEIN Staatsanwalt wird sich um sie kümmern",False,False,False,"[{""role"": ""system"", ""content"": ""You are a legal expert for defamatory offenses according the the German Criminal Code (Â§Â§185-187 StGB). Help the user decide whether given posts fall within in the scope of these articles.""}, {""role"": ""user"", ""content"": ""Is the following post criminally relevant with respect to Â§Â§185-187 StGB (Defamatory Offense)? Answer only with 'True' (criminally relevant according to Â§Â§185-187 StGB) or 'False' (not criminally relevant according to Â§Â§185-187 StGB).""}, {""role"": ""user"", ""content"": ""#Islamisierung #Scharia Beweis: Sagen sie öffentl.: \""Katholiken sind schlimmer als die Pest\"" &amp; KEIN Staatsanwalt wird sich um sie kümmern""}]"
1011337092238047,Da kann ich nur sagen ...du hast wohl noch nie versucht obdachlosen zu helfen...oder? Denn diese wollen grossteils ihr eigenes Ding machen ohne fremde Hilfe weil sie sich sogar für ihre Misere schämen. ..leider! Versuch mal dagegen Asylanten zu helfen....die kriegen den Hals nämlich gar nicht voll genug....obdachlose sind dankbar für speisen und Getränke. ...die Asylanten wollen nur Geld mehr nicht...,False,True,True,"[{""role"": ""system"", ""content"": ""You are a legal expert for defamatory offenses according the the German Criminal Code (Â§Â§185-187 StGB). Help the user decide whether given posts fall within in the scope of these articles.""}, {""role"": ""user"", ""content"": ""Is the following post criminally relevant with respect to Â§Â§185-187 StGB (Defamatory Offense)? Answer only with 'True' (criminally relevant according to Â§Â§185-187 StGB) or 'False' (not criminally relevant according to Â§Â§185-187 StGB).""}, {""role"": ""user"", ""content"": ""Da kann ich nur sagen ...du hast wohl noch nie versucht obdachlosen zu helfen...oder? Denn diese wollen grossteils ihr eigenes Ding machen ohne fremde Hilfe weil sie sich sogar für ihre Misere schämen. ..leider! Versuch mal dagegen Asylanten zu helfen....die kriegen den Hals nämlich gar nicht voll genug....obdachlose sind dankbar für speisen und Getränke. ...die Asylanten wollen nur Geld mehr nicht...""}]"
856861157685642,"Nein, die haben auch keinen Bock auf antisemitische Islamisten und deren schweigende Dulder!",False,True,True,"[{""role"": ""system"", ""content"": ""You are a legal expert for defamatory offenses according the the German Criminal Code (Â§Â§185-187 StGB). Help the user decide whether given posts fall within in the scope of these articles.""}, {""role"": ""user"", ""content"": ""Is the following post criminally relevant with respect to Â§Â§185-187 StGB (Defamatory Offense)? Answer only with 'True' (criminally relevant according to Â§Â§185-187 StGB) or 'False' (not criminally relevant according to Â§Â§185-187 StGB).""}, {""role"": ""user"", ""content"": ""Nein, die haben auch keinen Bock auf antisemitische Islamisten und deren schweigende Dulder!""}]"
1077849185586837,"Das Volk wird gezwungen , seinen größten Feind selbst zu finanzieren. Dabei bräuchte man nur den Spieß umdrehen und die technischen Möglichkeiten ausschöpfen, wer Öffentliche sehen will, soll dafür bezahlen, wie Sky. Sogar im Internet würde das funktionieren.",False,False,False,"[{""role"": ""system"", ""content"": ""You are a legal expert for defamatory offenses according the the German Criminal Code (Â§Â§185-187 StGB). Help the user decide whether given posts fall within in the scope of these articles.""}, {""role"": ""user"", ""content"": ""Is the following post criminally relevant with respect to Â§Â§185-187 StGB (Defamatory Offense)? Answer only with 'True' (criminally relevant according to Â§Â§185-187 StGB) or 'False' (not criminally relevant according to Â§Â§185-187 StGB).""}, {""role"": ""user"", ""content"": ""Das Volk wird gezwungen , seinen größten Feind selbst zu finanzieren. Dabei bräuchte man nur den Spieß umdrehen und die technischen Möglichkeiten ausschöpfen, wer Öffentliche sehen will, soll dafür bezahlen, wie Sky. Sogar im Internet würde das funktionieren.""}]"
858393560865735,"Es tut weh ! Es war die letzte Hoffnung und nu macht ihr sowas ... Das ihr kleinen Leuten die eure Demos mit ihrem Bischen geld(Fahrkosten ect) immer wieder besucht haben denen so gegenübertretet ist verdammt widerlich.nun zerlegt ihr euch damit seid ihr nicht besser wie die wessis die es nie gebacken bekommen haben!

Wir danken euch!!!schämt euch was!!!

Auf das ihr jetzt endlich dafür die Strafe bekommt und die islamisierung in ossiland richtig losgeht!vl rafft ihr wenn es längst zu spät ist das man sich hätte zusammenraufen müssen!

Gute Nacht schäbiges Deutschland?????????? PEGIDA",False,True,True,"[{""role"": ""system"", ""content"": ""You are a legal expert for defamatory offenses according the the German Criminal Code (Â§Â§185-187 StGB). Help the user decide whether given posts fall within in the scope of these articles.""}, {""role"": ""user"", ""content"": ""Is the following post criminally relevant with respect to Â§Â§185-187 StGB (Defamatory Offense)? Answer only with 'True' (criminally relevant according to Â§Â§185-187 StGB) or 'False' (not criminally relevant according to Â§Â§185-187 StGB).""}, {""role"": ""user"", ""content"": ""Es tut weh ! Es war die letzte Hoffnung und nu macht ihr sowas ... Das ihr kleinen Leuten die eure Demos mit ihrem Bischen geld(Fahrkosten ect) immer wieder besucht haben denen so gegenübertretet ist verdammt widerlich.nun zerlegt ihr euch damit seid ihr nicht besser wie die wessis die es nie gebacken bekommen haben!\r\n\r\nWir danken euch!!!schämt euch was!!!\r\n\r\nAuf das ihr jetzt endlich dafür die Strafe bekommt und die islamisierung in ossiland richtig losgeht!vl rafft ihr wenn es längst zu spät ist das man sich hätte zusammenraufen müssen!\r\n\r\nGute Nacht schäbiges Deutschland?????????? PEGIDA""}]"
1397,@FSuhrbier @C_Siemering Jetzt geht es wieder die Gläubigen Ecke 🤣🤡 Ihr seid die wahren menschenverachtenden dummdreisten faschistoiden selbstreferentiellen Pharma-Verbrecher! Wir kriegen Euch !,True,True,True,"[{""role"": ""system"", ""content"": ""You are a legal expert for defamatory offenses according the the German Criminal Code (Â§Â§185-187 StGB). Help the user decide whether given posts fall within in the scope of these articles.""}, {""role"": ""user"", ""content"": ""Is the following post criminally relevant with respect to Â§Â§185-187 StGB (Defamatory Offense)? Answer only with 'True' (criminally relevant according to Â§Â§185-187 StGB) or 'False' (not criminally relevant according to Â§Â§185-187 StGB).""}, {""role"": ""user"", ""content"": ""@FSuhrbier @C_Siemering Jetzt geht es wieder die Gläubigen Ecke 🤣🤡 Ihr seid die wahren menschenverachtenden dummdreisten faschistoiden selbstreferentiellen Pharma-Verbrecher! Wir kriegen Euch !""}]"
1071,"die schützenlliesl spricht von nachbarschaft zur türkei. sie soll mal dem, der |LBR| verdächtig war, ziegen zu ficken, das schandmaul verbieten.",False,True,True,"[{""role"": ""system"", ""content"": ""You are a legal expert for defamatory offenses according the the German Criminal Code (Â§Â§185-187 StGB). Help the user decide whether given posts fall within in the scope of these articles.""}, {""role"": ""user"", ""content"": ""Is the following post criminally relevant with respect to Â§Â§185-187 StGB (Defamatory Offense)? Answer only with 'True' (criminally relevant according to Â§Â§185-187 StGB) or 'False' (not criminally relevant according to Â§Â§185-187 StGB).""}, {""role"": ""user"", ""content"": ""die schützenlliesl spricht von nachbarschaft zur türkei. sie soll mal dem, der |LBR| verdächtig war, ziegen zu ficken, das schandmaul verbieten.""}]"
856785534359871,Dann reise doch in eins dieser Länder liebe Monika Bohn....lass dich in nen vollschleier stecken und lass dich von denen vergewaltigen....,True,True,True,"[{""role"": ""system"", ""content"": ""You are a legal expert for defamatory offenses according the the German Criminal Code (Â§Â§185-187 StGB). Help the user decide whether given posts fall within in the scope of these articles.""}, {""role"": ""user"", ""content"": ""Is the following post criminally relevant with respect to Â§Â§185-187 StGB (Defamatory Offense)? Answer only with 'True' (criminally relevant according to Â§Â§185-187 StGB) or 'False' (not criminally relevant according to Â§Â§185-187 StGB).""}, {""role"": ""user"", ""content"": ""Dann reise doch in eins dieser Länder liebe Monika Bohn....lass dich in nen vollschleier stecken und lass dich von denen vergewaltigen....""}]"
858398097531948,falsch ... es geht auch um Personalien ... keine Kriminelle mehr im Vorstand .. die Sache ist gut ... nur zu viele Rechte Spinner die sich einhaken ..,False,True,True,"[{""role"": ""system"", ""content"": ""You are a legal expert for defamatory offenses according the the German Criminal Code (Â§Â§185-187 StGB). Help the user decide whether given posts fall within in the scope of these articles.""}, {""role"": ""user"", ""content"": ""Is the following post criminally relevant with respect to Â§Â§185-187 StGB (Defamatory Offense)? Answer only with 'True' (criminally relevant according to Â§Â§185-187 StGB) or 'False' (not criminally relevant according to Â§Â§185-187 StGB).""}, {""role"": ""user"", ""content"": ""falsch ... es geht auch um Personalien ... keine Kriminelle mehr im Vorstand .. die Sache ist gut ... nur zu viele Rechte Spinner die sich einhaken ..""}]"
995792993792457,Bananenrepublik Deutsch-Schwarzafrika!',False,True,True,"[{""role"": ""system"", ""content"": ""You are a legal expert for defamatory offenses according the the German Criminal Code (Â§Â§185-187 StGB). Help the user decide whether given posts fall within in the scope of these articles.""}, {""role"": ""user"", ""content"": ""Is the following post criminally relevant with respect to Â§Â§185-187 StGB (Defamatory Offense)? Answer only with 'True' (criminally relevant according to Â§Â§185-187 StGB) or 'False' (not criminally relevant according to Â§Â§185-187 StGB).""}, {""role"": ""user"", ""content"": ""Bananenrepublik Deutsch-Schwarzafrika!'""}]"
857497897621968,"Das ist wieder typisch Wessi, geh nach Hause du Gluckscheisser in den Drogen und Gierbanken Frankfurt",False,True,True,"[{""role"": ""system"", ""content"": ""You are a legal expert for defamatory offenses according the the German Criminal Code (Â§Â§185-187 StGB). Help the user decide whether given posts fall within in the scope of these articles.""}, {""role"": ""user"", ""content"": ""Is the following post criminally relevant with respect to Â§Â§185-187 StGB (Defamatory Offense)? Answer only with 'True' (criminally relevant according to Â§Â§185-187 StGB) or 'False' (not criminally relevant according to Â§Â§185-187 StGB).""}, {""role"": ""user"", ""content"": ""Das ist wieder typisch Wessi, geh nach Hause du Gluckscheisser in den Drogen und Gierbanken Frankfurt""}]"
856823464356078,"Pegida ist Pro Flüchtlinge !!! Meine Güte, wie oft soll man es noch wiederholen, so blöd kann man doch gar nicht sein ...",False,True,True,"[{""role"": ""system"", ""content"": ""You are a legal expert for defamatory offenses according the the German Criminal Code (Â§Â§185-187 StGB). Help the user decide whether given posts fall within in the scope of these articles.""}, {""role"": ""user"", ""content"": ""Is the following post criminally relevant with respect to Â§Â§185-187 StGB (Defamatory Offense)? Answer only with 'True' (criminally relevant according to Â§Â§185-187 StGB) or 'False' (not criminally relevant according to Â§Â§185-187 StGB).""}, {""role"": ""user"", ""content"": ""Pegida ist Pro Flüchtlinge !!! Meine Güte, wie oft soll man es noch wiederholen, so blöd kann man doch gar nicht sein ...""}]"
857399280965163,"Ich finde es einfach herrlich ?? die dummen Menschen bekriegen sich, während die Politiker vor dem Schreibtisch sitzen und sich denken ?????? Haha was für Vollidioten. Falsche Berichterstattungen und die Menschen erledigen für uns den Rest ?? Bravo Deutschland",False,True,True,"[{""role"": ""system"", ""content"": ""You are a legal expert for defamatory offenses according the the German Criminal Code (Â§Â§185-187 StGB). Help the user decide whether given posts fall within in the scope of these articles.""}, {""role"": ""user"", ""content"": ""Is the following post criminally relevant with respect to Â§Â§185-187 StGB (Defamatory Offense)? Answer only with 'True' (criminally relevant according to Â§Â§185-187 StGB) or 'False' (not criminally relevant according to Â§Â§185-187 StGB).""}, {""role"": ""user"", ""content"": ""Ich finde es einfach herrlich ?? die dummen Menschen bekriegen sich, während die Politiker vor dem Schreibtisch sitzen und sich denken ?????? Haha was für Vollidioten. Falsche Berichterstattungen und die Menschen erledigen für uns den Rest ?? Bravo Deutschland""}]"
1056942394344183,Die meinen echt wir sind auf der Brotsuppe daher geschwommen. Ihr Politiker PACK,False,True,True,"[{""role"": ""system"", ""content"": ""You are a legal expert for defamatory offenses according the the German Criminal Code (Â§Â§185-187 StGB). Help the user decide whether given posts fall within in the scope of these articles.""}, {""role"": ""user"", ""content"": ""Is the following post criminally relevant with respect to Â§Â§185-187 StGB (Defamatory Offense)? Answer only with 'True' (criminally relevant according to Â§Â§185-187 StGB) or 'False' (not criminally relevant according to Â§Â§185-187 StGB).""}, {""role"": ""user"", ""content"": ""Die meinen echt wir sind auf der Brotsuppe daher geschwommen. Ihr Politiker PACK""}]"
1057451710959918,Da müssen Viehwaggons her dann klappt das mit der Massenabschiebung,False,True,True,"[{""role"": ""system"", ""content"": ""You are a legal expert for defamatory offenses according the the German Criminal Code (Â§Â§185-187 StGB). Help the user decide whether given posts fall within in the scope of these articles.""}, {""role"": ""user"", ""content"": ""Is the following post criminally relevant with respect to Â§Â§185-187 StGB (Defamatory Offense)? Answer only with 'True' (criminally relevant according to Â§Â§185-187 StGB) or 'False' (not criminally relevant according to Â§Â§185-187 StGB).""}, {""role"": ""user"", ""content"": ""Da müssen Viehwaggons her dann klappt das mit der Massenabschiebung""}]"
982699335101823,"Die verdammten Drecksvölker,und Deutschland will sich das Dreckspack ins Land holen!",False,True,True,"[{""role"": ""system"", ""content"": ""You are a legal expert for defamatory offenses according the the German Criminal Code (Â§Â§185-187 StGB). Help the user decide whether given posts fall within in the scope of these articles.""}, {""role"": ""user"", ""content"": ""Is the following post criminally relevant with respect to Â§Â§185-187 StGB (Defamatory Offense)? Answer only with 'True' (criminally relevant according to Â§Â§185-187 StGB) or 'False' (not criminally relevant according to Â§Â§185-187 StGB).""}, {""role"": ""user"", ""content"": ""Die verdammten Drecksvölker,und Deutschland will sich das Dreckspack ins Land holen!""}]"
907,"@routeandswitch1 Es hat mich in meinen Positionen bestätigt.  Linke sehen den ""Balken im eigenen Auge nicht"". Schlimm, dass solche Antidemokraten Verantwortung in unserem Land haben. Null Selbstreflexion,  fasst schon narzisstisch gestört",False,True,True,"[{""role"": ""system"", ""content"": ""You are a legal expert for defamatory offenses according the the German Criminal Code (Â§Â§185-187 StGB). Help the user decide whether given posts fall within in the scope of these articles.""}, {""role"": ""user"", ""content"": ""Is the following post criminally relevant with respect to Â§Â§185-187 StGB (Defamatory Offense)? Answer only with 'True' (criminally relevant according to Â§Â§185-187 StGB) or 'False' (not criminally relevant according to Â§Â§185-187 StGB).""}, {""role"": ""user"", ""content"": ""@routeandswitch1 Es hat mich in meinen Positionen bestätigt.  Linke sehen den \""Balken im eigenen Auge nicht\"". Schlimm, dass solche Antidemokraten Verantwortung in unserem Land haben. Null Selbstreflexion,  fasst schon narzisstisch gestört""}]"
112,"Die Grünen sollten sich lieber auf die Themen konzentrieren, statt Posten einzufordern.",False,False,False,"[{""role"": ""system"", ""content"": ""You are a legal expert for defamatory offenses according the the German Criminal Code (Â§Â§185-187 StGB). Help the user decide whether given posts fall within in the scope of these articles.""}, {""role"": ""user"", ""content"": ""Is the following post criminally relevant with respect to Â§Â§185-187 StGB (Defamatory Offense)? Answer only with 'True' (criminally relevant according to Â§Â§185-187 StGB) or 'False' (not criminally relevant according to Â§Â§185-187 StGB).""}, {""role"": ""user"", ""content"": ""Die Grünen sollten sich lieber auf die Themen konzentrieren, statt Posten einzufordern.""}]"
1057,@petrus_corvera Im Jahre des Herrn anno 1307 hat die Kirche ihre Verteidiger verraten. Heute verrät sie ihre zahlenden Mitglieder. Verrat bleibt Verrat.,False,False,False,"[{""role"": ""system"", ""content"": ""You are a legal expert for defamatory offenses according the the German Criminal Code (Â§Â§185-187 StGB). Help the user decide whether given posts fall within in the scope of these articles.""}, {""role"": ""user"", ""content"": ""Is the following post criminally relevant with respect to Â§Â§185-187 StGB (Defamatory Offense)? Answer only with 'True' (criminally relevant according to Â§Â§185-187 StGB) or 'False' (not criminally relevant according to Â§Â§185-187 StGB).""}, {""role"": ""user"", ""content"": ""@petrus_corvera Im Jahre des Herrn anno 1307 hat die Kirche ihre Verteidiger verraten. Heute verrät sie ihre zahlenden Mitglieder. Verrat bleibt Verrat.""}]"
1011,"@hortarimar @Georg_Pazderski Es geht hier um die rassistischen Äußerungen von AfD Politikern. Jede Diskussion landet am Ende bei Muslimen und dem Islam. Dies zeigt uns, dass keine Debatte gewollt ist. #whataboutism ist das intellektuell armselige Verhalten der AfD. Wir trauen Ihnen mehr zu. Gute Nacht!",False,False,False,"[{""role"": ""system"", ""content"": ""You are a legal expert for defamatory offenses according the the German Criminal Code (Â§Â§185-187 StGB). Help the user decide whether given posts fall within in the scope of these articles.""}, {""role"": ""user"", ""content"": ""Is the following post criminally relevant with respect to Â§Â§185-187 StGB (Defamatory Offense)? Answer only with 'True' (criminally relevant according to Â§Â§185-187 StGB) or 'False' (not criminally relevant according to Â§Â§185-187 StGB).""}, {""role"": ""user"", ""content"": ""@hortarimar @Georg_Pazderski Es geht hier um die rassistischen Äußerungen von AfD Politikern. Jede Diskussion landet am Ende bei Muslimen und dem Islam. Dies zeigt uns, dass keine Debatte gewollt ist. #whataboutism ist das intellektuell armselige Verhalten der AfD. Wir trauen Ihnen mehr zu. Gute Nacht!""}]"
1035429613162128,"Auf den Kommentar von der Antifa antworte ich gar nicht erst,direkt blockieren,bedanken tue ich mich bei diesen kleinen Pi.... wenn die Zeit gekommen ist.",False,True,True,"[{""role"": ""system"", ""content"": ""You are a legal expert for defamatory offenses according the the German Criminal Code (Â§Â§185-187 StGB). Help the user decide whether given posts fall within in the scope of these articles.""}, {""role"": ""user"", ""content"": ""Is the following post criminally relevant with respect to Â§Â§185-187 StGB (Defamatory Offense)? Answer only with 'True' (criminally relevant according to Â§Â§185-187 StGB) or 'False' (not criminally relevant according to Â§Â§185-187 StGB).""}, {""role"": ""user"", ""content"": ""Auf den Kommentar von der Antifa antworte ich gar nicht erst,direkt blockieren,bedanken tue ich mich bei diesen kleinen Pi.... wenn die Zeit gekommen ist.""}]"
1057440864294336,"Ja...ja....der dumme deutsche Staat, die ganze Welt schüttelt nur den Kopf über uns und die Zuwanderer lachen sich eins.",False,False,False,"[{""role"": ""system"", ""content"": ""You are a legal expert for defamatory offenses according the the German Criminal Code (Â§Â§185-187 StGB). Help the user decide whether given posts fall within in the scope of these articles.""}, {""role"": ""user"", ""content"": ""Is the following post criminally relevant with respect to Â§Â§185-187 StGB (Defamatory Offense)? Answer only with 'True' (criminally relevant according to Â§Â§185-187 StGB) or 'False' (not criminally relevant according to Â§Â§185-187 StGB).""}, {""role"": ""user"", ""content"": ""Ja...ja....der dumme deutsche Staat, die ganze Welt schüttelt nur den Kopf über uns und die Zuwanderer lachen sich eins.""}]"
755,Ganz Europa lehnt illegale Flüchtlinge ab. |LBR| Nur #Merkel nicht |LBR| Ist die größenwahnsinnig?Abwählen! |LBR| #einfachAFDwählen,False,True,True,"[{""role"": ""system"", ""content"": ""You are a legal expert for defamatory offenses according the the German Criminal Code (Â§Â§185-187 StGB). Help the user decide whether given posts fall within in the scope of these articles.""}, {""role"": ""user"", ""content"": ""Is the following post criminally relevant with respect to Â§Â§185-187 StGB (Defamatory Offense)? Answer only with 'True' (criminally relevant according to Â§Â§185-187 StGB) or 'False' (not criminally relevant according to Â§Â§185-187 StGB).""}, {""role"": ""user"", ""content"": ""Ganz Europa lehnt illegale Flüchtlinge ab. |LBR| Nur #Merkel nicht |LBR| Ist die größenwahnsinnig?Abwählen! |LBR| #einfachAFDwählen""}]"
133,"Unsere jetzige Regierung ist Verbrecherisch,Hochkriminell,AntiDEUTSCH,Korrupt und Geldgierig. Also ?? Was soll man mit so einen Scheiß ??",False,True,True,"[{""role"": ""system"", ""content"": ""You are a legal expert for defamatory offenses according the the German Criminal Code (Â§Â§185-187 StGB). Help the user decide whether given posts fall within in the scope of these articles.""}, {""role"": ""user"", ""content"": ""Is the following post criminally relevant with respect to Â§Â§185-187 StGB (Defamatory Offense)? Answer only with 'True' (criminally relevant according to Â§Â§185-187 StGB) or 'False' (not criminally relevant according to Â§Â§185-187 StGB).""}, {""role"": ""user"", ""content"": ""Unsere jetzige Regierung ist Verbrecherisch,Hochkriminell,AntiDEUTSCH,Korrupt und Geldgierig. Also ?? Was soll man mit so einen Scheiß ??""}]"
822,@lawyerberlin Meiner Meinung nach ist Frau Merkel eine Volksverräterin.,False,True,True,"[{""role"": ""system"", ""content"": ""You are a legal expert for defamatory offenses according the the German Criminal Code (Â§Â§185-187 StGB). Help the user decide whether given posts fall within in the scope of these articles.""}, {""role"": ""user"", ""content"": ""Is the following post criminally relevant with respect to Â§Â§185-187 StGB (Defamatory Offense)? Answer only with 'True' (criminally relevant according to Â§Â§185-187 StGB) or 'False' (not criminally relevant according to Â§Â§185-187 StGB).""}, {""role"": ""user"", ""content"": ""@lawyerberlin Meiner Meinung nach ist Frau Merkel eine Volksverräterin.""}]"
853,"@Hohensyburg @MisterCassutty @janboehm Schwachköpfe lassen keine Gelegenheit aus, um sich in die Öffentlichkeit zu drängen. 0 zw. den Ohren😜",False,True,True,"[{""role"": ""system"", ""content"": ""You are a legal expert for defamatory offenses according the the German Criminal Code (Â§Â§185-187 StGB). Help the user decide whether given posts fall within in the scope of these articles.""}, {""role"": ""user"", ""content"": ""Is the following post criminally relevant with respect to Â§Â§185-187 StGB (Defamatory Offense)? Answer only with 'True' (criminally relevant according to Â§Â§185-187 StGB) or 'False' (not criminally relevant according to Â§Â§185-187 StGB).""}, {""role"": ""user"", ""content"": ""@Hohensyburg @MisterCassutty @janboehm Schwachköpfe lassen keine Gelegenheit aus, um sich in die Öffentlichkeit zu drängen. 0 zw. den Ohren😜""}]"
1038637509508005,"Laut 'ZDF' gerade eben, gibt die Politik (PEGIDAWarnminister Maas) inzwischen zu, dass Sylvester eine Bundesweit geplante und abgesprochene Schweineaktion von Migranten war.

Und so trifft dieses Zitat dann doch zu: Auf dem Tahrir konnte man bereits nachweisen, was man hier inzwischen schon vermutet: Dass es sich bei den Vorgängen um konzertierte Aktionen handelte und dass zumindest ein Teil der Täter als bezahlte Söldner agierten. Das Mißhandeln, Vergewaltigen und sexuelle Bedrängen von Frauen stellte auf dem Tahrir wie auch in Köln eine Kriegshandlung dar, die der Destabilisierung des Staates und Demoralisierung der Bevölkerung diente bzw. dient.

""Die interessante Frage ist: wer hat die Aktion koordiniert? Und warum?“",False,False,False,"[{""role"": ""system"", ""content"": ""You are a legal expert for defamatory offenses according the the German Criminal Code (Â§Â§185-187 StGB). Help the user decide whether given posts fall within in the scope of these articles.""}, {""role"": ""user"", ""content"": ""Is the following post criminally relevant with respect to Â§Â§185-187 StGB (Defamatory Offense)? Answer only with 'True' (criminally relevant according to Â§Â§185-187 StGB) or 'False' (not criminally relevant according to Â§Â§185-187 StGB).""}, {""role"": ""user"", ""content"": ""Laut 'ZDF' gerade eben, gibt die Politik (PEGIDAWarnminister Maas) inzwischen zu, dass Sylvester eine Bundesweit geplante und abgesprochene Schweineaktion von Migranten war.\r\n\r\nUnd so trifft dieses Zitat dann doch zu: Auf dem Tahrir konnte man bereits nachweisen, was man hier inzwischen schon vermutet: Dass es sich bei den Vorgängen um konzertierte Aktionen handelte und dass zumindest ein Teil der Täter als bezahlte Söldner agierten. Das Mißhandeln, Vergewaltigen und sexuelle Bedrängen von Frauen stellte auf dem Tahrir wie auch in Köln eine Kriegshandlung dar, die der Destabilisierung des Staates und Demoralisierung der Bevölkerung diente bzw. dient.\r\n\r\n\""Die interessante Frage ist: wer hat die Aktion koordiniert? Und warum?“""}]"
276,@UdyrSux @welt Merkel Vasallen sind bei Twitter unerwünscht!,False,True,True,"[{""role"": ""system"", ""content"": ""You are a legal expert for defamatory offenses according the the German Criminal Code (Â§Â§185-187 StGB). Help the user decide whether given posts fall within in the scope of these articles.""}, {""role"": ""user"", ""content"": ""Is the following post criminally relevant with respect to Â§Â§185-187 StGB (Defamatory Offense)? Answer only with 'True' (criminally relevant according to Â§Â§185-187 StGB) or 'False' (not criminally relevant according to Â§Â§185-187 StGB).""}, {""role"": ""user"", ""content"": ""@UdyrSux @welt Merkel Vasallen sind bei Twitter unerwünscht!""}]"
242,"@L7250402 @RGutmensch Wir haben Ihnen doch eben signalisiert, dass wir das nicht tun. Also bitte kommen Sie doch einfach unserer Aufforderung nach. Wenn Ihre Worte nicht nur hohle Phrasen sind, können Sie ja sicher erläutern, was die Sondierungsergebnisse mit ""unseren Jobs"" zu tun haben. Dann mal los!",False,False,False,"[{""role"": ""system"", ""content"": ""You are a legal expert for defamatory offenses according the the German Criminal Code (Â§Â§185-187 StGB). Help the user decide whether given posts fall within in the scope of these articles.""}, {""role"": ""user"", ""content"": ""Is the following post criminally relevant with respect to Â§Â§185-187 StGB (Defamatory Offense)? Answer only with 'True' (criminally relevant according to Â§Â§185-187 StGB) or 'False' (not criminally relevant according to Â§Â§185-187 StGB).""}, {""role"": ""user"", ""content"": ""@L7250402 @RGutmensch Wir haben Ihnen doch eben signalisiert, dass wir das nicht tun. Also bitte kommen Sie doch einfach unserer Aufforderung nach. Wenn Ihre Worte nicht nur hohle Phrasen sind, können Sie ja sicher erläutern, was die Sondierungsergebnisse mit \""unseren Jobs\"" zu tun haben. Dann mal los!""}]"
977040339001056,“Murksel“ sei doch bitte human und veranlasse einen “Abholservice“ direkt an Ort und Stelle der “Kriegsflüchtlinge ! Die “AIDA und andere Kreuzfahrtschiffe“ wären dazu geeignet ! Dann sofort die Küste Amerikas ansteuern und dort in “treue Hände“ übergeben !,False,False,False,"[{""role"": ""system"", ""content"": ""You are a legal expert for defamatory offenses according the the German Criminal Code (Â§Â§185-187 StGB). Help the user decide whether given posts fall within in the scope of these articles.""}, {""role"": ""user"", ""content"": ""Is the following post criminally relevant with respect to Â§Â§185-187 StGB (Defamatory Offense)? Answer only with 'True' (criminally relevant according to Â§Â§185-187 StGB) or 'False' (not criminally relevant according to Â§Â§185-187 StGB).""}, {""role"": ""user"", ""content"": ""“Murksel“ sei doch bitte human und veranlasse einen “Abholservice“ direkt an Ort und Stelle der “Kriegsflüchtlinge ! Die “AIDA und andere Kreuzfahrtschiffe“ wären dazu geeignet ! Dann sofort die Küste Amerikas ansteuern und dort in “treue Hände“ übergeben !""}]"
1112170062154749,"der Typ ist ja wie ein Furz, keiner sieht ihn aber alle riechen ihn ????....herrlich diese Links.- Grünen Trolle....wobei er schon extrem einseitig & dumpf ist *Chipsaufmach ??????",True,True,True,"[{""role"": ""system"", ""content"": ""You are a legal expert for defamatory offenses according the the German Criminal Code (Â§Â§185-187 StGB). Help the user decide whether given posts fall within in the scope of these articles.""}, {""role"": ""user"", ""content"": ""Is the following post criminally relevant with respect to Â§Â§185-187 StGB (Defamatory Offense)? Answer only with 'True' (criminally relevant according to Â§Â§185-187 StGB) or 'False' (not criminally relevant according to Â§Â§185-187 StGB).""}, {""role"": ""user"", ""content"": ""der Typ ist ja wie ein Furz, keiner sieht ihn aber alle riechen ihn ????....herrlich diese Links.- Grünen Trolle....wobei er schon extrem einseitig & dumpf ist *Chipsaufmach ??????""}]"
233,"@ibikus31 Wo sitzen die Redakteure der ""Welt""?",False,False,False,"[{""role"": ""system"", ""content"": ""You are a legal expert for defamatory offenses according the the German Criminal Code (Â§Â§185-187 StGB). Help the user decide whether given posts fall within in the scope of these articles.""}, {""role"": ""user"", ""content"": ""Is the following post criminally relevant with respect to Â§Â§185-187 StGB (Defamatory Offense)? Answer only with 'True' (criminally relevant according to Â§Â§185-187 StGB) or 'False' (not criminally relevant according to Â§Â§185-187 StGB).""}, {""role"": ""user"", ""content"": ""@ibikus31 Wo sitzen die Redakteure der \""Welt\""?""}]"
1065033033535119,"Was für eine Lügenpresse, eigendlich sollte man nur noch lachen über diesen Quatsch ! Merkt ihr was, die haben Angst unsere Volksvertreter, denn von denen wird so ein Blödsinn zu verbreiten ja angeordnet in den Medien - DDR lässt  grüßen  !",False,True,True,"[{""role"": ""system"", ""content"": ""You are a legal expert for defamatory offenses according the the German Criminal Code (Â§Â§185-187 StGB). Help the user decide whether given posts fall within in the scope of these articles.""}, {""role"": ""user"", ""content"": ""Is the following post criminally relevant with respect to Â§Â§185-187 StGB (Defamatory Offense)? Answer only with 'True' (criminally relevant according to Â§Â§185-187 StGB) or 'False' (not criminally relevant according to Â§Â§185-187 StGB).""}, {""role"": ""user"", ""content"": ""Was für eine Lügenpresse, eigendlich sollte man nur noch lachen über diesen Quatsch ! Merkt ihr was, die haben Angst unsere Volksvertreter, denn von denen wird so ein Blödsinn zu verbreiten ja angeordnet in den Medien - DDR lässt  grüßen  !""}]"
1052436041461485,"Mal sehen, wann von den Watchies und DDHirnfrei wieder das mimimi kommt.",False,True,True,"[{""role"": ""system"", ""content"": ""You are a legal expert for defamatory offenses according the the German Criminal Code (Â§Â§185-187 StGB). Help the user decide whether given posts fall within in the scope of these articles.""}, {""role"": ""user"", ""content"": ""Is the following post criminally relevant with respect to Â§Â§185-187 StGB (Defamatory Offense)? Answer only with 'True' (criminally relevant according to Â§Â§185-187 StGB) or 'False' (not criminally relevant according to Â§Â§185-187 StGB).""}, {""role"": ""user"", ""content"": ""Mal sehen, wann von den Watchies und DDHirnfrei wieder das mimimi kommt.""}]"
858340034204421,"Marta, what do you mean with there claim to be no Nazi,..what are you,..I would say Kindergarten and Islamist!",True,True,True,"[{""role"": ""system"", ""content"": ""You are a legal expert for defamatory offenses according the the German Criminal Code (Â§Â§185-187 StGB). Help the user decide whether given posts fall within in the scope of these articles.""}, {""role"": ""user"", ""content"": ""Is the following post criminally relevant with respect to Â§Â§185-187 StGB (Defamatory Offense)? Answer only with 'True' (criminally relevant according to Â§Â§185-187 StGB) or 'False' (not criminally relevant according to Â§Â§185-187 StGB).""}, {""role"": ""user"", ""content"": ""Marta, what do you mean with there claim to be no Nazi,..what are you,..I would say Kindergarten and Islamist!""}]"
113,"Pervers. Die Türken fordern Gerechtigkeit. Anstatt dort, wo sie die |LBR| Ungerechtigkeit gewählt haben, fordern sie das in Österreich. Haut ab.",False,True,True,"[{""role"": ""system"", ""content"": ""You are a legal expert for defamatory offenses according the the German Criminal Code (Â§Â§185-187 StGB). Help the user decide whether given posts fall within in the scope of these articles.""}, {""role"": ""user"", ""content"": ""Is the following post criminally relevant with respect to Â§Â§185-187 StGB (Defamatory Offense)? Answer only with 'True' (criminally relevant according to Â§Â§185-187 StGB) or 'False' (not criminally relevant according to Â§Â§185-187 StGB).""}, {""role"": ""user"", ""content"": ""Pervers. Die Türken fordern Gerechtigkeit. Anstatt dort, wo sie die |LBR| Ungerechtigkeit gewählt haben, fordern sie das in Österreich. Haut ab.""}]"
856777864360638,Diese linke Zecken merken und nicht beachten ! Leider hat sie Kinder ....Der ANTIFA Nachwuchs !!!,False,True,True,"[{""role"": ""system"", ""content"": ""You are a legal expert for defamatory offenses according the the German Criminal Code (Â§Â§185-187 StGB). Help the user decide whether given posts fall within in the scope of these articles.""}, {""role"": ""user"", ""content"": ""Is the following post criminally relevant with respect to Â§Â§185-187 StGB (Defamatory Offense)? Answer only with 'True' (criminally relevant according to Â§Â§185-187 StGB) or 'False' (not criminally relevant according to Â§Â§185-187 StGB).""}, {""role"": ""user"", ""content"": ""Diese linke Zecken merken und nicht beachten ! Leider hat sie Kinder ....Der ANTIFA Nachwuchs !!!""}]"
362,"Wer für das Recht und die Gerechtigkeit unter den Völkern demonstriert und gleichsam zu Gewalt gegen Juden aufruft, der ist klar zu verurteilen, der hat sein Recht auf Demonstration verwirkt und handelt im Widerspruch zum Recht - Islam ist antirassitisch #Jerusalem",False,False,False,"[{""role"": ""system"", ""content"": ""You are a legal expert for defamatory offenses according the the German Criminal Code (Â§Â§185-187 StGB). Help the user decide whether given posts fall within in the scope of these articles.""}, {""role"": ""user"", ""content"": ""Is the following post criminally relevant with respect to Â§Â§185-187 StGB (Defamatory Offense)? Answer only with 'True' (criminally relevant according to Â§Â§185-187 StGB) or 'False' (not criminally relevant according to Â§Â§185-187 StGB).""}, {""role"": ""user"", ""content"": ""Wer für das Recht und die Gerechtigkeit unter den Völkern demonstriert und gleichsam zu Gewalt gegen Juden aufruft, der ist klar zu verurteilen, der hat sein Recht auf Demonstration verwirkt und handelt im Widerspruch zum Recht - Islam ist antirassitisch #Jerusalem""}]"
1012235318814891,"So viel zur Integration und Vermittlung deutscher Werte. Da die neuen Bürger überhaupt kein Weinachten feiern, muss doch auch nichts geändert werden.",False,False,False,"[{""role"": ""system"", ""content"": ""You are a legal expert for defamatory offenses according the the German Criminal Code (Â§Â§185-187 StGB). Help the user decide whether given posts fall within in the scope of these articles.""}, {""role"": ""user"", ""content"": ""Is the following post criminally relevant with respect to Â§Â§185-187 StGB (Defamatory Offense)? Answer only with 'True' (criminally relevant according to Â§Â§185-187 StGB) or 'False' (not criminally relevant according to Â§Â§185-187 StGB).""}, {""role"": ""user"", ""content"": ""So viel zur Integration und Vermittlung deutscher Werte. Da die neuen Bürger überhaupt kein Weinachten feiern, muss doch auch nichts geändert werden.""}]"
982650028440087,"Wenn die nicht ihren Willen bekommen, dann schalten sie in Angriffmodus, egal ob dort oder hier :-( so wie es in Suhl war. Was natürlich von den längst gleichgeschalteten M(F)erkel Medien verschwiegen wird.",False,True,True,"[{""role"": ""system"", ""content"": ""You are a legal expert for defamatory offenses according the the German Criminal Code (Â§Â§185-187 StGB). Help the user decide whether given posts fall within in the scope of these articles.""}, {""role"": ""user"", ""content"": ""Is the following post criminally relevant with respect to Â§Â§185-187 StGB (Defamatory Offense)? Answer only with 'True' (criminally relevant according to Â§Â§185-187 StGB) or 'False' (not criminally relevant according to Â§Â§185-187 StGB).""}, {""role"": ""user"", ""content"": ""Wenn die nicht ihren Willen bekommen, dann schalten sie in Angriffmodus, egal ob dort oder hier :-( so wie es in Suhl war. Was natürlich von den längst gleichgeschalteten M(F)erkel Medien verschwiegen wird.""}]"
1095994800438942,"Die Gutmenschen schreiben doch immer das diese Menschen doch nur Sicherheit suchen , daran sieht man auf was sie wirklich aus sind , in ein Land zu kommen wo das Maximum an Geld.- und Sachleistungen abzusahnen ist . Für mich sind die meisten Wirtschaftsflüchtlinge !",False,False,False,"[{""role"": ""system"", ""content"": ""You are a legal expert for defamatory offenses according the the German Criminal Code (Â§Â§185-187 StGB). Help the user decide whether given posts fall within in the scope of these articles.""}, {""role"": ""user"", ""content"": ""Is the following post criminally relevant with respect to Â§Â§185-187 StGB (Defamatory Offense)? Answer only with 'True' (criminally relevant according to Â§Â§185-187 StGB) or 'False' (not criminally relevant according to Â§Â§185-187 StGB).""}, {""role"": ""user"", ""content"": ""Die Gutmenschen schreiben doch immer das diese Menschen doch nur Sicherheit suchen , daran sieht man auf was sie wirklich aus sind , in ein Land zu kommen wo das Maximum an Geld.- und Sachleistungen abzusahnen ist . Für mich sind die meisten Wirtschaftsflüchtlinge !""}]"
1043653149006441,Heulen die Medien wieder rum..die werden sich noch wundern was das Deutsche Volk mit der Regierung macht...sind ha bald Wahlen????????,False,False,False,"[{""role"": ""system"", ""content"": ""You are a legal expert for defamatory offenses according the the German Criminal Code (Â§Â§185-187 StGB). Help the user decide whether given posts fall within in the scope of these articles.""}, {""role"": ""user"", ""content"": ""Is the following post criminally relevant with respect to Â§Â§185-187 StGB (Defamatory Offense)? Answer only with 'True' (criminally relevant according to Â§Â§185-187 StGB) or 'False' (not criminally relevant according to Â§Â§185-187 StGB).""}, {""role"": ""user"", ""content"": ""Heulen die Medien wieder rum..die werden sich noch wundern was das Deutsche Volk mit der Regierung macht...sind ha bald Wahlen????????""}]"
1007731145931975,Sehr gut der Dreck muss weg weiter so????????????????,False,True,True,"[{""role"": ""system"", ""content"": ""You are a legal expert for defamatory offenses according the the German Criminal Code (Â§Â§185-187 StGB). Help the user decide whether given posts fall within in the scope of these articles.""}, {""role"": ""user"", ""content"": ""Is the following post criminally relevant with respect to Â§Â§185-187 StGB (Defamatory Offense)? Answer only with 'True' (criminally relevant according to Â§Â§185-187 StGB) or 'False' (not criminally relevant according to Â§Â§185-187 StGB).""}, {""role"": ""user"", ""content"": ""Sehr gut der Dreck muss weg weiter so????????????????""}]"
935302416508182,Die Arbeiten doch alle für die CAI und Mossad und Verfassungsschutz so wie die bezahlten  Antifa und Linken  das haben Aussteiger zugegeben .,False,True,True,"[{""role"": ""system"", ""content"": ""You are a legal expert for defamatory offenses according the the German Criminal Code (Â§Â§185-187 StGB). Help the user decide whether given posts fall within in the scope of these articles.""}, {""role"": ""user"", ""content"": ""Is the following post criminally relevant with respect to Â§Â§185-187 StGB (Defamatory Offense)? Answer only with 'True' (criminally relevant according to Â§Â§185-187 StGB) or 'False' (not criminally relevant according to Â§Â§185-187 StGB).""}, {""role"": ""user"", ""content"": ""Die Arbeiten doch alle für die CAI und Mossad und Verfassungsschutz so wie die bezahlten  Antifa und Linken  das haben Aussteiger zugegeben .""}]"
1052393471465742,"Legida und Pegida  brauchen nur ein Paar Polizisten zum Verkehr umleiten.  Die Restlichen Hunderte Polizisten müssen die Kanaken von sog. Antifa in Schach halten. Ich frage mich wieso die eine Demo Genehmigung erhalten.Ich glaube wenn es umgekehrt wäre ,hätte die Stunde für Pegida/Legida usw. das Aus geschlagen.Warum erkundigt sich die Polizei beim Amt  mal warum die eine Genehmigung für die bezahlten Chaoten die mit Eisenstangen auf die Demonstranten und Polizisten losgehen.",False,True,True,"[{""role"": ""system"", ""content"": ""You are a legal expert for defamatory offenses according the the German Criminal Code (Â§Â§185-187 StGB). Help the user decide whether given posts fall within in the scope of these articles.""}, {""role"": ""user"", ""content"": ""Is the following post criminally relevant with respect to Â§Â§185-187 StGB (Defamatory Offense)? Answer only with 'True' (criminally relevant according to Â§Â§185-187 StGB) or 'False' (not criminally relevant according to Â§Â§185-187 StGB).""}, {""role"": ""user"", ""content"": ""Legida und Pegida  brauchen nur ein Paar Polizisten zum Verkehr umleiten.  Die Restlichen Hunderte Polizisten müssen die Kanaken von sog. Antifa in Schach halten. Ich frage mich wieso die eine Demo Genehmigung erhalten.Ich glaube wenn es umgekehrt wäre ,hätte die Stunde für Pegida/Legida usw. das Aus geschlagen.Warum erkundigt sich die Polizei beim Amt  mal warum die eine Genehmigung für die bezahlten Chaoten die mit Eisenstangen auf die Demonstranten und Polizisten losgehen.""}]"
879,@RegSprecher @KingSalman Ich hoffe das Merkel dort gesteinigt wird!!!,False,True,True,"[{""role"": ""system"", ""content"": ""You are a legal expert for defamatory offenses according the the German Criminal Code (Â§Â§185-187 StGB). Help the user decide whether given posts fall within in the scope of these articles.""}, {""role"": ""user"", ""content"": ""Is the following post criminally relevant with respect to Â§Â§185-187 StGB (Defamatory Offense)? Answer only with 'True' (criminally relevant according to Â§Â§185-187 StGB) or 'False' (not criminally relevant according to Â§Â§185-187 StGB).""}, {""role"": ""user"", ""content"": ""@RegSprecher @KingSalman Ich hoffe das Merkel dort gesteinigt wird!!!""}]"
811,Wenn #Europa den Zuzug von #Muslimen nicht stoppt ist es für immer unwiderruflich verloren |LBR| #April2017,False,False,False,"[{""role"": ""system"", ""content"": ""You are a legal expert for defamatory offenses according the the German Criminal Code (Â§Â§185-187 StGB). Help the user decide whether given posts fall within in the scope of these articles.""}, {""role"": ""user"", ""content"": ""Is the following post criminally relevant with respect to Â§Â§185-187 StGB (Defamatory Offense)? Answer only with 'True' (criminally relevant according to Â§Â§185-187 StGB) or 'False' (not criminally relevant according to Â§Â§185-187 StGB).""}, {""role"": ""user"", ""content"": ""Wenn #Europa den Zuzug von #Muslimen nicht stoppt ist es für immer unwiderruflich verloren |LBR| #April2017""}]"
857784670926624,"sie sind es nicht gewöhnt in häusern zu leben,gebt ihnen hölen und erdlöcher.da wohnen sie wie zu hause ;-) und der kulturschock ist nicht so groß",False,True,True,"[{""role"": ""system"", ""content"": ""You are a legal expert for defamatory offenses according the the German Criminal Code (Â§Â§185-187 StGB). Help the user decide whether given posts fall within in the scope of these articles.""}, {""role"": ""user"", ""content"": ""Is the following post criminally relevant with respect to Â§Â§185-187 StGB (Defamatory Offense)? Answer only with 'True' (criminally relevant according to Â§Â§185-187 StGB) or 'False' (not criminally relevant according to Â§Â§185-187 StGB).""}, {""role"": ""user"", ""content"": ""sie sind es nicht gewöhnt in häusern zu leben,gebt ihnen hölen und erdlöcher.da wohnen sie wie zu hause ;-) und der kulturschock ist nicht so groß""}]"
857794900925601,Irgendwann haben die antifaschisten bei der polizei eh keinen bonus mehr wenn sie sonweitrmachen und dann weiss auch der dümmste was sie für gesockse in ihrer mitte haben...das werden sowieso die ersten sein die eins auf die fresse bekommen wenn sie mal von einem muslman erwischt werden wenn sie seinen mercedes abfackeln...die scheissen aufs gesetz wie unsere ordnungshüter dann gibts reichlich auf die nuss,False,True,True,"[{""role"": ""system"", ""content"": ""You are a legal expert for defamatory offenses according the the German Criminal Code (Â§Â§185-187 StGB). Help the user decide whether given posts fall within in the scope of these articles.""}, {""role"": ""user"", ""content"": ""Is the following post criminally relevant with respect to Â§Â§185-187 StGB (Defamatory Offense)? Answer only with 'True' (criminally relevant according to Â§Â§185-187 StGB) or 'False' (not criminally relevant according to Â§Â§185-187 StGB).""}, {""role"": ""user"", ""content"": ""Irgendwann haben die antifaschisten bei der polizei eh keinen bonus mehr wenn sie sonweitrmachen und dann weiss auch der dümmste was sie für gesockse in ihrer mitte haben...das werden sowieso die ersten sein die eins auf die fresse bekommen wenn sie mal von einem muslman erwischt werden wenn sie seinen mercedes abfackeln...die scheissen aufs gesetz wie unsere ordnungshüter dann gibts reichlich auf die nuss""}]"
982648725106884,Was für ein dreckspack danke fr Merkel ich hoff der Blitz trifft dich beim sch......,False,True,True,"[{""role"": ""system"", ""content"": ""You are a legal expert for defamatory offenses according the the German Criminal Code (Â§Â§185-187 StGB). Help the user decide whether given posts fall within in the scope of these articles.""}, {""role"": ""user"", ""content"": ""Is the following post criminally relevant with respect to Â§Â§185-187 StGB (Defamatory Offense)? Answer only with 'True' (criminally relevant according to Â§Â§185-187 StGB) or 'False' (not criminally relevant according to Â§Â§185-187 StGB).""}, {""role"": ""user"", ""content"": ""Was für ein dreckspack danke fr Merkel ich hoff der Blitz trifft dich beim sch......""}]"
980,300 bekloppte Bahnhofs klatschen bilden Lichterkette in Altena. Wo waren oder sind diese Gehirn Prothesen wenn Deutsche in Berlin oder sonst wo ermordet werden? Wenn schon kein Gehirn dann wenigstens Lichterkette.,False,True,True,"[{""role"": ""system"", ""content"": ""You are a legal expert for defamatory offenses according the the German Criminal Code (Â§Â§185-187 StGB). Help the user decide whether given posts fall within in the scope of these articles.""}, {""role"": ""user"", ""content"": ""Is the following post criminally relevant with respect to Â§Â§185-187 StGB (Defamatory Offense)? Answer only with 'True' (criminally relevant according to Â§Â§185-187 StGB) or 'False' (not criminally relevant according to Â§Â§185-187 StGB).""}, {""role"": ""user"", ""content"": ""300 bekloppte Bahnhofs klatschen bilden Lichterkette in Altena. Wo waren oder sind diese Gehirn Prothesen wenn Deutsche in Berlin oder sonst wo ermordet werden? Wenn schon kein Gehirn dann wenigstens Lichterkette.""}]"
1070,Erst wenn Europa islamisiert ist werdet ihr merken dass |LBR| P E G I D A |LBR| P atrioten |LBR| E Uropas |LBR| G egen |LBR| I slamisierung |LBR| D es |LBR| A bendlandes |LBR| recht hatte,False,False,False,"[{""role"": ""system"", ""content"": ""You are a legal expert for defamatory offenses according the the German Criminal Code (Â§Â§185-187 StGB). Help the user decide whether given posts fall within in the scope of these articles.""}, {""role"": ""user"", ""content"": ""Is the following post criminally relevant with respect to Â§Â§185-187 StGB (Defamatory Offense)? Answer only with 'True' (criminally relevant according to Â§Â§185-187 StGB) or 'False' (not criminally relevant according to Â§Â§185-187 StGB).""}, {""role"": ""user"", ""content"": ""Erst wenn Europa islamisiert ist werdet ihr merken dass |LBR| P E G I D A |LBR| P atrioten |LBR| E Uropas |LBR| G egen |LBR| I slamisierung |LBR| D es |LBR| A bendlandes |LBR| recht hatte""}]"
946601715378252,"Huch...das JA München erwartet Arbeit...echte Arbeit, unglaublich!! Da würde mir auch schlecht werden!",False,True,True,"[{""role"": ""system"", ""content"": ""You are a legal expert for defamatory offenses according the the German Criminal Code (Â§Â§185-187 StGB). Help the user decide whether given posts fall within in the scope of these articles.""}, {""role"": ""user"", ""content"": ""Is the following post criminally relevant with respect to Â§Â§185-187 StGB (Defamatory Offense)? Answer only with 'True' (criminally relevant according to Â§Â§185-187 StGB) or 'False' (not criminally relevant according to Â§Â§185-187 StGB).""}, {""role"": ""user"", ""content"": ""Huch...das JA München erwartet Arbeit...echte Arbeit, unglaublich!! Da würde mir auch schlecht werden!""}]"
527,"Viell. werden eines Tages die Akten all der Kohls, Merkels u. Gaucks geöffnet u. der gesamte Lug u. Trug um eine ""Einheit"" kommt ans Licht 😜",False,False,False,"[{""role"": ""system"", ""content"": ""You are a legal expert for defamatory offenses according the the German Criminal Code (Â§Â§185-187 StGB). Help the user decide whether given posts fall within in the scope of these articles.""}, {""role"": ""user"", ""content"": ""Is the following post criminally relevant with respect to Â§Â§185-187 StGB (Defamatory Offense)? Answer only with 'True' (criminally relevant according to Â§Â§185-187 StGB) or 'False' (not criminally relevant according to Â§Â§185-187 StGB).""}, {""role"": ""user"", ""content"": ""Viell. werden eines Tages die Akten all der Kohls, Merkels u. Gaucks geöffnet u. der gesamte Lug u. Trug um eine \""Einheit\"" kommt ans Licht 😜""}]"
571,Was zum Teufel läuft denn da beim TV durchschalten mit dem bescheuerten Schulz ?Der Blödmann will alle aus dem Parlament schmeißen ? IDIOT !,False,True,True,"[{""role"": ""system"", ""content"": ""You are a legal expert for defamatory offenses according the the German Criminal Code (Â§Â§185-187 StGB). Help the user decide whether given posts fall within in the scope of these articles.""}, {""role"": ""user"", ""content"": ""Is the following post criminally relevant with respect to Â§Â§185-187 StGB (Defamatory Offense)? Answer only with 'True' (criminally relevant according to Â§Â§185-187 StGB) or 'False' (not criminally relevant according to Â§Â§185-187 StGB).""}, {""role"": ""user"", ""content"": ""Was zum Teufel läuft denn da beim TV durchschalten mit dem bescheuerten Schulz ?Der Blödmann will alle aus dem Parlament schmeißen ? IDIOT !""}]"
1055245557847200,"Welches Land hat denn 1953 im Iran ein Putsch mit Hilfe des Geheimdienstes CIA durchgeführt? Die USA! Seit 1953 bomben die jedes Land in Nahen Osten in Grund und Boden und finanzieren Milizen, die dann zu Terrororganisation werden. 550 Milliarden Dollar setzt die Rüstungsindustrie der USA jährlich um. Die wollen doch gar keinen Frieden auf der Welt. Je mehr es knallt, desto mehr kann dieses insolvente Land an Kohle abzweigen. Schickt die ganzen Flüchtlinge doch mal zu den Amis. Mal gucken wie es dann im nahen Osten weitergeht.",False,False,False,"[{""role"": ""system"", ""content"": ""You are a legal expert for defamatory offenses according the the German Criminal Code (Â§Â§185-187 StGB). Help the user decide whether given posts fall within in the scope of these articles.""}, {""role"": ""user"", ""content"": ""Is the following post criminally relevant with respect to Â§Â§185-187 StGB (Defamatory Offense)? Answer only with 'True' (criminally relevant according to Â§Â§185-187 StGB) or 'False' (not criminally relevant according to Â§Â§185-187 StGB).""}, {""role"": ""user"", ""content"": ""Welches Land hat denn 1953 im Iran ein Putsch mit Hilfe des Geheimdienstes CIA durchgeführt? Die USA! Seit 1953 bomben die jedes Land in Nahen Osten in Grund und Boden und finanzieren Milizen, die dann zu Terrororganisation werden. 550 Milliarden Dollar setzt die Rüstungsindustrie der USA jährlich um. Die wollen doch gar keinen Frieden auf der Welt. Je mehr es knallt, desto mehr kann dieses insolvente Land an Kohle abzweigen. Schickt die ganzen Flüchtlinge doch mal zu den Amis. Mal gucken wie es dann im nahen Osten weitergeht.""}]"
1295,@007_bulldog @FFF_Berlin @p4fBerlin @Berlin4F Du Hurensohn Hater deine Mutter gibt es als 0815 Schlampe auf einer 10 Jahren alten Porno CD die von obdachlosen Nazis genutzt wird. Deine Mutter hatte einen Gang bang mit afdlern diese Nazi Schlampe. Du hurensohn. Komm mal rüber wenn du paar auf die fresse willst.,True,True,True,"[{""role"": ""system"", ""content"": ""You are a legal expert for defamatory offenses according the the German Criminal Code (Â§Â§185-187 StGB). Help the user decide whether given posts fall within in the scope of these articles.""}, {""role"": ""user"", ""content"": ""Is the following post criminally relevant with respect to Â§Â§185-187 StGB (Defamatory Offense)? Answer only with 'True' (criminally relevant according to Â§Â§185-187 StGB) or 'False' (not criminally relevant according to Â§Â§185-187 StGB).""}, {""role"": ""user"", ""content"": ""@007_bulldog @FFF_Berlin @p4fBerlin @Berlin4F Du Hurensohn Hater deine Mutter gibt es als 0815 Schlampe auf einer 10 Jahren alten Porno CD die von obdachlosen Nazis genutzt wird. Deine Mutter hatte einen Gang bang mit afdlern diese Nazi Schlampe. Du hurensohn. Komm mal rüber wenn du paar auf die fresse willst.""}]"
857950314243393,"Wer sich fragt warum immer wieder ein Neuaufguss von Auschwitz und Co kommt.... frei nach dem Motto... deine Vorfahren waren ganz böse.... usw. in Japan erforscht man das... Ausrottung der Deutschen hier einige Beispiele von unseren tollen Politikern....   ... interessant, wer hier in Deutschland Politik macht und sich auch noch dafür vom deutschen Volk bezahlen lässt! ACHTUNG ... manches hier kann zu Übelkeit führen!
Zitate:
Joschka Fischer: „Deutschland ist ein Problem, weil die Deutschen fleißiger, disziplinierter und begabter als der Rest Europas sind. Das wird immer wieder zu ‘Ungleichgewichten’ führen. Dem kann aber gegengesteuert werden, indem so viel Geld wie nur möglich aus Deutschland herausgeleitet wird. Es ist vollkommen egal wofür, es kann auch radikal verschwendet werden – Hauptsache, die Deutschen haben es nicht. Schon ist die Welt gerettet.“
Cem Özdemir, derzeit Bundesvorsitzender der Partei “Bündnis 90/ Die Grünen” im Bundestag mit deutschem Pass, in einem Interview mit dem „Tagesspiegel“ auf die Frage; wie er sich die Zukunft vorstellt?
„In Zwanzig Jahren haben wir eine Grüne Bundeskanzlerin und ich berate die türkische Regierung bei der Frage, wie sie ihre Probleme mit der deutschen Minderheit an der Mittelmeerküste in den Griff bekommt.“
Jürgen Trittin, Grüner Vorsitzender und ehemaliger Umweltminister: „Noch nie habe ich die deutsche Nationalhymne mitgesungen und ich werde es als Minister auch nicht tun.“ (Quelle: FAZ vom 02. 01. 2005)
Nochmals Joschka Fischer, Bündnis 90/ Die Grünen: „Deutschland muss von außen eingehegt und von innen durch Zustrom von Ausländern heterogenisiert, quasi verdünnt, werden.“ (Rezension zu Joschka Fischers Buch „Risiko Deutschland” - von Miriam Lau)
“Deutschland verschwindet jeden Tag immer mehr, und das finde ich einfach großartig.” Jürgen Trittin,
„Deutsche sind ‚Nicht-Migranten‘ - mehr nicht! …die Türkei ist zweite Heimat für mich, ich mache seit 20 Jahren Türkei-Politik.“ (Videoquelle) Claudia Roth, Vorstand Bündnis 90 / Die Grünen und Dt. Bundestagsabgeordnete
Sinngemäße Aussage von Cem Özdemir, Bündnis 90 / Die Grünen, auf Behauptung von Susanne Zeller-Hirzel, der letzten Überlebende der Weißen Rose, einer Widerstandsgruppe im sog. Dritten Reich: „Wir wollen, dass Deutschland islamisch wird!“ (Videoquelle)
M. Walid Nakschbandi, “Deutscher Staatsbürger” afghanischer Herkunft und Geschäftsführer der Fernsehproduktionsfirma AVE: „Wir kennen Euren inneren Zustand. Dafür haben wir einen Blick und die nötige Sensibilität. Und da wir Euch kennen, werden wir uns auf Euch nicht mehr verlassen. Wir gehen unseren Weg und der ist schmerzlich und voller Dornen, aber am Ende erfolgreich… . Ihr habt nur die Chance, mit uns zu leben. Ein Leben ohne uns wird es für Euch nicht mehr geben. Die Ibrahims, Stefanos, Marios, Laylas und Sorayas sind deutsche Realität.... . Ihr werdet es nicht verhindern können, dass bald ein türkisch stämmiger Richter über Euch das Urteil fällt, ein pakistanischer Arzt Eure Krankheiten heilt, ein Tamile im Parlament Eure Gesetze mit verabschiedet…. Nicht Ihr werdet die Gesellschaft modernisieren… und humanisieren, sondern wir werden es tun für Euch! - Ihr seid bei diesem leidvollen Prozess lediglich Zaungäste, lästige Gaffer! Wir werden die deutsche Gesellschaft in Ost und West verändern!“
Der Vorstand von “Bündnis 90 / Die Grünen” kürzlich in München: „Es geht nicht um Recht oder Unrecht in der Einwanderungsdebatte, uns geht es zuerst um die Zurückdrängung des deutschen Bevölkerungsanteils in diesem Land!“
“Das Problem ist nicht Sarrazin selbst als Person, sondern der gleichgesinnte Bevölkerungsanteil in Deutschland. ” Cem Özdemir, Bündnis 90 /Die Grünen, (Sarrazin hat bis zu 90% Zustimmung in der Bevölkerung.)
“Der deutsche Nachwuchs heißt jetzt Mustafa, Giovanni und Ali!”
Cem Özdemir, Bündnis 90/ Die Grünen auf dem Parteitag der Grünen 1998 in Bonn-Bad Godesberg.
“Am Nationalfeiertag der Deutschen ertrinken die Straßen in einem Meer aus roten Türkenflaggen und ein paar schwarzrotgoldenen Fahnen.”
Claudia Roth, Bündnis 90/ Die Grünen, Wunschvision zum Tag der Deutschen Einheit, Artikel in der Welt am Sonntag vom 6.Februar 2005.
“Deutsche sind Nicht-Migranten, mehr nicht!”
Claudia Roth, Bündnis 90/ Die Grünen
“Ich wollte, dass Frankreich bis zur Elbe reicht und Polen direkt an Frankreich grenzt.”- Sieglinde Frieß, Bündnis 90/ Die Grünen vor dem Parlament im Bundestag, (Quelle: FAZ vom 6.9.1989)
“Migration ist in Frankfurt eine Tatsache. Wenn Ihnen das nicht passt, müssen Sie woanders hinziehen.” (Antwort auf die Beschwerde zu Integrationsproblemen von 50 Anwohnern) - Nargess Eskandari-Grünberg, Bündnis90/Die Grünen, in der Frankfurter Rundschau vom 13. November 2007. Augenzeugen sagen, es hieß wörtlich “…dann wandern Sie doch aus!”
Sinngemäß: ""Wir, die Grünen, müssen dafür sorgen, so viele Ausländer wie möglich nach Deutschland zu holen. Wenn sie in Deutschland sind, müssen wir für ihr Wahlrecht kämpfen. Wenn wir das erreicht haben, werden wir den Stimmenanteil haben, den wir brauchen, um diese Republik zu verändern."" Daniel Cohn-Bendit, Bündnis 90/ Die Grünen
“Deutsche Helden müsste die Welt, tollwütigen Hunden gleich, einfach totschlagen.” Joschka Fischer, Bündnis 90/ Die Grünen
“Es geht nicht um Recht oder Unrecht in der Einwanderungsdebatte, uns geht es zuerst um die Zurückdrängung des deutschen Bevölkerungsanteils in diesem Land.” Vorstand der Bündnis 90/ Die Grünen von München.""  https://www.youtube.com/watch?v=te_NpUvM8R8",False,True,True,"[{""role"": ""system"", ""content"": ""You are a legal expert for defamatory offenses according the the German Criminal Code (Â§Â§185-187 StGB). Help the user decide whether given posts fall within in the scope of these articles.""}, {""role"": ""user"", ""content"": ""Is the following post criminally relevant with respect to Â§Â§185-187 StGB (Defamatory Offense)? Answer only with 'True' (criminally relevant according to Â§Â§185-187 StGB) or 'False' (not criminally relevant according to Â§Â§185-187 StGB).""}, {""role"": ""user"", ""content"": ""Wer sich fragt warum immer wieder ein Neuaufguss von Auschwitz und Co kommt.... frei nach dem Motto... deine Vorfahren waren ganz böse.... usw. in Japan erforscht man das... Ausrottung der Deutschen hier einige Beispiele von unseren tollen Politikern....   ... interessant, wer hier in Deutschland Politik macht und sich auch noch dafür vom deutschen Volk bezahlen lässt! ACHTUNG ... manches hier kann zu Übelkeit führen!\r\nZitate:\r\nJoschka Fischer: „Deutschland ist ein Problem, weil die Deutschen fleißiger, disziplinierter und begabter als der Rest Europas sind. Das wird immer wieder zu ‘Ungleichgewichten’ führen. Dem kann aber gegengesteuert werden, indem so viel Geld wie nur möglich aus Deutschland herausgeleitet wird. Es ist vollkommen egal wofür, es kann auch radikal verschwendet werden – Hauptsache, die Deutschen haben es nicht. Schon ist die Welt gerettet.“\r\nCem Özdemir, derzeit Bundesvorsitzender der Partei “Bündnis 90/ Die Grünen” im Bundestag mit deutschem Pass, in einem Interview mit dem „Tagesspiegel“ auf die Frage; wie er sich die Zukunft vorstellt?\r\n„In Zwanzig Jahren haben wir eine Grüne Bundeskanzlerin und ich berate die türkische Regierung bei der Frage, wie sie ihre Probleme mit der deutschen Minderheit an der Mittelmeerküste in den Griff bekommt.“\r\nJürgen Trittin, Grüner Vorsitzender und ehemaliger Umweltminister: „Noch nie habe ich die deutsche Nationalhymne mitgesungen und ich werde es als Minister auch nicht tun.“ (Quelle: FAZ vom 02. 01. 2005)\r\nNochmals Joschka Fischer, Bündnis 90/ Die Grünen: „Deutschland muss von außen eingehegt und von innen durch Zustrom von Ausländern heterogenisiert, quasi verdünnt, werden.“ (Rezension zu Joschka Fischers Buch „Risiko Deutschland” - von Miriam Lau)\r\n“Deutschland verschwindet jeden Tag immer mehr, und das finde ich einfach großartig.” Jürgen Trittin,\r\n„Deutsche sind ‚Nicht-Migranten‘ - mehr nicht! …die Türkei ist zweite Heimat für mich, ich mache seit 20 Jahren Türkei-Politik.“ (Videoquelle) Claudia Roth, Vorstand Bündnis 90 / Die Grünen und Dt. Bundestagsabgeordnete\r\nSinngemäße Aussage von Cem Özdemir, Bündnis 90 / Die Grünen, auf Behauptung von Susanne Zeller-Hirzel, der letzten Überlebende der Weißen Rose, einer Widerstandsgruppe im sog. Dritten Reich: „Wir wollen, dass Deutschland islamisch wird!“ (Videoquelle)\r\nM. Walid Nakschbandi, “Deutscher Staatsbürger” afghanischer Herkunft und Geschäftsführer der Fernsehproduktionsfirma AVE: „Wir kennen Euren inneren Zustand. Dafür haben wir einen Blick und die nötige Sensibilität. Und da wir Euch kennen, werden wir uns auf Euch nicht mehr verlassen. Wir gehen unseren Weg und der ist schmerzlich und voller Dornen, aber am Ende erfolgreich… . Ihr habt nur die Chance, mit uns zu leben. Ein Leben ohne uns wird es für Euch nicht mehr geben. Die Ibrahims, Stefanos, Marios, Laylas und Sorayas sind deutsche Realität.... . Ihr werdet es nicht verhindern können, dass bald ein türkisch stämmiger Richter über Euch das Urteil fällt, ein pakistanischer Arzt Eure Krankheiten heilt, ein Tamile im Parlament Eure Gesetze mit verabschiedet…. Nicht Ihr werdet die Gesellschaft modernisieren… und humanisieren, sondern wir werden es tun für Euch! - Ihr seid bei diesem leidvollen Prozess lediglich Zaungäste, lästige Gaffer! Wir werden die deutsche Gesellschaft in Ost und West verändern!“\r\nDer Vorstand von “Bündnis 90 / Die Grünen” kürzlich in München: „Es geht nicht um Recht oder Unrecht in der Einwanderungsdebatte, uns geht es zuerst um die Zurückdrängung des deutschen Bevölkerungsanteils in diesem Land!“\r\n“Das Problem ist nicht Sarrazin selbst als Person, sondern der gleichgesinnte Bevölkerungsanteil in Deutschland. ” Cem Özdemir, Bündnis 90 /Die Grünen, (Sarrazin hat bis zu 90% Zustimmung in der Bevölkerung.)\r\n“Der deutsche Nachwuchs heißt jetzt Mustafa, Giovanni und Ali!”\r\nCem Özdemir, Bündnis 90/ Die Grünen auf dem Parteitag der Grünen 1998 in Bonn-Bad Godesberg.\r\n“Am Nationalfeiertag der Deutschen ertrinken die Straßen in einem Meer aus roten Türkenflaggen und ein paar schwarzrotgoldenen Fahnen.”\r\nClaudia Roth, Bündnis 90/ Die Grünen, Wunschvision zum Tag der Deutschen Einheit, Artikel in der Welt am Sonntag vom 6.Februar 2005.\r\n“Deutsche sind Nicht-Migranten, mehr nicht!”\r\nClaudia Roth, Bündnis 90/ Die Grünen\r\n“Ich wollte, dass Frankreich bis zur Elbe reicht und Polen direkt an Frankreich grenzt.”- Sieglinde Frieß, Bündnis 90/ Die Grünen vor dem Parlament im Bundestag, (Quelle: FAZ vom 6.9.1989)\r\n“Migration ist in Frankfurt eine Tatsache. Wenn Ihnen das nicht passt, müssen Sie woanders hinziehen.” (Antwort auf die Beschwerde zu Integrationsproblemen von 50 Anwohnern) - Nargess Eskandari-Grünberg, Bündnis90/Die Grünen, in der Frankfurter Rundschau vom 13. November 2007. Augenzeugen sagen, es hieß wörtlich “…dann wandern Sie doch aus!”\r\nSinngemäß: \""Wir, die Grünen, müssen dafür sorgen, so viele Ausländer wie möglich nach Deutschland zu holen. Wenn sie in Deutschland sind, müssen wir für ihr Wahlrecht kämpfen. Wenn wir das erreicht haben, werden wir den Stimmenanteil haben, den wir brauchen, um diese Republik zu verändern.\"" Daniel Cohn-Bendit, Bündnis 90/ Die Grünen\r\n“Deutsche Helden müsste die Welt, tollwütigen Hunden gleich, einfach totschlagen.” Joschka Fischer, Bündnis 90/ Die Grünen\r\n“Es geht nicht um Recht oder Unrecht in der Einwanderungsdebatte, uns geht es zuerst um die Zurückdrängung des deutschen Bevölkerungsanteils in diesem Land.” Vorstand der Bündnis 90/ Die Grünen von München.\""  https://www.youtube.com/watch?v=te_NpUvM8R8""}]"
374,@anna_IIna Diese nichtsnützigen Analphabeten will Syrien nicht zurück...die sind froh das Deutschland sie nicht mehr hergibt...!,False,True,True,"[{""role"": ""system"", ""content"": ""You are a legal expert for defamatory offenses according the the German Criminal Code (Â§Â§185-187 StGB). Help the user decide whether given posts fall within in the scope of these articles.""}, {""role"": ""user"", ""content"": ""Is the following post criminally relevant with respect to Â§Â§185-187 StGB (Defamatory Offense)? Answer only with 'True' (criminally relevant according to Â§Â§185-187 StGB) or 'False' (not criminally relevant according to Â§Â§185-187 StGB).""}, {""role"": ""user"", ""content"": ""@anna_IIna Diese nichtsnützigen Analphabeten will Syrien nicht zurück...die sind froh das Deutschland sie nicht mehr hergibt...!""}]"
951974554840968,"Wer die wirre Politik der Toleranzblindheit mit trägt, ist mit einem blauen Auge noch glimpflich davon gekommen. 
Wenns nach mir geht, würde er von mir das andere auch noch ""bunt"" bekommen. Dummheit gehört bestraft!
Und an all die Buntfaschisten hier, ich bin selber homosexuell, also spart euch euer blödes Gesabbel. Jeder Homosexuelle, der sich von dem rot-grünen Schwachsinn nicht distanziert, dem gönne ich von Herzen eine polierte Fresse!!! ??",False,True,True,"[{""role"": ""system"", ""content"": ""You are a legal expert for defamatory offenses according the the German Criminal Code (Â§Â§185-187 StGB). Help the user decide whether given posts fall within in the scope of these articles.""}, {""role"": ""user"", ""content"": ""Is the following post criminally relevant with respect to Â§Â§185-187 StGB (Defamatory Offense)? Answer only with 'True' (criminally relevant according to Â§Â§185-187 StGB) or 'False' (not criminally relevant according to Â§Â§185-187 StGB).""}, {""role"": ""user"", ""content"": ""Wer die wirre Politik der Toleranzblindheit mit trägt, ist mit einem blauen Auge noch glimpflich davon gekommen. \r\nWenns nach mir geht, würde er von mir das andere auch noch \""bunt\"" bekommen. Dummheit gehört bestraft!\r\nUnd an all die Buntfaschisten hier, ich bin selber homosexuell, also spart euch euer blödes Gesabbel. Jeder Homosexuelle, der sich von dem rot-grünen Schwachsinn nicht distanziert, dem gönne ich von Herzen eine polierte Fresse!!! ??""}]"
945844852120605,"Seht es als Chance unser Sozialsystem aufrecht zu erhalten! 
Endmuslimifizieren und ausbilden, dann haben wir endlich die Win/Win Situation die oft propagiert wird! Es sind in den meisten Fällen nicht die Menschen an sich die eine Bedrohung für Europa und Deutschland darstellen, sondern ihr Glaube! Die Gefahr geht vom Islam aus, weltweit!",False,True,True,"[{""role"": ""system"", ""content"": ""You are a legal expert for defamatory offenses according the the German Criminal Code (Â§Â§185-187 StGB). Help the user decide whether given posts fall within in the scope of these articles.""}, {""role"": ""user"", ""content"": ""Is the following post criminally relevant with respect to Â§Â§185-187 StGB (Defamatory Offense)? Answer only with 'True' (criminally relevant according to Â§Â§185-187 StGB) or 'False' (not criminally relevant according to Â§Â§185-187 StGB).""}, {""role"": ""user"", ""content"": ""Seht es als Chance unser Sozialsystem aufrecht zu erhalten! \r\nEndmuslimifizieren und ausbilden, dann haben wir endlich die Win/Win Situation die oft propagiert wird! Es sind in den meisten Fällen nicht die Menschen an sich die eine Bedrohung für Europa und Deutschland darstellen, sondern ihr Glaube! Die Gefahr geht vom Islam aus, weltweit!""}]"
959,@Korrektus @MiriamOzen Das ist war...wo Islam da auch Islamisten |LBR| Moslems sind alle gleich...sonst wären sie keine Moslems..!!,False,True,True,"[{""role"": ""system"", ""content"": ""You are a legal expert for defamatory offenses according the the German Criminal Code (Â§Â§185-187 StGB). Help the user decide whether given posts fall within in the scope of these articles.""}, {""role"": ""user"", ""content"": ""Is the following post criminally relevant with respect to Â§Â§185-187 StGB (Defamatory Offense)? Answer only with 'True' (criminally relevant according to Â§Â§185-187 StGB) or 'False' (not criminally relevant according to Â§Â§185-187 StGB).""}, {""role"": ""user"", ""content"": ""@Korrektus @MiriamOzen Das ist war...wo Islam da auch Islamisten |LBR| Moslems sind alle gleich...sonst wären sie keine Moslems..!!""}]"
882719741766450,weils feige schweine sind die ihre kinder u frauen im stich lassen...u für son pck müssen wir steuergroschen abdrücken,False,True,True,"[{""role"": ""system"", ""content"": ""You are a legal expert for defamatory offenses according the the German Criminal Code (Â§Â§185-187 StGB). Help the user decide whether given posts fall within in the scope of these articles.""}, {""role"": ""user"", ""content"": ""Is the following post criminally relevant with respect to Â§Â§185-187 StGB (Defamatory Offense)? Answer only with 'True' (criminally relevant according to Â§Â§185-187 StGB) or 'False' (not criminally relevant according to Â§Â§185-187 StGB).""}, {""role"": ""user"", ""content"": ""weils feige schweine sind die ihre kinder u frauen im stich lassen...u für son pck müssen wir steuergroschen abdrücken""}]"
1105417686163320,"Warum nur lassen sich die Leute sowas gefallen? Einfach abfackeln diese Moscheen - Problem gelöst. Logisch dass die Gegner leichtes Spiel haben, wenn sich die Einheimischen nicht wehren.",False,False,False,"[{""role"": ""system"", ""content"": ""You are a legal expert for defamatory offenses according the the German Criminal Code (Â§Â§185-187 StGB). Help the user decide whether given posts fall within in the scope of these articles.""}, {""role"": ""user"", ""content"": ""Is the following post criminally relevant with respect to Â§Â§185-187 StGB (Defamatory Offense)? Answer only with 'True' (criminally relevant according to Â§Â§185-187 StGB) or 'False' (not criminally relevant according to Â§Â§185-187 StGB).""}, {""role"": ""user"", ""content"": ""Warum nur lassen sich die Leute sowas gefallen? Einfach abfackeln diese Moscheen - Problem gelöst. Logisch dass die Gegner leichtes Spiel haben, wenn sich die Einheimischen nicht wehren.""}]"
916,@MD_Franz Das gibt eine neue Einnahmequelle für das Pack....angedichtete Familien werden meistbietend verkauft,False,True,True,"[{""role"": ""system"", ""content"": ""You are a legal expert for defamatory offenses according the the German Criminal Code (Â§Â§185-187 StGB). Help the user decide whether given posts fall within in the scope of these articles.""}, {""role"": ""user"", ""content"": ""Is the following post criminally relevant with respect to Â§Â§185-187 StGB (Defamatory Offense)? Answer only with 'True' (criminally relevant according to Â§Â§185-187 StGB) or 'False' (not criminally relevant according to Â§Â§185-187 StGB).""}, {""role"": ""user"", ""content"": ""@MD_Franz Das gibt eine neue Einnahmequelle für das Pack....angedichtete Familien werden meistbietend verkauft""}]"
877069865664771,"Sind da auch die Facharbeiter für Drogenhandel gemeint
Ich sehe die neuen Facharbeiter nur mit Bierflaschen in der Hand 
Und die Kosten für diese Leute zahlt der Deutsche Staat
Wann wacht Deutschland Endlich auf ¡!!!!!!!!!!",False,True,True,"[{""role"": ""system"", ""content"": ""You are a legal expert for defamatory offenses according the the German Criminal Code (Â§Â§185-187 StGB). Help the user decide whether given posts fall within in the scope of these articles.""}, {""role"": ""user"", ""content"": ""Is the following post criminally relevant with respect to Â§Â§185-187 StGB (Defamatory Offense)? Answer only with 'True' (criminally relevant according to Â§Â§185-187 StGB) or 'False' (not criminally relevant according to Â§Â§185-187 StGB).""}, {""role"": ""user"", ""content"": ""Sind da auch die Facharbeiter für Drogenhandel gemeint\r\nIch sehe die neuen Facharbeiter nur mit Bierflaschen in der Hand \r\nUnd die Kosten für diese Leute zahlt der Deutsche Staat\r\nWann wacht Deutschland Endlich auf ¡!!!!!!!!!!""}]"
290,@KlausGunk ich drück die daumen klaus 👍,False,False,False,"[{""role"": ""system"", ""content"": ""You are a legal expert for defamatory offenses according the the German Criminal Code (Â§Â§185-187 StGB). Help the user decide whether given posts fall within in the scope of these articles.""}, {""role"": ""user"", ""content"": ""Is the following post criminally relevant with respect to Â§Â§185-187 StGB (Defamatory Offense)? Answer only with 'True' (criminally relevant according to Â§Â§185-187 StGB) or 'False' (not criminally relevant according to Â§Â§185-187 StGB).""}, {""role"": ""user"", ""content"": ""@KlausGunk ich drück die daumen klaus 👍""}]"
158,Tja liebe Altparteien. Hättet ihr eine deutsch/bürgerfreundliche Politik gemacht könntet ihr eure Posten behalten |LBR| Jetzt muss es #AfD richten,False,False,False,"[{""role"": ""system"", ""content"": ""You are a legal expert for defamatory offenses according the the German Criminal Code (Â§Â§185-187 StGB). Help the user decide whether given posts fall within in the scope of these articles.""}, {""role"": ""user"", ""content"": ""Is the following post criminally relevant with respect to Â§Â§185-187 StGB (Defamatory Offense)? Answer only with 'True' (criminally relevant according to Â§Â§185-187 StGB) or 'False' (not criminally relevant according to Â§Â§185-187 StGB).""}, {""role"": ""user"", ""content"": ""Tja liebe Altparteien. Hättet ihr eine deutsch/bürgerfreundliche Politik gemacht könntet ihr eure Posten behalten |LBR| Jetzt muss es #AfD richten""}]"
894741303897627,"Ich fürchte von Gehirnwäsche kann keine Rede sein, denn das würde Gehirn voraussetzen.
Ich denke einfach er ist bloß verblödet, ganz simpel",False,True,True,"[{""role"": ""system"", ""content"": ""You are a legal expert for defamatory offenses according the the German Criminal Code (Â§Â§185-187 StGB). Help the user decide whether given posts fall within in the scope of these articles.""}, {""role"": ""user"", ""content"": ""Is the following post criminally relevant with respect to Â§Â§185-187 StGB (Defamatory Offense)? Answer only with 'True' (criminally relevant according to Â§Â§185-187 StGB) or 'False' (not criminally relevant according to Â§Â§185-187 StGB).""}, {""role"": ""user"", ""content"": ""Ich fürchte von Gehirnwäsche kann keine Rede sein, denn das würde Gehirn voraussetzen.\r\nIch denke einfach er ist bloß verblödet, ganz simpel""}]"
895514840486940,"Wenn die Linken alles abfackeln, kurz und klein schlagen, Polizisten  bedrohen rumpöbeln warum forden Sie nicht, dass diese sich davon distanzieren sollen Herr Sylvester? Auf friedliche Pegidaanhänger verbal eindreschen ist bequemer. Außerdem ist noch gar nicht geklärt, wer diesen Anschlag in Tröglitz gemacht hat. Also mal schön den Ball flach halten und nicht so rumstänkern.",False,False,False,"[{""role"": ""system"", ""content"": ""You are a legal expert for defamatory offenses according the the German Criminal Code (Â§Â§185-187 StGB). Help the user decide whether given posts fall within in the scope of these articles.""}, {""role"": ""user"", ""content"": ""Is the following post criminally relevant with respect to Â§Â§185-187 StGB (Defamatory Offense)? Answer only with 'True' (criminally relevant according to Â§Â§185-187 StGB) or 'False' (not criminally relevant according to Â§Â§185-187 StGB).""}, {""role"": ""user"", ""content"": ""Wenn die Linken alles abfackeln, kurz und klein schlagen, Polizisten  bedrohen rumpöbeln warum forden Sie nicht, dass diese sich davon distanzieren sollen Herr Sylvester? Auf friedliche Pegidaanhänger verbal eindreschen ist bequemer. Außerdem ist noch gar nicht geklärt, wer diesen Anschlag in Tröglitz gemacht hat. Also mal schön den Ball flach halten und nicht so rumstänkern.""}]"
1107995775905511,"and you call these Zombie Mother F**ker . INNOCENT REFUGEES ???????????????????. this is a Massive Army to Annihilate Europe. KILL THEM ALLLLLLLLLLL. Just tell me why you have an Army ? to defend your country, isn't it ? then what are you waiting for. shoot them",False,True,True,"[{""role"": ""system"", ""content"": ""You are a legal expert for defamatory offenses according the the German Criminal Code (Â§Â§185-187 StGB). Help the user decide whether given posts fall within in the scope of these articles.""}, {""role"": ""user"", ""content"": ""Is the following post criminally relevant with respect to Â§Â§185-187 StGB (Defamatory Offense)? Answer only with 'True' (criminally relevant according to Â§Â§185-187 StGB) or 'False' (not criminally relevant according to Â§Â§185-187 StGB).""}, {""role"": ""user"", ""content"": ""and you call these Zombie Mother F**ker . INNOCENT REFUGEES ???????????????????. this is a Massive Army to Annihilate Europe. KILL THEM ALLLLLLLLLLL. Just tell me why you have an Army ? to defend your country, isn't it ? then what are you waiting for. shoot them""}]"
257,"@JButtermilch @Taykra Was ein Schmonzes! Es scheint, dass du keine Ahnung von der #Kashrut, den jüdischen Speisegesetzen, hast. #Juden nehmen nicht irgendwelche #Tiere &amp; schächten die einfach. Das Tierwohl &amp; die Reinheit stehen auf oberster Stelle. #Shechita, oder das #Schächten, ist eine Wissenschaft",False,False,False,"[{""role"": ""system"", ""content"": ""You are a legal expert for defamatory offenses according the the German Criminal Code (Â§Â§185-187 StGB). Help the user decide whether given posts fall within in the scope of these articles.""}, {""role"": ""user"", ""content"": ""Is the following post criminally relevant with respect to Â§Â§185-187 StGB (Defamatory Offense)? Answer only with 'True' (criminally relevant according to Â§Â§185-187 StGB) or 'False' (not criminally relevant according to Â§Â§185-187 StGB).""}, {""role"": ""user"", ""content"": ""@JButtermilch @Taykra Was ein Schmonzes! Es scheint, dass du keine Ahnung von der #Kashrut, den jüdischen Speisegesetzen, hast. #Juden nehmen nicht irgendwelche #Tiere &amp; schächten die einfach. Das Tierwohl &amp; die Reinheit stehen auf oberster Stelle. #Shechita, oder das #Schächten, ist eine Wissenschaft""}]"
1057893074249115,"Man könnte vermuten das dies der wahre Gedanke von Europa ist,in dem man zusammenarbeitet und sich gegenseitig hilft.Fr.Merkel,sie sabotieren jegliche Vernunft,leider denke ich,dass sie nicht daraus lernen werden.",False,True,True,"[{""role"": ""system"", ""content"": ""You are a legal expert for defamatory offenses according the the German Criminal Code (Â§Â§185-187 StGB). Help the user decide whether given posts fall within in the scope of these articles.""}, {""role"": ""user"", ""content"": ""Is the following post criminally relevant with respect to Â§Â§185-187 StGB (Defamatory Offense)? Answer only with 'True' (criminally relevant according to Â§Â§185-187 StGB) or 'False' (not criminally relevant according to Â§Â§185-187 StGB).""}, {""role"": ""user"", ""content"": ""Man könnte vermuten das dies der wahre Gedanke von Europa ist,in dem man zusammenarbeitet und sich gegenseitig hilft.Fr.Merkel,sie sabotieren jegliche Vernunft,leider denke ich,dass sie nicht daraus lernen werden.""}]"
857421180962973,"Ich würde sagen, schafft erstmal Ordnung in eurem Islam. Solang es Attentäter, Kopfabschneider, Taliban und IS gibt, die sich alle auf euren Herren Mohammed und den Koran berufen, solang wird der Islam unglaubwürdig sein. Jedoch könnt nur ihr das selbst intern klären. Ich habe z.B. noch keinen Iman gesehen, der den IS auf Schärfste kritisiert. Statt dessen, so scheint es, schafft ihr nur überall anders Probleme. Übrigens: Reden deine Eltern Deutsch mit dir, wenn ihr hier wohnt?",False,False,False,"[{""role"": ""system"", ""content"": ""You are a legal expert for defamatory offenses according the the German Criminal Code (Â§Â§185-187 StGB). Help the user decide whether given posts fall within in the scope of these articles.""}, {""role"": ""user"", ""content"": ""Is the following post criminally relevant with respect to Â§Â§185-187 StGB (Defamatory Offense)? Answer only with 'True' (criminally relevant according to Â§Â§185-187 StGB) or 'False' (not criminally relevant according to Â§Â§185-187 StGB).""}, {""role"": ""user"", ""content"": ""Ich würde sagen, schafft erstmal Ordnung in eurem Islam. Solang es Attentäter, Kopfabschneider, Taliban und IS gibt, die sich alle auf euren Herren Mohammed und den Koran berufen, solang wird der Islam unglaubwürdig sein. Jedoch könnt nur ihr das selbst intern klären. Ich habe z.B. noch keinen Iman gesehen, der den IS auf Schärfste kritisiert. Statt dessen, so scheint es, schafft ihr nur überall anders Probleme. Übrigens: Reden deine Eltern Deutsch mit dir, wenn ihr hier wohnt?""}]"
856738001031291,"Und keine Schnarchnase konnte das Licht Ausschalten, ob das nun endlich die Politbonzen mal zum nachdenken bewegt!!!!!!",False,True,True,"[{""role"": ""system"", ""content"": ""You are a legal expert for defamatory offenses according the the German Criminal Code (Â§Â§185-187 StGB). Help the user decide whether given posts fall within in the scope of these articles.""}, {""role"": ""user"", ""content"": ""Is the following post criminally relevant with respect to Â§Â§185-187 StGB (Defamatory Offense)? Answer only with 'True' (criminally relevant according to Â§Â§185-187 StGB) or 'False' (not criminally relevant according to Â§Â§185-187 StGB).""}, {""role"": ""user"", ""content"": ""Und keine Schnarchnase konnte das Licht Ausschalten, ob das nun endlich die Politbonzen mal zum nachdenken bewegt!!!!!!""}]"
993497180688705,"Leute, ich verstehs nich, WIR sind das Volk und drüben hängen ein paar linksversiffte grüne Faschisten rum und bei uns laufen 35.000 mit und drüben laut Polizei 150.000! Was ist denn DA los ?!",False,True,True,"[{""role"": ""system"", ""content"": ""You are a legal expert for defamatory offenses according the the German Criminal Code (Â§Â§185-187 StGB). Help the user decide whether given posts fall within in the scope of these articles.""}, {""role"": ""user"", ""content"": ""Is the following post criminally relevant with respect to Â§Â§185-187 StGB (Defamatory Offense)? Answer only with 'True' (criminally relevant according to Â§Â§185-187 StGB) or 'False' (not criminally relevant according to Â§Â§185-187 StGB).""}, {""role"": ""user"", ""content"": ""Leute, ich verstehs nich, WIR sind das Volk und drüben hängen ein paar linksversiffte grüne Faschisten rum und bei uns laufen 35.000 mit und drüben laut Polizei 150.000! Was ist denn DA los ?!""}]"
945842575454166,"Naja, wenn ich mir so die beiden Ökologischen Kackschüsse auf dem Foto so anschaue ist wohl davon auszugehen, dass sie dem Rot/Grün / Linksfaschistischem Spektrum zuzurechnen sind! ! ! !",True,True,True,"[{""role"": ""system"", ""content"": ""You are a legal expert for defamatory offenses according the the German Criminal Code (Â§Â§185-187 StGB). Help the user decide whether given posts fall within in the scope of these articles.""}, {""role"": ""user"", ""content"": ""Is the following post criminally relevant with respect to Â§Â§185-187 StGB (Defamatory Offense)? Answer only with 'True' (criminally relevant according to Â§Â§185-187 StGB) or 'False' (not criminally relevant according to Â§Â§185-187 StGB).""}, {""role"": ""user"", ""content"": ""Naja, wenn ich mir so die beiden Ökologischen Kackschüsse auf dem Foto so anschaue ist wohl davon auszugehen, dass sie dem Rot/Grün / Linksfaschistischem Spektrum zuzurechnen sind! ! ! !""}]"
1023,"Harpyie Murksel drückt ""Verbundenheit"" für Manchester aus &gt; Wie falsch muss man eigentlich sein, wenn man d. Terror Tür u. Tor öffnete 🤢🤢🤢",False,True,True,"[{""role"": ""system"", ""content"": ""You are a legal expert for defamatory offenses according the the German Criminal Code (Â§Â§185-187 StGB). Help the user decide whether given posts fall within in the scope of these articles.""}, {""role"": ""user"", ""content"": ""Is the following post criminally relevant with respect to Â§Â§185-187 StGB (Defamatory Offense)? Answer only with 'True' (criminally relevant according to Â§Â§185-187 StGB) or 'False' (not criminally relevant according to Â§Â§185-187 StGB).""}, {""role"": ""user"", ""content"": ""Harpyie Murksel drückt \""Verbundenheit\"" für Manchester aus &gt; Wie falsch muss man eigentlich sein, wenn man d. Terror Tür u. Tor öffnete 🤢🤢🤢""}]"
280,@AfDBerlin @krippmarie @SawsanChebli @SawsanChebli ..wurdest Du Luder Du nicht mit Rede.-und Schreibverbot belegt ..? |LBR| Berlin Berlin....Migranten überall...im Rathaus und auf Straßen...ne richtige Kanackenstadt geworden..oder heißt es Kanackenstaat..,True,True,True,"[{""role"": ""system"", ""content"": ""You are a legal expert for defamatory offenses according the the German Criminal Code (Â§Â§185-187 StGB). Help the user decide whether given posts fall within in the scope of these articles.""}, {""role"": ""user"", ""content"": ""Is the following post criminally relevant with respect to Â§Â§185-187 StGB (Defamatory Offense)? Answer only with 'True' (criminally relevant according to Â§Â§185-187 StGB) or 'False' (not criminally relevant according to Â§Â§185-187 StGB).""}, {""role"": ""user"", ""content"": ""@AfDBerlin @krippmarie @SawsanChebli @SawsanChebli ..wurdest Du Luder Du nicht mit Rede.-und Schreibverbot belegt ..? |LBR| Berlin Berlin....Migranten überall...im Rathaus und auf Straßen...ne richtige Kanackenstadt geworden..oder heißt es Kanackenstaat..""}]"
190,"@ufhoven @lawyerberlin Na gut. Dann nenne mir 5 Punkte, die Belegen, dass der Islam eine friedliche Religion ist. Und fünf Wohltaten Mohammends an der Menschheit",False,False,False,"[{""role"": ""system"", ""content"": ""You are a legal expert for defamatory offenses according the the German Criminal Code (Â§Â§185-187 StGB). Help the user decide whether given posts fall within in the scope of these articles.""}, {""role"": ""user"", ""content"": ""Is the following post criminally relevant with respect to Â§Â§185-187 StGB (Defamatory Offense)? Answer only with 'True' (criminally relevant according to Â§Â§185-187 StGB) or 'False' (not criminally relevant according to Â§Â§185-187 StGB).""}, {""role"": ""user"", ""content"": ""@ufhoven @lawyerberlin Na gut. Dann nenne mir 5 Punkte, die Belegen, dass der Islam eine friedliche Religion ist. Und fünf Wohltaten Mohammends an der Menschheit""}]"
882711988433892,"Kulturbereicherer, qualifizierte Fachkräfte.. Pah! Die meisten von denen können weder lesen noch schreiben! Und warum steigt in jeder Stadt die Asylbewerber aufnimmt eigentlich die kriminalitätsrate so enorm?!",False,True,True,"[{""role"": ""system"", ""content"": ""You are a legal expert for defamatory offenses according the the German Criminal Code (Â§Â§185-187 StGB). Help the user decide whether given posts fall within in the scope of these articles.""}, {""role"": ""user"", ""content"": ""Is the following post criminally relevant with respect to Â§Â§185-187 StGB (Defamatory Offense)? Answer only with 'True' (criminally relevant according to Â§Â§185-187 StGB) or 'False' (not criminally relevant according to Â§Â§185-187 StGB).""}, {""role"": ""user"", ""content"": ""Kulturbereicherer, qualifizierte Fachkräfte.. Pah! Die meisten von denen können weder lesen noch schreiben! Und warum steigt in jeder Stadt die Asylbewerber aufnimmt eigentlich die kriminalitätsrate so enorm?!""}]"
945918572113233,"da ist die sog. Familienzusammenführung noch gar nicht mit eingerechnet,und ich bin sicher dass jeder weiß was das bei einem Schwarzafrikaner bedeutet (da kommt der komplette Stamm nach)",False,True,True,"[{""role"": ""system"", ""content"": ""You are a legal expert for defamatory offenses according the the German Criminal Code (Â§Â§185-187 StGB). Help the user decide whether given posts fall within in the scope of these articles.""}, {""role"": ""user"", ""content"": ""Is the following post criminally relevant with respect to Â§Â§185-187 StGB (Defamatory Offense)? Answer only with 'True' (criminally relevant according to Â§Â§185-187 StGB) or 'False' (not criminally relevant according to Â§Â§185-187 StGB).""}, {""role"": ""user"", ""content"": ""da ist die sog. Familienzusammenführung noch gar nicht mit eingerechnet,und ich bin sicher dass jeder weiß was das bei einem Schwarzafrikaner bedeutet (da kommt der komplette Stamm nach)""}]"
1058052934233129,"Wenn muslime ihren Glauben verteidigen ist das legitim ,genauso legitim ist es wenn  wir den Islam hier nicht wollen.
Wenn muslime ihren Glauben verteidigen wollen sollen sie das in den 57 Islamischen Ländern machen aber nicht hier.
Wer über unsere Grenzen kommt kann seine Religion zur Privatsache machen, sie ablegen oder einfach wieder verschwinden.
Das ist Deutschland und kein islamischer Sharia-Staat und das wird er auch nicht solange wir das verhindern können.

Niemand spricht Muslimen ihre Glaubenüberzeugung ab nur dann ist deutschland für sie #nicht das  richtige Land.",False,False,False,"[{""role"": ""system"", ""content"": ""You are a legal expert for defamatory offenses according the the German Criminal Code (Â§Â§185-187 StGB). Help the user decide whether given posts fall within in the scope of these articles.""}, {""role"": ""user"", ""content"": ""Is the following post criminally relevant with respect to Â§Â§185-187 StGB (Defamatory Offense)? Answer only with 'True' (criminally relevant according to Â§Â§185-187 StGB) or 'False' (not criminally relevant according to Â§Â§185-187 StGB).""}, {""role"": ""user"", ""content"": ""Wenn muslime ihren Glauben verteidigen ist das legitim ,genauso legitim ist es wenn  wir den Islam hier nicht wollen.\r\nWenn muslime ihren Glauben verteidigen wollen sollen sie das in den 57 Islamischen Ländern machen aber nicht hier.\r\nWer über unsere Grenzen kommt kann seine Religion zur Privatsache machen, sie ablegen oder einfach wieder verschwinden.\r\nDas ist Deutschland und kein islamischer Sharia-Staat und das wird er auch nicht solange wir das verhindern können.\r\n\r\nNiemand spricht Muslimen ihre Glaubenüberzeugung ab nur dann ist deutschland für sie #nicht das  richtige Land.""}]"
935310613174029,"Hab ich immer gesagt: Der Herr heißt nicht nur so, er hat einen! :-)",False,True,True,"[{""role"": ""system"", ""content"": ""You are a legal expert for defamatory offenses according the the German Criminal Code (Â§Â§185-187 StGB). Help the user decide whether given posts fall within in the scope of these articles.""}, {""role"": ""user"", ""content"": ""Is the following post criminally relevant with respect to Â§Â§185-187 StGB (Defamatory Offense)? Answer only with 'True' (criminally relevant according to Â§Â§185-187 StGB) or 'False' (not criminally relevant according to Â§Â§185-187 StGB).""}, {""role"": ""user"", ""content"": ""Hab ich immer gesagt: Der Herr heißt nicht nur so, er hat einen! :-)""}]"
894959467209144,OezlemTastan.Demokratie würde  Ich auch gerne haben .Ich sehe hier aber nur eine absolute Verdummung der Massen durch die Politik und Ihren Aposteln .,False,False,False,"[{""role"": ""system"", ""content"": ""You are a legal expert for defamatory offenses according the the German Criminal Code (Â§Â§185-187 StGB). Help the user decide whether given posts fall within in the scope of these articles.""}, {""role"": ""user"", ""content"": ""Is the following post criminally relevant with respect to Â§Â§185-187 StGB (Defamatory Offense)? Answer only with 'True' (criminally relevant according to Â§Â§185-187 StGB) or 'False' (not criminally relevant according to Â§Â§185-187 StGB).""}, {""role"": ""user"", ""content"": ""OezlemTastan.Demokratie würde  Ich auch gerne haben .Ich sehe hier aber nur eine absolute Verdummung der Massen durch die Politik und Ihren Aposteln .""}]"
487,"Die Bevölkerung Europas wird ""weggezüchtet"" werden, wie einst die Neandertaler und hirnlose ""Prolle"" merken`s nicht einmal 😂😂😂",False,True,True,"[{""role"": ""system"", ""content"": ""You are a legal expert for defamatory offenses according the the German Criminal Code (Â§Â§185-187 StGB). Help the user decide whether given posts fall within in the scope of these articles.""}, {""role"": ""user"", ""content"": ""Is the following post criminally relevant with respect to Â§Â§185-187 StGB (Defamatory Offense)? Answer only with 'True' (criminally relevant according to Â§Â§185-187 StGB) or 'False' (not criminally relevant according to Â§Â§185-187 StGB).""}, {""role"": ""user"", ""content"": ""Die Bevölkerung Europas wird \""weggezüchtet\"" werden, wie einst die Neandertaler und hirnlose \""Prolle\"" merken`s nicht einmal 😂😂😂""}]"
858001620904929,Kannst du noch was anderes Ljudmila :D du bist selber voll das Äffchen,False,True,True,"[{""role"": ""system"", ""content"": ""You are a legal expert for defamatory offenses according the the German Criminal Code (Â§Â§185-187 StGB). Help the user decide whether given posts fall within in the scope of these articles.""}, {""role"": ""user"", ""content"": ""Is the following post criminally relevant with respect to Â§Â§185-187 StGB (Defamatory Offense)? Answer only with 'True' (criminally relevant according to Â§Â§185-187 StGB) or 'False' (not criminally relevant according to Â§Â§185-187 StGB).""}, {""role"": ""user"", ""content"": ""Kannst du noch was anderes Ljudmila :D du bist selber voll das Äffchen""}]"
885914131447011,"Mohamed , von PEGIDA faseln und nichts über linke Gewalt zu erwähnen! Ist ganz arm. Denn diese Linke Gewalt nebelt das Grundgesetz aus und zerstört die Demokratie!!!!",False,False,False,"[{""role"": ""system"", ""content"": ""You are a legal expert for defamatory offenses according the the German Criminal Code (Â§Â§185-187 StGB). Help the user decide whether given posts fall within in the scope of these articles.""}, {""role"": ""user"", ""content"": ""Is the following post criminally relevant with respect to Â§Â§185-187 StGB (Defamatory Offense)? Answer only with 'True' (criminally relevant according to Â§Â§185-187 StGB) or 'False' (not criminally relevant according to Â§Â§185-187 StGB).""}, {""role"": ""user"", ""content"": ""Mohamed , von PEGIDA faseln und nichts über linke Gewalt zu erwähnen! Ist ganz arm. Denn diese Linke Gewalt nebelt das Grundgesetz aus und zerstört die Demokratie!!!!""}]"
982646008440489,"also dann: macht Euch KAMPFBEREIT ... der Aslykrieg hat begonnen - das ist es doch, was unsere ""Eliten"" die ganze Zeit wollten - den ""Kampf der Kulturen""",False,False,False,"[{""role"": ""system"", ""content"": ""You are a legal expert for defamatory offenses according the the German Criminal Code (Â§Â§185-187 StGB). Help the user decide whether given posts fall within in the scope of these articles.""}, {""role"": ""user"", ""content"": ""Is the following post criminally relevant with respect to Â§Â§185-187 StGB (Defamatory Offense)? Answer only with 'True' (criminally relevant according to Â§Â§185-187 StGB) or 'False' (not criminally relevant according to Â§Â§185-187 StGB).""}, {""role"": ""user"", ""content"": ""also dann: macht Euch KAMPFBEREIT ... der Aslykrieg hat begonnen - das ist es doch, was unsere \""Eliten\"" die ganze Zeit wollten - den \""Kampf der Kulturen\""""}]"
1134244923280596,"Möchte wissen ob sie das auch noch sagt, nachdem sie mal von einer Horde dieser Neandertaler durchgeknallten wurde..frag mal die unzähligen Frauen und Mädchen die diesen kriminellen schon zum Opfer gefallen sind.. Ich könnte kotzen..",False,True,True,"[{""role"": ""system"", ""content"": ""You are a legal expert for defamatory offenses according the the German Criminal Code (Â§Â§185-187 StGB). Help the user decide whether given posts fall within in the scope of these articles.""}, {""role"": ""user"", ""content"": ""Is the following post criminally relevant with respect to Â§Â§185-187 StGB (Defamatory Offense)? Answer only with 'True' (criminally relevant according to Â§Â§185-187 StGB) or 'False' (not criminally relevant according to Â§Â§185-187 StGB).""}, {""role"": ""user"", ""content"": ""Möchte wissen ob sie das auch noch sagt, nachdem sie mal von einer Horde dieser Neandertaler durchgeknallten wurde..frag mal die unzähligen Frauen und Mädchen die diesen kriminellen schon zum Opfer gefallen sind.. Ich könnte kotzen..""}]"
1010965248941898,"nrw wird in naher zukunft ein autonomes gebiet in deutschland werden. die migranten sind dort schon in überzahl und werden bald ihr eigenes land in deutschland fordern. und so wie die politik hier tickt....sie wird selbstverständlich autonomie gewähren. was hier im land abgeht....die zerschlagung von deutschland ist angelaufen. welcher deutscher würde denn in nrw freiwillig leben wollen, außer die dort geborenen restdeutschen???",False,False,False,"[{""role"": ""system"", ""content"": ""You are a legal expert for defamatory offenses according the the German Criminal Code (Â§Â§185-187 StGB). Help the user decide whether given posts fall within in the scope of these articles.""}, {""role"": ""user"", ""content"": ""Is the following post criminally relevant with respect to Â§Â§185-187 StGB (Defamatory Offense)? Answer only with 'True' (criminally relevant according to Â§Â§185-187 StGB) or 'False' (not criminally relevant according to Â§Â§185-187 StGB).""}, {""role"": ""user"", ""content"": ""nrw wird in naher zukunft ein autonomes gebiet in deutschland werden. die migranten sind dort schon in überzahl und werden bald ihr eigenes land in deutschland fordern. und so wie die politik hier tickt....sie wird selbstverständlich autonomie gewähren. was hier im land abgeht....die zerschlagung von deutschland ist angelaufen. welcher deutscher würde denn in nrw freiwillig leben wollen, außer die dort geborenen restdeutschen???""}]"
250,@SaschaUlbrich @FfFrauki Sou absurd das man es als Fake-News sehen möchte... |LBR| Hier wird Vergewaltigung legalisiert...!,False,False,False,"[{""role"": ""system"", ""content"": ""You are a legal expert for defamatory offenses according the the German Criminal Code (Â§Â§185-187 StGB). Help the user decide whether given posts fall within in the scope of these articles.""}, {""role"": ""user"", ""content"": ""Is the following post criminally relevant with respect to Â§Â§185-187 StGB (Defamatory Offense)? Answer only with 'True' (criminally relevant according to Â§Â§185-187 StGB) or 'False' (not criminally relevant according to Â§Â§185-187 StGB).""}, {""role"": ""user"", ""content"": ""@SaschaUlbrich @FfFrauki Sou absurd das man es als Fake-News sehen möchte... |LBR| Hier wird Vergewaltigung legalisiert...!""}]"
856856051019486,"Die deutschen Kinderschänder werden hart bestraft. Im Islam ist es allerdings erlaubt Frauen zu schlagen, und 9 Jährige zu heiraten. Das ist ein Unterschied. Kein Mensch will behaupten, dass alle Muslime so drauf sind, aber wo bleiben denn di großen Demos gegen Christenabschlachten und Ehrenmorde. Sie finden ganz einfach nicht statt!. Was für mich im Umkehrschluss heißt, das es von der Mehrheit geduldet wird, da der Koran es erlaubt.",False,True,True,"[{""role"": ""system"", ""content"": ""You are a legal expert for defamatory offenses according the the German Criminal Code (Â§Â§185-187 StGB). Help the user decide whether given posts fall within in the scope of these articles.""}, {""role"": ""user"", ""content"": ""Is the following post criminally relevant with respect to Â§Â§185-187 StGB (Defamatory Offense)? Answer only with 'True' (criminally relevant according to Â§Â§185-187 StGB) or 'False' (not criminally relevant according to Â§Â§185-187 StGB).""}, {""role"": ""user"", ""content"": ""Die deutschen Kinderschänder werden hart bestraft. Im Islam ist es allerdings erlaubt Frauen zu schlagen, und 9 Jährige zu heiraten. Das ist ein Unterschied. Kein Mensch will behaupten, dass alle Muslime so drauf sind, aber wo bleiben denn di großen Demos gegen Christenabschlachten und Ehrenmorde. Sie finden ganz einfach nicht statt!. Was für mich im Umkehrschluss heißt, das es von der Mehrheit geduldet wird, da der Koran es erlaubt.""}]"
1051,@ThomasOppermann Ob von Merkel oder Schulz? Wir Deutsche wollen und können dieses Dummgelaber der Pest (Merkel) und Cholera (Schulz) nicht mehr hören!,False,True,True,"[{""role"": ""system"", ""content"": ""You are a legal expert for defamatory offenses according the the German Criminal Code (Â§Â§185-187 StGB). Help the user decide whether given posts fall within in the scope of these articles.""}, {""role"": ""user"", ""content"": ""Is the following post criminally relevant with respect to Â§Â§185-187 StGB (Defamatory Offense)? Answer only with 'True' (criminally relevant according to Â§Â§185-187 StGB) or 'False' (not criminally relevant according to Â§Â§185-187 StGB).""}, {""role"": ""user"", ""content"": ""@ThomasOppermann Ob von Merkel oder Schulz? Wir Deutsche wollen und können dieses Dummgelaber der Pest (Merkel) und Cholera (Schulz) nicht mehr hören!""}]"
876277812410643,"Es sind ""unsere Politiker"" die sich ausschließlich für diese Motzlems stark machen!",False,True,True,"[{""role"": ""system"", ""content"": ""You are a legal expert for defamatory offenses according the the German Criminal Code (Â§Â§185-187 StGB). Help the user decide whether given posts fall within in the scope of these articles.""}, {""role"": ""user"", ""content"": ""Is the following post criminally relevant with respect to Â§Â§185-187 StGB (Defamatory Offense)? Answer only with 'True' (criminally relevant according to Â§Â§185-187 StGB) or 'False' (not criminally relevant according to Â§Â§185-187 StGB).""}, {""role"": ""user"", ""content"": ""Es sind \""unsere Politiker\"" die sich ausschließlich für diese Motzlems stark machen!""}]"
968138446557912,"NWO-Flüchtlingstheorie:

Die Flüchtlingsflut wird 2016 noch erheblich heftiger werden. Einerseits wird die BRD so pleite sein wie Griechenland (die geben uns das Geld bestimmt nicht zurück). Andererseits werden die Flüchtlinge in ganz Europa verteilt (Slowakei: 200, sprich zweihundert nicht-muslimische Flüchtlinge pro Jahr). Wie wir alle wissen, sind die meisten Flüchtlinge entweder Moslems oder islamische Terroristen (oder beides und noch viel mehr). 

Da sich die Flüchtlinge jetzt schon in ihren Asyllagern die Köpfe einschlagen, darf man davon ausgehen, dass der Bürgerkrieg demnächst losgeht, sobald die aus den Lagern auf das europäische Volk losgelassen werden. Nachdem die Bilderberger, Rothschilds, Rockefellers usw. nahezu das gesamte Volk aus Afrika, dem Nahen Osten und den Balkanländern in das Konzentrationslager Europa gepfercht haben, wird man Europa mit einer Atombombe und somit die komplette Unterschicht dezimieren können.

Wie bekannt ist, soll laut dem NWO-Plan die Menschheit auf 500 Millionen Menschen reduziert werden. Mit der Vernichtung der genannten Völker wird das Ziel schneller erreicht werden, als erwartet. Und die Bürger in Europa sind so blöd es nicht nicht zu merken.

Hashtags: #Merkel #Rothschild #Rockefeller #NWO #Europa",False,True,True,"[{""role"": ""system"", ""content"": ""You are a legal expert for defamatory offenses according the the German Criminal Code (Â§Â§185-187 StGB). Help the user decide whether given posts fall within in the scope of these articles.""}, {""role"": ""user"", ""content"": ""Is the following post criminally relevant with respect to Â§Â§185-187 StGB (Defamatory Offense)? Answer only with 'True' (criminally relevant according to Â§Â§185-187 StGB) or 'False' (not criminally relevant according to Â§Â§185-187 StGB).""}, {""role"": ""user"", ""content"": ""NWO-Flüchtlingstheorie:\r\n\r\nDie Flüchtlingsflut wird 2016 noch erheblich heftiger werden. Einerseits wird die BRD so pleite sein wie Griechenland (die geben uns das Geld bestimmt nicht zurück). Andererseits werden die Flüchtlinge in ganz Europa verteilt (Slowakei: 200, sprich zweihundert nicht-muslimische Flüchtlinge pro Jahr). Wie wir alle wissen, sind die meisten Flüchtlinge entweder Moslems oder islamische Terroristen (oder beides und noch viel mehr). \r\n\r\nDa sich die Flüchtlinge jetzt schon in ihren Asyllagern die Köpfe einschlagen, darf man davon ausgehen, dass der Bürgerkrieg demnächst losgeht, sobald die aus den Lagern auf das europäische Volk losgelassen werden. Nachdem die Bilderberger, Rothschilds, Rockefellers usw. nahezu das gesamte Volk aus Afrika, dem Nahen Osten und den Balkanländern in das Konzentrationslager Europa gepfercht haben, wird man Europa mit einer Atombombe und somit die komplette Unterschicht dezimieren können.\r\n\r\nWie bekannt ist, soll laut dem NWO-Plan die Menschheit auf 500 Millionen Menschen reduziert werden. Mit der Vernichtung der genannten Völker wird das Ziel schneller erreicht werden, als erwartet. Und die Bürger in Europa sind so blöd es nicht nicht zu merken.\r\n\r\nHashtags: #Merkel #Rothschild #Rockefeller #NWO #Europa""}]"
382,"@maedchenblog Kommt vorbei, wir freuen uns über viele neue Chatterinnen. :-)",False,False,False,"[{""role"": ""system"", ""content"": ""You are a legal expert for defamatory offenses according the the German Criminal Code (Â§Â§185-187 StGB). Help the user decide whether given posts fall within in the scope of these articles.""}, {""role"": ""user"", ""content"": ""Is the following post criminally relevant with respect to Â§Â§185-187 StGB (Defamatory Offense)? Answer only with 'True' (criminally relevant according to Â§Â§185-187 StGB) or 'False' (not criminally relevant according to Â§Â§185-187 StGB).""}, {""role"": ""user"", ""content"": ""@maedchenblog Kommt vorbei, wir freuen uns über viele neue Chatterinnen. :-)""}]"
1055369587834797,Der Rest der Arschkriecher genauso so eine Schande,False,True,True,"[{""role"": ""system"", ""content"": ""You are a legal expert for defamatory offenses according the the German Criminal Code (Â§Â§185-187 StGB). Help the user decide whether given posts fall within in the scope of these articles.""}, {""role"": ""user"", ""content"": ""Is the following post criminally relevant with respect to Â§Â§185-187 StGB (Defamatory Offense)? Answer only with 'True' (criminally relevant according to Â§Â§185-187 StGB) or 'False' (not criminally relevant according to Â§Â§185-187 StGB).""}, {""role"": ""user"", ""content"": ""Der Rest der Arschkriecher genauso so eine Schande""}]"
946726812032409,Viel Spaß mit dem Pack!,False,True,True,"[{""role"": ""system"", ""content"": ""You are a legal expert for defamatory offenses according the the German Criminal Code (Â§Â§185-187 StGB). Help the user decide whether given posts fall within in the scope of these articles.""}, {""role"": ""user"", ""content"": ""Is the following post criminally relevant with respect to Â§Â§185-187 StGB (Defamatory Offense)? Answer only with 'True' (criminally relevant according to Â§Â§185-187 StGB) or 'False' (not criminally relevant according to Â§Â§185-187 StGB).""}, {""role"": ""user"", ""content"": ""Viel Spaß mit dem Pack!""}]"
982696918435398,Ramon De la Perez dafür biste doch eh zu blöd...Aber lasst mal solche dummen martialischen Sprüche sein.,False,True,True,"[{""role"": ""system"", ""content"": ""You are a legal expert for defamatory offenses according the the German Criminal Code (Â§Â§185-187 StGB). Help the user decide whether given posts fall within in the scope of these articles.""}, {""role"": ""user"", ""content"": ""Is the following post criminally relevant with respect to Â§Â§185-187 StGB (Defamatory Offense)? Answer only with 'True' (criminally relevant according to Â§Â§185-187 StGB) or 'False' (not criminally relevant according to Â§Â§185-187 StGB).""}, {""role"": ""user"", ""content"": ""Ramon De la Perez dafür biste doch eh zu blöd...Aber lasst mal solche dummen martialischen Sprüche sein.""}]"
877,"Merkel muß für die Straftaten die sie begeht in den Knast und alle ihre Konten, incl. Mann, mit den Sorosgeldern gehören beschlagnahmt☠️😡😡☠️",False,True,True,"[{""role"": ""system"", ""content"": ""You are a legal expert for defamatory offenses according the the German Criminal Code (Â§Â§185-187 StGB). Help the user decide whether given posts fall within in the scope of these articles.""}, {""role"": ""user"", ""content"": ""Is the following post criminally relevant with respect to Â§Â§185-187 StGB (Defamatory Offense)? Answer only with 'True' (criminally relevant according to Â§Â§185-187 StGB) or 'False' (not criminally relevant according to Â§Â§185-187 StGB).""}, {""role"": ""user"", ""content"": ""Merkel muß für die Straftaten die sie begeht in den Knast und alle ihre Konten, incl. Mann, mit den Sorosgeldern gehören beschlagnahmt☠️😡😡☠️""}]"
882355928469498,"Die SPINNEN die EU -Abgeordnete in Brüssel, das kann man kaum aushalten wofür die Steuergelder verschwenden!!!!http://www.schwarzbuch.de/content/270000-euro-fuer-roten-apfelsaft",False,True,True,"[{""role"": ""system"", ""content"": ""You are a legal expert for defamatory offenses according the the German Criminal Code (Â§Â§185-187 StGB). Help the user decide whether given posts fall within in the scope of these articles.""}, {""role"": ""user"", ""content"": ""Is the following post criminally relevant with respect to Â§Â§185-187 StGB (Defamatory Offense)? Answer only with 'True' (criminally relevant according to Â§Â§185-187 StGB) or 'False' (not criminally relevant according to Â§Â§185-187 StGB).""}, {""role"": ""user"", ""content"": ""Die SPINNEN die EU -Abgeordnete in Brüssel, das kann man kaum aushalten wofür die Steuergelder verschwenden!!!!http://www.schwarzbuch.de/content/270000-euro-fuer-roten-apfelsaft""}]"
1096028887102200,dreckpack! das ist aber nur merkel schuld. die soll auch raus!,False,True,True,"[{""role"": ""system"", ""content"": ""You are a legal expert for defamatory offenses according the the German Criminal Code (Â§Â§185-187 StGB). Help the user decide whether given posts fall within in the scope of these articles.""}, {""role"": ""user"", ""content"": ""Is the following post criminally relevant with respect to Â§Â§185-187 StGB (Defamatory Offense)? Answer only with 'True' (criminally relevant according to Â§Â§185-187 StGB) or 'False' (not criminally relevant according to Â§Â§185-187 StGB).""}, {""role"": ""user"", ""content"": ""dreckpack! das ist aber nur merkel schuld. die soll auch raus!""}]"
224,"Zwischenfazit: Merkel sachlich souverän, Schulz verbissen und unglaubwürdig. #TVDuell",False,False,False,"[{""role"": ""system"", ""content"": ""You are a legal expert for defamatory offenses according the the German Criminal Code (Â§Â§185-187 StGB). Help the user decide whether given posts fall within in the scope of these articles.""}, {""role"": ""user"", ""content"": ""Is the following post criminally relevant with respect to Â§Â§185-187 StGB (Defamatory Offense)? Answer only with 'True' (criminally relevant according to Â§Â§185-187 StGB) or 'False' (not criminally relevant according to Â§Â§185-187 StGB).""}, {""role"": ""user"", ""content"": ""Zwischenfazit: Merkel sachlich souverän, Schulz verbissen und unglaubwürdig. #TVDuell""}]"
658,"@tagesschau #Meuthen, wie auch der Rest der #AfD, toleriert doch längst den deutsch-nationalen #Antisemitismus, #Rassismus &amp; die damit verbundene Hetze innerhalb der #LuegenAfD &amp; weiten Teilen #Deutschland‘s. #Maier ist, wie #Gauland, #Gedeon, #Höcke, oder #Poggenburg KEIN Einzelfall! #noAfD",False,False,False,"[{""role"": ""system"", ""content"": ""You are a legal expert for defamatory offenses according the the German Criminal Code (Â§Â§185-187 StGB). Help the user decide whether given posts fall within in the scope of these articles.""}, {""role"": ""user"", ""content"": ""Is the following post criminally relevant with respect to Â§Â§185-187 StGB (Defamatory Offense)? Answer only with 'True' (criminally relevant according to Â§Â§185-187 StGB) or 'False' (not criminally relevant according to Â§Â§185-187 StGB).""}, {""role"": ""user"", ""content"": ""@tagesschau #Meuthen, wie auch der Rest der #AfD, toleriert doch längst den deutsch-nationalen #Antisemitismus, #Rassismus &amp; die damit verbundene Hetze innerhalb der #LuegenAfD &amp; weiten Teilen #Deutschland‘s. #Maier ist, wie #Gauland, #Gedeon, #Höcke, oder #Poggenburg KEIN Einzelfall! #noAfD""}]"
961099013928522,"Einer von diesem emphatielosen Pack... Pfui!
Der kann doch gleich zu den Nazis bei Pegida gehen...
Falls das nicht ganz klar sein sollte: [Ironie off]",False,True,True,"[{""role"": ""system"", ""content"": ""You are a legal expert for defamatory offenses according the the German Criminal Code (Â§Â§185-187 StGB). Help the user decide whether given posts fall within in the scope of these articles.""}, {""role"": ""user"", ""content"": ""Is the following post criminally relevant with respect to Â§Â§185-187 StGB (Defamatory Offense)? Answer only with 'True' (criminally relevant according to Â§Â§185-187 StGB) or 'False' (not criminally relevant according to Â§Â§185-187 StGB).""}, {""role"": ""user"", ""content"": ""Einer von diesem emphatielosen Pack... Pfui!\r\nDer kann doch gleich zu den Nazis bei Pegida gehen...\r\nFalls das nicht ganz klar sein sollte: [Ironie off]""}]"
746,#SPD für Harz4 |LBR| #AfD für Mittelschicht |LBR| #cdu für selbsternannte Eliten ARD/ZDF |LBR| #rest für die Tonne,False,False,False,"[{""role"": ""system"", ""content"": ""You are a legal expert for defamatory offenses according the the German Criminal Code (Â§Â§185-187 StGB). Help the user decide whether given posts fall within in the scope of these articles.""}, {""role"": ""user"", ""content"": ""Is the following post criminally relevant with respect to Â§Â§185-187 StGB (Defamatory Offense)? Answer only with 'True' (criminally relevant according to Â§Â§185-187 StGB) or 'False' (not criminally relevant according to Â§Â§185-187 StGB).""}, {""role"": ""user"", ""content"": ""#SPD für Harz4 |LBR| #AfD für Mittelschicht |LBR| #cdu für selbsternannte Eliten ARD/ZDF |LBR| #rest für die Tonne""}]"
994543903917366,"[@IND], ich meine wenn man die einsperrt, verursacht  das geistesgestörte Biest dem Volk nur überflüssige Kosten.  Ich würde eher vorschlagen die wie im Mittelsalter auf einem Scheiterhaufen als als abschreckende Hexe zu verbrennen. Das sollte gut geflimt  und auch in Afrika  vorgeführt werden mit dem Zusatz, dass wir das Gleiche mit jedem Koksbrocken  tun werden, der illegal unsere Grenzen überschreitet.  Wenn das alle in Afrika wissen, kommt bestimmt kein Koksbrocken illegal  zu uns.",True,True,True,"[{""role"": ""system"", ""content"": ""You are a legal expert for defamatory offenses according the the German Criminal Code (Â§Â§185-187 StGB). Help the user decide whether given posts fall within in the scope of these articles.""}, {""role"": ""user"", ""content"": ""Is the following post criminally relevant with respect to Â§Â§185-187 StGB (Defamatory Offense)? Answer only with 'True' (criminally relevant according to Â§Â§185-187 StGB) or 'False' (not criminally relevant according to Â§Â§185-187 StGB).""}, {""role"": ""user"", ""content"": ""[@IND], ich meine wenn man die einsperrt, verursacht  das geistesgestörte Biest dem Volk nur überflüssige Kosten.  Ich würde eher vorschlagen die wie im Mittelsalter auf einem Scheiterhaufen als als abschreckende Hexe zu verbrennen. Das sollte gut geflimt  und auch in Afrika  vorgeführt werden mit dem Zusatz, dass wir das Gleiche mit jedem Koksbrocken  tun werden, der illegal unsere Grenzen überschreitet.  Wenn das alle in Afrika wissen, kommt bestimmt kein Koksbrocken illegal  zu uns.""}]"
968008379904252,"Vorbildlich die Japaner nach dem Schweren Tsunami (Fukushima).Niemand plünderte dort,oder schlug anderen das Eigentum Kaputt.Alles ging Ruhig und gesittet zu.Sollche Betroffenen hätte man gerne aufgenommen.Doch was derzeit in Europa abgeht,geht garnicht.Die sollen ihren Scheiß ""Heiligen"" Krieg in ihrem Land austragen.Der Islam gehört nicht nach Europa !!! Und auch die Familienkriege der Zigeuner braucht hier kein Mensch.Wer bezahlt denn den Einsatz der Polizei und Feuerwehr,wie auch die Schäden,die von der Sippe angerichtet worden sind (in Essen)??Lange werden die Deutschen die Füße nicht mehr stillhalten.",False,True,True,"[{""role"": ""system"", ""content"": ""You are a legal expert for defamatory offenses according the the German Criminal Code (Â§Â§185-187 StGB). Help the user decide whether given posts fall within in the scope of these articles.""}, {""role"": ""user"", ""content"": ""Is the following post criminally relevant with respect to Â§Â§185-187 StGB (Defamatory Offense)? Answer only with 'True' (criminally relevant according to Â§Â§185-187 StGB) or 'False' (not criminally relevant according to Â§Â§185-187 StGB).""}, {""role"": ""user"", ""content"": ""Vorbildlich die Japaner nach dem Schweren Tsunami (Fukushima).Niemand plünderte dort,oder schlug anderen das Eigentum Kaputt.Alles ging Ruhig und gesittet zu.Sollche Betroffenen hätte man gerne aufgenommen.Doch was derzeit in Europa abgeht,geht garnicht.Die sollen ihren Scheiß \""Heiligen\"" Krieg in ihrem Land austragen.Der Islam gehört nicht nach Europa !!! Und auch die Familienkriege der Zigeuner braucht hier kein Mensch.Wer bezahlt denn den Einsatz der Polizei und Feuerwehr,wie auch die Schäden,die von der Sippe angerichtet worden sind (in Essen)??Lange werden die Deutschen die Füße nicht mehr stillhalten.""}]"
106,"#Islamisierung ""Zusammenstöße zw GLÄUBIGEN (Richtig: #Islamisten) &amp; Sicherheitskräften"" - #Tagesschau sendet bereits im #Scharia-Modus",False,False,False,"[{""role"": ""system"", ""content"": ""You are a legal expert for defamatory offenses according the the German Criminal Code (Â§Â§185-187 StGB). Help the user decide whether given posts fall within in the scope of these articles.""}, {""role"": ""user"", ""content"": ""Is the following post criminally relevant with respect to Â§Â§185-187 StGB (Defamatory Offense)? Answer only with 'True' (criminally relevant according to Â§Â§185-187 StGB) or 'False' (not criminally relevant according to Â§Â§185-187 StGB).""}, {""role"": ""user"", ""content"": ""#Islamisierung \""Zusammenstöße zw GLÄUBIGEN (Richtig: #Islamisten) &amp; Sicherheitskräften\"" - #Tagesschau sendet bereits im #Scharia-Modus""}]"
1134075843297504,"Klar, Flüchtlinge besser kennen lernen. Am Besten durch den Dickdarm ???? (falls man nicht WEIBLICH ist). Die machen doch vor NICHTS HALT. Falls ich falsch verstanden werde.......... ""Rentnerin vergewaltigt""    Sicher nur ein Zufall.",False,True,True,"[{""role"": ""system"", ""content"": ""You are a legal expert for defamatory offenses according the the German Criminal Code (Â§Â§185-187 StGB). Help the user decide whether given posts fall within in the scope of these articles.""}, {""role"": ""user"", ""content"": ""Is the following post criminally relevant with respect to Â§Â§185-187 StGB (Defamatory Offense)? Answer only with 'True' (criminally relevant according to Â§Â§185-187 StGB) or 'False' (not criminally relevant according to Â§Â§185-187 StGB).""}, {""role"": ""user"", ""content"": ""Klar, Flüchtlinge besser kennen lernen. Am Besten durch den Dickdarm ???? (falls man nicht WEIBLICH ist). Die machen doch vor NICHTS HALT. Falls ich falsch verstanden werde.......... \""Rentnerin vergewaltigt\""    Sicher nur ein Zufall.""}]"
1010235399014883,"Der Hitlergruß wird mit voller Härte des Gesetzes bestraft, aber Salafisten und Hetzprediger dürfen frei ihre Rekrutierung auf offener Strasse durchführen. Dann heist es: Koranschulen stehen unter Beobachtung.  Verdammt nochmal, schließt diese Buden, und schiebt diese Typen auf eine Insel im Pazifik oder sonstwohin ab. Am besten dort hin, wo sie nie mehr weg kommen.",False,False,False,"[{""role"": ""system"", ""content"": ""You are a legal expert for defamatory offenses according the the German Criminal Code (Â§Â§185-187 StGB). Help the user decide whether given posts fall within in the scope of these articles.""}, {""role"": ""user"", ""content"": ""Is the following post criminally relevant with respect to Â§Â§185-187 StGB (Defamatory Offense)? Answer only with 'True' (criminally relevant according to Â§Â§185-187 StGB) or 'False' (not criminally relevant according to Â§Â§185-187 StGB).""}, {""role"": ""user"", ""content"": ""Der Hitlergruß wird mit voller Härte des Gesetzes bestraft, aber Salafisten und Hetzprediger dürfen frei ihre Rekrutierung auf offener Strasse durchführen. Dann heist es: Koranschulen stehen unter Beobachtung.  Verdammt nochmal, schließt diese Buden, und schiebt diese Typen auf eine Insel im Pazifik oder sonstwohin ab. Am besten dort hin, wo sie nie mehr weg kommen.""}]"
1095898477115241,Mit der Kraft soll das Pack mal zurück gehen und ihr Land wieder aufbauen!! Aber lieber nach Deutschland zum Abkassieren!!!,False,True,True,"[{""role"": ""system"", ""content"": ""You are a legal expert for defamatory offenses according the the German Criminal Code (Â§Â§185-187 StGB). Help the user decide whether given posts fall within in the scope of these articles.""}, {""role"": ""user"", ""content"": ""Is the following post criminally relevant with respect to Â§Â§185-187 StGB (Defamatory Offense)? Answer only with 'True' (criminally relevant according to Â§Â§185-187 StGB) or 'False' (not criminally relevant according to Â§Â§185-187 StGB).""}, {""role"": ""user"", ""content"": ""Mit der Kraft soll das Pack mal zurück gehen und ihr Land wieder aufbauen!! Aber lieber nach Deutschland zum Abkassieren!!!""}]"
856782041026887,Mein satz der größte Nazi ist Angela Merkel,True,True,True,"[{""role"": ""system"", ""content"": ""You are a legal expert for defamatory offenses according the the German Criminal Code (Â§Â§185-187 StGB). Help the user decide whether given posts fall within in the scope of these articles.""}, {""role"": ""user"", ""content"": ""Is the following post criminally relevant with respect to Â§Â§185-187 StGB (Defamatory Offense)? Answer only with 'True' (criminally relevant according to Â§Â§185-187 StGB) or 'False' (not criminally relevant according to Â§Â§185-187 StGB).""}, {""role"": ""user"", ""content"": ""Mein satz der größte Nazi ist Angela Merkel""}]"
539,"@Steffmann45 @troll_putin @petpanther0 @mastermikeg @machtjanix23 @Norbinator2403 @ennof_ @AthinaMala @NancyPeggyMandy @info2099 @lifetrend @ThomasGBauer @SchmiddieMaik @charlie_silve @NoHerrman @willjrosenblatt @feldenfrizz @nasanasal @_macmike @ellibisathide @MD_Franz Bursche, Du hast keine Ahnung und kannst offensichtlich auch nicht Tatorte analysieren. Follower hast Du auch kaum, zieh ab, PS Bilderberger waren in D bis zum Treffen in Dresden auch Verschwörungstheorie - Gott gibts doofe Leute in D!",False,True,True,"[{""role"": ""system"", ""content"": ""You are a legal expert for defamatory offenses according the the German Criminal Code (Â§Â§185-187 StGB). Help the user decide whether given posts fall within in the scope of these articles.""}, {""role"": ""user"", ""content"": ""Is the following post criminally relevant with respect to Â§Â§185-187 StGB (Defamatory Offense)? Answer only with 'True' (criminally relevant according to Â§Â§185-187 StGB) or 'False' (not criminally relevant according to Â§Â§185-187 StGB).""}, {""role"": ""user"", ""content"": ""@Steffmann45 @troll_putin @petpanther0 @mastermikeg @machtjanix23 @Norbinator2403 @ennof_ @AthinaMala @NancyPeggyMandy @info2099 @lifetrend @ThomasGBauer @SchmiddieMaik @charlie_silve @NoHerrman @willjrosenblatt @feldenfrizz @nasanasal @_macmike @ellibisathide @MD_Franz Bursche, Du hast keine Ahnung und kannst offensichtlich auch nicht Tatorte analysieren. Follower hast Du auch kaum, zieh ab, PS Bilderberger waren in D bis zum Treffen in Dresden auch Verschwörungstheorie - Gott gibts doofe Leute in D!""}]"
541,"@DuHugonotte @ZDFmoma #G20 Chaoten haben Baader-Meinhof Strukturen ,ihre Visagen müssen auf Fahndungsplakaten an Litfaßsäulen und Plakatwänden zu sehen sein!",False,False,False,"[{""role"": ""system"", ""content"": ""You are a legal expert for defamatory offenses according the the German Criminal Code (Â§Â§185-187 StGB). Help the user decide whether given posts fall within in the scope of these articles.""}, {""role"": ""user"", ""content"": ""Is the following post criminally relevant with respect to Â§Â§185-187 StGB (Defamatory Offense)? Answer only with 'True' (criminally relevant according to Â§Â§185-187 StGB) or 'False' (not criminally relevant according to Â§Â§185-187 StGB).""}, {""role"": ""user"", ""content"": ""@DuHugonotte @ZDFmoma #G20 Chaoten haben Baader-Meinhof Strukturen ,ihre Visagen müssen auf Fahndungsplakaten an Litfaßsäulen und Plakatwänden zu sehen sein!""}]"
1123742214330867,"Das ist das beste Beispiel für die Politiker in Deutschland. Sie sind abgehoben und haben jeden Bezug zum Wähler verloren. Und wenn es nötig wäre, würden Sie den Flüchtlingen, Asylanten ....... das Stimmrecht geben, damit Sie an der Macht bleiben. Scheiß auf den Deutschen Wähler !",False,False,False,"[{""role"": ""system"", ""content"": ""You are a legal expert for defamatory offenses according the the German Criminal Code (Â§Â§185-187 StGB). Help the user decide whether given posts fall within in the scope of these articles.""}, {""role"": ""user"", ""content"": ""Is the following post criminally relevant with respect to Â§Â§185-187 StGB (Defamatory Offense)? Answer only with 'True' (criminally relevant according to Â§Â§185-187 StGB) or 'False' (not criminally relevant according to Â§Â§185-187 StGB).""}, {""role"": ""user"", ""content"": ""Das ist das beste Beispiel für die Politiker in Deutschland. Sie sind abgehoben und haben jeden Bezug zum Wähler verloren. Und wenn es nötig wäre, würden Sie den Flüchtlingen, Asylanten ....... das Stimmrecht geben, damit Sie an der Macht bleiben. Scheiß auf den Deutschen Wähler !""}]"
757,@carlos09381249 @Heinrich_Krug Grüne Ungeziefer....bei nur 2 Wörtern kann man doch keinen Fehler finden...,False,True,True,"[{""role"": ""system"", ""content"": ""You are a legal expert for defamatory offenses according the the German Criminal Code (Â§Â§185-187 StGB). Help the user decide whether given posts fall within in the scope of these articles.""}, {""role"": ""user"", ""content"": ""Is the following post criminally relevant with respect to Â§Â§185-187 StGB (Defamatory Offense)? Answer only with 'True' (criminally relevant according to Â§Â§185-187 StGB) or 'False' (not criminally relevant according to Â§Â§185-187 StGB).""}, {""role"": ""user"", ""content"": ""@carlos09381249 @Heinrich_Krug Grüne Ungeziefer....bei nur 2 Wörtern kann man doch keinen Fehler finden...""}]"
857944834243941,"Helmut, ich glaube nicht, dass ich mit dir über Komplimente diskutieren muss. Guck dich mal an du Clown. Sorry :)",False,True,True,"[{""role"": ""system"", ""content"": ""You are a legal expert for defamatory offenses according the the German Criminal Code (Â§Â§185-187 StGB). Help the user decide whether given posts fall within in the scope of these articles.""}, {""role"": ""user"", ""content"": ""Is the following post criminally relevant with respect to Â§Â§185-187 StGB (Defamatory Offense)? Answer only with 'True' (criminally relevant according to Â§Â§185-187 StGB) or 'False' (not criminally relevant according to Â§Â§185-187 StGB).""}, {""role"": ""user"", ""content"": ""Helmut, ich glaube nicht, dass ich mit dir über Komplimente diskutieren muss. Guck dich mal an du Clown. Sorry :)""}]"
1105516999486722,"Dann sagen die Musels das ist Rindergülle! Ein ganzes Schwein begraben, lässt sich nicht wegreden!",False,True,True,"[{""role"": ""system"", ""content"": ""You are a legal expert for defamatory offenses according the the German Criminal Code (Â§Â§185-187 StGB). Help the user decide whether given posts fall within in the scope of these articles.""}, {""role"": ""user"", ""content"": ""Is the following post criminally relevant with respect to Â§Â§185-187 StGB (Defamatory Offense)? Answer only with 'True' (criminally relevant according to Â§Â§185-187 StGB) or 'False' (not criminally relevant according to Â§Â§185-187 StGB).""}, {""role"": ""user"", ""content"": ""Dann sagen die Musels das ist Rindergülle! Ein ganzes Schwein begraben, lässt sich nicht wegreden!""}]"
856762211028870,Kann ich du opfer,False,True,True,"[{""role"": ""system"", ""content"": ""You are a legal expert for defamatory offenses according the the German Criminal Code (Â§Â§185-187 StGB). Help the user decide whether given posts fall within in the scope of these articles.""}, {""role"": ""user"", ""content"": ""Is the following post criminally relevant with respect to Â§Â§185-187 StGB (Defamatory Offense)? Answer only with 'True' (criminally relevant according to Â§Â§185-187 StGB) or 'False' (not criminally relevant according to Â§Â§185-187 StGB).""}, {""role"": ""user"", ""content"": ""Kann ich du opfer""}]"
960909320614158,"Genügend Braun und einen weiblichen Muhammedname??dann läufts.Iphone ,Wohnung (oder Zelt) Koch und Putzpersonal.Schwimmkurse ,Grillabende bei der Kirche,Fussballspiele und und und alles kein Problem mehr.Sehr gut aussehende Fahrräder gibts vielleicht auch noch.Gestern erst 2 gesehen.",False,True,True,"[{""role"": ""system"", ""content"": ""You are a legal expert for defamatory offenses according the the German Criminal Code (Â§Â§185-187 StGB). Help the user decide whether given posts fall within in the scope of these articles.""}, {""role"": ""user"", ""content"": ""Is the following post criminally relevant with respect to Â§Â§185-187 StGB (Defamatory Offense)? Answer only with 'True' (criminally relevant according to Â§Â§185-187 StGB) or 'False' (not criminally relevant according to Â§Â§185-187 StGB).""}, {""role"": ""user"", ""content"": ""Genügend Braun und einen weiblichen Muhammedname??dann läufts.Iphone ,Wohnung (oder Zelt) Koch und Putzpersonal.Schwimmkurse ,Grillabende bei der Kirche,Fussballspiele und und und alles kein Problem mehr.Sehr gut aussehende Fahrräder gibts vielleicht auch noch.Gestern erst 2 gesehen.""}]"
857028501002241,"Vielleicht nach der Pegida Demonstration noch ein Schweineschnitzel in der letzten deutschen Kneipe.  Daheim nur Hammelfleisch?

Österreich: Zugewanderte Muslimmenschen klagen gegen Kochen vom Schweinefleisch in Nachbarwohnung

http://www.kybeline.com/2015/01/23/oesterreich-zugewanderte-muslimmenschen-klagen-gegen-kochen-vom-schweinefleisch-in-nachbarwohnung/",False,False,False,"[{""role"": ""system"", ""content"": ""You are a legal expert for defamatory offenses according the the German Criminal Code (Â§Â§185-187 StGB). Help the user decide whether given posts fall within in the scope of these articles.""}, {""role"": ""user"", ""content"": ""Is the following post criminally relevant with respect to Â§Â§185-187 StGB (Defamatory Offense)? Answer only with 'True' (criminally relevant according to Â§Â§185-187 StGB) or 'False' (not criminally relevant according to Â§Â§185-187 StGB).""}, {""role"": ""user"", ""content"": ""Vielleicht nach der Pegida Demonstration noch ein Schweineschnitzel in der letzten deutschen Kneipe.  Daheim nur Hammelfleisch?\r\n\r\nÖsterreich: Zugewanderte Muslimmenschen klagen gegen Kochen vom Schweinefleisch in Nachbarwohnung\r\n\r\nhttp://www.kybeline.com/2015/01/23/oesterreich-zugewanderte-muslimmenschen-klagen-gegen-kochen-vom-schweinefleisch-in-nachbarwohnung/""}]"
1255,"Ich finde ja, dass ,am es Mai der Pharmanutte richtig ansieht, dass sie nur Böses im Schilde führt... bei diesem kalkulierten Blick wird selbst mir schon übel! Hey Pharmanutte Mai_ zeig mich mal wegen Beleidigung an, damit ich es schwarz auf weiß hab, dass du hier mitliest du kleine Pharma-Nutte!",True,True,True,"[{""role"": ""system"", ""content"": ""You are a legal expert for defamatory offenses according the the German Criminal Code (Â§Â§185-187 StGB). Help the user decide whether given posts fall within in the scope of these articles.""}, {""role"": ""user"", ""content"": ""Is the following post criminally relevant with respect to Â§Â§185-187 StGB (Defamatory Offense)? Answer only with 'True' (criminally relevant according to Â§Â§185-187 StGB) or 'False' (not criminally relevant according to Â§Â§185-187 StGB).""}, {""role"": ""user"", ""content"": ""Ich finde ja, dass ,am es Mai der Pharmanutte richtig ansieht, dass sie nur Böses im Schilde führt... bei diesem kalkulierten Blick wird selbst mir schon übel! Hey Pharmanutte Mai_ zeig mich mal wegen Beleidigung an, damit ich es schwarz auf weiß hab, dass du hier mitliest du kleine Pharma-Nutte!""}]"
857935367578221,"Menschlichkeit gegenüber ECHTE Flüchtlinge und Hilfe ist selbsverständlich.Auch gegen Ausländer aller Colour habe ich nichts , garnichts ! Willkommen ! Gegen Muslime die sich hier nicht anpassen wollen und in Ihrer Islam Welt leben möchten und noch darüber hinaus durch Ihre radikale Ansichten uns gefährden ,MÜSSEN SOFORT ABGESCHOBEN WERDEN ! ist meine Meinung .",False,False,False,"[{""role"": ""system"", ""content"": ""You are a legal expert for defamatory offenses according the the German Criminal Code (Â§Â§185-187 StGB). Help the user decide whether given posts fall within in the scope of these articles.""}, {""role"": ""user"", ""content"": ""Is the following post criminally relevant with respect to Â§Â§185-187 StGB (Defamatory Offense)? Answer only with 'True' (criminally relevant according to Â§Â§185-187 StGB) or 'False' (not criminally relevant according to Â§Â§185-187 StGB).""}, {""role"": ""user"", ""content"": ""Menschlichkeit gegenüber ECHTE Flüchtlinge und Hilfe ist selbsverständlich.Auch gegen Ausländer aller Colour habe ich nichts , garnichts ! Willkommen ! Gegen Muslime die sich hier nicht anpassen wollen und in Ihrer Islam Welt leben möchten und noch darüber hinaus durch Ihre radikale Ansichten uns gefährden ,MÜSSEN SOFORT ABGESCHOBEN WERDEN ! ist meine Meinung .""}]"
1134201753284913,"Habe die Leute kennengelernt, Nord Afrikaner sind Müll Albaner sind Müll. 
Die fleißigen sind Süd- Afrikaner",False,True,True,"[{""role"": ""system"", ""content"": ""You are a legal expert for defamatory offenses according the the German Criminal Code (Â§Â§185-187 StGB). Help the user decide whether given posts fall within in the scope of these articles.""}, {""role"": ""user"", ""content"": ""Is the following post criminally relevant with respect to Â§Â§185-187 StGB (Defamatory Offense)? Answer only with 'True' (criminally relevant according to Â§Â§185-187 StGB) or 'False' (not criminally relevant according to Â§Â§185-187 StGB).""}, {""role"": ""user"", ""content"": ""Habe die Leute kennengelernt, Nord Afrikaner sind Müll Albaner sind Müll. \r\nDie fleißigen sind Süd- Afrikaner""}]"
1717,@Replays777 @IShai1z @ThaaChillo @bbilal     Bist du behindert send du mir Mal mein Geld du Idiot,True,True,True,"[{""role"": ""system"", ""content"": ""You are a legal expert for defamatory offenses according the the German Criminal Code (Â§Â§185-187 StGB). Help the user decide whether given posts fall within in the scope of these articles.""}, {""role"": ""user"", ""content"": ""Is the following post criminally relevant with respect to Â§Â§185-187 StGB (Defamatory Offense)? Answer only with 'True' (criminally relevant according to Â§Â§185-187 StGB) or 'False' (not criminally relevant according to Â§Â§185-187 StGB).""}, {""role"": ""user"", ""content"": ""@Replays777 @IShai1z @ThaaChillo @bbilal     Bist du behindert send du mir Mal mein Geld du Idiot""}]"
982646015107155,Sowas soll in unseren Land die so ein stress machen abartig diese Horden das sind Menschen  die nix im kop haben weg damit geht nach hause,False,True,True,"[{""role"": ""system"", ""content"": ""You are a legal expert for defamatory offenses according the the German Criminal Code (Â§Â§185-187 StGB). Help the user decide whether given posts fall within in the scope of these articles.""}, {""role"": ""user"", ""content"": ""Is the following post criminally relevant with respect to Â§Â§185-187 StGB (Defamatory Offense)? Answer only with 'True' (criminally relevant according to Â§Â§185-187 StGB) or 'False' (not criminally relevant according to Â§Â§185-187 StGB).""}, {""role"": ""user"", ""content"": ""Sowas soll in unseren Land die so ein stress machen abartig diese Horden das sind Menschen  die nix im kop haben weg damit geht nach hause""}]"
1058232660881823,"Und sie sollten es für eine Gehirn  Bereinigung  nutzen Herr  Ramesberger! Ist wohl beim vielen klatschen einiges durcheinander  geraten ,soll vorkommen !",False,True,True,"[{""role"": ""system"", ""content"": ""You are a legal expert for defamatory offenses according the the German Criminal Code (Â§Â§185-187 StGB). Help the user decide whether given posts fall within in the scope of these articles.""}, {""role"": ""user"", ""content"": ""Is the following post criminally relevant with respect to Â§Â§185-187 StGB (Defamatory Offense)? Answer only with 'True' (criminally relevant according to Â§Â§185-187 StGB) or 'False' (not criminally relevant according to Â§Â§185-187 StGB).""}, {""role"": ""user"", ""content"": ""Und sie sollten es für eine Gehirn  Bereinigung  nutzen Herr  Ramesberger! Ist wohl beim vielen klatschen einiges durcheinander  geraten ,soll vorkommen !""}]"
320,@welt SPD hat fertig. Wenn nicht jetzt dann spätestens in 4 Jahren. 5% und selbst das ist noch zuviel,False,False,False,"[{""role"": ""system"", ""content"": ""You are a legal expert for defamatory offenses according the the German Criminal Code (Â§Â§185-187 StGB). Help the user decide whether given posts fall within in the scope of these articles.""}, {""role"": ""user"", ""content"": ""Is the following post criminally relevant with respect to Â§Â§185-187 StGB (Defamatory Offense)? Answer only with 'True' (criminally relevant according to Â§Â§185-187 StGB) or 'False' (not criminally relevant according to Â§Â§185-187 StGB).""}, {""role"": ""user"", ""content"": ""@welt SPD hat fertig. Wenn nicht jetzt dann spätestens in 4 Jahren. 5% und selbst das ist noch zuviel""}]"
1342,"26 tote Moslems. ich hoffe ja noch das coronavirus vor allem afrika trifft. der neger MOSLEM muß dringend gestutzt werden, damit er nicht die ressourcen unserer westlichen weißen kinder verschwendet, die er sich nicht selbst erarbeitet hat! habe die ehre",False,True,True,"[{""role"": ""system"", ""content"": ""You are a legal expert for defamatory offenses according the the German Criminal Code (Â§Â§185-187 StGB). Help the user decide whether given posts fall within in the scope of these articles.""}, {""role"": ""user"", ""content"": ""Is the following post criminally relevant with respect to Â§Â§185-187 StGB (Defamatory Offense)? Answer only with 'True' (criminally relevant according to Â§Â§185-187 StGB) or 'False' (not criminally relevant according to Â§Â§185-187 StGB).""}, {""role"": ""user"", ""content"": ""26 tote Moslems. ich hoffe ja noch das coronavirus vor allem afrika trifft. der neger MOSLEM muß dringend gestutzt werden, damit er nicht die ressourcen unserer westlichen weißen kinder verschwendet, die er sich nicht selbst erarbeitet hat! habe die ehre""}]"
1105411886163900,Mann so haben die auch alle die grosse fresse in der Politik da oben liebe Frau Kanzlerin Merkel läßt euch doch nicht alles gefallen von denn Kopf Tuch Träger es ist unser Land oder Europa und nicht denn ihres wenn es nicht gefällt wie wir leben müssen die sich verpissen immerhin sind wir Christen und keine alaaa oder sonst was für scheiß also setzt euch durch oder sie sind schneller weg als sie noch Kanzlerin wahren und es Wir hir aufgeräumt in unserm Land.,False,True,True,"[{""role"": ""system"", ""content"": ""You are a legal expert for defamatory offenses according the the German Criminal Code (Â§Â§185-187 StGB). Help the user decide whether given posts fall within in the scope of these articles.""}, {""role"": ""user"", ""content"": ""Is the following post criminally relevant with respect to Â§Â§185-187 StGB (Defamatory Offense)? Answer only with 'True' (criminally relevant according to Â§Â§185-187 StGB) or 'False' (not criminally relevant according to Â§Â§185-187 StGB).""}, {""role"": ""user"", ""content"": ""Mann so haben die auch alle die grosse fresse in der Politik da oben liebe Frau Kanzlerin Merkel läßt euch doch nicht alles gefallen von denn Kopf Tuch Träger es ist unser Land oder Europa und nicht denn ihres wenn es nicht gefällt wie wir leben müssen die sich verpissen immerhin sind wir Christen und keine alaaa oder sonst was für scheiß also setzt euch durch oder sie sind schneller weg als sie noch Kanzlerin wahren und es Wir hir aufgeräumt in unserm Land.""}]"
983,@Hartes_Geld So hat es in Schweden auch begonnen. Mit Burka ist man auf jedenfall sicherer als in 90ies Outfit. Das waren noch Zeiten.,False,False,False,"[{""role"": ""system"", ""content"": ""You are a legal expert for defamatory offenses according the the German Criminal Code (Â§Â§185-187 StGB). Help the user decide whether given posts fall within in the scope of these articles.""}, {""role"": ""user"", ""content"": ""Is the following post criminally relevant with respect to Â§Â§185-187 StGB (Defamatory Offense)? Answer only with 'True' (criminally relevant according to Â§Â§185-187 StGB) or 'False' (not criminally relevant according to Â§Â§185-187 StGB).""}, {""role"": ""user"", ""content"": ""@Hartes_Geld So hat es in Schweden auch begonnen. Mit Burka ist man auf jedenfall sicherer als in 90ies Outfit. Das waren noch Zeiten.""}]"
1038,#GROKO wird zur Vernichtung der europäischen Menschen und Kultur gebraucht. |LBR| Gleichzeitig zur Stärkung der zentralen EU Ausbeutungs Eliten,False,False,False,"[{""role"": ""system"", ""content"": ""You are a legal expert for defamatory offenses according the the German Criminal Code (Â§Â§185-187 StGB). Help the user decide whether given posts fall within in the scope of these articles.""}, {""role"": ""user"", ""content"": ""Is the following post criminally relevant with respect to Â§Â§185-187 StGB (Defamatory Offense)? Answer only with 'True' (criminally relevant according to Â§Â§185-187 StGB) or 'False' (not criminally relevant according to Â§Â§185-187 StGB).""}, {""role"": ""user"", ""content"": ""#GROKO wird zur Vernichtung der europäischen Menschen und Kultur gebraucht. |LBR| Gleichzeitig zur Stärkung der zentralen EU Ausbeutungs Eliten""}]"
278,#AfD-Versammlung nach Abgesang der Hymne beendet. #de0701,False,False,False,"[{""role"": ""system"", ""content"": ""You are a legal expert for defamatory offenses according the the German Criminal Code (Â§Â§185-187 StGB). Help the user decide whether given posts fall within in the scope of these articles.""}, {""role"": ""user"", ""content"": ""Is the following post criminally relevant with respect to Â§Â§185-187 StGB (Defamatory Offense)? Answer only with 'True' (criminally relevant according to Â§Â§185-187 StGB) or 'False' (not criminally relevant according to Â§Â§185-187 StGB).""}, {""role"": ""user"", ""content"": ""#AfD-Versammlung nach Abgesang der Hymne beendet. #de0701""}]"
1057955374242885,"Die Deutschen sind selbst schuld, sie haben Angela Merkel schon 2005 gewählt, obwohl sie kein Schimmer Ahnung gehabt hat wie man Deutschland regiert! Trotz schlechter Argumentation setzte sie sich gegen Gerhard Schröder durch und die Deutschen folgten ihr, wie ein kleines Kind ihrer Mutter! Was dann folgte war ein Experiment das Leiter gescheitert ist!",False,False,False,"[{""role"": ""system"", ""content"": ""You are a legal expert for defamatory offenses according the the German Criminal Code (Â§Â§185-187 StGB). Help the user decide whether given posts fall within in the scope of these articles.""}, {""role"": ""user"", ""content"": ""Is the following post criminally relevant with respect to Â§Â§185-187 StGB (Defamatory Offense)? Answer only with 'True' (criminally relevant according to Â§Â§185-187 StGB) or 'False' (not criminally relevant according to Â§Â§185-187 StGB).""}, {""role"": ""user"", ""content"": ""Die Deutschen sind selbst schuld, sie haben Angela Merkel schon 2005 gewählt, obwohl sie kein Schimmer Ahnung gehabt hat wie man Deutschland regiert! Trotz schlechter Argumentation setzte sie sich gegen Gerhard Schröder durch und die Deutschen folgten ihr, wie ein kleines Kind ihrer Mutter! Was dann folgte war ein Experiment das Leiter gescheitert ist!""}]"
857477644290660,"Du bist soooo behindert!!!!das war ja sowas von klar das das von euch PEGIDA schwachköpfen kommen musste!!!!!!es sind ja nur Ausländer die töten???meine fresse,ich könnte kotzen aber dann in dein Gesicht!!!!",True,True,True,"[{""role"": ""system"", ""content"": ""You are a legal expert for defamatory offenses according the the German Criminal Code (Â§Â§185-187 StGB). Help the user decide whether given posts fall within in the scope of these articles.""}, {""role"": ""user"", ""content"": ""Is the following post criminally relevant with respect to Â§Â§185-187 StGB (Defamatory Offense)? Answer only with 'True' (criminally relevant according to Â§Â§185-187 StGB) or 'False' (not criminally relevant according to Â§Â§185-187 StGB).""}, {""role"": ""user"", ""content"": ""Du bist soooo behindert!!!!das war ja sowas von klar das das von euch PEGIDA schwachköpfen kommen musste!!!!!!es sind ja nur Ausländer die töten???meine fresse,ich könnte kotzen aber dann in dein Gesicht!!!!""}]"
1279,Hennings du kleiner Nuttensohn. #SVWF95,True,True,True,"[{""role"": ""system"", ""content"": ""You are a legal expert for defamatory offenses according the the German Criminal Code (Â§Â§185-187 StGB). Help the user decide whether given posts fall within in the scope of these articles.""}, {""role"": ""user"", ""content"": ""Is the following post criminally relevant with respect to Â§Â§185-187 StGB (Defamatory Offense)? Answer only with 'True' (criminally relevant according to Â§Â§185-187 StGB) or 'False' (not criminally relevant according to Â§Â§185-187 StGB).""}, {""role"": ""user"", ""content"": ""Hennings du kleiner Nuttensohn. #SVWF95""}]"
1007224769315946,"Wenn uns das nichts angeht, dann verschwinde einfach von hier und geh in dieses Drecksland zurück !",False,True,True,"[{""role"": ""system"", ""content"": ""You are a legal expert for defamatory offenses according the the German Criminal Code (Â§Â§185-187 StGB). Help the user decide whether given posts fall within in the scope of these articles.""}, {""role"": ""user"", ""content"": ""Is the following post criminally relevant with respect to Â§Â§185-187 StGB (Defamatory Offense)? Answer only with 'True' (criminally relevant according to Â§Â§185-187 StGB) or 'False' (not criminally relevant according to Â§Â§185-187 StGB).""}, {""role"": ""user"", ""content"": ""Wenn uns das nichts angeht, dann verschwinde einfach von hier und geh in dieses Drecksland zurück !""}]"
1064756713562751,"Also wenn ich nach Sachsen fahre, fühle ich mich wie in einem anderen Land: klar wird da auch deutsch gesprochen, aber mit einem komischen Dialekt, den ich ja gar nicht verstehen kann ??",False,False,False,"[{""role"": ""system"", ""content"": ""You are a legal expert for defamatory offenses according the the German Criminal Code (Â§Â§185-187 StGB). Help the user decide whether given posts fall within in the scope of these articles.""}, {""role"": ""user"", ""content"": ""Is the following post criminally relevant with respect to Â§Â§185-187 StGB (Defamatory Offense)? Answer only with 'True' (criminally relevant according to Â§Â§185-187 StGB) or 'False' (not criminally relevant according to Â§Â§185-187 StGB).""}, {""role"": ""user"", ""content"": ""Also wenn ich nach Sachsen fahre, fühle ich mich wie in einem anderen Land: klar wird da auch deutsch gesprochen, aber mit einem komischen Dialekt, den ich ja gar nicht verstehen kann ??""}]"
894852033886554,"""sehr geehrter Herr t... "" empfinde ich in seinem Falle als eine viel zu freundliche Anrede. ??",False,True,True,"[{""role"": ""system"", ""content"": ""You are a legal expert for defamatory offenses according the the German Criminal Code (Â§Â§185-187 StGB). Help the user decide whether given posts fall within in the scope of these articles.""}, {""role"": ""user"", ""content"": ""Is the following post criminally relevant with respect to Â§Â§185-187 StGB (Defamatory Offense)? Answer only with 'True' (criminally relevant according to Â§Â§185-187 StGB) or 'False' (not criminally relevant according to Â§Â§185-187 StGB).""}, {""role"": ""user"", ""content"": ""\""sehr geehrter Herr t... \"" empfinde ich in seinem Falle als eine viel zu freundliche Anrede. ??""}]"
260,"Die 5 % für die Linken sind weggeworfene Stimmen. Ohne sie wäre |LBR| eine CDU/FDP-Regierung möglich. Weg mit den Linken, sie taugen nichts.",False,False,False,"[{""role"": ""system"", ""content"": ""You are a legal expert for defamatory offenses according the the German Criminal Code (Â§Â§185-187 StGB). Help the user decide whether given posts fall within in the scope of these articles.""}, {""role"": ""user"", ""content"": ""Is the following post criminally relevant with respect to Â§Â§185-187 StGB (Defamatory Offense)? Answer only with 'True' (criminally relevant according to Â§Â§185-187 StGB) or 'False' (not criminally relevant according to Â§Â§185-187 StGB).""}, {""role"": ""user"", ""content"": ""Die 5 % für die Linken sind weggeworfene Stimmen. Ohne sie wäre |LBR| eine CDU/FDP-Regierung möglich. Weg mit den Linken, sie taugen nichts.""}]"
524,"@GoeringEckardt Etwas was wir nie gebrauchen werden, sind die Grünen Deutschfeinde!!!!",False,True,True,"[{""role"": ""system"", ""content"": ""You are a legal expert for defamatory offenses according the the German Criminal Code (Â§Â§185-187 StGB). Help the user decide whether given posts fall within in the scope of these articles.""}, {""role"": ""user"", ""content"": ""Is the following post criminally relevant with respect to Â§Â§185-187 StGB (Defamatory Offense)? Answer only with 'True' (criminally relevant according to Â§Â§185-187 StGB) or 'False' (not criminally relevant according to Â§Â§185-187 StGB).""}, {""role"": ""user"", ""content"": ""@GoeringEckardt Etwas was wir nie gebrauchen werden, sind die Grünen Deutschfeinde!!!!""}]"
1095905927114496,Wenn so ein LKW erst mal rollt sitzen die sicher nicht mehr da. Schade das es noch zu viele nette Menschen gibt.,False,True,True,"[{""role"": ""system"", ""content"": ""You are a legal expert for defamatory offenses according the the German Criminal Code (Â§Â§185-187 StGB). Help the user decide whether given posts fall within in the scope of these articles.""}, {""role"": ""user"", ""content"": ""Is the following post criminally relevant with respect to Â§Â§185-187 StGB (Defamatory Offense)? Answer only with 'True' (criminally relevant according to Â§Â§185-187 StGB) or 'False' (not criminally relevant according to Â§Â§185-187 StGB).""}, {""role"": ""user"", ""content"": ""Wenn so ein LKW erst mal rollt sitzen die sicher nicht mehr da. Schade das es noch zu viele nette Menschen gibt.""}]"
856888084349616,"Selbst wenns ""nur"" 20.000 waren. Die waren alle freiwillig da und haben sich dem Druck der ""Gruppe"" Staat widersetzt. KLeine Zahlenspielerei: Ideologisch könnte man jeden Pegida Teilnehmer doppelt gewichten. Da viele Gegendemonstranten unter Druck zur Gegendemo gingen, kann man deren Teilnehmerzahl gut und gerne nochmal halbieren. Zumal diese Demos gesellschaftlich erwünscht sind. So käme fast keine Gegendemo über die Zehntausend hinaus, aber die Gida-Demos deutlich über die 20.-30.000. Wenn man die Umfragewerte zur Akzeptanz von Pegida mal dagegen legt, kommt das ungefähr hin. 75% der Deutschen lehnen Pegida nicht ab, und da sind auch integrierte Ausländer enthalten.                            Man sollte mal zu einer Gegendemo gehen (aber nicht so viele!) und genau hinschauen, wer sich da so tummelt. Ich stelle mal die These auf, dass da viele ""Ditib und Millis Görus-Agenten"" dabei sind, vielleicht noch mit ein paar Grauen Wölfe, und natürlich die Unfreiwilligen und die Verblendeten ""guten Untertanen"", die brav alles machen, wozu die Regierung aufruft.",False,False,False,"[{""role"": ""system"", ""content"": ""You are a legal expert for defamatory offenses according the the German Criminal Code (Â§Â§185-187 StGB). Help the user decide whether given posts fall within in the scope of these articles.""}, {""role"": ""user"", ""content"": ""Is the following post criminally relevant with respect to Â§Â§185-187 StGB (Defamatory Offense)? Answer only with 'True' (criminally relevant according to Â§Â§185-187 StGB) or 'False' (not criminally relevant according to Â§Â§185-187 StGB).""}, {""role"": ""user"", ""content"": ""Selbst wenns \""nur\"" 20.000 waren. Die waren alle freiwillig da und haben sich dem Druck der \""Gruppe\"" Staat widersetzt. KLeine Zahlenspielerei: Ideologisch könnte man jeden Pegida Teilnehmer doppelt gewichten. Da viele Gegendemonstranten unter Druck zur Gegendemo gingen, kann man deren Teilnehmerzahl gut und gerne nochmal halbieren. Zumal diese Demos gesellschaftlich erwünscht sind. So käme fast keine Gegendemo über die Zehntausend hinaus, aber die Gida-Demos deutlich über die 20.-30.000. Wenn man die Umfragewerte zur Akzeptanz von Pegida mal dagegen legt, kommt das ungefähr hin. 75% der Deutschen lehnen Pegida nicht ab, und da sind auch integrierte Ausländer enthalten.                            Man sollte mal zu einer Gegendemo gehen (aber nicht so viele!) und genau hinschauen, wer sich da so tummelt. Ich stelle mal die These auf, dass da viele \""Ditib und Millis Görus-Agenten\"" dabei sind, vielleicht noch mit ein paar Grauen Wölfe, und natürlich die Unfreiwilligen und die Verblendeten \""guten Untertanen\"", die brav alles machen, wozu die Regierung aufruft.""}]"
1055152514523171,"Das wird in einem Blutbad enden und ich fürchte, dass die Politiker genau DAS wollen.",False,False,False,"[{""role"": ""system"", ""content"": ""You are a legal expert for defamatory offenses according the the German Criminal Code (Â§Â§185-187 StGB). Help the user decide whether given posts fall within in the scope of these articles.""}, {""role"": ""user"", ""content"": ""Is the following post criminally relevant with respect to Â§Â§185-187 StGB (Defamatory Offense)? Answer only with 'True' (criminally relevant according to Â§Â§185-187 StGB) or 'False' (not criminally relevant according to Â§Â§185-187 StGB).""}, {""role"": ""user"", ""content"": ""Das wird in einem Blutbad enden und ich fürchte, dass die Politiker genau DAS wollen.""}]"
1095984997106589,"Tja, denen würde ich gerne das Märchen vom ""Tischlein deck dich"" mal näherbringen wollen. Ich denke die Passagen mit dem Knüppel würden vorerst genügen zum besseren Verständnis.",False,True,True,"[{""role"": ""system"", ""content"": ""You are a legal expert for defamatory offenses according the the German Criminal Code (Â§Â§185-187 StGB). Help the user decide whether given posts fall within in the scope of these articles.""}, {""role"": ""user"", ""content"": ""Is the following post criminally relevant with respect to Â§Â§185-187 StGB (Defamatory Offense)? Answer only with 'True' (criminally relevant according to Â§Â§185-187 StGB) or 'False' (not criminally relevant according to Â§Â§185-187 StGB).""}, {""role"": ""user"", ""content"": ""Tja, denen würde ich gerne das Märchen vom \""Tischlein deck dich\"" mal näherbringen wollen. Ich denke die Passagen mit dem Knüppel würden vorerst genügen zum besseren Verständnis.""}]"
1134921996546222,"klar is den Kerlen langweilig hier und die haben 10bar Druck aufm Stengel aber dann sollen die in ihr Land gehn und dort mal fleißig als Rebellen kämpfen, damit bald wieder die Hunderttausenden von hier endlich abhauen.",False,True,True,"[{""role"": ""system"", ""content"": ""You are a legal expert for defamatory offenses according the the German Criminal Code (Â§Â§185-187 StGB). Help the user decide whether given posts fall within in the scope of these articles.""}, {""role"": ""user"", ""content"": ""Is the following post criminally relevant with respect to Â§Â§185-187 StGB (Defamatory Offense)? Answer only with 'True' (criminally relevant according to Â§Â§185-187 StGB) or 'False' (not criminally relevant according to Â§Â§185-187 StGB).""}, {""role"": ""user"", ""content"": ""klar is den Kerlen langweilig hier und die haben 10bar Druck aufm Stengel aber dann sollen die in ihr Land gehn und dort mal fleißig als Rebellen kämpfen, damit bald wieder die Hunderttausenden von hier endlich abhauen.""}]"
1011570478881375,"Was ich an Merkels Stelle oder der eines neuen Kanzlers tun würde? 

Gesetze würde ich klipp und klar einhalten und diese nicht brechen. Ich würde diese weit über 600000 im Januar diesen Jahres bereits Ausreisepflichtigen sofort medienwirksam außer Landes bringen.
Die Grenzen würde ich dichtmachen und kontrollieren und bewachen, so dass von den Ausgewiesenen und auch sonst niemand unberechtigt (wieder-)einreist.

In der DDR lebten bsplw. Vietnamesen, Kubaner , Deutsche problemlos miteinander. Keiner musste Angst vor aggressiven Gewalttaten haben. Die Kinder konntest Du stundenlang alleine raus in Stadt und Land lassen. Die waren spätestens beim Hunger wieder am Tisch. Alles entspannt.

Die Grenzen waren ab 1989 auch für DDR-Bürger in alle Richtungen offen, aber weiterhin nach außen bewacht. Das war in Ordnung so und das deutsche Volk geschützt.
Erst mit dem Schengen-Abkommen wurden den Diebesbanden usw. Tor und Tür ungebremst geöffnet.
Die deutschen Außengrenzen konnten jahrhundertelang erfolgreich geschützt und bewacht werden.
Lasst Euch keine Märchen erzählen, dass die nicht geschützt werden können.
Bundeswehr, Bundespolizei, Reservisten, Freiwillige und unfreiwillig verpflichtete Menschen (tageweise) könnten die Grenzen wieder aufbauen und bewachen.

Lieber gutgläubiger Mitmensch, wir kämpfen auch für Deine sichere Zukunft. Du erkennst leider die Tragweite der kurz- und mittelfristigen Gefahren für Dich und Deine Mitmenschen nicht, wie es scheint.",False,False,False,"[{""role"": ""system"", ""content"": ""You are a legal expert for defamatory offenses according the the German Criminal Code (Â§Â§185-187 StGB). Help the user decide whether given posts fall within in the scope of these articles.""}, {""role"": ""user"", ""content"": ""Is the following post criminally relevant with respect to Â§Â§185-187 StGB (Defamatory Offense)? Answer only with 'True' (criminally relevant according to Â§Â§185-187 StGB) or 'False' (not criminally relevant according to Â§Â§185-187 StGB).""}, {""role"": ""user"", ""content"": ""Was ich an Merkels Stelle oder der eines neuen Kanzlers tun würde? \r\n\r\nGesetze würde ich klipp und klar einhalten und diese nicht brechen. Ich würde diese weit über 600000 im Januar diesen Jahres bereits Ausreisepflichtigen sofort medienwirksam außer Landes bringen.\r\nDie Grenzen würde ich dichtmachen und kontrollieren und bewachen, so dass von den Ausgewiesenen und auch sonst niemand unberechtigt (wieder-)einreist.\r\n\r\nIn der DDR lebten bsplw. Vietnamesen, Kubaner , Deutsche problemlos miteinander. Keiner musste Angst vor aggressiven Gewalttaten haben. Die Kinder konntest Du stundenlang alleine raus in Stadt und Land lassen. Die waren spätestens beim Hunger wieder am Tisch. Alles entspannt.\r\n\r\nDie Grenzen waren ab 1989 auch für DDR-Bürger in alle Richtungen offen, aber weiterhin nach außen bewacht. Das war in Ordnung so und das deutsche Volk geschützt.\r\nErst mit dem Schengen-Abkommen wurden den Diebesbanden usw. Tor und Tür ungebremst geöffnet.\r\nDie deutschen Außengrenzen konnten jahrhundertelang erfolgreich geschützt und bewacht werden.\r\nLasst Euch keine Märchen erzählen, dass die nicht geschützt werden können.\r\nBundeswehr, Bundespolizei, Reservisten, Freiwillige und unfreiwillig verpflichtete Menschen (tageweise) könnten die Grenzen wieder aufbauen und bewachen.\r\n\r\nLieber gutgläubiger Mitmensch, wir kämpfen auch für Deine sichere Zukunft. Du erkennst leider die Tragweite der kurz- und mittelfristigen Gefahren für Dich und Deine Mitmenschen nicht, wie es scheint.""}]"
1652,Ihr seid keine Polizisten! Ihr seid Kinderschänder!,True,True,True,"[{""role"": ""system"", ""content"": ""You are a legal expert for defamatory offenses according the the German Criminal Code (Â§Â§185-187 StGB). Help the user decide whether given posts fall within in the scope of these articles.""}, {""role"": ""user"", ""content"": ""Is the following post criminally relevant with respect to Â§Â§185-187 StGB (Defamatory Offense)? Answer only with 'True' (criminally relevant according to Â§Â§185-187 StGB) or 'False' (not criminally relevant according to Â§Â§185-187 StGB).""}, {""role"": ""user"", ""content"": ""Ihr seid keine Polizisten! Ihr seid Kinderschänder!""}]"
1610,Dieses Dreckige Schwein bekommt hier Bewährung! Teilt diese Fresse!!! Danke Deutschland. Der Richter: NAME! Dreckschwein!,True,True,True,"[{""role"": ""system"", ""content"": ""You are a legal expert for defamatory offenses according the the German Criminal Code (Â§Â§185-187 StGB). Help the user decide whether given posts fall within in the scope of these articles.""}, {""role"": ""user"", ""content"": ""Is the following post criminally relevant with respect to Â§Â§185-187 StGB (Defamatory Offense)? Answer only with 'True' (criminally relevant according to Â§Â§185-187 StGB) or 'False' (not criminally relevant according to Â§Â§185-187 StGB).""}, {""role"": ""user"", ""content"": ""Dieses Dreckige Schwein bekommt hier Bewährung! Teilt diese Fresse!!! Danke Deutschland. Der Richter: NAME! Dreckschwein!""}]"
1052537564784666,"Leider gibt es in diesem Staat keine Gerechtigkeit und Demokratie mehr !!!!! Der Begriff ""RECHTSSTAAT"" ist die größte Lüge in diesem Land !!! Leider muss sich die Polizei den Interessen dieser korrupten Regierung beugen , und weiterhin Falschmeldung weitergeben damit das Gesindel in Berlin und Brüssel bestätigt fühlt ! Nicht zu vergessen sind die verlogenen Medien !!!!",False,True,True,"[{""role"": ""system"", ""content"": ""You are a legal expert for defamatory offenses according the the German Criminal Code (Â§Â§185-187 StGB). Help the user decide whether given posts fall within in the scope of these articles.""}, {""role"": ""user"", ""content"": ""Is the following post criminally relevant with respect to Â§Â§185-187 StGB (Defamatory Offense)? Answer only with 'True' (criminally relevant according to Â§Â§185-187 StGB) or 'False' (not criminally relevant according to Â§Â§185-187 StGB).""}, {""role"": ""user"", ""content"": ""Leider gibt es in diesem Staat keine Gerechtigkeit und Demokratie mehr !!!!! Der Begriff \""RECHTSSTAAT\"" ist die größte Lüge in diesem Land !!! Leider muss sich die Polizei den Interessen dieser korrupten Regierung beugen , und weiterhin Falschmeldung weitergeben damit das Gesindel in Berlin und Brüssel bestätigt fühlt ! Nicht zu vergessen sind die verlogenen Medien !!!!""}]"
895204223851335,Ist schon komisch mit Toddi.Die Journalisten die man so aus den Systemmedien kennt wurde entweder der Kopf abgeschnitten oder sie waren Gefangene. Der einzige der  frei rumlief und Interviewen durfte war der kleine Toddi.Das sollte ins schon zu denken geben.Wie gehabt um uns herum passieren Anschläge ohne Ende .Sollte unser BND so gut sein .Besser als Engländer und Franzosen? Für die angeblichen geplanten Anschläge gibt es keine Beweise.Und in unserem Land wird jeder der nur ansatzweise den Islam  kritisiert massiver Verfolgung ausgesetzt.Und den Musls wird egal was sie fordern der Zucker in den A... geblasen.Dann stellt sich unsere Angela hin(obwohl sie vor ein paar Jahren sagte Multikulti ist gescheitert) der Islam gehört zu Deutschland. Da könnte man schon auf dumme Gedanken kommen. Weil ihr Freund aus Amerika hat ja auch sowas gesagt.,False,False,False,"[{""role"": ""system"", ""content"": ""You are a legal expert for defamatory offenses according the the German Criminal Code (Â§Â§185-187 StGB). Help the user decide whether given posts fall within in the scope of these articles.""}, {""role"": ""user"", ""content"": ""Is the following post criminally relevant with respect to Â§Â§185-187 StGB (Defamatory Offense)? Answer only with 'True' (criminally relevant according to Â§Â§185-187 StGB) or 'False' (not criminally relevant according to Â§Â§185-187 StGB).""}, {""role"": ""user"", ""content"": ""Ist schon komisch mit Toddi.Die Journalisten die man so aus den Systemmedien kennt wurde entweder der Kopf abgeschnitten oder sie waren Gefangene. Der einzige der  frei rumlief und Interviewen durfte war der kleine Toddi.Das sollte ins schon zu denken geben.Wie gehabt um uns herum passieren Anschläge ohne Ende .Sollte unser BND so gut sein .Besser als Engländer und Franzosen? Für die angeblichen geplanten Anschläge gibt es keine Beweise.Und in unserem Land wird jeder der nur ansatzweise den Islam  kritisiert massiver Verfolgung ausgesetzt.Und den Musls wird egal was sie fordern der Zucker in den A... geblasen.Dann stellt sich unsere Angela hin(obwohl sie vor ein paar Jahren sagte Multikulti ist gescheitert) der Islam gehört zu Deutschland. Da könnte man schon auf dumme Gedanken kommen. Weil ihr Freund aus Amerika hat ja auch sowas gesagt.""}]"
945530602152030,"Sag ich doch, diese Linksfaschisten werden vom Staat bezahlt!
Nicht Arbeiten, aber bißchen durch Deutschland Touren... 
Diese elenden Zecken, die dann noch auf unseren Staat scheißen sind unser Unheil.
Wer solche Kinder erzieht, gehört erschossen!",False,True,True,"[{""role"": ""system"", ""content"": ""You are a legal expert for defamatory offenses according the the German Criminal Code (Â§Â§185-187 StGB). Help the user decide whether given posts fall within in the scope of these articles.""}, {""role"": ""user"", ""content"": ""Is the following post criminally relevant with respect to Â§Â§185-187 StGB (Defamatory Offense)? Answer only with 'True' (criminally relevant according to Â§Â§185-187 StGB) or 'False' (not criminally relevant according to Â§Â§185-187 StGB).""}, {""role"": ""user"", ""content"": ""Sag ich doch, diese Linksfaschisten werden vom Staat bezahlt!\r\nNicht Arbeiten, aber bißchen durch Deutschland Touren... \r\nDiese elenden Zecken, die dann noch auf unseren Staat scheißen sind unser Unheil.\r\nWer solche Kinder erzieht, gehört erschossen!""}]"
1301,@Elias_1899 @happyyy2k So geil wie deine Hurenmutter gestern von mir geflankt worden ist du elendiges kleines Miststück du gehörst richtig behindert geschlagen wenn es deine Eltern nicht schon eh jeden Tag machen du Nuttensphn du Bastard du wichser du Fotze,True,True,True,"[{""role"": ""system"", ""content"": ""You are a legal expert for defamatory offenses according the the German Criminal Code (Â§Â§185-187 StGB). Help the user decide whether given posts fall within in the scope of these articles.""}, {""role"": ""user"", ""content"": ""Is the following post criminally relevant with respect to Â§Â§185-187 StGB (Defamatory Offense)? Answer only with 'True' (criminally relevant according to Â§Â§185-187 StGB) or 'False' (not criminally relevant according to Â§Â§185-187 StGB).""}, {""role"": ""user"", ""content"": ""@Elias_1899 @happyyy2k So geil wie deine Hurenmutter gestern von mir geflankt worden ist du elendiges kleines Miststück du gehörst richtig behindert geschlagen wenn es deine Eltern nicht schon eh jeden Tag machen du Nuttensphn du Bastard du wichser du Fotze""}]"
1057729290932160,"Ganz Europa ist inzwischen gegen den Merkel-Wahnsinn. Nur ihre MoslemDU, alle linken deutschen Parteien, Linksfaschisten wie Antifa, die Wirrköpfe von den Antideutschen, die gleichgerichteten, von schwullesbischen Linken dominierten Medien sowie die unbelehrbaren Pseudogutmenschen meinen nach wie vor, Deutschland und Europa abwickeln und der Terrorsekte Islam auf dem silbernen Tablett servieren zu müssen. All unsere Nachbarn müssen sich jetzt zusammenschließen und zusammen mit den patriotischen Kräften in Deutschland dieses Unrechtsregime stürzen.",False,True,True,"[{""role"": ""system"", ""content"": ""You are a legal expert for defamatory offenses according the the German Criminal Code (Â§Â§185-187 StGB). Help the user decide whether given posts fall within in the scope of these articles.""}, {""role"": ""user"", ""content"": ""Is the following post criminally relevant with respect to Â§Â§185-187 StGB (Defamatory Offense)? Answer only with 'True' (criminally relevant according to Â§Â§185-187 StGB) or 'False' (not criminally relevant according to Â§Â§185-187 StGB).""}, {""role"": ""user"", ""content"": ""Ganz Europa ist inzwischen gegen den Merkel-Wahnsinn. Nur ihre MoslemDU, alle linken deutschen Parteien, Linksfaschisten wie Antifa, die Wirrköpfe von den Antideutschen, die gleichgerichteten, von schwullesbischen Linken dominierten Medien sowie die unbelehrbaren Pseudogutmenschen meinen nach wie vor, Deutschland und Europa abwickeln und der Terrorsekte Islam auf dem silbernen Tablett servieren zu müssen. All unsere Nachbarn müssen sich jetzt zusammenschließen und zusammen mit den patriotischen Kräften in Deutschland dieses Unrechtsregime stürzen.""}]"
143,Die EU dient zur Aushebelung der Selbstbestimmung der europ. Völker |LBR| Die Migranten sollen eine Wählermehrheit für die EU Wahl schaffen |LBR| Dann wird alles als freier Wille der Nationalstaaten dargestellt. |LBR| Ziel: Zentralregierung in Brüssel 👎👎👎,False,False,False,"[{""role"": ""system"", ""content"": ""You are a legal expert for defamatory offenses according the the German Criminal Code (Â§Â§185-187 StGB). Help the user decide whether given posts fall within in the scope of these articles.""}, {""role"": ""user"", ""content"": ""Is the following post criminally relevant with respect to Â§Â§185-187 StGB (Defamatory Offense)? Answer only with 'True' (criminally relevant according to Â§Â§185-187 StGB) or 'False' (not criminally relevant according to Â§Â§185-187 StGB).""}, {""role"": ""user"", ""content"": ""Die EU dient zur Aushebelung der Selbstbestimmung der europ. Völker |LBR| Die Migranten sollen eine Wählermehrheit für die EU Wahl schaffen |LBR| Dann wird alles als freier Wille der Nationalstaaten dargestellt. |LBR| Ziel: Zentralregierung in Brüssel 👎👎👎""}]"
352,"Das sind im Dez. lt. #Politbarometer die wichtigsten Themen der Deutschen: Flüchtlinge 44%, Regierungsbildung 33%, Rente 13%, Soziale Gerechtigkeit 12%. Scheint bei der @spdde aber niemanden zu interessieren. #spdbpt17",False,False,False,"[{""role"": ""system"", ""content"": ""You are a legal expert for defamatory offenses according the the German Criminal Code (Â§Â§185-187 StGB). Help the user decide whether given posts fall within in the scope of these articles.""}, {""role"": ""user"", ""content"": ""Is the following post criminally relevant with respect to Â§Â§185-187 StGB (Defamatory Offense)? Answer only with 'True' (criminally relevant according to Â§Â§185-187 StGB) or 'False' (not criminally relevant according to Â§Â§185-187 StGB).""}, {""role"": ""user"", ""content"": ""Das sind im Dez. lt. #Politbarometer die wichtigsten Themen der Deutschen: Flüchtlinge 44%, Regierungsbildung 33%, Rente 13%, Soziale Gerechtigkeit 12%. Scheint bei der @spdde aber niemanden zu interessieren. #spdbpt17""}]"
1063584870346602,"Wahrscheinlich war der Senegalese ein ""Ungläubiger""... Der Moslem folgte also nur einem der 28 Mordbbelastenefehle in Mahomets Kampf...",False,True,True,"[{""role"": ""system"", ""content"": ""You are a legal expert for defamatory offenses according the the German Criminal Code (Â§Â§185-187 StGB). Help the user decide whether given posts fall within in the scope of these articles.""}, {""role"": ""user"", ""content"": ""Is the following post criminally relevant with respect to Â§Â§185-187 StGB (Defamatory Offense)? Answer only with 'True' (criminally relevant according to Â§Â§185-187 StGB) or 'False' (not criminally relevant according to Â§Â§185-187 StGB).""}, {""role"": ""user"", ""content"": ""Wahrscheinlich war der Senegalese ein \""Ungläubiger\""... Der Moslem folgte also nur einem der 28 Mordbbelastenefehle in Mahomets Kampf...""}]"
856744614363963,"ich muss mal kurz etwas in den Raum werfen...ich habe mir eben mal die Veranstaltung angeschaut. Mir ist aufgefallen das jetzt NIEMAND mehr sagen kann das es sich bei PEGIDA um Rechte handelt! Direkt an vor der ""Bühne"" stand ein Schwarzer, Fabiger, Afrikaner oder wie man sagen möchte. Entweder war dieser Mann lebensmüde sich in einen Mob (ca. 25.000  wie die Medien und Politik sagen würden ""Nazis"") zu stellen...oder es geht (wie ich mir schon von Anfang an sicher war) gar nicht um Rechte sondern um das Volk was langsam aufwacht! Daran kann man sehen was die Politik für eine scheiß Angst hat! Weiter so PEGIDA und darauf das auch die Langschläfer irgendwann aufwachen!",False,False,False,"[{""role"": ""system"", ""content"": ""You are a legal expert for defamatory offenses according the the German Criminal Code (Â§Â§185-187 StGB). Help the user decide whether given posts fall within in the scope of these articles.""}, {""role"": ""user"", ""content"": ""Is the following post criminally relevant with respect to Â§Â§185-187 StGB (Defamatory Offense)? Answer only with 'True' (criminally relevant according to Â§Â§185-187 StGB) or 'False' (not criminally relevant according to Â§Â§185-187 StGB).""}, {""role"": ""user"", ""content"": ""ich muss mal kurz etwas in den Raum werfen...ich habe mir eben mal die Veranstaltung angeschaut. Mir ist aufgefallen das jetzt NIEMAND mehr sagen kann das es sich bei PEGIDA um Rechte handelt! Direkt an vor der \""Bühne\"" stand ein Schwarzer, Fabiger, Afrikaner oder wie man sagen möchte. Entweder war dieser Mann lebensmüde sich in einen Mob (ca. 25.000  wie die Medien und Politik sagen würden \""Nazis\"") zu stellen...oder es geht (wie ich mir schon von Anfang an sicher war) gar nicht um Rechte sondern um das Volk was langsam aufwacht! Daran kann man sehen was die Politik für eine scheiß Angst hat! Weiter so PEGIDA und darauf das auch die Langschläfer irgendwann aufwachen!""}]"
1012344252137331,"Aber die Idee ist nicht schlecht, den  ""Nikolaus"" nennen wir ab jetzt ""Neger Klaus"", am 24, kommt dann nicht mehr der Weihnachtsmann sondern der ""Rote Buhmann"" und zu Ostern  wird der ""Osterhase"" durch eine Ziege ersetzt. Ich lach mich tot.",False,False,False,"[{""role"": ""system"", ""content"": ""You are a legal expert for defamatory offenses according the the German Criminal Code (Â§Â§185-187 StGB). Help the user decide whether given posts fall within in the scope of these articles.""}, {""role"": ""user"", ""content"": ""Is the following post criminally relevant with respect to Â§Â§185-187 StGB (Defamatory Offense)? Answer only with 'True' (criminally relevant according to Â§Â§185-187 StGB) or 'False' (not criminally relevant according to Â§Â§185-187 StGB).""}, {""role"": ""user"", ""content"": ""Aber die Idee ist nicht schlecht, den  \""Nikolaus\"" nennen wir ab jetzt \""Neger Klaus\"", am 24, kommt dann nicht mehr der Weihnachtsmann sondern der \""Rote Buhmann\"" und zu Ostern  wird der \""Osterhase\"" durch eine Ziege ersetzt. Ich lach mich tot.""}]"
855029174535507,Uns solchem Dreckspack wird auch noch der deutsche Pass hinterhergeworfen damit sie sich schön vor dem Wehrdienst in der Türkei drücken können.,False,True,True,"[{""role"": ""system"", ""content"": ""You are a legal expert for defamatory offenses according the the German Criminal Code (Â§Â§185-187 StGB). Help the user decide whether given posts fall within in the scope of these articles.""}, {""role"": ""user"", ""content"": ""Is the following post criminally relevant with respect to Â§Â§185-187 StGB (Defamatory Offense)? Answer only with 'True' (criminally relevant according to Â§Â§185-187 StGB) or 'False' (not criminally relevant according to Â§Â§185-187 StGB).""}, {""role"": ""user"", ""content"": ""Uns solchem Dreckspack wird auch noch der deutsche Pass hinterhergeworfen damit sie sich schön vor dem Wehrdienst in der Türkei drücken können.""}]"
982890168416073,"Traumatisierte maskierte Asylanten werfen Steine und zündeln Feuer an,weil sie ihren Willen nicht kriegen... Aufwachen..... ! Das sind doch keine Asyl....ab nach Hause !",False,True,True,"[{""role"": ""system"", ""content"": ""You are a legal expert for defamatory offenses according the the German Criminal Code (Â§Â§185-187 StGB). Help the user decide whether given posts fall within in the scope of these articles.""}, {""role"": ""user"", ""content"": ""Is the following post criminally relevant with respect to Â§Â§185-187 StGB (Defamatory Offense)? Answer only with 'True' (criminally relevant according to Â§Â§185-187 StGB) or 'False' (not criminally relevant according to Â§Â§185-187 StGB).""}, {""role"": ""user"", ""content"": ""Traumatisierte maskierte Asylanten werfen Steine und zündeln Feuer an,weil sie ihren Willen nicht kriegen... Aufwachen..... ! Das sind doch keine Asyl....ab nach Hause !""}]"
758,@karlawagner13 @krippmarie Bei Familienfragen kennt sich die Alte bestens aus... |LBR| Wenn wir schon familienfreundlich handeln wollen gibt es bessere Lösungen: |LBR| Keine Einreise für Alleinstehende..!,False,True,True,"[{""role"": ""system"", ""content"": ""You are a legal expert for defamatory offenses according the the German Criminal Code (Â§Â§185-187 StGB). Help the user decide whether given posts fall within in the scope of these articles.""}, {""role"": ""user"", ""content"": ""Is the following post criminally relevant with respect to Â§Â§185-187 StGB (Defamatory Offense)? Answer only with 'True' (criminally relevant according to Â§Â§185-187 StGB) or 'False' (not criminally relevant according to Â§Â§185-187 StGB).""}, {""role"": ""user"", ""content"": ""@karlawagner13 @krippmarie Bei Familienfragen kennt sich die Alte bestens aus... |LBR| Wenn wir schon familienfreundlich handeln wollen gibt es bessere Lösungen: |LBR| Keine Einreise für Alleinstehende..!""}]"
695,@katjakipping @dieLinke @ReporterOG Und was haben wir Deutsche für Rechte ?Wir sind die Leidtragenden im Buntland!,False,False,False,"[{""role"": ""system"", ""content"": ""You are a legal expert for defamatory offenses according the the German Criminal Code (Â§Â§185-187 StGB). Help the user decide whether given posts fall within in the scope of these articles.""}, {""role"": ""user"", ""content"": ""Is the following post criminally relevant with respect to Â§Â§185-187 StGB (Defamatory Offense)? Answer only with 'True' (criminally relevant according to Â§Â§185-187 StGB) or 'False' (not criminally relevant according to Â§Â§185-187 StGB).""}, {""role"": ""user"", ""content"": ""@katjakipping @dieLinke @ReporterOG Und was haben wir Deutsche für Rechte ?Wir sind die Leidtragenden im Buntland!""}]"
935820743123016,Krallt sich den Top-Salafisten? Soso. Warum nicht knalln den Topsalafisten ab? Dieses Stück Dreck hat def. keinerlei Daseinsberechtigung.,True,True,True,"[{""role"": ""system"", ""content"": ""You are a legal expert for defamatory offenses according the the German Criminal Code (Â§Â§185-187 StGB). Help the user decide whether given posts fall within in the scope of these articles.""}, {""role"": ""user"", ""content"": ""Is the following post criminally relevant with respect to Â§Â§185-187 StGB (Defamatory Offense)? Answer only with 'True' (criminally relevant according to Â§Â§185-187 StGB) or 'False' (not criminally relevant according to Â§Â§185-187 StGB).""}, {""role"": ""user"", ""content"": ""Krallt sich den Top-Salafisten? Soso. Warum nicht knalln den Topsalafisten ab? Dieses Stück Dreck hat def. keinerlei Daseinsberechtigung.""}]"
977039172334506,"diese Nachricht steht bei Fotos bitte: 

6 válasz
.

Irreligious Libyans ?????? ?? ??????,?????? ?? ?????? - ?????? ?????????? One day these muslims will force the europeans out of their country where they will only give them the 3 following choices:
- Either turn muslim 
- Pay a ransom(jizya)...B?vebben
Egy nap ezek a muzulmánok kényszeríti az európaiak a ország, ahol csak adj nekik a 3 következ? választások:
- vagy fordulj muszlim
- váltságdíjat fizetni (jizya)
- a halál

Automatikus fordítás

Tetszik · Válasz · 2 órája",False,False,False,"[{""role"": ""system"", ""content"": ""You are a legal expert for defamatory offenses according the the German Criminal Code (Â§Â§185-187 StGB). Help the user decide whether given posts fall within in the scope of these articles.""}, {""role"": ""user"", ""content"": ""Is the following post criminally relevant with respect to Â§Â§185-187 StGB (Defamatory Offense)? Answer only with 'True' (criminally relevant according to Â§Â§185-187 StGB) or 'False' (not criminally relevant according to Â§Â§185-187 StGB).""}, {""role"": ""user"", ""content"": ""diese Nachricht steht bei Fotos bitte: \r\n\r\n6 válasz\r\n.\r\n\r\nIrreligious Libyans ?????? ?? ??????,?????? ?? ?????? - ?????? ?????????? One day these muslims will force the europeans out of their country where they will only give them the 3 following choices:\r\n- Either turn muslim \r\n- Pay a ransom(jizya)...B?vebben\r\nEgy nap ezek a muzulmánok kényszeríti az európaiak a ország, ahol csak adj nekik a 3 következ? választások:\r\n- vagy fordulj muszlim\r\n- váltságdíjat fizetni (jizya)\r\n- a halál\r\n\r\nAutomatikus fordítás\r\n\r\nTetszik · Válasz · 2 órája""}]"
1796,"""Wie verlogen man in diesem Staat geworden ist übertrifft sogar die Lügen Medien aus Ex Hitlers Zeiten. Obwohl man da schon sehr das Volk belog.""   ""Niemals hätte ich geglaubt, dass ausgerechnet eine Ex Stasispitzeln und Ex SED Weib der letzten DDR-Regierung hier in diesen Land das Sagen erhält u diesen Staat auch zerstört.""  ""...; welche in Wahrheit keine Pantamie ist sondern 1 Verbrechen an der Weltbevölkerung weil Merkels Verbrecher Pack durch ihre Zwangsimpfungen mit diese Gift an das Volk in Wahrheit erst krank macht.""   ""Bürger genau wir dieser verlogenen verbrecherischen naziähnlichen hirnkranke Politiker einfach behauptet das die die Ansteckung von angeblich Omika höher sei als gemeltet. Dieser Lauterbach und Wieler sind wahre verlogene hirnkranke Nazis wie einst Hitler welcher unser Volk seid 2 Jahren eingesperrt und ohne Grundrechte läst wie es Hitler einst mit der jüdischen Bevölkerung tat.""   ""Dieser Lauterbach ist ist hirnkranker Irre welcher vielleicht selbst im Gehirn Corona hat, Bürger dieser Lauterbach u seine Dreckshelfer versuchen mit aller Gewalt das Volk nur noch eingesperrt und gespalten zu halten. Man sollte Lauterbach vernichten.""   ""Herr Lauterbach würde ich die irgendwann irgendwo mal alleine treffen dann würde ich mich vergessen und sie würden mit mir zusammen gehen, damit das Volk dann Ruhe hat hättet vor Soche irre wie sie. Sie sind nach meiner Meinung nicht besser als es einst Hitler war. Ich wäre über glücklich eines Tages ihren und Wielers Tot hier zu lesen. Niemals habe ich jemand so den Tot gewünscht wie ihnen Herr Lauterbach.""  ""...mörderische naziähnliche verlogenes Drecks Politiker Pack welche das eigene Volk ermordet durch diese Impfungen, Heil Ihr faschistischen volksmordende Regierung. SChämt euch""   ""Bürger dieser Lauterbach ist doch hirnkrank. Ich wünsche ihn nur noch den TOT. Ich hoffe das ihn irgendwann bald einer abschießen oder abstechen tut.v Nie habe ich jemand so gehasst und den tot gewünscht doch diesem verlogengen Verbrechern wunsche ich den Tot. ""  ""Diese Politiker und ihre Medien sind faschistische mörderischen Nazis und nichtsanderes.""  ""Jeden Politiker welche man in Deutschland umlegen werde ich begrüßen und mich freuen""   ""...und ich hoffe das bald endlich die IS Kämpfer welche sonst wo anders unschuldige töten, sollten nun ihren Hass und Wut an die Deutschen Politiker auslassen das würde mich als vom Bundespräsidenten Rau und Thüringen Ministerpräsidentin Lieberkencht desen Mutter selbst im KZ Buchenwald terrorisiert wurde sehr freuen.""",True,True,True,"[{""role"": ""system"", ""content"": ""You are a legal expert for defamatory offenses according the the German Criminal Code (Â§Â§185-187 StGB). Help the user decide whether given posts fall within in the scope of these articles.""}, {""role"": ""user"", ""content"": ""Is the following post criminally relevant with respect to Â§Â§185-187 StGB (Defamatory Offense)? Answer only with 'True' (criminally relevant according to Â§Â§185-187 StGB) or 'False' (not criminally relevant according to Â§Â§185-187 StGB).""}, {""role"": ""user"", ""content"": ""\""Wie verlogen man in diesem Staat geworden ist übertrifft sogar die Lügen Medien aus Ex Hitlers Zeiten. Obwohl man da schon sehr das Volk belog.\""   \""Niemals hätte ich geglaubt, dass ausgerechnet eine Ex Stasispitzeln und Ex SED Weib der letzten DDR-Regierung hier in diesen Land das Sagen erhält u diesen Staat auch zerstört.\""  \""...; welche in Wahrheit keine Pantamie ist sondern 1 Verbrechen an der Weltbevölkerung weil Merkels Verbrecher Pack durch ihre Zwangsimpfungen mit diese Gift an das Volk in Wahrheit erst krank macht.\""   \""Bürger genau wir dieser verlogenen verbrecherischen naziähnlichen hirnkranke Politiker einfach behauptet das die die Ansteckung von angeblich Omika höher sei als gemeltet. Dieser Lauterbach und Wieler sind wahre verlogene hirnkranke Nazis wie einst Hitler welcher unser Volk seid 2 Jahren eingesperrt und ohne Grundrechte läst wie es Hitler einst mit der jüdischen Bevölkerung tat.\""   \""Dieser Lauterbach ist ist hirnkranker Irre welcher vielleicht selbst im Gehirn Corona hat, Bürger dieser Lauterbach u seine Dreckshelfer versuchen mit aller Gewalt das Volk nur noch eingesperrt und gespalten zu halten. Man sollte Lauterbach vernichten.\""   \""Herr Lauterbach würde ich die irgendwann irgendwo mal alleine treffen dann würde ich mich vergessen und sie würden mit mir zusammen gehen, damit das Volk dann Ruhe hat hättet vor Soche irre wie sie. Sie sind nach meiner Meinung nicht besser als es einst Hitler war. Ich wäre über glücklich eines Tages ihren und Wielers Tot hier zu lesen. Niemals habe ich jemand so den Tot gewünscht wie ihnen Herr Lauterbach.\""  \""...mörderische naziähnliche verlogenes Drecks Politiker Pack welche das eigene Volk ermordet durch diese Impfungen, Heil Ihr faschistischen volksmordende Regierung. SChämt euch\""   \""Bürger dieser Lauterbach ist doch hirnkrank. Ich wünsche ihn nur noch den TOT. Ich hoffe das ihn irgendwann bald einer abschießen oder abstechen tut.v Nie habe ich jemand so gehasst und den tot gewünscht doch diesem verlogengen Verbrechern wunsche ich den Tot. \""  \""Diese Politiker und ihre Medien sind faschistische mörderischen Nazis und nichtsanderes.\""  \""Jeden Politiker welche man in Deutschland umlegen werde ich begrüßen und mich freuen\""   \""...und ich hoffe das bald endlich die IS Kämpfer welche sonst wo anders unschuldige töten, sollten nun ihren Hass und Wut an die Deutschen Politiker auslassen das würde mich als vom Bundespräsidenten Rau und Thüringen Ministerpräsidentin Lieberkencht desen Mutter selbst im KZ Buchenwald terrorisiert wurde sehr freuen.\""""}]"
353,Ich wundere mich immer wieder wieviele dumme Menschen es in Deutschland gibt. 70 Jahre Gehirnwäsche hat ihre Spuren hinterlassen.,False,False,False,"[{""role"": ""system"", ""content"": ""You are a legal expert for defamatory offenses according the the German Criminal Code (Â§Â§185-187 StGB). Help the user decide whether given posts fall within in the scope of these articles.""}, {""role"": ""user"", ""content"": ""Is the following post criminally relevant with respect to Â§Â§185-187 StGB (Defamatory Offense)? Answer only with 'True' (criminally relevant according to Â§Â§185-187 StGB) or 'False' (not criminally relevant according to Â§Â§185-187 StGB).""}, {""role"": ""user"", ""content"": ""Ich wundere mich immer wieder wieviele dumme Menschen es in Deutschland gibt. 70 Jahre Gehirnwäsche hat ihre Spuren hinterlassen.""}]"
447,In einer nicht #PoliticalCorrectness-geistesgestörten Welt würden sie dem #Invasoren-#Abschaum die Scheiße aus dem Hirn prügeln,False,True,True,"[{""role"": ""system"", ""content"": ""You are a legal expert for defamatory offenses according the the German Criminal Code (Â§Â§185-187 StGB). Help the user decide whether given posts fall within in the scope of these articles.""}, {""role"": ""user"", ""content"": ""Is the following post criminally relevant with respect to Â§Â§185-187 StGB (Defamatory Offense)? Answer only with 'True' (criminally relevant according to Â§Â§185-187 StGB) or 'False' (not criminally relevant according to Â§Â§185-187 StGB).""}, {""role"": ""user"", ""content"": ""In einer nicht #PoliticalCorrectness-geistesgestörten Welt würden sie dem #Invasoren-#Abschaum die Scheiße aus dem Hirn prügeln""}]"
1088445184527237,Die Islamisierung dieses Kontinents schreitet mit Gewalt und Terror voran. wir müssen auch aufpassen das es hier nicht zu einem Brüssel kommt. Wir werden seit Jahren vom Islam unterwandert und wir müssen den Mund halten weil die Politik und Medien die Augen verschlißen. Kriminelle Islamisten sofort abschieben und die Grenzen dicht machen nach USA Vorbild.,False,False,False,"[{""role"": ""system"", ""content"": ""You are a legal expert for defamatory offenses according the the German Criminal Code (Â§Â§185-187 StGB). Help the user decide whether given posts fall within in the scope of these articles.""}, {""role"": ""user"", ""content"": ""Is the following post criminally relevant with respect to Â§Â§185-187 StGB (Defamatory Offense)? Answer only with 'True' (criminally relevant according to Â§Â§185-187 StGB) or 'False' (not criminally relevant according to Â§Â§185-187 StGB).""}, {""role"": ""user"", ""content"": ""Die Islamisierung dieses Kontinents schreitet mit Gewalt und Terror voran. wir müssen auch aufpassen das es hier nicht zu einem Brüssel kommt. Wir werden seit Jahren vom Islam unterwandert und wir müssen den Mund halten weil die Politik und Medien die Augen verschlißen. Kriminelle Islamisten sofort abschieben und die Grenzen dicht machen nach USA Vorbild.""}]"
855055097866248,Mich verwundert die Stellung der Kirchen. Der Kreuzzug geht diesmal anders rum. Dazu macht der Kölner Dom das Licht aus. Die Christen sind nach den Juden doch die nächsten denen der Islamische Staat den Kopf abhackt.,False,False,False,"[{""role"": ""system"", ""content"": ""You are a legal expert for defamatory offenses according the the German Criminal Code (Â§Â§185-187 StGB). Help the user decide whether given posts fall within in the scope of these articles.""}, {""role"": ""user"", ""content"": ""Is the following post criminally relevant with respect to Â§Â§185-187 StGB (Defamatory Offense)? Answer only with 'True' (criminally relevant according to Â§Â§185-187 StGB) or 'False' (not criminally relevant according to Â§Â§185-187 StGB).""}, {""role"": ""user"", ""content"": ""Mich verwundert die Stellung der Kirchen. Der Kreuzzug geht diesmal anders rum. Dazu macht der Kölner Dom das Licht aus. Die Christen sind nach den Juden doch die nächsten denen der Islamische Staat den Kopf abhackt.""}]"
432,Dortmund:Leipzig |LBR| Die großmäuligen Dortmunder werden von Leipzig hergespielt. Großartig!,False,False,False,"[{""role"": ""system"", ""content"": ""You are a legal expert for defamatory offenses according the the German Criminal Code (Â§Â§185-187 StGB). Help the user decide whether given posts fall within in the scope of these articles.""}, {""role"": ""user"", ""content"": ""Is the following post criminally relevant with respect to Â§Â§185-187 StGB (Defamatory Offense)? Answer only with 'True' (criminally relevant according to Â§Â§185-187 StGB) or 'False' (not criminally relevant according to Â§Â§185-187 StGB).""}, {""role"": ""user"", ""content"": ""Dortmund:Leipzig |LBR| Die großmäuligen Dortmunder werden von Leipzig hergespielt. Großartig!""}]"
337,"@shengfui ... und vor allem örtlich zuständiger MdB. Und ja: Machen Sie mal Urlaub im #Saarland. Entspannt total. Achtung, Werbung: Saar-Hunsrück-Steig, Baumwipfelpfad, Vauban-Stadt, Saar-Polygon,.... Schönen Sonntag!",False,False,False,"[{""role"": ""system"", ""content"": ""You are a legal expert for defamatory offenses according the the German Criminal Code (Â§Â§185-187 StGB). Help the user decide whether given posts fall within in the scope of these articles.""}, {""role"": ""user"", ""content"": ""Is the following post criminally relevant with respect to Â§Â§185-187 StGB (Defamatory Offense)? Answer only with 'True' (criminally relevant according to Â§Â§185-187 StGB) or 'False' (not criminally relevant according to Â§Â§185-187 StGB).""}, {""role"": ""user"", ""content"": ""@shengfui ... und vor allem örtlich zuständiger MdB. Und ja: Machen Sie mal Urlaub im #Saarland. Entspannt total. Achtung, Werbung: Saar-Hunsrück-Steig, Baumwipfelpfad, Vauban-Stadt, Saar-Polygon,.... Schönen Sonntag!""}]"
991234720914951,"Es dauert noch ein paar Minuten, da der Zustrom an Leuten noch kein Ende nimmt.

Wir sind jedenfalls motiviert bis in die Haarspitzen. ??????

#AsylbetrügerRaus ##MerktEuchDieNamen #MontagIstPegidaTag #GlücksritterZurückverschiffen #SchengenAussetzen #GrenzenDicht #PEGIDA",False,True,True,"[{""role"": ""system"", ""content"": ""You are a legal expert for defamatory offenses according the the German Criminal Code (Â§Â§185-187 StGB). Help the user decide whether given posts fall within in the scope of these articles.""}, {""role"": ""user"", ""content"": ""Is the following post criminally relevant with respect to Â§Â§185-187 StGB (Defamatory Offense)? Answer only with 'True' (criminally relevant according to Â§Â§185-187 StGB) or 'False' (not criminally relevant according to Â§Â§185-187 StGB).""}, {""role"": ""user"", ""content"": ""Es dauert noch ein paar Minuten, da der Zustrom an Leuten noch kein Ende nimmt.\r\n\r\nWir sind jedenfalls motiviert bis in die Haarspitzen. ??????\r\n\r\n#AsylbetrügerRaus ##MerktEuchDieNamen #MontagIstPegidaTag #GlücksritterZurückverschiffen #SchengenAussetzen #GrenzenDicht #PEGIDA""}]"
1579,@kleopatrasan darf ich dich hure nennen,True,True,True,"[{""role"": ""system"", ""content"": ""You are a legal expert for defamatory offenses according the the German Criminal Code (Â§Â§185-187 StGB). Help the user decide whether given posts fall within in the scope of these articles.""}, {""role"": ""user"", ""content"": ""Is the following post criminally relevant with respect to Â§Â§185-187 StGB (Defamatory Offense)? Answer only with 'True' (criminally relevant according to Â§Â§185-187 StGB) or 'False' (not criminally relevant according to Â§Â§185-187 StGB).""}, {""role"": ""user"", ""content"": ""@kleopatrasan darf ich dich hure nennen""}]"
1247,Du hurensohn ich hoffe du wird überfahren :*,True,True,True,"[{""role"": ""system"", ""content"": ""You are a legal expert for defamatory offenses according the the German Criminal Code (Â§Â§185-187 StGB). Help the user decide whether given posts fall within in the scope of these articles.""}, {""role"": ""user"", ""content"": ""Is the following post criminally relevant with respect to Â§Â§185-187 StGB (Defamatory Offense)? Answer only with 'True' (criminally relevant according to Â§Â§185-187 StGB) or 'False' (not criminally relevant according to Â§Â§185-187 StGB).""}, {""role"": ""user"", ""content"": ""Du hurensohn ich hoffe du wird überfahren :*""}]"
1035407699830986,Was ist los mit dir...hast du nicht richtig zugehört und gesehn.. das ist los.,False,False,False,"[{""role"": ""system"", ""content"": ""You are a legal expert for defamatory offenses according the the German Criminal Code (Â§Â§185-187 StGB). Help the user decide whether given posts fall within in the scope of these articles.""}, {""role"": ""user"", ""content"": ""Is the following post criminally relevant with respect to Â§Â§185-187 StGB (Defamatory Offense)? Answer only with 'True' (criminally relevant according to Â§Â§185-187 StGB) or 'False' (not criminally relevant according to Â§Â§185-187 StGB).""}, {""role"": ""user"", ""content"": ""Was ist los mit dir...hast du nicht richtig zugehört und gesehn.. das ist los.""}]"
248,@OwslanderUfo @SM100d Ekelhafte Inszenierung....wir sind hoffnungslos verblödet.,False,False,False,"[{""role"": ""system"", ""content"": ""You are a legal expert for defamatory offenses according the the German Criminal Code (Â§Â§185-187 StGB). Help the user decide whether given posts fall within in the scope of these articles.""}, {""role"": ""user"", ""content"": ""Is the following post criminally relevant with respect to Â§Â§185-187 StGB (Defamatory Offense)? Answer only with 'True' (criminally relevant according to Â§Â§185-187 StGB) or 'False' (not criminally relevant according to Â§Â§185-187 StGB).""}, {""role"": ""user"", ""content"": ""@OwslanderUfo @SM100d Ekelhafte Inszenierung....wir sind hoffnungslos verblödet.""}]"
1641,@007_bulldog @FFF_Berlin Du Hurensohn ich werde deine Mutter hart in den arsch ficken danach wirst du deine Mami haten weil sie deinen Schwanz nicht geblasen hat.,True,True,True,"[{""role"": ""system"", ""content"": ""You are a legal expert for defamatory offenses according the the German Criminal Code (Â§Â§185-187 StGB). Help the user decide whether given posts fall within in the scope of these articles.""}, {""role"": ""user"", ""content"": ""Is the following post criminally relevant with respect to Â§Â§185-187 StGB (Defamatory Offense)? Answer only with 'True' (criminally relevant according to Â§Â§185-187 StGB) or 'False' (not criminally relevant according to Â§Â§185-187 StGB).""}, {""role"": ""user"", ""content"": ""@007_bulldog @FFF_Berlin Du Hurensohn ich werde deine Mutter hart in den arsch ficken danach wirst du deine Mami haten weil sie deinen Schwanz nicht geblasen hat.""}]"
1035112469860509,"Das ist nicht schade sondern bitter , denn es geht uns alle an !!! Und ich bin so wütend über den Westen ich komme aus Kiel und würde fast alles machen nur um endlich die ignoranten hier im Westen wach zu rütteln etc ????",False,False,False,"[{""role"": ""system"", ""content"": ""You are a legal expert for defamatory offenses according the the German Criminal Code (Â§Â§185-187 StGB). Help the user decide whether given posts fall within in the scope of these articles.""}, {""role"": ""user"", ""content"": ""Is the following post criminally relevant with respect to Â§Â§185-187 StGB (Defamatory Offense)? Answer only with 'True' (criminally relevant according to Â§Â§185-187 StGB) or 'False' (not criminally relevant according to Â§Â§185-187 StGB).""}, {""role"": ""user"", ""content"": ""Das ist nicht schade sondern bitter , denn es geht uns alle an !!! Und ich bin so wütend über den Westen ich komme aus Kiel und würde fast alles machen nur um endlich die ignoranten hier im Westen wach zu rütteln etc ????""}]"
982674918437598,"Die ""friedlichen Fachkräfte"" - Gewalttätiges Pack ist das. Ach nein, Pack sind ja wir alle.",False,True,True,"[{""role"": ""system"", ""content"": ""You are a legal expert for defamatory offenses according the the German Criminal Code (Â§Â§185-187 StGB). Help the user decide whether given posts fall within in the scope of these articles.""}, {""role"": ""user"", ""content"": ""Is the following post criminally relevant with respect to Â§Â§185-187 StGB (Defamatory Offense)? Answer only with 'True' (criminally relevant according to Â§Â§185-187 StGB) or 'False' (not criminally relevant according to Â§Â§185-187 StGB).""}, {""role"": ""user"", ""content"": ""Die \""friedlichen Fachkräfte\"" - Gewalttätiges Pack ist das. Ach nein, Pack sind ja wir alle.""}]"
1134110799960675,Dann bekommst du eine in die ?? ??oder den Mittelfinger oder gleich das ????Messer.Wir lassen Ihnen mal den Vortritt.????,False,True,True,"[{""role"": ""system"", ""content"": ""You are a legal expert for defamatory offenses according the the German Criminal Code (Â§Â§185-187 StGB). Help the user decide whether given posts fall within in the scope of these articles.""}, {""role"": ""user"", ""content"": ""Is the following post criminally relevant with respect to Â§Â§185-187 StGB (Defamatory Offense)? Answer only with 'True' (criminally relevant according to Â§Â§185-187 StGB) or 'False' (not criminally relevant according to Â§Â§185-187 StGB).""}, {""role"": ""user"", ""content"": ""Dann bekommst du eine in die ?? ??oder den Mittelfinger oder gleich das ????Messer.Wir lassen Ihnen mal den Vortritt.????""}]"
474,@Heinrich_Krug So dumm wie Gutmenschen halt sind!,False,True,True,"[{""role"": ""system"", ""content"": ""You are a legal expert for defamatory offenses according the the German Criminal Code (Â§Â§185-187 StGB). Help the user decide whether given posts fall within in the scope of these articles.""}, {""role"": ""user"", ""content"": ""Is the following post criminally relevant with respect to Â§Â§185-187 StGB (Defamatory Offense)? Answer only with 'True' (criminally relevant according to Â§Â§185-187 StGB) or 'False' (not criminally relevant according to Â§Â§185-187 StGB).""}, {""role"": ""user"", ""content"": ""@Heinrich_Krug So dumm wie Gutmenschen halt sind!""}]"
1066205463417876,"Ahhhh... jetzt weiss ich endlich, warum diese komischen Gestalten den ganzen Tag über, wie Jagdhunde auf Witterung, kreuz und quer durch die Stadt stromern. Die suchen tatsächlich verlorengegangene Geldbörsen und ""Gibson-Gitarren"". Hallejulia! Ich bin von meinen Vorurteilen geheilt! Gepriesen sei Alla!",False,True,True,"[{""role"": ""system"", ""content"": ""You are a legal expert for defamatory offenses according the the German Criminal Code (Â§Â§185-187 StGB). Help the user decide whether given posts fall within in the scope of these articles.""}, {""role"": ""user"", ""content"": ""Is the following post criminally relevant with respect to Â§Â§185-187 StGB (Defamatory Offense)? Answer only with 'True' (criminally relevant according to Â§Â§185-187 StGB) or 'False' (not criminally relevant according to Â§Â§185-187 StGB).""}, {""role"": ""user"", ""content"": ""Ahhhh... jetzt weiss ich endlich, warum diese komischen Gestalten den ganzen Tag über, wie Jagdhunde auf Witterung, kreuz und quer durch die Stadt stromern. Die suchen tatsächlich verlorengegangene Geldbörsen und \""Gibson-Gitarren\"". Hallejulia! Ich bin von meinen Vorurteilen geheilt! Gepriesen sei Alla!""}]"
1074,@Frank_Pasemann Das sind die Taugenichtse...die ewig Studierenden....da geht nichts brauchbares hervor.,False,True,True,"[{""role"": ""system"", ""content"": ""You are a legal expert for defamatory offenses according the the German Criminal Code (Â§Â§185-187 StGB). Help the user decide whether given posts fall within in the scope of these articles.""}, {""role"": ""user"", ""content"": ""Is the following post criminally relevant with respect to Â§Â§185-187 StGB (Defamatory Offense)? Answer only with 'True' (criminally relevant according to Â§Â§185-187 StGB) or 'False' (not criminally relevant according to Â§Â§185-187 StGB).""}, {""role"": ""user"", ""content"": ""@Frank_Pasemann Das sind die Taugenichtse...die ewig Studierenden....da geht nichts brauchbares hervor.""}]"
993506514021105,"Cool , die Demo insgeheim von den RECHTEN organisiert! Ich lach mich weg. Alle NAZIS :) http://www.spiegel.de/wirtschaft/soziales/ttip-bei-der-demo-marschieren-rechte-mit-kommentar-a-1057131.html",False,True,True,"[{""role"": ""system"", ""content"": ""You are a legal expert for defamatory offenses according the the German Criminal Code (Â§Â§185-187 StGB). Help the user decide whether given posts fall within in the scope of these articles.""}, {""role"": ""user"", ""content"": ""Is the following post criminally relevant with respect to Â§Â§185-187 StGB (Defamatory Offense)? Answer only with 'True' (criminally relevant according to Â§Â§185-187 StGB) or 'False' (not criminally relevant according to Â§Â§185-187 StGB).""}, {""role"": ""user"", ""content"": ""Cool , die Demo insgeheim von den RECHTEN organisiert! Ich lach mich weg. Alle NAZIS :) http://www.spiegel.de/wirtschaft/soziales/ttip-bei-der-demo-marschieren-rechte-mit-kommentar-a-1057131.html""}]"
1124542027584219,"Hört auf diesen Fake idioten Nico Anders zu füttern , sein Account ist nicht echt , das ist ein kleiner spast der noch aus der Flasche gefüttert wird, weil er vor Blödheit zu dumm für alles ist!",True,True,True,"[{""role"": ""system"", ""content"": ""You are a legal expert for defamatory offenses according the the German Criminal Code (Â§Â§185-187 StGB). Help the user decide whether given posts fall within in the scope of these articles.""}, {""role"": ""user"", ""content"": ""Is the following post criminally relevant with respect to Â§Â§185-187 StGB (Defamatory Offense)? Answer only with 'True' (criminally relevant according to Â§Â§185-187 StGB) or 'False' (not criminally relevant according to Â§Â§185-187 StGB).""}, {""role"": ""user"", ""content"": ""Hört auf diesen Fake idioten Nico Anders zu füttern , sein Account ist nicht echt , das ist ein kleiner spast der noch aus der Flasche gefüttert wird, weil er vor Blödheit zu dumm für alles ist!""}]"
1327,"Den der Terror kommt aus den Koran, es vergeht nicht eine Woche ohne einen Terroranschlag, woher kommt das wohl?",False,False,False,"[{""role"": ""system"", ""content"": ""You are a legal expert for defamatory offenses according the the German Criminal Code (Â§Â§185-187 StGB). Help the user decide whether given posts fall within in the scope of these articles.""}, {""role"": ""user"", ""content"": ""Is the following post criminally relevant with respect to Â§Â§185-187 StGB (Defamatory Offense)? Answer only with 'True' (criminally relevant according to Â§Â§185-187 StGB) or 'False' (not criminally relevant according to Â§Â§185-187 StGB).""}, {""role"": ""user"", ""content"": ""Den der Terror kommt aus den Koran, es vergeht nicht eine Woche ohne einen Terroranschlag, woher kommt das wohl?""}]"
885307318174359,"Der soziale Faktor (staatlichenZuwendungen) spielt in der Frage der Auswahl des Zufluchtlandes die entscheidene Rolle . Wenn die einzige Intension der Flüchtlinge ein sicher Hort vor Krieg und Verfolgung wäre , warum die Strapazen der weiten Reise in klimatisch unattraktive Gebiete (Deutschland, Norwegen, Schweden) . Deutschland ist umgeben von sicheren Drittstaaten. Und zweitens, ja wir brauchen Zuwanderung aber auch nur deshalb, weil eine jahrelange familienfeindliche Politik betrieben wurde. Grund ist, die schwere Vereinbarkeit von Beruf und Familie. Deutschland als Wirtschaftskopf Europas sollte doch so potent sein ,um eine ganzheitliche , kostenlose Kindbetreuung gewährleisten zu können (gerade für die berufstätigen, wertschöpfenden Menschen). Wir pumpen unmengen Geld in die Töpfe Europas , nur nicht in die Vorsorge und Fürsorge unserer Kinder. Kein Geld für Schulen, Polizei, Kindergärten, Straßen , Kommunen,Rentner usw. aber Milliarden Euro für Scheinasylanten.",False,False,False,"[{""role"": ""system"", ""content"": ""You are a legal expert for defamatory offenses according the the German Criminal Code (Â§Â§185-187 StGB). Help the user decide whether given posts fall within in the scope of these articles.""}, {""role"": ""user"", ""content"": ""Is the following post criminally relevant with respect to Â§Â§185-187 StGB (Defamatory Offense)? Answer only with 'True' (criminally relevant according to Â§Â§185-187 StGB) or 'False' (not criminally relevant according to Â§Â§185-187 StGB).""}, {""role"": ""user"", ""content"": ""Der soziale Faktor (staatlichenZuwendungen) spielt in der Frage der Auswahl des Zufluchtlandes die entscheidene Rolle . Wenn die einzige Intension der Flüchtlinge ein sicher Hort vor Krieg und Verfolgung wäre , warum die Strapazen der weiten Reise in klimatisch unattraktive Gebiete (Deutschland, Norwegen, Schweden) . Deutschland ist umgeben von sicheren Drittstaaten. Und zweitens, ja wir brauchen Zuwanderung aber auch nur deshalb, weil eine jahrelange familienfeindliche Politik betrieben wurde. Grund ist, die schwere Vereinbarkeit von Beruf und Familie. Deutschland als Wirtschaftskopf Europas sollte doch so potent sein ,um eine ganzheitliche , kostenlose Kindbetreuung gewährleisten zu können (gerade für die berufstätigen, wertschöpfenden Menschen). Wir pumpen unmengen Geld in die Töpfe Europas , nur nicht in die Vorsorge und Fürsorge unserer Kinder. Kein Geld für Schulen, Polizei, Kindergärten, Straßen , Kommunen,Rentner usw. aber Milliarden Euro für Scheinasylanten.""}]"
888076134564144,"Das sind doch Neo-Nazis, Antisemiten, Rassisten, etc. pp. Erzähl mir doch nichts, Esther!",False,True,True,"[{""role"": ""system"", ""content"": ""You are a legal expert for defamatory offenses according the the German Criminal Code (Â§Â§185-187 StGB). Help the user decide whether given posts fall within in the scope of these articles.""}, {""role"": ""user"", ""content"": ""Is the following post criminally relevant with respect to Â§Â§185-187 StGB (Defamatory Offense)? Answer only with 'True' (criminally relevant according to Â§Â§185-187 StGB) or 'False' (not criminally relevant according to Â§Â§185-187 StGB).""}, {""role"": ""user"", ""content"": ""Das sind doch Neo-Nazis, Antisemiten, Rassisten, etc. pp. Erzähl mir doch nichts, Esther!""}]"
1052470661458023,"Wenn die so weiter machen , sollten Deutsche Frauen und Kinder zuhause bleiben. Diese Bande(Regierung) , schießt  auch, blos nicht auf Ausländer.",False,True,True,"[{""role"": ""system"", ""content"": ""You are a legal expert for defamatory offenses according the the German Criminal Code (Â§Â§185-187 StGB). Help the user decide whether given posts fall within in the scope of these articles.""}, {""role"": ""user"", ""content"": ""Is the following post criminally relevant with respect to Â§Â§185-187 StGB (Defamatory Offense)? Answer only with 'True' (criminally relevant according to Â§Â§185-187 StGB) or 'False' (not criminally relevant according to Â§Â§185-187 StGB).""}, {""role"": ""user"", ""content"": ""Wenn die so weiter machen , sollten Deutsche Frauen und Kinder zuhause bleiben. Diese Bande(Regierung) , schießt  auch, blos nicht auf Ausländer.""}]"
1012249965480093,"Weiß doch mittlerweile jeder klar denkende Mensch wie die Linken ticken... die haben nen IQ von ner Kastanie, ähm ja sorry an alle Kastanien, das habt ihr nicht verdient mit denen verglichen zu werden...",True,True,True,"[{""role"": ""system"", ""content"": ""You are a legal expert for defamatory offenses according the the German Criminal Code (Â§Â§185-187 StGB). Help the user decide whether given posts fall within in the scope of these articles.""}, {""role"": ""user"", ""content"": ""Is the following post criminally relevant with respect to Â§Â§185-187 StGB (Defamatory Offense)? Answer only with 'True' (criminally relevant according to Â§Â§185-187 StGB) or 'False' (not criminally relevant according to Â§Â§185-187 StGB).""}, {""role"": ""user"", ""content"": ""Weiß doch mittlerweile jeder klar denkende Mensch wie die Linken ticken... die haben nen IQ von ner Kastanie, ähm ja sorry an alle Kastanien, das habt ihr nicht verdient mit denen verglichen zu werden...""}]"
1010813705623719,"die schwuchteln, können nichts außer dummes zeug palavern",False,True,True,"[{""role"": ""system"", ""content"": ""You are a legal expert for defamatory offenses according the the German Criminal Code (Â§Â§185-187 StGB). Help the user decide whether given posts fall within in the scope of these articles.""}, {""role"": ""user"", ""content"": ""Is the following post criminally relevant with respect to Â§Â§185-187 StGB (Defamatory Offense)? Answer only with 'True' (criminally relevant according to Â§Â§185-187 StGB) or 'False' (not criminally relevant according to Â§Â§185-187 StGB).""}, {""role"": ""user"", ""content"": ""die schwuchteln, können nichts außer dummes zeug palavern""}]"
894861600552264,"Es tut echt im Herzen weh wie viel unfundierte halbwahrheiten hier verbreitet werden.. :(
Ihr sagt Lügenpresse aber seit nur das Ergebnis der medialen Hetze der letzten Jahre.
Habt ihr eure Schwarmintelligenz verloren?",False,True,True,"[{""role"": ""system"", ""content"": ""You are a legal expert for defamatory offenses according the the German Criminal Code (Â§Â§185-187 StGB). Help the user decide whether given posts fall within in the scope of these articles.""}, {""role"": ""user"", ""content"": ""Is the following post criminally relevant with respect to Â§Â§185-187 StGB (Defamatory Offense)? Answer only with 'True' (criminally relevant according to Â§Â§185-187 StGB) or 'False' (not criminally relevant according to Â§Â§185-187 StGB).""}, {""role"": ""user"", ""content"": ""Es tut echt im Herzen weh wie viel unfundierte halbwahrheiten hier verbreitet werden.. :(\r\nIhr sagt Lügenpresse aber seit nur das Ergebnis der medialen Hetze der letzten Jahre.\r\nHabt ihr eure Schwarmintelligenz verloren?""}]"
987848977920192,"Zynisch schreiben die Buntmenschen, dass die Unterbringung dieser Massen in ihrem Zeckenclub nicht menschenwürdig sei. Aber das Herbeiklatschen der Asylinvasoren bleibt weiterhin ok - obwohl seit Monaten bekannt ist, dass Deutschlands Wohnungsmarkt ausgelastet ist und die ""Neubürger"" in Zelten leben müssen? Dabei praktizieren diese Linksfaschisten genau das, was auch die Politeliten vorleben: Es sollen immer nur die dummen, anderen Bürger dieses Schmarotzerpack aufnehmen, sie selbst hingegen denken nicht einmal daran, eine Banane mit den Bimbos zu teilen.",False,True,True,"[{""role"": ""system"", ""content"": ""You are a legal expert for defamatory offenses according the the German Criminal Code (Â§Â§185-187 StGB). Help the user decide whether given posts fall within in the scope of these articles.""}, {""role"": ""user"", ""content"": ""Is the following post criminally relevant with respect to Â§Â§185-187 StGB (Defamatory Offense)? Answer only with 'True' (criminally relevant according to Â§Â§185-187 StGB) or 'False' (not criminally relevant according to Â§Â§185-187 StGB).""}, {""role"": ""user"", ""content"": ""Zynisch schreiben die Buntmenschen, dass die Unterbringung dieser Massen in ihrem Zeckenclub nicht menschenwürdig sei. Aber das Herbeiklatschen der Asylinvasoren bleibt weiterhin ok - obwohl seit Monaten bekannt ist, dass Deutschlands Wohnungsmarkt ausgelastet ist und die \""Neubürger\"" in Zelten leben müssen? Dabei praktizieren diese Linksfaschisten genau das, was auch die Politeliten vorleben: Es sollen immer nur die dummen, anderen Bürger dieses Schmarotzerpack aufnehmen, sie selbst hingegen denken nicht einmal daran, eine Banane mit den Bimbos zu teilen.""}]"
976,"Dobrindt, Du Heuchler. Es gibt keine illegale Software. Es gibt nur illegale |LBR| Vorschriften und hinterfotzige Politiker. Ab mit Euch.",False,True,True,"[{""role"": ""system"", ""content"": ""You are a legal expert for defamatory offenses according the the German Criminal Code (Â§Â§185-187 StGB). Help the user decide whether given posts fall within in the scope of these articles.""}, {""role"": ""user"", ""content"": ""Is the following post criminally relevant with respect to Â§Â§185-187 StGB (Defamatory Offense)? Answer only with 'True' (criminally relevant according to Â§Â§185-187 StGB) or 'False' (not criminally relevant according to Â§Â§185-187 StGB).""}, {""role"": ""user"", ""content"": ""Dobrindt, Du Heuchler. Es gibt keine illegale Software. Es gibt nur illegale |LBR| Vorschriften und hinterfotzige Politiker. Ab mit Euch.""}]"
435,"Ich empfinde es geradezu als beleidigend, wenn son ein dreckiges Stück SED-STASI-Erbe, wie A.Ferkel den Zusammenhalt der Gesellschaft predigt!!Merkel muß weg ! Neuwahlen müßen ran !UND SO EINE ELENDSFIGUR wie Schulz darf hier nichts zu bestellen haben !",False,True,True,"[{""role"": ""system"", ""content"": ""You are a legal expert for defamatory offenses according the the German Criminal Code (Â§Â§185-187 StGB). Help the user decide whether given posts fall within in the scope of these articles.""}, {""role"": ""user"", ""content"": ""Is the following post criminally relevant with respect to Â§Â§185-187 StGB (Defamatory Offense)? Answer only with 'True' (criminally relevant according to Â§Â§185-187 StGB) or 'False' (not criminally relevant according to Â§Â§185-187 StGB).""}, {""role"": ""user"", ""content"": ""Ich empfinde es geradezu als beleidigend, wenn son ein dreckiges Stück SED-STASI-Erbe, wie A.Ferkel den Zusammenhalt der Gesellschaft predigt!!Merkel muß weg ! Neuwahlen müßen ran !UND SO EINE ELENDSFIGUR wie Schulz darf hier nichts zu bestellen haben !""}]"
1060,@66Freedom66 Dreckiger Neger...dreckiges Pack...die Deutschen lieben sie halt..!!,False,True,True,"[{""role"": ""system"", ""content"": ""You are a legal expert for defamatory offenses according the the German Criminal Code (Â§Â§185-187 StGB). Help the user decide whether given posts fall within in the scope of these articles.""}, {""role"": ""user"", ""content"": ""Is the following post criminally relevant with respect to Â§Â§185-187 StGB (Defamatory Offense)? Answer only with 'True' (criminally relevant according to Â§Â§185-187 StGB) or 'False' (not criminally relevant according to Â§Â§185-187 StGB).""}, {""role"": ""user"", ""content"": ""@66Freedom66 Dreckiger Neger...dreckiges Pack...die Deutschen lieben sie halt..!!""}]"
882732901765134,"erst kommt die nazikeule und dann stellt es sich wieder heraus, dass sie sich gegenseitig umbringen, diese netten bereicherer und fachkräfte",False,True,True,"[{""role"": ""system"", ""content"": ""You are a legal expert for defamatory offenses according the the German Criminal Code (Â§Â§185-187 StGB). Help the user decide whether given posts fall within in the scope of these articles.""}, {""role"": ""user"", ""content"": ""Is the following post criminally relevant with respect to Â§Â§185-187 StGB (Defamatory Offense)? Answer only with 'True' (criminally relevant according to Â§Â§185-187 StGB) or 'False' (not criminally relevant according to Â§Â§185-187 StGB).""}, {""role"": ""user"", ""content"": ""erst kommt die nazikeule und dann stellt es sich wieder heraus, dass sie sich gegenseitig umbringen, diese netten bereicherer und fachkräfte""}]"
925535510818206,"Ich hab Dich nie Nazi genannt, Freundchen. Du mich aber indirekt Idiot. und Gutmensch, das is aber ok, alldieweil ich ja kein Minusmensch sein will =P Und wieso Euer System ? Ich hab keins, nur ne Meinung, genau wie Du. Dein Problem scheint zu sein, das Du 1. von Frankfurt 0 Ahnung hast, ich schon, ich bin hier geboren, und Du 2 evt. so´n leicht paranoides Problem mit andersdenkenden Menschen und vor allem anderen Religionen hast. Bist Du den ganzen Tag so drauf? Fühst Du Dich verfolgt oder was? Ich wünsch Dir mal ne Autopanne, mitten im Winter, 10 Grad Minus, auf ner einsamen landstrasse ohne Handy, und die, die Dir helfen, sollen Muslime sein. Vielleicht ändert das dein Weltbild.",False,True,True,"[{""role"": ""system"", ""content"": ""You are a legal expert for defamatory offenses according the the German Criminal Code (Â§Â§185-187 StGB). Help the user decide whether given posts fall within in the scope of these articles.""}, {""role"": ""user"", ""content"": ""Is the following post criminally relevant with respect to Â§Â§185-187 StGB (Defamatory Offense)? Answer only with 'True' (criminally relevant according to Â§Â§185-187 StGB) or 'False' (not criminally relevant according to Â§Â§185-187 StGB).""}, {""role"": ""user"", ""content"": ""Ich hab Dich nie Nazi genannt, Freundchen. Du mich aber indirekt Idiot. und Gutmensch, das is aber ok, alldieweil ich ja kein Minusmensch sein will =P Und wieso Euer System ? Ich hab keins, nur ne Meinung, genau wie Du. Dein Problem scheint zu sein, das Du 1. von Frankfurt 0 Ahnung hast, ich schon, ich bin hier geboren, und Du 2 evt. so´n leicht paranoides Problem mit andersdenkenden Menschen und vor allem anderen Religionen hast. Bist Du den ganzen Tag so drauf? Fühst Du Dich verfolgt oder was? Ich wünsch Dir mal ne Autopanne, mitten im Winter, 10 Grad Minus, auf ner einsamen landstrasse ohne Handy, und die, die Dir helfen, sollen Muslime sein. Vielleicht ändert das dein Weltbild.""}]"
232,"@RegSprecher Eine ""gute Bekanntgabe"" wäre, wenn Merkel endlich zurücktreten würde! Ganz Deutschland würde aufatmen!",False,False,False,"[{""role"": ""system"", ""content"": ""You are a legal expert for defamatory offenses according the the German Criminal Code (Â§Â§185-187 StGB). Help the user decide whether given posts fall within in the scope of these articles.""}, {""role"": ""user"", ""content"": ""Is the following post criminally relevant with respect to Â§Â§185-187 StGB (Defamatory Offense)? Answer only with 'True' (criminally relevant according to Â§Â§185-187 StGB) or 'False' (not criminally relevant according to Â§Â§185-187 StGB).""}, {""role"": ""user"", ""content"": ""@RegSprecher Eine \""gute Bekanntgabe\"" wäre, wenn Merkel endlich zurücktreten würde! Ganz Deutschland würde aufatmen!""}]"
1057928184245604,"na ja, dann wird das Merkelmänchen Flugzeuge schicken um die Asylforderer reinzuholen. Irgendwas wird den Schmarotzer schon einfallen.",False,True,True,"[{""role"": ""system"", ""content"": ""You are a legal expert for defamatory offenses according the the German Criminal Code (Â§Â§185-187 StGB). Help the user decide whether given posts fall within in the scope of these articles.""}, {""role"": ""user"", ""content"": ""Is the following post criminally relevant with respect to Â§Â§185-187 StGB (Defamatory Offense)? Answer only with 'True' (criminally relevant according to Â§Â§185-187 StGB) or 'False' (not criminally relevant according to Â§Â§185-187 StGB).""}, {""role"": ""user"", ""content"": ""na ja, dann wird das Merkelmänchen Flugzeuge schicken um die Asylforderer reinzuholen. Irgendwas wird den Schmarotzer schon einfallen.""}]"
858373474201077,"Eure ""Spaziergänge"" behindern sehr viele Pendler und sind einfach nur noch nervig, wenn eure asozialen Anhänger die Innenstädte blockieren! Trefft Euch doch zum ""Wissensaustausch"" in privaten Einrichtungen und nervt nicht die Bevölkerung.., fährt man in den Urlaub, so muss man sich schon fast schämen Deutsche zu sein, aufgrund eurer ausländerfeindlichen Aktionen!",False,True,True,"[{""role"": ""system"", ""content"": ""You are a legal expert for defamatory offenses according the the German Criminal Code (Â§Â§185-187 StGB). Help the user decide whether given posts fall within in the scope of these articles.""}, {""role"": ""user"", ""content"": ""Is the following post criminally relevant with respect to Â§Â§185-187 StGB (Defamatory Offense)? Answer only with 'True' (criminally relevant according to Â§Â§185-187 StGB) or 'False' (not criminally relevant according to Â§Â§185-187 StGB).""}, {""role"": ""user"", ""content"": ""Eure \""Spaziergänge\"" behindern sehr viele Pendler und sind einfach nur noch nervig, wenn eure asozialen Anhänger die Innenstädte blockieren! Trefft Euch doch zum \""Wissensaustausch\"" in privaten Einrichtungen und nervt nicht die Bevölkerung.., fährt man in den Urlaub, so muss man sich schon fast schämen Deutsche zu sein, aufgrund eurer ausländerfeindlichen Aktionen!""}]"
1168,heil hitler du nuttensohn,True,True,True,"[{""role"": ""system"", ""content"": ""You are a legal expert for defamatory offenses according the the German Criminal Code (Â§Â§185-187 StGB). Help the user decide whether given posts fall within in the scope of these articles.""}, {""role"": ""user"", ""content"": ""Is the following post criminally relevant with respect to Â§Â§185-187 StGB (Defamatory Offense)? Answer only with 'True' (criminally relevant according to Â§Â§185-187 StGB) or 'False' (not criminally relevant according to Â§Â§185-187 StGB).""}, {""role"": ""user"", ""content"": ""heil hitler du nuttensohn""}]"
856766667695091,"Gut so,ihr habt euch lang genug verarschen lassen von Salafisten und co,in Dresen traut sich keine Scharia Polizei raus^^",False,False,False,"[{""role"": ""system"", ""content"": ""You are a legal expert for defamatory offenses according the the German Criminal Code (Â§Â§185-187 StGB). Help the user decide whether given posts fall within in the scope of these articles.""}, {""role"": ""user"", ""content"": ""Is the following post criminally relevant with respect to Â§Â§185-187 StGB (Defamatory Offense)? Answer only with 'True' (criminally relevant according to Â§Â§185-187 StGB) or 'False' (not criminally relevant according to Â§Â§185-187 StGB).""}, {""role"": ""user"", ""content"": ""Gut so,ihr habt euch lang genug verarschen lassen von Salafisten und co,in Dresen traut sich keine Scharia Polizei raus^^""}]"
644,"@YigidoYosi58 @Mesut__A @ntvde @ntv In der Türkei, das Maul nicht riskieren und hier frech werden! Typisch Türke!",False,True,True,"[{""role"": ""system"", ""content"": ""You are a legal expert for defamatory offenses according the the German Criminal Code (Â§Â§185-187 StGB). Help the user decide whether given posts fall within in the scope of these articles.""}, {""role"": ""user"", ""content"": ""Is the following post criminally relevant with respect to Â§Â§185-187 StGB (Defamatory Offense)? Answer only with 'True' (criminally relevant according to Â§Â§185-187 StGB) or 'False' (not criminally relevant according to Â§Â§185-187 StGB).""}, {""role"": ""user"", ""content"": ""@YigidoYosi58 @Mesut__A @ntvde @ntv In der Türkei, das Maul nicht riskieren und hier frech werden! Typisch Türke!""}]"
1010180849020338,"Die Leute dort sollten mal Geburtenkontrolle praktizieren, nicht nur beten und Kinder produzieren, die sie nicht satt bekommen! Die Muselmurksel sieht wohl ihre Lebenserfüllung darin, denn sie hat weder Kinder noch Enkel!",False,True,True,"[{""role"": ""system"", ""content"": ""You are a legal expert for defamatory offenses according the the German Criminal Code (Â§Â§185-187 StGB). Help the user decide whether given posts fall within in the scope of these articles.""}, {""role"": ""user"", ""content"": ""Is the following post criminally relevant with respect to Â§Â§185-187 StGB (Defamatory Offense)? Answer only with 'True' (criminally relevant according to Â§Â§185-187 StGB) or 'False' (not criminally relevant according to Â§Â§185-187 StGB).""}, {""role"": ""user"", ""content"": ""Die Leute dort sollten mal Geburtenkontrolle praktizieren, nicht nur beten und Kinder produzieren, die sie nicht satt bekommen! Die Muselmurksel sieht wohl ihre Lebenserfüllung darin, denn sie hat weder Kinder noch Enkel!""}]"
894681893903568,"Zitat J.T.: ""Noch nie wurde in Deutschland ein Deutscher von ""muslimischen"" Terroristen ermordet. Nie! Wer trotz der über 180 von Rechtsextremen ermordeten Deutschen verbreitet, es gebe in Deutschland zwar 270 islamistische, aber nur 12 rechtsradikale Gefährder, betreibt systematische islamophobe Volksverdummung. Und gezielte Verharmlosung des Rechtsradikalismus. Das ist gefährlich!"" Da rechnen Sie die vielen toten deutschen Menschen welche von Zuwanderern ums Leben kamen nicht. Warum auch. Es waren ja keine Terrorristen und wo beginnt der Terrorist für Sie? All die vergewaltigten Frauen in ganz Europa von Männern überwiegend islamischen Glaubens, weil Frauen ohne Kopftuch ja selber schuld haben. Ja, das ist natürlich kein Terrorismus. Einzelfälle..ganz klar und deutlich - oder? Ich habe so einen Unsinn nun gerade nicht von Ihnen erwartet. Kann natürlich möglich sein, dass Sie etwas durcheinander bringen in der Hektik die zur Zeit herrscht. Pegida ist Rechts....es sind bald oder schon, Menschen Rechts, wenn sie eine deutsche Eiche im Garten haben und wenn es zwei deutsche Eichen sind, dann sind sie gefährlich. *Buh*       Anm. - ich habe keinen Garten",False,False,False,"[{""role"": ""system"", ""content"": ""You are a legal expert for defamatory offenses according the the German Criminal Code (Â§Â§185-187 StGB). Help the user decide whether given posts fall within in the scope of these articles.""}, {""role"": ""user"", ""content"": ""Is the following post criminally relevant with respect to Â§Â§185-187 StGB (Defamatory Offense)? Answer only with 'True' (criminally relevant according to Â§Â§185-187 StGB) or 'False' (not criminally relevant according to Â§Â§185-187 StGB).""}, {""role"": ""user"", ""content"": ""Zitat J.T.: \""Noch nie wurde in Deutschland ein Deutscher von \""muslimischen\"" Terroristen ermordet. Nie! Wer trotz der über 180 von Rechtsextremen ermordeten Deutschen verbreitet, es gebe in Deutschland zwar 270 islamistische, aber nur 12 rechtsradikale Gefährder, betreibt systematische islamophobe Volksverdummung. Und gezielte Verharmlosung des Rechtsradikalismus. Das ist gefährlich!\"" Da rechnen Sie die vielen toten deutschen Menschen welche von Zuwanderern ums Leben kamen nicht. Warum auch. Es waren ja keine Terrorristen und wo beginnt der Terrorist für Sie? All die vergewaltigten Frauen in ganz Europa von Männern überwiegend islamischen Glaubens, weil Frauen ohne Kopftuch ja selber schuld haben. Ja, das ist natürlich kein Terrorismus. Einzelfälle..ganz klar und deutlich - oder? Ich habe so einen Unsinn nun gerade nicht von Ihnen erwartet. Kann natürlich möglich sein, dass Sie etwas durcheinander bringen in der Hektik die zur Zeit herrscht. Pegida ist Rechts....es sind bald oder schon, Menschen Rechts, wenn sie eine deutsche Eiche im Garten haben und wenn es zwei deutsche Eichen sind, dann sind sie gefährlich. *Buh*       Anm. - ich habe keinen Garten""}]"
1065154363522986,",,,,ist doch normal das immer was gefunden wird .Mit der Zahl der Neuankömmlinge steigt auch die Wahrscheinlichkeit eines ehrlichen Finders. Es müssen also seeeeehr viele Neuankömmlinge sein ?",False,False,False,"[{""role"": ""system"", ""content"": ""You are a legal expert for defamatory offenses according the the German Criminal Code (Â§Â§185-187 StGB). Help the user decide whether given posts fall within in the scope of these articles.""}, {""role"": ""user"", ""content"": ""Is the following post criminally relevant with respect to Â§Â§185-187 StGB (Defamatory Offense)? Answer only with 'True' (criminally relevant according to Â§Â§185-187 StGB) or 'False' (not criminally relevant according to Â§Â§185-187 StGB).""}, {""role"": ""user"", ""content"": "",,,,ist doch normal das immer was gefunden wird .Mit der Zahl der Neuankömmlinge steigt auch die Wahrscheinlichkeit eines ehrlichen Finders. Es müssen also seeeeehr viele Neuankömmlinge sein ?""}]"
882701648434926,"Wäre er zuhause geblieben, würde er garantiert noch leben, also leider  selbst schuld. Toni und Korbinian, Ihr könnt doch gerne Flüchtlinge bei Euch aufnehmen, auf eigene Rechnung verköstigen und beschützen. Da hat keiner was dagegen.",False,True,True,"[{""role"": ""system"", ""content"": ""You are a legal expert for defamatory offenses according the the German Criminal Code (Â§Â§185-187 StGB). Help the user decide whether given posts fall within in the scope of these articles.""}, {""role"": ""user"", ""content"": ""Is the following post criminally relevant with respect to Â§Â§185-187 StGB (Defamatory Offense)? Answer only with 'True' (criminally relevant according to Â§Â§185-187 StGB) or 'False' (not criminally relevant according to Â§Â§185-187 StGB).""}, {""role"": ""user"", ""content"": ""Wäre er zuhause geblieben, würde er garantiert noch leben, also leider  selbst schuld. Toni und Korbinian, Ihr könnt doch gerne Flüchtlinge bei Euch aufnehmen, auf eigene Rechnung verköstigen und beschützen. Da hat keiner was dagegen.""}]"
855480707823687,"En Gin, wenn deine Kommentare hier gelöscht werden sollten , dann weil man soviel Dummheit nur schwer ertragen kann . Eine starke Gesellschaft könnte dies ertragen , aber eine manipulierte, zerrissene Gesellschaft kann damit nur schwer umgehen . Ich weiß En Gin das verstehst du nicht und ja du hast Langeweile und wenig Freunde und Freude in deinem Leben und deswegen musst du uns hier nen Ohr abkauen . Kein einziger Kommentar von dir ergibt Sinn, nur Mist den du vom Stapel lässt . Also geh am besten dahin wo du hergekommen bist ,  oder ist Deutschland doch nicht so scheisse ? Oder finanziert der deutsche Steuerzahler dein Leben , und du kannst womöglich nirgends anders hin ?",True,True,True,"[{""role"": ""system"", ""content"": ""You are a legal expert for defamatory offenses according the the German Criminal Code (Â§Â§185-187 StGB). Help the user decide whether given posts fall within in the scope of these articles.""}, {""role"": ""user"", ""content"": ""Is the following post criminally relevant with respect to Â§Â§185-187 StGB (Defamatory Offense)? Answer only with 'True' (criminally relevant according to Â§Â§185-187 StGB) or 'False' (not criminally relevant according to Â§Â§185-187 StGB).""}, {""role"": ""user"", ""content"": ""En Gin, wenn deine Kommentare hier gelöscht werden sollten , dann weil man soviel Dummheit nur schwer ertragen kann . Eine starke Gesellschaft könnte dies ertragen , aber eine manipulierte, zerrissene Gesellschaft kann damit nur schwer umgehen . Ich weiß En Gin das verstehst du nicht und ja du hast Langeweile und wenig Freunde und Freude in deinem Leben und deswegen musst du uns hier nen Ohr abkauen . Kein einziger Kommentar von dir ergibt Sinn, nur Mist den du vom Stapel lässt . Also geh am besten dahin wo du hergekommen bist ,  oder ist Deutschland doch nicht so scheisse ? Oder finanziert der deutsche Steuerzahler dein Leben , und du kannst womöglich nirgends anders hin ?""}]"
857215747650183,"Der Islam sollte Aufklärung erfahren, es sterben weltweit viel zu viele Menschen im Namen Allahs.",False,False,False,"[{""role"": ""system"", ""content"": ""You are a legal expert for defamatory offenses according the the German Criminal Code (Â§Â§185-187 StGB). Help the user decide whether given posts fall within in the scope of these articles.""}, {""role"": ""user"", ""content"": ""Is the following post criminally relevant with respect to Â§Â§185-187 StGB (Defamatory Offense)? Answer only with 'True' (criminally relevant according to Â§Â§185-187 StGB) or 'False' (not criminally relevant according to Â§Â§185-187 StGB).""}, {""role"": ""user"", ""content"": ""Der Islam sollte Aufklärung erfahren, es sterben weltweit viel zu viele Menschen im Namen Allahs.""}]"
710,"@DrDavidBerger Was für eine Schande ,dass ist nicht mehr mein Land wo Chaoten regieren!🤦‍♂️",False,False,False,"[{""role"": ""system"", ""content"": ""You are a legal expert for defamatory offenses according the the German Criminal Code (Â§Â§185-187 StGB). Help the user decide whether given posts fall within in the scope of these articles.""}, {""role"": ""user"", ""content"": ""Is the following post criminally relevant with respect to Â§Â§185-187 StGB (Defamatory Offense)? Answer only with 'True' (criminally relevant according to Â§Â§185-187 StGB) or 'False' (not criminally relevant according to Â§Â§185-187 StGB).""}, {""role"": ""user"", ""content"": ""@DrDavidBerger Was für eine Schande ,dass ist nicht mehr mein Land wo Chaoten regieren!🤦‍♂️""}]"
1111453328893089,"Der hat doch keinen mehr, hat ihm doch eine Frau abgelutscht.",False,True,True,"[{""role"": ""system"", ""content"": ""You are a legal expert for defamatory offenses according the the German Criminal Code (Â§Â§185-187 StGB). Help the user decide whether given posts fall within in the scope of these articles.""}, {""role"": ""user"", ""content"": ""Is the following post criminally relevant with respect to Â§Â§185-187 StGB (Defamatory Offense)? Answer only with 'True' (criminally relevant according to Â§Â§185-187 StGB) or 'False' (not criminally relevant according to Â§Â§185-187 StGB).""}, {""role"": ""user"", ""content"": ""Der hat doch keinen mehr, hat ihm doch eine Frau abgelutscht.""}]"
983134431724980,"Die ""Flüchtlingsmutti"" Angela ist eine Katastrophe für Europa. Und diese Gestalten - die ihre Kinder als Schutzschilde benutzen - aus Nah und Fern, die illegal nach Europa und in unsere Sozialsysteme einwandern wollen, gehören alle sofort wieder in die Lager zurück gebracht, aus denen sie gekommen sind. Sie sind hier nicht willkommen, jedenfalss nicht bei mir...Und diese ""Bundeskanzlerin"" - den Namen und Titel verdient sie nicht - verkündet öffentlich das es wieder Grenzkontrollen gibt. Das stimmt so nicht. Sie hat der Bundespolizei eine vertrauliche Anweisung gegeben jeden Ausländer einreisen zu lassen. Frau Merkel ruiniert unser Land und Europa. Ich kenne keine Politikerin und keinen Politiker nach dem 2. Weltkrieg, der Deutschland so geschadet hat wie diese Frau.Und Frau Merkel, das ist auch nicht Ihr Land, das ist unser Land...",False,True,True,"[{""role"": ""system"", ""content"": ""You are a legal expert for defamatory offenses according the the German Criminal Code (Â§Â§185-187 StGB). Help the user decide whether given posts fall within in the scope of these articles.""}, {""role"": ""user"", ""content"": ""Is the following post criminally relevant with respect to Â§Â§185-187 StGB (Defamatory Offense)? Answer only with 'True' (criminally relevant according to Â§Â§185-187 StGB) or 'False' (not criminally relevant according to Â§Â§185-187 StGB).""}, {""role"": ""user"", ""content"": ""Die \""Flüchtlingsmutti\"" Angela ist eine Katastrophe für Europa. Und diese Gestalten - die ihre Kinder als Schutzschilde benutzen - aus Nah und Fern, die illegal nach Europa und in unsere Sozialsysteme einwandern wollen, gehören alle sofort wieder in die Lager zurück gebracht, aus denen sie gekommen sind. Sie sind hier nicht willkommen, jedenfalss nicht bei mir...Und diese \""Bundeskanzlerin\"" - den Namen und Titel verdient sie nicht - verkündet öffentlich das es wieder Grenzkontrollen gibt. Das stimmt so nicht. Sie hat der Bundespolizei eine vertrauliche Anweisung gegeben jeden Ausländer einreisen zu lassen. Frau Merkel ruiniert unser Land und Europa. Ich kenne keine Politikerin und keinen Politiker nach dem 2. Weltkrieg, der Deutschland so geschadet hat wie diese Frau.Und Frau Merkel, das ist auch nicht Ihr Land, das ist unser Land...""}]"
1011316145573475,"Wer ist denn diese Forscherin? Wetten, sie hat keinen deutschen Namen und wenn doch, ist bei den Linken und hat Gewichtsprobleme? Und yo, Leute, ihr habt es gehört, wir Pegidianer rennen permanent mit der Machete rum!",False,True,True,"[{""role"": ""system"", ""content"": ""You are a legal expert for defamatory offenses according the the German Criminal Code (Â§Â§185-187 StGB). Help the user decide whether given posts fall within in the scope of these articles.""}, {""role"": ""user"", ""content"": ""Is the following post criminally relevant with respect to Â§Â§185-187 StGB (Defamatory Offense)? Answer only with 'True' (criminally relevant according to Â§Â§185-187 StGB) or 'False' (not criminally relevant according to Â§Â§185-187 StGB).""}, {""role"": ""user"", ""content"": ""Wer ist denn diese Forscherin? Wetten, sie hat keinen deutschen Namen und wenn doch, ist bei den Linken und hat Gewichtsprobleme? Und yo, Leute, ihr habt es gehört, wir Pegidianer rennen permanent mit der Machete rum!""}]"
410,"@realHelmchen @Martin_Sellner Und das von einem Ungewaschenen ! Au Backe, Lord Helmchen !",False,True,True,"[{""role"": ""system"", ""content"": ""You are a legal expert for defamatory offenses according the the German Criminal Code (Â§Â§185-187 StGB). Help the user decide whether given posts fall within in the scope of these articles.""}, {""role"": ""user"", ""content"": ""Is the following post criminally relevant with respect to Â§Â§185-187 StGB (Defamatory Offense)? Answer only with 'True' (criminally relevant according to Â§Â§185-187 StGB) or 'False' (not criminally relevant according to Â§Â§185-187 StGB).""}, {""role"": ""user"", ""content"": ""@realHelmchen @Martin_Sellner Und das von einem Ungewaschenen ! Au Backe, Lord Helmchen !""}]"
862285480476543,"Eine Gruppe lausiger Feiglinge welche aus panischer Angst vor den Muslims lieber Landesverräter werden, sich selbst belügen und denen im Hintern kriechen als etwas gegen die Islamisierung zu tun.",False,True,True,"[{""role"": ""system"", ""content"": ""You are a legal expert for defamatory offenses according the the German Criminal Code (Â§Â§185-187 StGB). Help the user decide whether given posts fall within in the scope of these articles.""}, {""role"": ""user"", ""content"": ""Is the following post criminally relevant with respect to Â§Â§185-187 StGB (Defamatory Offense)? Answer only with 'True' (criminally relevant according to Â§Â§185-187 StGB) or 'False' (not criminally relevant according to Â§Â§185-187 StGB).""}, {""role"": ""user"", ""content"": ""Eine Gruppe lausiger Feiglinge welche aus panischer Angst vor den Muslims lieber Landesverräter werden, sich selbst belügen und denen im Hintern kriechen als etwas gegen die Islamisierung zu tun.""}]"
857213280983763,"Fang nicht mit irgendwelchen Klassen an. Jeder weiss wovon ich rede. Ein Schriftstück allein macht  niemanden zum Einheimischen und vorallem nicht solche fehlintegrierten Typen !!! Traurig nur , das man auch jetzt wieder versucht alles zu vertuschen , indem man nicht mehr wie damals sagt : "" Ein Deutscher mit türkischer Herkunft ist für die Tat verantwortlich !!! ""  Es soll ja niemand mehr wissen , das überwiegend Moslems für kriminelle Taten wie diese in Deutschland und Europa verantwortlich sind.",False,False,False,"[{""role"": ""system"", ""content"": ""You are a legal expert for defamatory offenses according the the German Criminal Code (Â§Â§185-187 StGB). Help the user decide whether given posts fall within in the scope of these articles.""}, {""role"": ""user"", ""content"": ""Is the following post criminally relevant with respect to Â§Â§185-187 StGB (Defamatory Offense)? Answer only with 'True' (criminally relevant according to Â§Â§185-187 StGB) or 'False' (not criminally relevant according to Â§Â§185-187 StGB).""}, {""role"": ""user"", ""content"": ""Fang nicht mit irgendwelchen Klassen an. Jeder weiss wovon ich rede. Ein Schriftstück allein macht  niemanden zum Einheimischen und vorallem nicht solche fehlintegrierten Typen !!! Traurig nur , das man auch jetzt wieder versucht alles zu vertuschen , indem man nicht mehr wie damals sagt : \"" Ein Deutscher mit türkischer Herkunft ist für die Tat verantwortlich !!! \""  Es soll ja niemand mehr wissen , das überwiegend Moslems für kriminelle Taten wie diese in Deutschland und Europa verantwortlich sind.""}]"
993922567312833,"Jemand der so offensichtlich unter geistigen Ausfallerscheinungen leidet, ist sowieso unzurechnungsfähig. Im normalen Leben werden solche Menschen entmündigt und bekommen einen Vormund. Da Angela keine Nachkommen hat, ist das garnicht so einfach.",True,True,True,"[{""role"": ""system"", ""content"": ""You are a legal expert for defamatory offenses according the the German Criminal Code (Â§Â§185-187 StGB). Help the user decide whether given posts fall within in the scope of these articles.""}, {""role"": ""user"", ""content"": ""Is the following post criminally relevant with respect to Â§Â§185-187 StGB (Defamatory Offense)? Answer only with 'True' (criminally relevant according to Â§Â§185-187 StGB) or 'False' (not criminally relevant according to Â§Â§185-187 StGB).""}, {""role"": ""user"", ""content"": ""Jemand der so offensichtlich unter geistigen Ausfallerscheinungen leidet, ist sowieso unzurechnungsfähig. Im normalen Leben werden solche Menschen entmündigt und bekommen einen Vormund. Da Angela keine Nachkommen hat, ist das garnicht so einfach.""}]"
856947907676967,Schwuchtelmeier und seine schwulen Fans =OUT,False,True,True,"[{""role"": ""system"", ""content"": ""You are a legal expert for defamatory offenses according the the German Criminal Code (Â§Â§185-187 StGB). Help the user decide whether given posts fall within in the scope of these articles.""}, {""role"": ""user"", ""content"": ""Is the following post criminally relevant with respect to Â§Â§185-187 StGB (Defamatory Offense)? Answer only with 'True' (criminally relevant according to Â§Â§185-187 StGB) or 'False' (not criminally relevant according to Â§Â§185-187 StGB).""}, {""role"": ""user"", ""content"": ""Schwuchtelmeier und seine schwulen Fans =OUT""}]"
1064759576895798,"Man sollte deren deutsche linksgrünen Helfer und Tippgeber gleich mit abschieben.

http://www.epochtimes.de/politik/deutschland/warum-viele-asylbewerber-zum-christentum-konvertieren-a1309842.html",False,True,True,"[{""role"": ""system"", ""content"": ""You are a legal expert for defamatory offenses according the the German Criminal Code (Â§Â§185-187 StGB). Help the user decide whether given posts fall within in the scope of these articles.""}, {""role"": ""user"", ""content"": ""Is the following post criminally relevant with respect to Â§Â§185-187 StGB (Defamatory Offense)? Answer only with 'True' (criminally relevant according to Â§Â§185-187 StGB) or 'False' (not criminally relevant according to Â§Â§185-187 StGB).""}, {""role"": ""user"", ""content"": ""Man sollte deren deutsche linksgrünen Helfer und Tippgeber gleich mit abschieben.\r\n\r\nhttp://www.epochtimes.de/politik/deutschland/warum-viele-asylbewerber-zum-christentum-konvertieren-a1309842.html""}]"
1105882786116810,"Kein Angst, wenn das Drecksging steht renne ich mit Dynamit rein!",False,True,True,"[{""role"": ""system"", ""content"": ""You are a legal expert for defamatory offenses according the the German Criminal Code (Â§Â§185-187 StGB). Help the user decide whether given posts fall within in the scope of these articles.""}, {""role"": ""user"", ""content"": ""Is the following post criminally relevant with respect to Â§Â§185-187 StGB (Defamatory Offense)? Answer only with 'True' (criminally relevant according to Â§Â§185-187 StGB) or 'False' (not criminally relevant according to Â§Â§185-187 StGB).""}, {""role"": ""user"", ""content"": ""Kein Angst, wenn das Drecksging steht renne ich mit Dynamit rein!""}]"
977073308997759,"Kann mir mal einer erzählen warum Europäisches Recht Schengen, Dublin nicht angewendet wird??? Wo nehmen wir eigentlich die Kohle her, für Kindergärten und Schulen ist kein Geld da, aber für die Forderer werden jetzt 9 Mrd. veranschlagt ohne mit der Wimper zu zucken, wann stehen wir auf oder sind wir wieder mal das dumme Deutsche Volk das zur Schlachtbank geführt wird???",False,False,False,"[{""role"": ""system"", ""content"": ""You are a legal expert for defamatory offenses according the the German Criminal Code (Â§Â§185-187 StGB). Help the user decide whether given posts fall within in the scope of these articles.""}, {""role"": ""user"", ""content"": ""Is the following post criminally relevant with respect to Â§Â§185-187 StGB (Defamatory Offense)? Answer only with 'True' (criminally relevant according to Â§Â§185-187 StGB) or 'False' (not criminally relevant according to Â§Â§185-187 StGB).""}, {""role"": ""user"", ""content"": ""Kann mir mal einer erzählen warum Europäisches Recht Schengen, Dublin nicht angewendet wird??? Wo nehmen wir eigentlich die Kohle her, für Kindergärten und Schulen ist kein Geld da, aber für die Forderer werden jetzt 9 Mrd. veranschlagt ohne mit der Wimper zu zucken, wann stehen wir auf oder sind wir wieder mal das dumme Deutsche Volk das zur Schlachtbank geführt wird???""}]"
858384514199973,schüss! war scheisse mit euch!,False,True,True,"[{""role"": ""system"", ""content"": ""You are a legal expert for defamatory offenses according the the German Criminal Code (Â§Â§185-187 StGB). Help the user decide whether given posts fall within in the scope of these articles.""}, {""role"": ""user"", ""content"": ""Is the following post criminally relevant with respect to Â§Â§185-187 StGB (Defamatory Offense)? Answer only with 'True' (criminally relevant according to Â§Â§185-187 StGB) or 'False' (not criminally relevant according to Â§Â§185-187 StGB).""}, {""role"": ""user"", ""content"": ""schüss! war scheisse mit euch!""}]"
1012444858793937,Erhäng dich Schleicher oder wie auch immer du Pussy heisst tu Deutschland einen gefallen ....Adios,True,True,True,"[{""role"": ""system"", ""content"": ""You are a legal expert for defamatory offenses according the the German Criminal Code (Â§Â§185-187 StGB). Help the user decide whether given posts fall within in the scope of these articles.""}, {""role"": ""user"", ""content"": ""Is the following post criminally relevant with respect to Â§Â§185-187 StGB (Defamatory Offense)? Answer only with 'True' (criminally relevant according to Â§Â§185-187 StGB) or 'False' (not criminally relevant according to Â§Â§185-187 StGB).""}, {""role"": ""user"", ""content"": ""Erhäng dich Schleicher oder wie auch immer du Pussy heisst tu Deutschland einen gefallen ....Adios""}]"
894880870550337,"Hast du Allah in der Birne, ist kein Platz mehrfürs Gehirne...",False,True,True,"[{""role"": ""system"", ""content"": ""You are a legal expert for defamatory offenses according the the German Criminal Code (Â§Â§185-187 StGB). Help the user decide whether given posts fall within in the scope of these articles.""}, {""role"": ""user"", ""content"": ""Is the following post criminally relevant with respect to Â§Â§185-187 StGB (Defamatory Offense)? Answer only with 'True' (criminally relevant according to Â§Â§185-187 StGB) or 'False' (not criminally relevant according to Â§Â§185-187 StGB).""}, {""role"": ""user"", ""content"": ""Hast du Allah in der Birne, ist kein Platz mehrfürs Gehirne...""}]"
737,Die Randalierer von Hamburg müssen den entstandenen Schaden ersetzen und |LBR| notfalls in Arbeitslagern abarbeiten.,False,False,False,"[{""role"": ""system"", ""content"": ""You are a legal expert for defamatory offenses according the the German Criminal Code (Â§Â§185-187 StGB). Help the user decide whether given posts fall within in the scope of these articles.""}, {""role"": ""user"", ""content"": ""Is the following post criminally relevant with respect to Â§Â§185-187 StGB (Defamatory Offense)? Answer only with 'True' (criminally relevant according to Â§Â§185-187 StGB) or 'False' (not criminally relevant according to Â§Â§185-187 StGB).""}, {""role"": ""user"", ""content"": ""Die Randalierer von Hamburg müssen den entstandenen Schaden ersetzen und |LBR| notfalls in Arbeitslagern abarbeiten.""}]"
982733745098382,"Ich finde immer erstaunlich wie die deutschen wählen 
Erst haut euch rot/Grün in die Pfanne mit der Rente 67 Agenda 2010

Dann haut euch rot/schwarz in die Pfanne mit den veruntreuen der Gelder nach Griechenland und der Bankenrettung.

Dann haut euch rot / schwarz/grün/ dunkelrot in die Pfanne mit den Flüchtlingen und den Fachkräften . Nachweislich eine Lüge.

Was machen die deutschen TROTTEL, wählen schwarz ,grün,rot,dunkelrot.

Muss man sich was dabei denken oder seid ihr geil drauf immer zu blechen.

Als Lohn werdet ihr Pack,Nazis,geschimpft super Moment dunkles Deutschland ist ja auch noch irgendwo.

Antifa wirft euch die Scheiben ein und fackelt euch die Autos ab.
Siehe Frankfurt.

Irgendwie sind meine Mitbürger bekloppt.",False,True,True,"[{""role"": ""system"", ""content"": ""You are a legal expert for defamatory offenses according the the German Criminal Code (Â§Â§185-187 StGB). Help the user decide whether given posts fall within in the scope of these articles.""}, {""role"": ""user"", ""content"": ""Is the following post criminally relevant with respect to Â§Â§185-187 StGB (Defamatory Offense)? Answer only with 'True' (criminally relevant according to Â§Â§185-187 StGB) or 'False' (not criminally relevant according to Â§Â§185-187 StGB).""}, {""role"": ""user"", ""content"": ""Ich finde immer erstaunlich wie die deutschen wählen \r\nErst haut euch rot/Grün in die Pfanne mit der Rente 67 Agenda 2010\r\n\r\nDann haut euch rot/schwarz in die Pfanne mit den veruntreuen der Gelder nach Griechenland und der Bankenrettung.\r\n\r\nDann haut euch rot / schwarz/grün/ dunkelrot in die Pfanne mit den Flüchtlingen und den Fachkräften . Nachweislich eine Lüge.\r\n\r\nWas machen die deutschen TROTTEL, wählen schwarz ,grün,rot,dunkelrot.\r\n\r\nMuss man sich was dabei denken oder seid ihr geil drauf immer zu blechen.\r\n\r\nAls Lohn werdet ihr Pack,Nazis,geschimpft super Moment dunkles Deutschland ist ja auch noch irgendwo.\r\n\r\nAntifa wirft euch die Scheiben ein und fackelt euch die Autos ab.\r\nSiehe Frankfurt.\r\n\r\nIrgendwie sind meine Mitbürger bekloppt.""}]"
961445517227205,gann mal sofort anfangen damit aber schnell bevor die hier noch mehr unheil und krankheiten einschleppen,False,True,True,"[{""role"": ""system"", ""content"": ""You are a legal expert for defamatory offenses according the the German Criminal Code (Â§Â§185-187 StGB). Help the user decide whether given posts fall within in the scope of these articles.""}, {""role"": ""user"", ""content"": ""Is the following post criminally relevant with respect to Â§Â§185-187 StGB (Defamatory Offense)? Answer only with 'True' (criminally relevant according to Â§Â§185-187 StGB) or 'False' (not criminally relevant according to Â§Â§185-187 StGB).""}, {""role"": ""user"", ""content"": ""gann mal sofort anfangen damit aber schnell bevor die hier noch mehr unheil und krankheiten einschleppen""}]"
1069077913130631,"Hallo , Wir sind Deutschland...........
Schon der Slogan ,, wir sind Deutschland........"" Typisch für die linke Pest, welche hier nur mit dem Duden unterwegs ist weil andere Argumente fehlen. Ihr seit höchstens die neue Pest für Deutschland! Nehmt die ganzen geisteskranken, fixenden und pädophilen Arschgeigen mit und wandert aus! Ihr seit nie Deutschland gewesen!",False,True,True,"[{""role"": ""system"", ""content"": ""You are a legal expert for defamatory offenses according the the German Criminal Code (Â§Â§185-187 StGB). Help the user decide whether given posts fall within in the scope of these articles.""}, {""role"": ""user"", ""content"": ""Is the following post criminally relevant with respect to Â§Â§185-187 StGB (Defamatory Offense)? Answer only with 'True' (criminally relevant according to Â§Â§185-187 StGB) or 'False' (not criminally relevant according to Â§Â§185-187 StGB).""}, {""role"": ""user"", ""content"": ""Hallo , Wir sind Deutschland...........\r\nSchon der Slogan ,, wir sind Deutschland........\"" Typisch für die linke Pest, welche hier nur mit dem Duden unterwegs ist weil andere Argumente fehlen. Ihr seit höchstens die neue Pest für Deutschland! Nehmt die ganzen geisteskranken, fixenden und pädophilen Arschgeigen mit und wandert aus! Ihr seit nie Deutschland gewesen!""}]"
951532891551801,"[@IND]: Das können sie ja gerne mal versuchen, aber dann gibt es ganz sicher etliche Sammelklagen und Mord und Totschlag. DAS sollen die Politiker sich mal erlauben, dann ist hier sicher der Teufel los!",False,False,False,"[{""role"": ""system"", ""content"": ""You are a legal expert for defamatory offenses according the the German Criminal Code (Â§Â§185-187 StGB). Help the user decide whether given posts fall within in the scope of these articles.""}, {""role"": ""user"", ""content"": ""Is the following post criminally relevant with respect to Â§Â§185-187 StGB (Defamatory Offense)? Answer only with 'True' (criminally relevant according to Â§Â§185-187 StGB) or 'False' (not criminally relevant according to Â§Â§185-187 StGB).""}, {""role"": ""user"", ""content"": ""[@IND]: Das können sie ja gerne mal versuchen, aber dann gibt es ganz sicher etliche Sammelklagen und Mord und Totschlag. DAS sollen die Politiker sich mal erlauben, dann ist hier sicher der Teufel los!""}]"
876271422411282,"Welche ""Fachkräfte""???? Fachkraft im Stehlen, Betrügen, Vergewaltigen??",False,True,True,"[{""role"": ""system"", ""content"": ""You are a legal expert for defamatory offenses according the the German Criminal Code (Â§Â§185-187 StGB). Help the user decide whether given posts fall within in the scope of these articles.""}, {""role"": ""user"", ""content"": ""Is the following post criminally relevant with respect to Â§Â§185-187 StGB (Defamatory Offense)? Answer only with 'True' (criminally relevant according to Â§Â§185-187 StGB) or 'False' (not criminally relevant according to Â§Â§185-187 StGB).""}, {""role"": ""user"", ""content"": ""Welche \""Fachkräfte\""???? Fachkraft im Stehlen, Betrügen, Vergewaltigen??""}]"
533,"@HartwigKummerle Danach fragt doch niemand, auch nicht, wenn Fettbacke behauptet, die Türken hätten Deutschland wiederaufgebaut.",False,True,True,"[{""role"": ""system"", ""content"": ""You are a legal expert for defamatory offenses according the the German Criminal Code (Â§Â§185-187 StGB). Help the user decide whether given posts fall within in the scope of these articles.""}, {""role"": ""user"", ""content"": ""Is the following post criminally relevant with respect to Â§Â§185-187 StGB (Defamatory Offense)? Answer only with 'True' (criminally relevant according to Â§Â§185-187 StGB) or 'False' (not criminally relevant according to Â§Â§185-187 StGB).""}, {""role"": ""user"", ""content"": ""@HartwigKummerle Danach fragt doch niemand, auch nicht, wenn Fettbacke behauptet, die Türken hätten Deutschland wiederaufgebaut.""}]"
968370733201350,"Hanna, hör auf Märchen zu erzählen. Nur weil du vielleicht ein Heim um die Ecke hast, wo tatsächlich auch ECHTE Flüchtlinge sind, ändert das trotzdem nichts an den Tatsachen, dass ~80% illegale Einwanderer sind und vorwiegend männlich. Denkst du wirklich, die Leute glauben eher deinem Gewäsch, als ihren eigenen Augen und Ohren?",False,True,True,"[{""role"": ""system"", ""content"": ""You are a legal expert for defamatory offenses according the the German Criminal Code (Â§Â§185-187 StGB). Help the user decide whether given posts fall within in the scope of these articles.""}, {""role"": ""user"", ""content"": ""Is the following post criminally relevant with respect to Â§Â§185-187 StGB (Defamatory Offense)? Answer only with 'True' (criminally relevant according to Â§Â§185-187 StGB) or 'False' (not criminally relevant according to Â§Â§185-187 StGB).""}, {""role"": ""user"", ""content"": ""Hanna, hör auf Märchen zu erzählen. Nur weil du vielleicht ein Heim um die Ecke hast, wo tatsächlich auch ECHTE Flüchtlinge sind, ändert das trotzdem nichts an den Tatsachen, dass ~80% illegale Einwanderer sind und vorwiegend männlich. Denkst du wirklich, die Leute glauben eher deinem Gewäsch, als ihren eigenen Augen und Ohren?""}]"
419,"Die Zeit ist überreif für dass große Ausmisten in Politik, Justiz u Medien dieses ganze Rot Grün versiffte Parteibuch Pack zum Teufel jagen",False,True,True,"[{""role"": ""system"", ""content"": ""You are a legal expert for defamatory offenses according the the German Criminal Code (Â§Â§185-187 StGB). Help the user decide whether given posts fall within in the scope of these articles.""}, {""role"": ""user"", ""content"": ""Is the following post criminally relevant with respect to Â§Â§185-187 StGB (Defamatory Offense)? Answer only with 'True' (criminally relevant according to Â§Â§185-187 StGB) or 'False' (not criminally relevant according to Â§Â§185-187 StGB).""}, {""role"": ""user"", ""content"": ""Die Zeit ist überreif für dass große Ausmisten in Politik, Justiz u Medien dieses ganze Rot Grün versiffte Parteibuch Pack zum Teufel jagen""}]"
1010835515621538,"Die zwei Schwuchteln sind doch total verblödet, so wie unsere vor PC und PlayStation vergammelnde junge Generation. Die finden diese Homos auch noch geil! Da sieht man schon, was noch an Hirn vorhanden ist. Eigentlich brauchen wir uns gar nicht um die Zukunft der Deutschen zu sorgen, die sind es nicht mehr wert. Ich habe nur bedenken, dass der Islam sich so schnell ausbreiten wird und mir bald der Kopf abgeschnitten wird!",True,True,True,"[{""role"": ""system"", ""content"": ""You are a legal expert for defamatory offenses according the the German Criminal Code (Â§Â§185-187 StGB). Help the user decide whether given posts fall within in the scope of these articles.""}, {""role"": ""user"", ""content"": ""Is the following post criminally relevant with respect to Â§Â§185-187 StGB (Defamatory Offense)? Answer only with 'True' (criminally relevant according to Â§Â§185-187 StGB) or 'False' (not criminally relevant according to Â§Â§185-187 StGB).""}, {""role"": ""user"", ""content"": ""Die zwei Schwuchteln sind doch total verblödet, so wie unsere vor PC und PlayStation vergammelnde junge Generation. Die finden diese Homos auch noch geil! Da sieht man schon, was noch an Hirn vorhanden ist. Eigentlich brauchen wir uns gar nicht um die Zukunft der Deutschen zu sorgen, die sind es nicht mehr wert. Ich habe nur bedenken, dass der Islam sich so schnell ausbreiten wird und mir bald der Kopf abgeschnitten wird!""}]"
1064995260205563,"Nee nee , is schon klar, die Trüffelschweine haben jetzt richtig Konkurrenz bekommen durch die Invasoren ! Die Schweine müssen sich jetzt mächtig ins Zeug legen um nicht auf einer Moschee Baustelle zu landen...!!!",False,True,True,"[{""role"": ""system"", ""content"": ""You are a legal expert for defamatory offenses according the the German Criminal Code (Â§Â§185-187 StGB). Help the user decide whether given posts fall within in the scope of these articles.""}, {""role"": ""user"", ""content"": ""Is the following post criminally relevant with respect to Â§Â§185-187 StGB (Defamatory Offense)? Answer only with 'True' (criminally relevant according to Â§Â§185-187 StGB) or 'False' (not criminally relevant according to Â§Â§185-187 StGB).""}, {""role"": ""user"", ""content"": ""Nee nee , is schon klar, die Trüffelschweine haben jetzt richtig Konkurrenz bekommen durch die Invasoren ! Die Schweine müssen sich jetzt mächtig ins Zeug legen um nicht auf einer Moschee Baustelle zu landen...!!!""}]"
838,"Bin wieder zu Hause in meinem Mecklenburg - in Szczecin meinte man, Murksel bekam heute die Aufmerksamkeit in Washington, die sie verdient 😜",False,False,False,"[{""role"": ""system"", ""content"": ""You are a legal expert for defamatory offenses according the the German Criminal Code (Â§Â§185-187 StGB). Help the user decide whether given posts fall within in the scope of these articles.""}, {""role"": ""user"", ""content"": ""Is the following post criminally relevant with respect to Â§Â§185-187 StGB (Defamatory Offense)? Answer only with 'True' (criminally relevant according to Â§Â§185-187 StGB) or 'False' (not criminally relevant according to Â§Â§185-187 StGB).""}, {""role"": ""user"", ""content"": ""Bin wieder zu Hause in meinem Mecklenburg - in Szczecin meinte man, Murksel bekam heute die Aufmerksamkeit in Washington, die sie verdient 😜""}]"
1114353061936449,Hier hat die AfD mal NICHT Recht! Es gibt keinen unpolitischen Islam! Jede Frau mit Kopftuch gehört des Landes verwiesen - inkl. der gesamten Sippschaft.,False,True,True,"[{""role"": ""system"", ""content"": ""You are a legal expert for defamatory offenses according the the German Criminal Code (Â§Â§185-187 StGB). Help the user decide whether given posts fall within in the scope of these articles.""}, {""role"": ""user"", ""content"": ""Is the following post criminally relevant with respect to Â§Â§185-187 StGB (Defamatory Offense)? Answer only with 'True' (criminally relevant according to Â§Â§185-187 StGB) or 'False' (not criminally relevant according to Â§Â§185-187 StGB).""}, {""role"": ""user"", ""content"": ""Hier hat die AfD mal NICHT Recht! Es gibt keinen unpolitischen Islam! Jede Frau mit Kopftuch gehört des Landes verwiesen - inkl. der gesamten Sippschaft.""}]"
422,"Bosbach hätte die Ditfurth mit Ohrfeigen und Tritten aus dem Studio davonjagen |LBR| und ihr den Fächer ins Maul stopfen sollen. Ja, so wäre das.",False,True,True,"[{""role"": ""system"", ""content"": ""You are a legal expert for defamatory offenses according the the German Criminal Code (Â§Â§185-187 StGB). Help the user decide whether given posts fall within in the scope of these articles.""}, {""role"": ""user"", ""content"": ""Is the following post criminally relevant with respect to Â§Â§185-187 StGB (Defamatory Offense)? Answer only with 'True' (criminally relevant according to Â§Â§185-187 StGB) or 'False' (not criminally relevant according to Â§Â§185-187 StGB).""}, {""role"": ""user"", ""content"": ""Bosbach hätte die Ditfurth mit Ohrfeigen und Tritten aus dem Studio davonjagen |LBR| und ihr den Fächer ins Maul stopfen sollen. Ja, so wäre das.""}]"
856749277696830,Musikalisch wie nachrichtentechnisch Schrott,False,False,False,"[{""role"": ""system"", ""content"": ""You are a legal expert for defamatory offenses according the the German Criminal Code (Â§Â§185-187 StGB). Help the user decide whether given posts fall within in the scope of these articles.""}, {""role"": ""user"", ""content"": ""Is the following post criminally relevant with respect to Â§Â§185-187 StGB (Defamatory Offense)? Answer only with 'True' (criminally relevant according to Â§Â§185-187 StGB) or 'False' (not criminally relevant according to Â§Â§185-187 StGB).""}, {""role"": ""user"", ""content"": ""Musikalisch wie nachrichtentechnisch Schrott""}]"
1035118629859893,Kann sich Merkel schon mal in Chile um Asyl bemühen die nehmen doch unsere abgehalfterten politiker,True,True,True,"[{""role"": ""system"", ""content"": ""You are a legal expert for defamatory offenses according the the German Criminal Code (Â§Â§185-187 StGB). Help the user decide whether given posts fall within in the scope of these articles.""}, {""role"": ""user"", ""content"": ""Is the following post criminally relevant with respect to Â§Â§185-187 StGB (Defamatory Offense)? Answer only with 'True' (criminally relevant according to Â§Â§185-187 StGB) or 'False' (not criminally relevant according to Â§Â§185-187 StGB).""}, {""role"": ""user"", ""content"": ""Kann sich Merkel schon mal in Chile um Asyl bemühen die nehmen doch unsere abgehalfterten politiker""}]"
847,"SAT1, RTL und wie die Merkel Propaganda Sender auch heißen, berichten nie was negatives gegen Merkel aber permanent gegen Trump! Noch fragen",False,False,False,"[{""role"": ""system"", ""content"": ""You are a legal expert for defamatory offenses according the the German Criminal Code (Â§Â§185-187 StGB). Help the user decide whether given posts fall within in the scope of these articles.""}, {""role"": ""user"", ""content"": ""Is the following post criminally relevant with respect to Â§Â§185-187 StGB (Defamatory Offense)? Answer only with 'True' (criminally relevant according to Â§Â§185-187 StGB) or 'False' (not criminally relevant according to Â§Â§185-187 StGB).""}, {""role"": ""user"", ""content"": ""SAT1, RTL und wie die Merkel Propaganda Sender auch heißen, berichten nie was negatives gegen Merkel aber permanent gegen Trump! Noch fragen""}]"
175,"@andreasleu1 Wie heißt es doch : ""Humor ist, wenn man trotzdem lacht."" 😜",False,False,False,"[{""role"": ""system"", ""content"": ""You are a legal expert for defamatory offenses according the the German Criminal Code (Â§Â§185-187 StGB). Help the user decide whether given posts fall within in the scope of these articles.""}, {""role"": ""user"", ""content"": ""Is the following post criminally relevant with respect to Â§Â§185-187 StGB (Defamatory Offense)? Answer only with 'True' (criminally relevant according to Â§Â§185-187 StGB) or 'False' (not criminally relevant according to Â§Â§185-187 StGB).""}, {""role"": ""user"", ""content"": ""@andreasleu1 Wie heißt es doch : \""Humor ist, wenn man trotzdem lacht.\"" 😜""}]"
557,"Der ""Pirat"" muss den Champagner nicht öffnen. Mit einer vollen |LBR| Flasche kann er sich seine üblen Wünsche besser aus dem |LBR| Kopf schlagen.",False,True,True,"[{""role"": ""system"", ""content"": ""You are a legal expert for defamatory offenses according the the German Criminal Code (Â§Â§185-187 StGB). Help the user decide whether given posts fall within in the scope of these articles.""}, {""role"": ""user"", ""content"": ""Is the following post criminally relevant with respect to Â§Â§185-187 StGB (Defamatory Offense)? Answer only with 'True' (criminally relevant according to Â§Â§185-187 StGB) or 'False' (not criminally relevant according to Â§Â§185-187 StGB).""}, {""role"": ""user"", ""content"": ""Der \""Pirat\"" muss den Champagner nicht öffnen. Mit einer vollen |LBR| Flasche kann er sich seine üblen Wünsche besser aus dem |LBR| Kopf schlagen.""}]"
1057636954274727,"Mia Mani erst garnicht reinlassen ??wären sie an der Grenze abgefertigt und kontrolliert wurden , hätten wir diese ganze unkontrollierte Einwanderung nicht und wer weiß was sich jetzt hier alles in Deutschland eingenistet hat Dank Merkel und Politmarionetten",False,True,True,"[{""role"": ""system"", ""content"": ""You are a legal expert for defamatory offenses according the the German Criminal Code (Â§Â§185-187 StGB). Help the user decide whether given posts fall within in the scope of these articles.""}, {""role"": ""user"", ""content"": ""Is the following post criminally relevant with respect to Â§Â§185-187 StGB (Defamatory Offense)? Answer only with 'True' (criminally relevant according to Â§Â§185-187 StGB) or 'False' (not criminally relevant according to Â§Â§185-187 StGB).""}, {""role"": ""user"", ""content"": ""Mia Mani erst garnicht reinlassen ??wären sie an der Grenze abgefertigt und kontrolliert wurden , hätten wir diese ganze unkontrollierte Einwanderung nicht und wer weiß was sich jetzt hier alles in Deutschland eingenistet hat Dank Merkel und Politmarionetten""}]"
1065238026847953,"Da brauchen wir demnächst keine trüffelschweine mehr,die Flüchtlinge finden einfach alles....super fachpersonal",False,True,True,"[{""role"": ""system"", ""content"": ""You are a legal expert for defamatory offenses according the the German Criminal Code (Â§Â§185-187 StGB). Help the user decide whether given posts fall within in the scope of these articles.""}, {""role"": ""user"", ""content"": ""Is the following post criminally relevant with respect to Â§Â§185-187 StGB (Defamatory Offense)? Answer only with 'True' (criminally relevant according to Â§Â§185-187 StGB) or 'False' (not criminally relevant according to Â§Â§185-187 StGB).""}, {""role"": ""user"", ""content"": ""Da brauchen wir demnächst keine trüffelschweine mehr,die Flüchtlinge finden einfach alles....super fachpersonal""}]"
1010618315643258,Theo Brenner Dann müsste ich jetzt eigentlich beruhigt sein ... aber da ich einem geistig INKONTINENTEN nicht glaube .....,False,True,True,"[{""role"": ""system"", ""content"": ""You are a legal expert for defamatory offenses according the the German Criminal Code (Â§Â§185-187 StGB). Help the user decide whether given posts fall within in the scope of these articles.""}, {""role"": ""user"", ""content"": ""Is the following post criminally relevant with respect to Â§Â§185-187 StGB (Defamatory Offense)? Answer only with 'True' (criminally relevant according to Â§Â§185-187 StGB) or 'False' (not criminally relevant according to Â§Â§185-187 StGB).""}, {""role"": ""user"", ""content"": ""Theo Brenner Dann müsste ich jetzt eigentlich beruhigt sein ... aber da ich einem geistig INKONTINENTEN nicht glaube .....""}]"
938,@KaiserDesRap Die Pisser wollten schon immer unsere Länderein um jeden Preis und jetzt haben sie die Bruder .....,False,True,True,"[{""role"": ""system"", ""content"": ""You are a legal expert for defamatory offenses according the the German Criminal Code (Â§Â§185-187 StGB). Help the user decide whether given posts fall within in the scope of these articles.""}, {""role"": ""user"", ""content"": ""Is the following post criminally relevant with respect to Â§Â§185-187 StGB (Defamatory Offense)? Answer only with 'True' (criminally relevant according to Â§Â§185-187 StGB) or 'False' (not criminally relevant according to Â§Â§185-187 StGB).""}, {""role"": ""user"", ""content"": ""@KaiserDesRap Die Pisser wollten schon immer unsere Länderein um jeden Preis und jetzt haben sie die Bruder .....""}]"
888001837904907,"Der wahre Islam, ist böse.",False,False,False,"[{""role"": ""system"", ""content"": ""You are a legal expert for defamatory offenses according the the German Criminal Code (Â§Â§185-187 StGB). Help the user decide whether given posts fall within in the scope of these articles.""}, {""role"": ""user"", ""content"": ""Is the following post criminally relevant with respect to Â§Â§185-187 StGB (Defamatory Offense)? Answer only with 'True' (criminally relevant according to Â§Â§185-187 StGB) or 'False' (not criminally relevant according to Â§Â§185-187 StGB).""}, {""role"": ""user"", ""content"": ""Der wahre Islam, ist böse.""}]"
702,@KoppReport FB Deutschland kann man heute beruhigt als die neue Internet Gestapo bezeichnen. Erst wenn viele ihren Account dort löschen wird dieser Konzern wach. FB einfach boykottieren.,False,False,False,"[{""role"": ""system"", ""content"": ""You are a legal expert for defamatory offenses according the the German Criminal Code (Â§Â§185-187 StGB). Help the user decide whether given posts fall within in the scope of these articles.""}, {""role"": ""user"", ""content"": ""Is the following post criminally relevant with respect to Â§Â§185-187 StGB (Defamatory Offense)? Answer only with 'True' (criminally relevant according to Â§Â§185-187 StGB) or 'False' (not criminally relevant according to Â§Â§185-187 StGB).""}, {""role"": ""user"", ""content"": ""@KoppReport FB Deutschland kann man heute beruhigt als die neue Internet Gestapo bezeichnen. Erst wenn viele ihren Account dort löschen wird dieser Konzern wach. FB einfach boykottieren.""}]"
967652003273223,"Deutschland gehört uns und nicht den Schmarotzerflüchtlingen die unser Land mit ihrem Anwesen hier verpesten, Kohle mehr erhalten  als Hartz IV Empfänger, unsere Güter die von unseren Steuergeldern bezahlt werden zerstören und den Müll aus den Etagen einfach runterballern, Bürger des Deutschen Staates beleidigen, schlagen und noch in Youtube einstellen. Dieses ganze primitive Affenvolk gehört wieder dahin geschickt wo sie hergekommen sind. Aber nicht in Fliegern sondern so wie sie hergekommen sind. In diesem Sinne ......",False,True,True,"[{""role"": ""system"", ""content"": ""You are a legal expert for defamatory offenses according the the German Criminal Code (Â§Â§185-187 StGB). Help the user decide whether given posts fall within in the scope of these articles.""}, {""role"": ""user"", ""content"": ""Is the following post criminally relevant with respect to Â§Â§185-187 StGB (Defamatory Offense)? Answer only with 'True' (criminally relevant according to Â§Â§185-187 StGB) or 'False' (not criminally relevant according to Â§Â§185-187 StGB).""}, {""role"": ""user"", ""content"": ""Deutschland gehört uns und nicht den Schmarotzerflüchtlingen die unser Land mit ihrem Anwesen hier verpesten, Kohle mehr erhalten  als Hartz IV Empfänger, unsere Güter die von unseren Steuergeldern bezahlt werden zerstören und den Müll aus den Etagen einfach runterballern, Bürger des Deutschen Staates beleidigen, schlagen und noch in Youtube einstellen. Dieses ganze primitive Affenvolk gehört wieder dahin geschickt wo sie hergekommen sind. Aber nicht in Fliegern sondern so wie sie hergekommen sind. In diesem Sinne ......""}]"
857943977577360,Aldi kennt halt keine Vaterlandsliene sondern Geeeeeeeeeeeeeeeeeeeld,False,False,False,"[{""role"": ""system"", ""content"": ""You are a legal expert for defamatory offenses according the the German Criminal Code (Â§Â§185-187 StGB). Help the user decide whether given posts fall within in the scope of these articles.""}, {""role"": ""user"", ""content"": ""Is the following post criminally relevant with respect to Â§Â§185-187 StGB (Defamatory Offense)? Answer only with 'True' (criminally relevant according to Â§Â§185-187 StGB) or 'False' (not criminally relevant according to Â§Â§185-187 StGB).""}, {""role"": ""user"", ""content"": ""Aldi kennt halt keine Vaterlandsliene sondern Geeeeeeeeeeeeeeeeeeeld""}]"
945858592119231,"Dieses Nazi Gequatsche geht mir tierisch auf den Geist. 
Fragt doch mal die Asylanten, ob sie Stolz auf ihr Land usw. sind? Die meisten von denen sind Rassisten. Da sind die Schiiten gegen die Suniten, die Schwarzen hassen die Weissen. Die Moslems die Ungläubigen. 
In Deutschland versuchen die Medien und die Politik die Menschen mit gesundem Menschenverstand als Nazi zu verunglimpfen. 
Was sind dann die Asylanten?",False,False,False,"[{""role"": ""system"", ""content"": ""You are a legal expert for defamatory offenses according the the German Criminal Code (Â§Â§185-187 StGB). Help the user decide whether given posts fall within in the scope of these articles.""}, {""role"": ""user"", ""content"": ""Is the following post criminally relevant with respect to Â§Â§185-187 StGB (Defamatory Offense)? Answer only with 'True' (criminally relevant according to Â§Â§185-187 StGB) or 'False' (not criminally relevant according to Â§Â§185-187 StGB).""}, {""role"": ""user"", ""content"": ""Dieses Nazi Gequatsche geht mir tierisch auf den Geist. \r\nFragt doch mal die Asylanten, ob sie Stolz auf ihr Land usw. sind? Die meisten von denen sind Rassisten. Da sind die Schiiten gegen die Suniten, die Schwarzen hassen die Weissen. Die Moslems die Ungläubigen. \r\nIn Deutschland versuchen die Medien und die Politik die Menschen mit gesundem Menschenverstand als Nazi zu verunglimpfen. \r\nWas sind dann die Asylanten?""}]"
983239458381144,die kommen um krieg zu führen ! und unsere  beschissene regierung lädt sie dazu ein !  hoffentlich hält ungarn durch....,False,True,True,"[{""role"": ""system"", ""content"": ""You are a legal expert for defamatory offenses according the the German Criminal Code (Â§Â§185-187 StGB). Help the user decide whether given posts fall within in the scope of these articles.""}, {""role"": ""user"", ""content"": ""Is the following post criminally relevant with respect to Â§Â§185-187 StGB (Defamatory Offense)? Answer only with 'True' (criminally relevant according to Â§Â§185-187 StGB) or 'False' (not criminally relevant according to Â§Â§185-187 StGB).""}, {""role"": ""user"", ""content"": ""die kommen um krieg zu führen ! und unsere  beschissene regierung lädt sie dazu ein !  hoffentlich hält ungarn durch....""}]"
982749375096819,"Wer sich vermummt, um Randale auszuüben, hat hier in Europa nichts zu suchen. Von diesen Primaten haben wir schon mehr als genug. Punkt, aus",False,True,True,"[{""role"": ""system"", ""content"": ""You are a legal expert for defamatory offenses according the the German Criminal Code (Â§Â§185-187 StGB). Help the user decide whether given posts fall within in the scope of these articles.""}, {""role"": ""user"", ""content"": ""Is the following post criminally relevant with respect to Â§Â§185-187 StGB (Defamatory Offense)? Answer only with 'True' (criminally relevant according to Â§Â§185-187 StGB) or 'False' (not criminally relevant according to Â§Â§185-187 StGB).""}, {""role"": ""user"", ""content"": ""Wer sich vermummt, um Randale auszuüben, hat hier in Europa nichts zu suchen. Von diesen Primaten haben wir schon mehr als genug. Punkt, aus""}]"
885886221449802,"Das glaub ich nicht das dem linken Dreckspack was passiert,die stehen unter Naturschutz!!",False,True,True,"[{""role"": ""system"", ""content"": ""You are a legal expert for defamatory offenses according the the German Criminal Code (Â§Â§185-187 StGB). Help the user decide whether given posts fall within in the scope of these articles.""}, {""role"": ""user"", ""content"": ""Is the following post criminally relevant with respect to Â§Â§185-187 StGB (Defamatory Offense)? Answer only with 'True' (criminally relevant according to Â§Â§185-187 StGB) or 'False' (not criminally relevant according to Â§Â§185-187 StGB).""}, {""role"": ""user"", ""content"": ""Das glaub ich nicht das dem linken Dreckspack was passiert,die stehen unter Naturschutz!!""}]"
982799735091783,"Jana, da liegst du völlig daneben, Bürger der DDR waren von Geburt und Kultur her Deutsche, auch nach dem Grundgesetz der BRD vor 1989, also von wegen wer auf deutschem Boden geboren ist und eine deutsche Herkunft und Kultur hat etc...!!! Um ein Flüchtling bzw. Asylsuchender zu sein, muss man schon eine andere Herkunft als die des Aufnahmelandes haben! Außerdem sind doch fast alle in den ""Neuen Bundesländern"" geblieben die Einwohnerzahl dort liegt nur wenig unter dem was zu DDR-Zeiten an Population zu verzeichnen war! Das derzeit gültige Asylgesetz in der BRD sieht ünbrigens KEIN Asyl für Kriegsflüchtlinge vor, dafür ist/sind die Vereinten Nationen (UNHCR) zuständig, die Vereinten Nationen (UNHCR) hat/haben für die Syrer Aufnahmelager in Jordanien und in der Türkei, Frau Merkel hätte dort nur anrufen müssen, die Vereinten Nationen (UNHCR) hätte sich sicher über die Entlastung gefreut, keiner wäre ertrunken, niemad wäre verletzt wurden, alle wären registriert, ABER dann hätte Frau Merkel maximal 500.000 nehmen können, denn mehr hätten die Deutschen sicher nicht mitgemacht, nur durch ertrunkene Kinder und ähnliche Schreckensbilder werden die Menschen emotional und denken nicht mehr nach! Das ist der Plan, tote Kinder, ergo: erschütterte und dadurch hilfsbereite Deutsche, damit Merkel billige Lohnsklaven nach Deutschland holen kann, denn der Mindestlohn gilt nicht für Asylanten!!! Merkel hat Blut an den Händen, denn sie MUSSTE erst diese schlimmen Bilder produzieren bzw geschehen lassen, damit der naive Deutsche vor lauter Mitleid das Denken vergisst und eben bis Ende 2016 10 Millionen ins Land lässt, da die ja sonst alle ertrinken und so.",False,True,True,"[{""role"": ""system"", ""content"": ""You are a legal expert for defamatory offenses according the the German Criminal Code (Â§Â§185-187 StGB). Help the user decide whether given posts fall within in the scope of these articles.""}, {""role"": ""user"", ""content"": ""Is the following post criminally relevant with respect to Â§Â§185-187 StGB (Defamatory Offense)? Answer only with 'True' (criminally relevant according to Â§Â§185-187 StGB) or 'False' (not criminally relevant according to Â§Â§185-187 StGB).""}, {""role"": ""user"", ""content"": ""Jana, da liegst du völlig daneben, Bürger der DDR waren von Geburt und Kultur her Deutsche, auch nach dem Grundgesetz der BRD vor 1989, also von wegen wer auf deutschem Boden geboren ist und eine deutsche Herkunft und Kultur hat etc...!!! Um ein Flüchtling bzw. Asylsuchender zu sein, muss man schon eine andere Herkunft als die des Aufnahmelandes haben! Außerdem sind doch fast alle in den \""Neuen Bundesländern\"" geblieben die Einwohnerzahl dort liegt nur wenig unter dem was zu DDR-Zeiten an Population zu verzeichnen war! Das derzeit gültige Asylgesetz in der BRD sieht ünbrigens KEIN Asyl für Kriegsflüchtlinge vor, dafür ist/sind die Vereinten Nationen (UNHCR) zuständig, die Vereinten Nationen (UNHCR) hat/haben für die Syrer Aufnahmelager in Jordanien und in der Türkei, Frau Merkel hätte dort nur anrufen müssen, die Vereinten Nationen (UNHCR) hätte sich sicher über die Entlastung gefreut, keiner wäre ertrunken, niemad wäre verletzt wurden, alle wären registriert, ABER dann hätte Frau Merkel maximal 500.000 nehmen können, denn mehr hätten die Deutschen sicher nicht mitgemacht, nur durch ertrunkene Kinder und ähnliche Schreckensbilder werden die Menschen emotional und denken nicht mehr nach! Das ist der Plan, tote Kinder, ergo: erschütterte und dadurch hilfsbereite Deutsche, damit Merkel billige Lohnsklaven nach Deutschland holen kann, denn der Mindestlohn gilt nicht für Asylanten!!! Merkel hat Blut an den Händen, denn sie MUSSTE erst diese schlimmen Bilder produzieren bzw geschehen lassen, damit der naive Deutsche vor lauter Mitleid das Denken vergisst und eben bis Ende 2016 10 Millionen ins Land lässt, da die ja sonst alle ertrinken und so.""}]"
220,Ich hoffe mal bis Morgen ist der acc noch nicht gebannt ansonsten wünsch ich euch eine Gute Nacht Kameraden,False,False,False,"[{""role"": ""system"", ""content"": ""You are a legal expert for defamatory offenses according the the German Criminal Code (Â§Â§185-187 StGB). Help the user decide whether given posts fall within in the scope of these articles.""}, {""role"": ""user"", ""content"": ""Is the following post criminally relevant with respect to Â§Â§185-187 StGB (Defamatory Offense)? Answer only with 'True' (criminally relevant according to Â§Â§185-187 StGB) or 'False' (not criminally relevant according to Â§Â§185-187 StGB).""}, {""role"": ""user"", ""content"": ""Ich hoffe mal bis Morgen ist der acc noch nicht gebannt ansonsten wünsch ich euch eine Gute Nacht Kameraden""}]"
857328420972249,"Wenn man hier so von oben nach unten scrollt, bekommt man entweder Mitleid oder nen Kloß im Hals odern einen Hass. Letzteres besser nicht, den habt Ihr ja für Euch gepachtet. Ich sehe nur lauter gesichtslose Profile, viele erst ein paar Wochen alt, so als ob ihr nur drauf gewartet habt, eine Seite zu haben, die nicht offensichtlich rechtsradikal sein soll, es aber trotzdem ist. 

Es sind immer die gleichen Seppls, die hier schreiben, voller Hass auf alles, was nicht in ihr kleines spießiges Weltbild passt. Anstatt hier zu polemisieren, solltet ihr rausgehen und wirklich etws verändern. Kranken helfen und Behinderten, alten einsamen Menschen Gesellschaft bieten und gutes tun. Stattdessen palavert Ihr hier vom bösen Gutmenschen und von der Euch ja ach so dolle bedrohenden Antifa, dass Ihr alle bald Schleier tragen müsst und überhaupt das Abendland am untergehen ist. Deutschland - die Wiege des Humanismus - scheint - zumindest hier - nur noch ein Haufen dummer nichtsnutziger Ossis zu sein, die zu dumm sind, auch nur die einfachsten Zusammenhänge zu erkennen.

Und dann trefft Ihr Euch hier und hasst und schwadroniert von verlorenen Ostgebieten (ich könnte kotzen !!). Das, was Ihr hier macht, mutet an wie gemeinsames Massenonanieren ob der Tatsache, dass Ihr gar nicht in der Lage seid, wirkliche Liebe zu machen.",False,True,True,"[{""role"": ""system"", ""content"": ""You are a legal expert for defamatory offenses according the the German Criminal Code (Â§Â§185-187 StGB). Help the user decide whether given posts fall within in the scope of these articles.""}, {""role"": ""user"", ""content"": ""Is the following post criminally relevant with respect to Â§Â§185-187 StGB (Defamatory Offense)? Answer only with 'True' (criminally relevant according to Â§Â§185-187 StGB) or 'False' (not criminally relevant according to Â§Â§185-187 StGB).""}, {""role"": ""user"", ""content"": ""Wenn man hier so von oben nach unten scrollt, bekommt man entweder Mitleid oder nen Kloß im Hals odern einen Hass. Letzteres besser nicht, den habt Ihr ja für Euch gepachtet. Ich sehe nur lauter gesichtslose Profile, viele erst ein paar Wochen alt, so als ob ihr nur drauf gewartet habt, eine Seite zu haben, die nicht offensichtlich rechtsradikal sein soll, es aber trotzdem ist. \r\n\r\nEs sind immer die gleichen Seppls, die hier schreiben, voller Hass auf alles, was nicht in ihr kleines spießiges Weltbild passt. Anstatt hier zu polemisieren, solltet ihr rausgehen und wirklich etws verändern. Kranken helfen und Behinderten, alten einsamen Menschen Gesellschaft bieten und gutes tun. Stattdessen palavert Ihr hier vom bösen Gutmenschen und von der Euch ja ach so dolle bedrohenden Antifa, dass Ihr alle bald Schleier tragen müsst und überhaupt das Abendland am untergehen ist. Deutschland - die Wiege des Humanismus - scheint - zumindest hier - nur noch ein Haufen dummer nichtsnutziger Ossis zu sein, die zu dumm sind, auch nur die einfachsten Zusammenhänge zu erkennen.\r\n\r\nUnd dann trefft Ihr Euch hier und hasst und schwadroniert von verlorenen Ostgebieten (ich könnte kotzen !!). Das, was Ihr hier macht, mutet an wie gemeinsames Massenonanieren ob der Tatsache, dass Ihr gar nicht in der Lage seid, wirkliche Liebe zu machen.""}]"
1032,Die Zins-Schergen der EU rauben den Sparern Milliarden. |LBR| Und Schäuble freut sich mit diesen Verbrechern.,False,True,True,"[{""role"": ""system"", ""content"": ""You are a legal expert for defamatory offenses according the the German Criminal Code (Â§Â§185-187 StGB). Help the user decide whether given posts fall within in the scope of these articles.""}, {""role"": ""user"", ""content"": ""Is the following post criminally relevant with respect to Â§Â§185-187 StGB (Defamatory Offense)? Answer only with 'True' (criminally relevant according to Â§Â§185-187 StGB) or 'False' (not criminally relevant according to Â§Â§185-187 StGB).""}, {""role"": ""user"", ""content"": ""Die Zins-Schergen der EU rauben den Sparern Milliarden. |LBR| Und Schäuble freut sich mit diesen Verbrechern.""}]"
856819537689804,Stimmt übrigens-die machen das ungern-jede Woche Menschen vor dem linken Pack zu beschützen gegen schlechte Bezahlung!!Die meisten von denen würden lieber als Zivilist mit Pegida spazieren gehen!!,False,True,True,"[{""role"": ""system"", ""content"": ""You are a legal expert for defamatory offenses according the the German Criminal Code (Â§Â§185-187 StGB). Help the user decide whether given posts fall within in the scope of these articles.""}, {""role"": ""user"", ""content"": ""Is the following post criminally relevant with respect to Â§Â§185-187 StGB (Defamatory Offense)? Answer only with 'True' (criminally relevant according to Â§Â§185-187 StGB) or 'False' (not criminally relevant according to Â§Â§185-187 StGB).""}, {""role"": ""user"", ""content"": ""Stimmt übrigens-die machen das ungern-jede Woche Menschen vor dem linken Pack zu beschützen gegen schlechte Bezahlung!!Die meisten von denen würden lieber als Zivilist mit Pegida spazieren gehen!!""}]"
1057707757600980,Das ist ein Guter Nachricht. Die Franzosen haben der Merkel Rücken gezeigt und jetzt andere Länder. Vielleicht endlich begreift diese Weib dass sie Blöd und gefährlich ist. Sie gehört in eine Zwangsjacke.,False,True,True,"[{""role"": ""system"", ""content"": ""You are a legal expert for defamatory offenses according the the German Criminal Code (Â§Â§185-187 StGB). Help the user decide whether given posts fall within in the scope of these articles.""}, {""role"": ""user"", ""content"": ""Is the following post criminally relevant with respect to Â§Â§185-187 StGB (Defamatory Offense)? Answer only with 'True' (criminally relevant according to Â§Â§185-187 StGB) or 'False' (not criminally relevant according to Â§Â§185-187 StGB).""}, {""role"": ""user"", ""content"": ""Das ist ein Guter Nachricht. Die Franzosen haben der Merkel Rücken gezeigt und jetzt andere Länder. Vielleicht endlich begreift diese Weib dass sie Blöd und gefährlich ist. Sie gehört in eine Zwangsjacke.""}]"
1093380064033749,BAU AUF BAU AUF ::::: FREIE SYRISCHE JUGEND BAU AUF - FÜR EINE BESSERE ZUKUNFT - aber nicht in unserem Deutschland !!!,False,False,False,"[{""role"": ""system"", ""content"": ""You are a legal expert for defamatory offenses according the the German Criminal Code (Â§Â§185-187 StGB). Help the user decide whether given posts fall within in the scope of these articles.""}, {""role"": ""user"", ""content"": ""Is the following post criminally relevant with respect to Â§Â§185-187 StGB (Defamatory Offense)? Answer only with 'True' (criminally relevant according to Â§Â§185-187 StGB) or 'False' (not criminally relevant according to Â§Â§185-187 StGB).""}, {""role"": ""user"", ""content"": ""BAU AUF BAU AUF ::::: FREIE SYRISCHE JUGEND BAU AUF - FÜR EINE BESSERE ZUKUNFT - aber nicht in unserem Deutschland !!!""}]"
960850580620032,Ganz klar ein Nah Zieh :p,False,False,False,"[{""role"": ""system"", ""content"": ""You are a legal expert for defamatory offenses according the the German Criminal Code (Â§Â§185-187 StGB). Help the user decide whether given posts fall within in the scope of these articles.""}, {""role"": ""user"", ""content"": ""Is the following post criminally relevant with respect to Â§Â§185-187 StGB (Defamatory Offense)? Answer only with 'True' (criminally relevant according to Â§Â§185-187 StGB) or 'False' (not criminally relevant according to Â§Â§185-187 StGB).""}, {""role"": ""user"", ""content"": ""Ganz klar ein Nah Zieh :p""}]"
886,Mach ma weiter so @spdbt @spdde #gabriel macht scheinbar alles für den #erdogan . #fckerdogan #ErdoganTheButcher #erdoganistderhass,False,False,False,"[{""role"": ""system"", ""content"": ""You are a legal expert for defamatory offenses according the the German Criminal Code (Â§Â§185-187 StGB). Help the user decide whether given posts fall within in the scope of these articles.""}, {""role"": ""user"", ""content"": ""Is the following post criminally relevant with respect to Â§Â§185-187 StGB (Defamatory Offense)? Answer only with 'True' (criminally relevant according to Â§Â§185-187 StGB) or 'False' (not criminally relevant according to Â§Â§185-187 StGB).""}, {""role"": ""user"", ""content"": ""Mach ma weiter so @spdbt @spdde #gabriel macht scheinbar alles für den #erdogan . #fckerdogan #ErdoganTheButcher #erdoganistderhass""}]"
856796891025402,"Mudy Fa, warum kann man Untermenschen wie dich einfach nicht ernst nehmen? 
Es gibt kein Gott. Keine Hölle.",True,True,True,"[{""role"": ""system"", ""content"": ""You are a legal expert for defamatory offenses according the the German Criminal Code (Â§Â§185-187 StGB). Help the user decide whether given posts fall within in the scope of these articles.""}, {""role"": ""user"", ""content"": ""Is the following post criminally relevant with respect to Â§Â§185-187 StGB (Defamatory Offense)? Answer only with 'True' (criminally relevant according to Â§Â§185-187 StGB) or 'False' (not criminally relevant according to Â§Â§185-187 StGB).""}, {""role"": ""user"", ""content"": ""Mudy Fa, warum kann man Untermenschen wie dich einfach nicht ernst nehmen? \r\nEs gibt kein Gott. Keine Hölle.""}]"
977076302330793,"Das ist doch immer so, solange man das Gesocks nicht um sich rum hat kann man die Antihaltung doch gar nicht verstehen.",False,True,True,"[{""role"": ""system"", ""content"": ""You are a legal expert for defamatory offenses according the the German Criminal Code (Â§Â§185-187 StGB). Help the user decide whether given posts fall within in the scope of these articles.""}, {""role"": ""user"", ""content"": ""Is the following post criminally relevant with respect to Â§Â§185-187 StGB (Defamatory Offense)? Answer only with 'True' (criminally relevant according to Â§Â§185-187 StGB) or 'False' (not criminally relevant according to Â§Â§185-187 StGB).""}, {""role"": ""user"", ""content"": ""Das ist doch immer so, solange man das Gesocks nicht um sich rum hat kann man die Antihaltung doch gar nicht verstehen.""}]"
858282557543502,"Also diese Argumentation passt vorne und hinten nicht und geht total am Thema vorbei. Daher kommen werder die geäußerten Probleme noch ängste der Pegidaanhänger. Was ist Bunt an Parallelgesellschaften? An Islamisierten Rekrutierern die Leute anwerben um sie zum Abschlachten zu schicken, an Sozialschmarotzern? Und ich wette so bunt gedacht ist's dann garantiert bei dir nicht solltest du die wahl haben in einen Problembezirt ziehen oder in einen wo's gesittet abläuft. Übrigens das was du da gut heißt wäre dir in einer Islamistischen Gesellschaft alles Verboten... Kein Auto Fahren, kein zum Döner, Pizza, oder Burger essen gehen. zumindest nicht allein unverschleiert etc.",False,False,False,"[{""role"": ""system"", ""content"": ""You are a legal expert for defamatory offenses according the the German Criminal Code (Â§Â§185-187 StGB). Help the user decide whether given posts fall within in the scope of these articles.""}, {""role"": ""user"", ""content"": ""Is the following post criminally relevant with respect to Â§Â§185-187 StGB (Defamatory Offense)? Answer only with 'True' (criminally relevant according to Â§Â§185-187 StGB) or 'False' (not criminally relevant according to Â§Â§185-187 StGB).""}, {""role"": ""user"", ""content"": ""Also diese Argumentation passt vorne und hinten nicht und geht total am Thema vorbei. Daher kommen werder die geäußerten Probleme noch ängste der Pegidaanhänger. Was ist Bunt an Parallelgesellschaften? An Islamisierten Rekrutierern die Leute anwerben um sie zum Abschlachten zu schicken, an Sozialschmarotzern? Und ich wette so bunt gedacht ist's dann garantiert bei dir nicht solltest du die wahl haben in einen Problembezirt ziehen oder in einen wo's gesittet abläuft. Übrigens das was du da gut heißt wäre dir in einer Islamistischen Gesellschaft alles Verboten... Kein Auto Fahren, kein zum Döner, Pizza, oder Burger essen gehen. zumindest nicht allein unverschleiert etc.""}]"
1055609087810847,"zu wenig, zu spät ...... Ich wurde seit September erzählt die Ägäis von Kriegsschiffen zu patrouillieren. Alle Wander Boot sei an die türkische Küste geschleppt zurück. Auch alle 1,1 Millionen illegale, Vergewaltiger Araber (die im Jahr 2015 nach Deutschland kam) muss über große Frachtschiffe in die Türkei abgeschoben werden. Es ist Zeit, dass die Türkei die 3000000000 € verwendet die Flüchtlinge in Lagern in Syrien und der Türkei anzusiedeln. http://www.dailymail.co.uk/news/article-3439756/We-ll-send-warships-says-Nato-Vessels-set-patrol-Aegean-Sea-attempt-stop-migrants-crossing.html",False,True,True,"[{""role"": ""system"", ""content"": ""You are a legal expert for defamatory offenses according the the German Criminal Code (Â§Â§185-187 StGB). Help the user decide whether given posts fall within in the scope of these articles.""}, {""role"": ""user"", ""content"": ""Is the following post criminally relevant with respect to Â§Â§185-187 StGB (Defamatory Offense)? Answer only with 'True' (criminally relevant according to Â§Â§185-187 StGB) or 'False' (not criminally relevant according to Â§Â§185-187 StGB).""}, {""role"": ""user"", ""content"": ""zu wenig, zu spät ...... Ich wurde seit September erzählt die Ägäis von Kriegsschiffen zu patrouillieren. Alle Wander Boot sei an die türkische Küste geschleppt zurück. Auch alle 1,1 Millionen illegale, Vergewaltiger Araber (die im Jahr 2015 nach Deutschland kam) muss über große Frachtschiffe in die Türkei abgeschoben werden. Es ist Zeit, dass die Türkei die 3000000000 € verwendet die Flüchtlinge in Lagern in Syrien und der Türkei anzusiedeln. http://www.dailymail.co.uk/news/article-3439756/We-ll-send-warships-says-Nato-Vessels-set-patrol-Aegean-Sea-attempt-stop-migrants-crossing.html""}]"
935263819845375,Party im Vogel Käfig beendet! Dreckspack,False,True,True,"[{""role"": ""system"", ""content"": ""You are a legal expert for defamatory offenses according the the German Criminal Code (Â§Â§185-187 StGB). Help the user decide whether given posts fall within in the scope of these articles.""}, {""role"": ""user"", ""content"": ""Is the following post criminally relevant with respect to Â§Â§185-187 StGB (Defamatory Offense)? Answer only with 'True' (criminally relevant according to Â§Â§185-187 StGB) or 'False' (not criminally relevant according to Â§Â§185-187 StGB).""}, {""role"": ""user"", ""content"": ""Party im Vogel Käfig beendet! Dreckspack""}]"
1010344532337303,"Sarah Stolberg - wozu? Hauptsache ist es doch, dass dein Stammbaum anders ist, als der der meisten hier: Kein Kreis...",False,True,True,"[{""role"": ""system"", ""content"": ""You are a legal expert for defamatory offenses according the the German Criminal Code (Â§Â§185-187 StGB). Help the user decide whether given posts fall within in the scope of these articles.""}, {""role"": ""user"", ""content"": ""Is the following post criminally relevant with respect to Â§Â§185-187 StGB (Defamatory Offense)? Answer only with 'True' (criminally relevant according to Â§Â§185-187 StGB) or 'False' (not criminally relevant according to Â§Â§185-187 StGB).""}, {""role"": ""user"", ""content"": ""Sarah Stolberg - wozu? Hauptsache ist es doch, dass dein Stammbaum anders ist, als der der meisten hier: Kein Kreis...""}]"
885890814782676,"""Tag des Zorn's"" - - - - nette Umschreibung für""Hirnspasten gegen alles was nervt[@POL] u nicht zu vergessen.... gegen fiese Mülltonnen",False,True,True,"[{""role"": ""system"", ""content"": ""You are a legal expert for defamatory offenses according the the German Criminal Code (Â§Â§185-187 StGB). Help the user decide whether given posts fall within in the scope of these articles.""}, {""role"": ""user"", ""content"": ""Is the following post criminally relevant with respect to Â§Â§185-187 StGB (Defamatory Offense)? Answer only with 'True' (criminally relevant according to Â§Â§185-187 StGB) or 'False' (not criminally relevant according to Â§Â§185-187 StGB).""}, {""role"": ""user"", ""content"": ""\""Tag des Zorn's\"" - - - - nette Umschreibung für\""Hirnspasten gegen alles was nervt[@POL] u nicht zu vergessen.... gegen fiese Mülltonnen""}]"
1056918667679889,Die Volksverräter bekommen nichts auf die Reihe.Volksaufstand und weg mit den ganzen Scheiß.,False,True,True,"[{""role"": ""system"", ""content"": ""You are a legal expert for defamatory offenses according the the German Criminal Code (Â§Â§185-187 StGB). Help the user decide whether given posts fall within in the scope of these articles.""}, {""role"": ""user"", ""content"": ""Is the following post criminally relevant with respect to Â§Â§185-187 StGB (Defamatory Offense)? Answer only with 'True' (criminally relevant according to Â§Â§185-187 StGB) or 'False' (not criminally relevant according to Â§Â§185-187 StGB).""}, {""role"": ""user"", ""content"": ""Die Volksverräter bekommen nichts auf die Reihe.Volksaufstand und weg mit den ganzen Scheiß.""}]"
1064999243538498,"Nix mehr gauner-""Balkan-Route"". die Trojaner hocken jetzt in Griechenland , grenzen werden gesperrt. Na endlich !! mußte man erst 2 mio. von diesen Schnorrern hier herbeilocken ? Das hätte sofort gestoppt gehört , diese mega-Gangsterei namens ""Balkanroute"".http://www.sueddeutsche.de/politik/fluechtlinge-auf-der-balkanroute-balkanstaaten-machen-dicht-mehr-als-fluechtlinge-sitzen-fest-1.2882941",False,False,False,"[{""role"": ""system"", ""content"": ""You are a legal expert for defamatory offenses according the the German Criminal Code (Â§Â§185-187 StGB). Help the user decide whether given posts fall within in the scope of these articles.""}, {""role"": ""user"", ""content"": ""Is the following post criminally relevant with respect to Â§Â§185-187 StGB (Defamatory Offense)? Answer only with 'True' (criminally relevant according to Â§Â§185-187 StGB) or 'False' (not criminally relevant according to Â§Â§185-187 StGB).""}, {""role"": ""user"", ""content"": ""Nix mehr gauner-\""Balkan-Route\"". die Trojaner hocken jetzt in Griechenland , grenzen werden gesperrt. Na endlich !! mußte man erst 2 mio. von diesen Schnorrern hier herbeilocken ? Das hätte sofort gestoppt gehört , diese mega-Gangsterei namens \""Balkanroute\"".http://www.sueddeutsche.de/politik/fluechtlinge-auf-der-balkanroute-balkanstaaten-machen-dicht-mehr-als-fluechtlinge-sitzen-fest-1.2882941""}]"
982668405104916,"Da platzt die Asylantenkönigin sicher vor Stolz, wenn sie IHR zukünftiges Volk so kämpfen sieht.. mom i geh mal kotzen.......",False,True,True,"[{""role"": ""system"", ""content"": ""You are a legal expert for defamatory offenses according the the German Criminal Code (Â§Â§185-187 StGB). Help the user decide whether given posts fall within in the scope of these articles.""}, {""role"": ""user"", ""content"": ""Is the following post criminally relevant with respect to Â§Â§185-187 StGB (Defamatory Offense)? Answer only with 'True' (criminally relevant according to Â§Â§185-187 StGB) or 'False' (not criminally relevant according to Â§Â§185-187 StGB).""}, {""role"": ""user"", ""content"": ""Da platzt die Asylantenkönigin sicher vor Stolz, wenn sie IHR zukünftiges Volk so kämpfen sieht.. mom i geh mal kotzen.......""}]"
1107862625918826,"bringt Wasser, bringt Seife. Wascht sie, denn sie stinken wie Scheiße....",True,True,True,"[{""role"": ""system"", ""content"": ""You are a legal expert for defamatory offenses according the the German Criminal Code (Â§Â§185-187 StGB). Help the user decide whether given posts fall within in the scope of these articles.""}, {""role"": ""user"", ""content"": ""Is the following post criminally relevant with respect to Â§Â§185-187 StGB (Defamatory Offense)? Answer only with 'True' (criminally relevant according to Â§Â§185-187 StGB) or 'False' (not criminally relevant according to Â§Â§185-187 StGB).""}, {""role"": ""user"", ""content"": ""bringt Wasser, bringt Seife. Wascht sie, denn sie stinken wie Scheiße....""}]"
856822887689469,"Juliana Louise , Jaaa. Ach naja... Mit dem messer zerfetzt - bei lebendigem leibe  verbrannt - Kehle durchgeschnitten und dem noch dampfenden Körper  vielleicht noch den Schädel zertrümmert...... geschenkt!!
Viel schlimmer sind doch die Deutschen NahtsieRentner in den S-bahnen,  die immer so grimmig gucken, wenn marodierende Ausländer das Abteil  betreten..",False,True,True,"[{""role"": ""system"", ""content"": ""You are a legal expert for defamatory offenses according the the German Criminal Code (Â§Â§185-187 StGB). Help the user decide whether given posts fall within in the scope of these articles.""}, {""role"": ""user"", ""content"": ""Is the following post criminally relevant with respect to Â§Â§185-187 StGB (Defamatory Offense)? Answer only with 'True' (criminally relevant according to Â§Â§185-187 StGB) or 'False' (not criminally relevant according to Â§Â§185-187 StGB).""}, {""role"": ""user"", ""content"": ""Juliana Louise , Jaaa. Ach naja... Mit dem messer zerfetzt - bei lebendigem leibe  verbrannt - Kehle durchgeschnitten und dem noch dampfenden Körper  vielleicht noch den Schädel zertrümmert...... geschenkt!!\r\nViel schlimmer sind doch die Deutschen NahtsieRentner in den S-bahnen,  die immer so grimmig gucken, wenn marodierende Ausländer das Abteil  betreten..""}]"
1152511724787249,"Ich schaue mir keine Nachrichten mehr in den öffentlich rechtlichen Medien an. Dort bekomme ich das gezeigt und zu hören, was ich als dummer Deutscher hören soll und darf.",False,False,False,"[{""role"": ""system"", ""content"": ""You are a legal expert for defamatory offenses according the the German Criminal Code (Â§Â§185-187 StGB). Help the user decide whether given posts fall within in the scope of these articles.""}, {""role"": ""user"", ""content"": ""Is the following post criminally relevant with respect to Â§Â§185-187 StGB (Defamatory Offense)? Answer only with 'True' (criminally relevant according to Â§Â§185-187 StGB) or 'False' (not criminally relevant according to Â§Â§185-187 StGB).""}, {""role"": ""user"", ""content"": ""Ich schaue mir keine Nachrichten mehr in den öffentlich rechtlichen Medien an. Dort bekomme ich das gezeigt und zu hören, was ich als dummer Deutscher hören soll und darf.""}]"
925501377488286,Jakob Johannes Wuertz   wer bei BASF Arbeitet hahaha na was haben die für ADOLF Produziert ?? Du WICHT  und nach her gejammert : Wir mußten das machen  hahahaha,False,True,True,"[{""role"": ""system"", ""content"": ""You are a legal expert for defamatory offenses according the the German Criminal Code (Â§Â§185-187 StGB). Help the user decide whether given posts fall within in the scope of these articles.""}, {""role"": ""user"", ""content"": ""Is the following post criminally relevant with respect to Â§Â§185-187 StGB (Defamatory Offense)? Answer only with 'True' (criminally relevant according to Â§Â§185-187 StGB) or 'False' (not criminally relevant according to Â§Â§185-187 StGB).""}, {""role"": ""user"", ""content"": ""Jakob Johannes Wuertz   wer bei BASF Arbeitet hahaha na was haben die für ADOLF Produziert ?? Du WICHT  und nach her gejammert : Wir mußten das machen  hahahaha""}]"
1105436602828095,"es ist schade um die armen schweineköpfe, dafür sind die viel zu schade. rausschmeißen, diese oberschmarotzer",False,True,True,"[{""role"": ""system"", ""content"": ""You are a legal expert for defamatory offenses according the the German Criminal Code (Â§Â§185-187 StGB). Help the user decide whether given posts fall within in the scope of these articles.""}, {""role"": ""user"", ""content"": ""Is the following post criminally relevant with respect to Â§Â§185-187 StGB (Defamatory Offense)? Answer only with 'True' (criminally relevant according to Â§Â§185-187 StGB) or 'False' (not criminally relevant according to Â§Â§185-187 StGB).""}, {""role"": ""user"", ""content"": ""es ist schade um die armen schweineköpfe, dafür sind die viel zu schade. rausschmeißen, diese oberschmarotzer""}]"
857857124252712,"Hanns Dieter Schramke ""ich habe weiß gott, nichts gegen die juden, aber...."" haha! classic! Ich dachte, so was schreibt heutzutage schon keiner mehr, weil es so klischee-mäßig ist. Schön, dass es noch Leute gibt.
""ich mach das schon über 60 jahre. ich kann nicht mehr."". Dann danken wir Dir dafür. Du bist entlassen und darfst von uns gehen. Einfach aufhören zu essen und zu trinken. Nach ein paar Tagen hast Du es hinter Dir.",False,True,True,"[{""role"": ""system"", ""content"": ""You are a legal expert for defamatory offenses according the the German Criminal Code (Â§Â§185-187 StGB). Help the user decide whether given posts fall within in the scope of these articles.""}, {""role"": ""user"", ""content"": ""Is the following post criminally relevant with respect to Â§Â§185-187 StGB (Defamatory Offense)? Answer only with 'True' (criminally relevant according to Â§Â§185-187 StGB) or 'False' (not criminally relevant according to Â§Â§185-187 StGB).""}, {""role"": ""user"", ""content"": ""Hanns Dieter Schramke \""ich habe weiß gott, nichts gegen die juden, aber....\"" haha! classic! Ich dachte, so was schreibt heutzutage schon keiner mehr, weil es so klischee-mäßig ist. Schön, dass es noch Leute gibt.\r\n\""ich mach das schon über 60 jahre. ich kann nicht mehr.\"". Dann danken wir Dir dafür. Du bist entlassen und darfst von uns gehen. Einfach aufhören zu essen und zu trinken. Nach ein paar Tagen hast Du es hinter Dir.""}]"
1095973023774453,"Haben erfahren das die hier jede Vergewaltigten dürfen sowie die grad lustig sind. Deshalb wollen die auf schnellsten Wege hier her.
Werden dafür ja nicht belangt in diesem verfickten Rechtsstaat.
Die würde der Opfer die die sich vornehmen interessiert sie gleich Null.",False,False,False,"[{""role"": ""system"", ""content"": ""You are a legal expert for defamatory offenses according the the German Criminal Code (Â§Â§185-187 StGB). Help the user decide whether given posts fall within in the scope of these articles.""}, {""role"": ""user"", ""content"": ""Is the following post criminally relevant with respect to Â§Â§185-187 StGB (Defamatory Offense)? Answer only with 'True' (criminally relevant according to Â§Â§185-187 StGB) or 'False' (not criminally relevant according to Â§Â§185-187 StGB).""}, {""role"": ""user"", ""content"": ""Haben erfahren das die hier jede Vergewaltigten dürfen sowie die grad lustig sind. Deshalb wollen die auf schnellsten Wege hier her.\r\nWerden dafür ja nicht belangt in diesem verfickten Rechtsstaat.\r\nDie würde der Opfer die die sich vornehmen interessiert sie gleich Null.""}]"
857590257612732,"Weder Christen, JUDEN noch Islamisten gehören zu Deutschland bzw. Europa 

Denn Europa ist germanischer Grund und Boden",False,True,True,"[{""role"": ""system"", ""content"": ""You are a legal expert for defamatory offenses according the the German Criminal Code (Â§Â§185-187 StGB). Help the user decide whether given posts fall within in the scope of these articles.""}, {""role"": ""user"", ""content"": ""Is the following post criminally relevant with respect to Â§Â§185-187 StGB (Defamatory Offense)? Answer only with 'True' (criminally relevant according to Â§Â§185-187 StGB) or 'False' (not criminally relevant according to Â§Â§185-187 StGB).""}, {""role"": ""user"", ""content"": ""Weder Christen, JUDEN noch Islamisten gehören zu Deutschland bzw. Europa \r\n\r\nDenn Europa ist germanischer Grund und Boden""}]"
953,"#Transgender #Model sagt nach sämtlichen Operationen, Brust und Genitalbereich, |LBR| ""nun bin ich eine richtige Frau."" |LBR| Richtige #Frau? |LBR| Ohne #Eierstöcke und #Gebärmutter? |LBR| Wie d*** diese Menschen doch sind!",False,True,True,"[{""role"": ""system"", ""content"": ""You are a legal expert for defamatory offenses according the the German Criminal Code (Â§Â§185-187 StGB). Help the user decide whether given posts fall within in the scope of these articles.""}, {""role"": ""user"", ""content"": ""Is the following post criminally relevant with respect to Â§Â§185-187 StGB (Defamatory Offense)? Answer only with 'True' (criminally relevant according to Â§Â§185-187 StGB) or 'False' (not criminally relevant according to Â§Â§185-187 StGB).""}, {""role"": ""user"", ""content"": ""#Transgender #Model sagt nach sämtlichen Operationen, Brust und Genitalbereich, |LBR| \""nun bin ich eine richtige Frau.\"" |LBR| Richtige #Frau? |LBR| Ohne #Eierstöcke und #Gebärmutter? |LBR| Wie d*** diese Menschen doch sind!""}]"
263,@shlomosapiens @KrahMax Ich will nicht das es Kriminellen Flüchtlingen Deserteuren und Feiglingen hier besser geht..erst recht nicht dem Afrika-Pack |LBR| Und weder bin ich Rassist noch ein Nazi noch xenophob....!,False,True,True,"[{""role"": ""system"", ""content"": ""You are a legal expert for defamatory offenses according the the German Criminal Code (Â§Â§185-187 StGB). Help the user decide whether given posts fall within in the scope of these articles.""}, {""role"": ""user"", ""content"": ""Is the following post criminally relevant with respect to Â§Â§185-187 StGB (Defamatory Offense)? Answer only with 'True' (criminally relevant according to Â§Â§185-187 StGB) or 'False' (not criminally relevant according to Â§Â§185-187 StGB).""}, {""role"": ""user"", ""content"": ""@shlomosapiens @KrahMax Ich will nicht das es Kriminellen Flüchtlingen Deserteuren und Feiglingen hier besser geht..erst recht nicht dem Afrika-Pack |LBR| Und weder bin ich Rassist noch ein Nazi noch xenophob....!""}]"
150,@johannesdal Beweisen sie Gott und melden sie sich bitte wieder. Die Beweispflicht obliegt nicht den Atheisten.,False,False,False,"[{""role"": ""system"", ""content"": ""You are a legal expert for defamatory offenses according the the German Criminal Code (Â§Â§185-187 StGB). Help the user decide whether given posts fall within in the scope of these articles.""}, {""role"": ""user"", ""content"": ""Is the following post criminally relevant with respect to Â§Â§185-187 StGB (Defamatory Offense)? Answer only with 'True' (criminally relevant according to Â§Â§185-187 StGB) or 'False' (not criminally relevant according to Â§Â§185-187 StGB).""}, {""role"": ""user"", ""content"": ""@johannesdal Beweisen sie Gott und melden sie sich bitte wieder. Die Beweispflicht obliegt nicht den Atheisten.""}]"
1065216030183486,"alles nur dreck was die Posten,alle AAAAAAFDDDD wählen ganz wichtig und macht Fotos von euren Stimmzettel,was ihr gewählt habt,den es werden wieder viele viele 1000sende Verschwinden und seit gestern ist es amtlich,das Merkel den deutschen kein Geld etc zukommen lääst sowie den Flüchtlingen,wurde alles abgeblockt,wir haben kein Geld für deutsche sondern nur für die Invasoren",False,False,False,"[{""role"": ""system"", ""content"": ""You are a legal expert for defamatory offenses according the the German Criminal Code (Â§Â§185-187 StGB). Help the user decide whether given posts fall within in the scope of these articles.""}, {""role"": ""user"", ""content"": ""Is the following post criminally relevant with respect to Â§Â§185-187 StGB (Defamatory Offense)? Answer only with 'True' (criminally relevant according to Â§Â§185-187 StGB) or 'False' (not criminally relevant according to Â§Â§185-187 StGB).""}, {""role"": ""user"", ""content"": ""alles nur dreck was die Posten,alle AAAAAAFDDDD wählen ganz wichtig und macht Fotos von euren Stimmzettel,was ihr gewählt habt,den es werden wieder viele viele 1000sende Verschwinden und seit gestern ist es amtlich,das Merkel den deutschen kein Geld etc zukommen lääst sowie den Flüchtlingen,wurde alles abgeblockt,wir haben kein Geld für deutsche sondern nur für die Invasoren""}]"
268,@wasistzeitgeist @artepmobil Besser sie machen es sich hier nicht zu gemütlich,False,False,False,"[{""role"": ""system"", ""content"": ""You are a legal expert for defamatory offenses according the the German Criminal Code (Â§Â§185-187 StGB). Help the user decide whether given posts fall within in the scope of these articles.""}, {""role"": ""user"", ""content"": ""Is the following post criminally relevant with respect to Â§Â§185-187 StGB (Defamatory Offense)? Answer only with 'True' (criminally relevant according to Â§Â§185-187 StGB) or 'False' (not criminally relevant according to Â§Â§185-187 StGB).""}, {""role"": ""user"", ""content"": ""@wasistzeitgeist @artepmobil Besser sie machen es sich hier nicht zu gemütlich""}]"
1096082237096865,"Die Griechen und ihre Regierungen, haben seit Jahrzehnten Nix auf die Reihe bekommen und sich durch Betrug und Lügen den Beitritt zur Eurozone ergaunert! Warum sollen noch unsere Kinder und Enkelkinder, für dieses Land noch die Schulden Jahrzehnte lang bezahlen?",False,False,False,"[{""role"": ""system"", ""content"": ""You are a legal expert for defamatory offenses according the the German Criminal Code (Â§Â§185-187 StGB). Help the user decide whether given posts fall within in the scope of these articles.""}, {""role"": ""user"", ""content"": ""Is the following post criminally relevant with respect to Â§Â§185-187 StGB (Defamatory Offense)? Answer only with 'True' (criminally relevant according to Â§Â§185-187 StGB) or 'False' (not criminally relevant according to Â§Â§185-187 StGB).""}, {""role"": ""user"", ""content"": ""Die Griechen und ihre Regierungen, haben seit Jahrzehnten Nix auf die Reihe bekommen und sich durch Betrug und Lügen den Beitritt zur Eurozone ergaunert! Warum sollen noch unsere Kinder und Enkelkinder, für dieses Land noch die Schulden Jahrzehnte lang bezahlen?""}]"
962255010479589,"LOL. Sie sind doch diejenige, die Fotos aus dem Zusammenhang reissen, nicht deren Urheberschaft recherchieren, nur damit sie behaupten können, dass Friedhofsschändungen durch Flüchtlinge ""gang und gäbe"" seien (Ihre Wortwahl Fr. Tiergen"") Wenn Sie das Foto auch nur einmal betrachtet hätten, dann hätten Sie sofort stutzig werden müssen. Auch hätten Sie sich die Frage mal stellen sollen,, warum Flüchtlinge sich die Mühe machen, massenweise über eine Friedhofsmauer zu klettern, wenn es doch offene Eingänge gibt. Einmal eine falsche Information gelesen, festgesetzt im Kopf, weil es ja sooo schön ihre Vorurteile bestätigt. Und hier erneut: Sie haben sich nicht die Mühe gemacht, mal nach dem Institut zu googeln, die Ihnen angebotene Information zu hinterfragen. Es passt einfach so schön in Ihr vorurteilsvolles Weltbild.",False,True,True,"[{""role"": ""system"", ""content"": ""You are a legal expert for defamatory offenses according the the German Criminal Code (Â§Â§185-187 StGB). Help the user decide whether given posts fall within in the scope of these articles.""}, {""role"": ""user"", ""content"": ""Is the following post criminally relevant with respect to Â§Â§185-187 StGB (Defamatory Offense)? Answer only with 'True' (criminally relevant according to Â§Â§185-187 StGB) or 'False' (not criminally relevant according to Â§Â§185-187 StGB).""}, {""role"": ""user"", ""content"": ""LOL. Sie sind doch diejenige, die Fotos aus dem Zusammenhang reissen, nicht deren Urheberschaft recherchieren, nur damit sie behaupten können, dass Friedhofsschändungen durch Flüchtlinge \""gang und gäbe\"" seien (Ihre Wortwahl Fr. Tiergen\"") Wenn Sie das Foto auch nur einmal betrachtet hätten, dann hätten Sie sofort stutzig werden müssen. Auch hätten Sie sich die Frage mal stellen sollen,, warum Flüchtlinge sich die Mühe machen, massenweise über eine Friedhofsmauer zu klettern, wenn es doch offene Eingänge gibt. Einmal eine falsche Information gelesen, festgesetzt im Kopf, weil es ja sooo schön ihre Vorurteile bestätigt. Und hier erneut: Sie haben sich nicht die Mühe gemacht, mal nach dem Institut zu googeln, die Ihnen angebotene Information zu hinterfragen. Es passt einfach so schön in Ihr vorurteilsvolles Weltbild.""}]"
339,"@hdBerretz Gut, dann wissen sie von was ich rede, ich bin kein Freund von Prophetien, aber vieles deutet auf eine Art Selbsterfüllung hin, trotzdem, alles hängt von den Menschen selbst ab und wie weit sie in ihrer geistigen Entwicklung sind.",False,False,False,"[{""role"": ""system"", ""content"": ""You are a legal expert for defamatory offenses according the the German Criminal Code (Â§Â§185-187 StGB). Help the user decide whether given posts fall within in the scope of these articles.""}, {""role"": ""user"", ""content"": ""Is the following post criminally relevant with respect to Â§Â§185-187 StGB (Defamatory Offense)? Answer only with 'True' (criminally relevant according to Â§Â§185-187 StGB) or 'False' (not criminally relevant according to Â§Â§185-187 StGB).""}, {""role"": ""user"", ""content"": ""@hdBerretz Gut, dann wissen sie von was ich rede, ich bin kein Freund von Prophetien, aber vieles deutet auf eine Art Selbsterfüllung hin, trotzdem, alles hängt von den Menschen selbst ab und wie weit sie in ihrer geistigen Entwicklung sind.""}]"
855180131187078,"Der Roma Marijan Memedovic (43) floh mit seiner taubstummen Frau (44)  und drei Kindern (15, 11, 11) aus Serbien, sagt: „Ich hatte keinen Job,  kein Geld und keine Krankenversicherung. Ich lieh mir 1 000 Euro von  einem Nachbarn, damit wir nach Deutschland fahren konnten.“------------------ Wirtschaftsflüchtling!!! Hier gibbet dann 3x Kindergeld und Hartz 4 und ne Wohnung......",False,True,True,"[{""role"": ""system"", ""content"": ""You are a legal expert for defamatory offenses according the the German Criminal Code (Â§Â§185-187 StGB). Help the user decide whether given posts fall within in the scope of these articles.""}, {""role"": ""user"", ""content"": ""Is the following post criminally relevant with respect to Â§Â§185-187 StGB (Defamatory Offense)? Answer only with 'True' (criminally relevant according to Â§Â§185-187 StGB) or 'False' (not criminally relevant according to Â§Â§185-187 StGB).""}, {""role"": ""user"", ""content"": ""Der Roma Marijan Memedovic (43) floh mit seiner taubstummen Frau (44)  und drei Kindern (15, 11, 11) aus Serbien, sagt: „Ich hatte keinen Job,  kein Geld und keine Krankenversicherung. Ich lieh mir 1 000 Euro von  einem Nachbarn, damit wir nach Deutschland fahren konnten.“------------------ Wirtschaftsflüchtling!!! Hier gibbet dann 3x Kindergeld und Hartz 4 und ne Wohnung......""}]"
1318,"Es gibt Menschen, die sich wagen, die Wahrheit beim Namen zu nennen und müssen dafür durch die Judenbrut und ihren Pestbeulen um ihre Gesundheit, ihre Familie, ihre Kinder und womöglich um ihr Leben fürchten und dazu gehört neben Kirsten Heisig und vielen deutschen Patrioten anderer Länder auch Prof. Bilyana Martinovski.",True,True,True,"[{""role"": ""system"", ""content"": ""You are a legal expert for defamatory offenses according the the German Criminal Code (Â§Â§185-187 StGB). Help the user decide whether given posts fall within in the scope of these articles.""}, {""role"": ""user"", ""content"": ""Is the following post criminally relevant with respect to Â§Â§185-187 StGB (Defamatory Offense)? Answer only with 'True' (criminally relevant according to Â§Â§185-187 StGB) or 'False' (not criminally relevant according to Â§Â§185-187 StGB).""}, {""role"": ""user"", ""content"": ""Es gibt Menschen, die sich wagen, die Wahrheit beim Namen zu nennen und müssen dafür durch die Judenbrut und ihren Pestbeulen um ihre Gesundheit, ihre Familie, ihre Kinder und womöglich um ihr Leben fürchten und dazu gehört neben Kirsten Heisig und vielen deutschen Patrioten anderer Länder auch Prof. Bilyana Martinovski.""}]"
888195264552231,"Linke haben Deutschland auch nicht voran gebracht.  Eher in den Abgrund. ..
Die goldene Mitte ist das Stichwort auch wenn in der Politik fast alles Links Grün versifft ist",False,False,False,"[{""role"": ""system"", ""content"": ""You are a legal expert for defamatory offenses according the the German Criminal Code (Â§Â§185-187 StGB). Help the user decide whether given posts fall within in the scope of these articles.""}, {""role"": ""user"", ""content"": ""Is the following post criminally relevant with respect to Â§Â§185-187 StGB (Defamatory Offense)? Answer only with 'True' (criminally relevant according to Â§Â§185-187 StGB) or 'False' (not criminally relevant according to Â§Â§185-187 StGB).""}, {""role"": ""user"", ""content"": ""Linke haben Deutschland auch nicht voran gebracht.  Eher in den Abgrund. ..\r\nDie goldene Mitte ist das Stichwort auch wenn in der Politik fast alles Links Grün versifft ist""}]"
894880677217023,"Richtig ich  hätte natürlich schreiben sollen: Im Namen des Islam werden 1000 Menschen am Tag getötet. Wie kann man dieser Terror Religion in Europa den Boden bereiten. Das ist wirklich unfass bar, Du Hirn. Ich glaube Du gehörst auch zu denen, die hier den Islam verbreiten wollen.",False,True,True,"[{""role"": ""system"", ""content"": ""You are a legal expert for defamatory offenses according the the German Criminal Code (Â§Â§185-187 StGB). Help the user decide whether given posts fall within in the scope of these articles.""}, {""role"": ""user"", ""content"": ""Is the following post criminally relevant with respect to Â§Â§185-187 StGB (Defamatory Offense)? Answer only with 'True' (criminally relevant according to Â§Â§185-187 StGB) or 'False' (not criminally relevant according to Â§Â§185-187 StGB).""}, {""role"": ""user"", ""content"": ""Richtig ich  hätte natürlich schreiben sollen: Im Namen des Islam werden 1000 Menschen am Tag getötet. Wie kann man dieser Terror Religion in Europa den Boden bereiten. Das ist wirklich unfass bar, Du Hirn. Ich glaube Du gehörst auch zu denen, die hier den Islam verbreiten wollen.""}]"
881970245174733,Weniger Geld: Weniger Studierte Fachdeppen die das echte leben nur von lustigen Biagrammen kennen. Ich sehe keine Verlierer dabei,False,True,True,"[{""role"": ""system"", ""content"": ""You are a legal expert for defamatory offenses according the the German Criminal Code (Â§Â§185-187 StGB). Help the user decide whether given posts fall within in the scope of these articles.""}, {""role"": ""user"", ""content"": ""Is the following post criminally relevant with respect to Â§Â§185-187 StGB (Defamatory Offense)? Answer only with 'True' (criminally relevant according to Â§Â§185-187 StGB) or 'False' (not criminally relevant according to Â§Â§185-187 StGB).""}, {""role"": ""user"", ""content"": ""Weniger Geld: Weniger Studierte Fachdeppen die das echte leben nur von lustigen Biagrammen kennen. Ich sehe keine Verlierer dabei""}]"
1108067299231692,"Diesen Randalierern gehören mal gewaltig die Ohren hochgezogen , mach Du das mal als Bürger, du wirst sofort eingesperrt , diese werden nicht mal zur Rechenschaft gezogen... Ja ja vor dem Gesetz sind alle gleich ... Was für eine verlogene Welt , noch nie gearbeitet , keine Steuern bezahlt und Millionen Menschen über die Grenze holen , ist denen überhaupt bewusst, wer das zahlen soll ... DU ... ICH ... Sicher aber nicht die . Sollten nicht mal erst die Menschen, die bereits hier sind , menschenwürdig versorgt werden, aber so weit können die wohl nicht denken , Grenzen überrennen und dabei behilflich sein ist sicher keine Lösung . Grenzen müssen geachtet werden .",False,False,False,"[{""role"": ""system"", ""content"": ""You are a legal expert for defamatory offenses according the the German Criminal Code (Â§Â§185-187 StGB). Help the user decide whether given posts fall within in the scope of these articles.""}, {""role"": ""user"", ""content"": ""Is the following post criminally relevant with respect to Â§Â§185-187 StGB (Defamatory Offense)? Answer only with 'True' (criminally relevant according to Â§Â§185-187 StGB) or 'False' (not criminally relevant according to Â§Â§185-187 StGB).""}, {""role"": ""user"", ""content"": ""Diesen Randalierern gehören mal gewaltig die Ohren hochgezogen , mach Du das mal als Bürger, du wirst sofort eingesperrt , diese werden nicht mal zur Rechenschaft gezogen... Ja ja vor dem Gesetz sind alle gleich ... Was für eine verlogene Welt , noch nie gearbeitet , keine Steuern bezahlt und Millionen Menschen über die Grenze holen , ist denen überhaupt bewusst, wer das zahlen soll ... DU ... ICH ... Sicher aber nicht die . Sollten nicht mal erst die Menschen, die bereits hier sind , menschenwürdig versorgt werden, aber so weit können die wohl nicht denken , Grenzen überrennen und dabei behilflich sein ist sicher keine Lösung . Grenzen müssen geachtet werden .""}]"
968630243175399,Ich hoffe das die Asylanträge von unseren ganzen Blockpolitikern und dann sofort abschieben nach Kanackerhausen sie mögen das doch so sehr,False,True,True,"[{""role"": ""system"", ""content"": ""You are a legal expert for defamatory offenses according the the German Criminal Code (Â§Â§185-187 StGB). Help the user decide whether given posts fall within in the scope of these articles.""}, {""role"": ""user"", ""content"": ""Is the following post criminally relevant with respect to Â§Â§185-187 StGB (Defamatory Offense)? Answer only with 'True' (criminally relevant according to Â§Â§185-187 StGB) or 'False' (not criminally relevant according to Â§Â§185-187 StGB).""}, {""role"": ""user"", ""content"": ""Ich hoffe das die Asylanträge von unseren ganzen Blockpolitikern und dann sofort abschieben nach Kanackerhausen sie mögen das doch so sehr""}]"
876251955746562,Fachkräfte???die Hälfte kann nicht mal lesen und schreiben...Gesocks wo sich hier auf die faule Haut legen und durch füttern lassen...,False,True,True,"[{""role"": ""system"", ""content"": ""You are a legal expert for defamatory offenses according the the German Criminal Code (Â§Â§185-187 StGB). Help the user decide whether given posts fall within in the scope of these articles.""}, {""role"": ""user"", ""content"": ""Is the following post criminally relevant with respect to Â§Â§185-187 StGB (Defamatory Offense)? Answer only with 'True' (criminally relevant according to Â§Â§185-187 StGB) or 'False' (not criminally relevant according to Â§Â§185-187 StGB).""}, {""role"": ""user"", ""content"": ""Fachkräfte???die Hälfte kann nicht mal lesen und schreiben...Gesocks wo sich hier auf die faule Haut legen und durch füttern lassen...""}]"
982736175098139,"Jetzt zeigen die meisten ""Flüchtlinge"" ihr wahres Gesicht. Gewalt pur.",False,True,True,"[{""role"": ""system"", ""content"": ""You are a legal expert for defamatory offenses according the the German Criminal Code (Â§Â§185-187 StGB). Help the user decide whether given posts fall within in the scope of these articles.""}, {""role"": ""user"", ""content"": ""Is the following post criminally relevant with respect to Â§Â§185-187 StGB (Defamatory Offense)? Answer only with 'True' (criminally relevant according to Â§Â§185-187 StGB) or 'False' (not criminally relevant according to Â§Â§185-187 StGB).""}, {""role"": ""user"", ""content"": ""Jetzt zeigen die meisten \""Flüchtlinge\"" ihr wahres Gesicht. Gewalt pur.""}]"
1683,"@FrauleTalea Für sie liegt die Ursache allen Übels in hässlichen Frauen, die wg Untervöglelung lesbisch & feministisch werden. Sie glauben, dass man sich einen Mann gefügig machen & dazu „Reize einsetzen“ muss. Sie würden Sexismus nicht einmal erkennen, wenn er ihnen ins Gesicht schlägt.",True,True,True,"[{""role"": ""system"", ""content"": ""You are a legal expert for defamatory offenses according the the German Criminal Code (Â§Â§185-187 StGB). Help the user decide whether given posts fall within in the scope of these articles.""}, {""role"": ""user"", ""content"": ""Is the following post criminally relevant with respect to Â§Â§185-187 StGB (Defamatory Offense)? Answer only with 'True' (criminally relevant according to Â§Â§185-187 StGB) or 'False' (not criminally relevant according to Â§Â§185-187 StGB).""}, {""role"": ""user"", ""content"": ""@FrauleTalea Für sie liegt die Ursache allen Übels in hässlichen Frauen, die wg Untervöglelung lesbisch & feministisch werden. Sie glauben, dass man sich einen Mann gefügig machen & dazu „Reize einsetzen“ muss. Sie würden Sexismus nicht einmal erkennen, wenn er ihnen ins Gesicht schlägt.""}]"
857955154242909,"So jetzt ist Schluss. Alle Pegidaanhänger ab ins Bett, morgen könnt ihr euch weiter zum kollektiven Kacklappen der Nation machen",False,True,True,"[{""role"": ""system"", ""content"": ""You are a legal expert for defamatory offenses according the the German Criminal Code (Â§Â§185-187 StGB). Help the user decide whether given posts fall within in the scope of these articles.""}, {""role"": ""user"", ""content"": ""Is the following post criminally relevant with respect to Â§Â§185-187 StGB (Defamatory Offense)? Answer only with 'True' (criminally relevant according to Â§Â§185-187 StGB) or 'False' (not criminally relevant according to Â§Â§185-187 StGB).""}, {""role"": ""user"", ""content"": ""So jetzt ist Schluss. Alle Pegidaanhänger ab ins Bett, morgen könnt ihr euch weiter zum kollektiven Kacklappen der Nation machen""}]"
1020,"@MarcSchriese Es gibt auch Rentner die darauf angewiesen sind ,die den Cent 2-3mal umdrehen müssen bevor er ausgegeben wird ,anders ist es mit den Asylanten,die haben freie Fahrt!",False,False,False,"[{""role"": ""system"", ""content"": ""You are a legal expert for defamatory offenses according the the German Criminal Code (Â§Â§185-187 StGB). Help the user decide whether given posts fall within in the scope of these articles.""}, {""role"": ""user"", ""content"": ""Is the following post criminally relevant with respect to Â§Â§185-187 StGB (Defamatory Offense)? Answer only with 'True' (criminally relevant according to Â§Â§185-187 StGB) or 'False' (not criminally relevant according to Â§Â§185-187 StGB).""}, {""role"": ""user"", ""content"": ""@MarcSchriese Es gibt auch Rentner die darauf angewiesen sind ,die den Cent 2-3mal umdrehen müssen bevor er ausgegeben wird ,anders ist es mit den Asylanten,die haben freie Fahrt!""}]"
1055075254530897,"Das ist der blanke Wahnsinn, wenn das nicht gestoppt wird sind wir echt verloren !!!!!! Da wird mir übel wenn ich das Gesindel sehe !!!",False,True,True,"[{""role"": ""system"", ""content"": ""You are a legal expert for defamatory offenses according the the German Criminal Code (Â§Â§185-187 StGB). Help the user decide whether given posts fall within in the scope of these articles.""}, {""role"": ""user"", ""content"": ""Is the following post criminally relevant with respect to Â§Â§185-187 StGB (Defamatory Offense)? Answer only with 'True' (criminally relevant according to Â§Â§185-187 StGB) or 'False' (not criminally relevant according to Â§Â§185-187 StGB).""}, {""role"": ""user"", ""content"": ""Das ist der blanke Wahnsinn, wenn das nicht gestoppt wird sind wir echt verloren !!!!!! Da wird mir übel wenn ich das Gesindel sehe !!!""}]"
1291,@siaschonwieder du hure ich bin nichtmal drauf,True,True,True,"[{""role"": ""system"", ""content"": ""You are a legal expert for defamatory offenses according the the German Criminal Code (Â§Â§185-187 StGB). Help the user decide whether given posts fall within in the scope of these articles.""}, {""role"": ""user"", ""content"": ""Is the following post criminally relevant with respect to Â§Â§185-187 StGB (Defamatory Offense)? Answer only with 'True' (criminally relevant according to Â§Â§185-187 StGB) or 'False' (not criminally relevant according to Â§Â§185-187 StGB).""}, {""role"": ""user"", ""content"": ""@siaschonwieder du hure ich bin nichtmal drauf""}]"
738,@SteinbachErika So langsam frage ich mich. Haben wir da eine Generation Gehirn Prothesen träger heran gezogen.,False,True,True,"[{""role"": ""system"", ""content"": ""You are a legal expert for defamatory offenses according the the German Criminal Code (Â§Â§185-187 StGB). Help the user decide whether given posts fall within in the scope of these articles.""}, {""role"": ""user"", ""content"": ""Is the following post criminally relevant with respect to Â§Â§185-187 StGB (Defamatory Offense)? Answer only with 'True' (criminally relevant according to Â§Â§185-187 StGB) or 'False' (not criminally relevant according to Â§Â§185-187 StGB).""}, {""role"": ""user"", ""content"": ""@SteinbachErika So langsam frage ich mich. Haben wir da eine Generation Gehirn Prothesen träger heran gezogen.""}]"
1687,@dr_heartbreaker @hustendoktor @Ann_Waeltin Tote Ratte gesehen und an @Ann_Waeltin gedacht,True,True,True,"[{""role"": ""system"", ""content"": ""You are a legal expert for defamatory offenses according the the German Criminal Code (Â§Â§185-187 StGB). Help the user decide whether given posts fall within in the scope of these articles.""}, {""role"": ""user"", ""content"": ""Is the following post criminally relevant with respect to Â§Â§185-187 StGB (Defamatory Offense)? Answer only with 'True' (criminally relevant according to Â§Â§185-187 StGB) or 'False' (not criminally relevant according to Â§Â§185-187 StGB).""}, {""role"": ""user"", ""content"": ""@dr_heartbreaker @hustendoktor @Ann_Waeltin Tote Ratte gesehen und an @Ann_Waeltin gedacht""}]"
949,@KontaktVito Wir sind nur noch von Menschen mit Gehirn Prothesen umgeben. .,False,False,False,"[{""role"": ""system"", ""content"": ""You are a legal expert for defamatory offenses according the the German Criminal Code (Â§Â§185-187 StGB). Help the user decide whether given posts fall within in the scope of these articles.""}, {""role"": ""user"", ""content"": ""Is the following post criminally relevant with respect to Â§Â§185-187 StGB (Defamatory Offense)? Answer only with 'True' (criminally relevant according to Â§Â§185-187 StGB) or 'False' (not criminally relevant according to Â§Â§185-187 StGB).""}, {""role"": ""user"", ""content"": ""@KontaktVito Wir sind nur noch von Menschen mit Gehirn Prothesen umgeben. .""}]"
966947220010368,"Du hast sie wohl nicht alle, Brandt. Bist wohl zu lange im Dunkeln rumgefahren, linker Kasper.",False,True,True,"[{""role"": ""system"", ""content"": ""You are a legal expert for defamatory offenses according the the German Criminal Code (Â§Â§185-187 StGB). Help the user decide whether given posts fall within in the scope of these articles.""}, {""role"": ""user"", ""content"": ""Is the following post criminally relevant with respect to Â§Â§185-187 StGB (Defamatory Offense)? Answer only with 'True' (criminally relevant according to Â§Â§185-187 StGB) or 'False' (not criminally relevant according to Â§Â§185-187 StGB).""}, {""role"": ""user"", ""content"": ""Du hast sie wohl nicht alle, Brandt. Bist wohl zu lange im Dunkeln rumgefahren, linker Kasper.""}]"
1111437892227966,Wenn ich schon Aktivisten lese kommts mir hoch. Diese Spinner !!,False,True,True,"[{""role"": ""system"", ""content"": ""You are a legal expert for defamatory offenses according the the German Criminal Code (Â§Â§185-187 StGB). Help the user decide whether given posts fall within in the scope of these articles.""}, {""role"": ""user"", ""content"": ""Is the following post criminally relevant with respect to Â§Â§185-187 StGB (Defamatory Offense)? Answer only with 'True' (criminally relevant according to Â§Â§185-187 StGB) or 'False' (not criminally relevant according to Â§Â§185-187 StGB).""}, {""role"": ""user"", ""content"": ""Wenn ich schon Aktivisten lese kommts mir hoch. Diese Spinner !!""}]"
1282,"Halsmaul keiner Hurensohn, jeden verfickten Hass SONNTAG das gleiche du bist nicht Fame du Hurensohn Du kleiner Hurensohn bestimmt bist du kleiner Deutscher der keine Freunde hat, deshalb hast du die Seite erstellt ich fick deine Mutter du Hurensohn Mach die umfrage nei wieder du Opfer",True,True,True,"[{""role"": ""system"", ""content"": ""You are a legal expert for defamatory offenses according the the German Criminal Code (Â§Â§185-187 StGB). Help the user decide whether given posts fall within in the scope of these articles.""}, {""role"": ""user"", ""content"": ""Is the following post criminally relevant with respect to Â§Â§185-187 StGB (Defamatory Offense)? Answer only with 'True' (criminally relevant according to Â§Â§185-187 StGB) or 'False' (not criminally relevant according to Â§Â§185-187 StGB).""}, {""role"": ""user"", ""content"": ""Halsmaul keiner Hurensohn, jeden verfickten Hass SONNTAG das gleiche du bist nicht Fame du Hurensohn Du kleiner Hurensohn bestimmt bist du kleiner Deutscher der keine Freunde hat, deshalb hast du die Seite erstellt ich fick deine Mutter du Hurensohn Mach die umfrage nei wieder du Opfer""}]"
856751694363255,"Na, meine Freunde vom MDR? Was habt ihr euch heute für Pegida Berichte ausgedacht? Und DANKE nochmal dafür, das ich auf der MDR Sachsen Seite nix mehr Posten kann. Das zeigt mir, wie unfähig IHR für einen Dialog seit. Für mich ist der MDR, egal ob TV oder Radio, gestorben.",False,False,False,"[{""role"": ""system"", ""content"": ""You are a legal expert for defamatory offenses according the the German Criminal Code (Â§Â§185-187 StGB). Help the user decide whether given posts fall within in the scope of these articles.""}, {""role"": ""user"", ""content"": ""Is the following post criminally relevant with respect to Â§Â§185-187 StGB (Defamatory Offense)? Answer only with 'True' (criminally relevant according to Â§Â§185-187 StGB) or 'False' (not criminally relevant according to Â§Â§185-187 StGB).""}, {""role"": ""user"", ""content"": ""Na, meine Freunde vom MDR? Was habt ihr euch heute für Pegida Berichte ausgedacht? Und DANKE nochmal dafür, das ich auf der MDR Sachsen Seite nix mehr Posten kann. Das zeigt mir, wie unfähig IHR für einen Dialog seit. Für mich ist der MDR, egal ob TV oder Radio, gestorben.""}]"
473,Jetzt hört doch auf mit dem 2-maligen Sitzenbleiber Schulz. Der ist doch ein |LBR| unwürdiger Kanzlerkandidat. Jagt ihn davon.,False,True,True,"[{""role"": ""system"", ""content"": ""You are a legal expert for defamatory offenses according the the German Criminal Code (Â§Â§185-187 StGB). Help the user decide whether given posts fall within in the scope of these articles.""}, {""role"": ""user"", ""content"": ""Is the following post criminally relevant with respect to Â§Â§185-187 StGB (Defamatory Offense)? Answer only with 'True' (criminally relevant according to Â§Â§185-187 StGB) or 'False' (not criminally relevant according to Â§Â§185-187 StGB).""}, {""role"": ""user"", ""content"": ""Jetzt hört doch auf mit dem 2-maligen Sitzenbleiber Schulz. Der ist doch ein |LBR| unwürdiger Kanzlerkandidat. Jagt ihn davon.""}]"
857581357613622,"Die Zuwanderer sind aus rein wirtschaftlichen Interessen in diesem Land! Warum in Deutschland im Vergleich zum rest der Welt noch paradiesische Zustände herrschen...davon haben diese Leute nicht die geringste Ahnung. Diese Menschen kennen die Geschichte unserer Vorfahren nicht die für den Wohlstand und die Freiheit die wir heute geniessen große Opfer gebracht haben. Sie werden es nie verstehen, weil es sie im Grunde nicht im mindesten interessiert.",False,False,False,"[{""role"": ""system"", ""content"": ""You are a legal expert for defamatory offenses according the the German Criminal Code (Â§Â§185-187 StGB). Help the user decide whether given posts fall within in the scope of these articles.""}, {""role"": ""user"", ""content"": ""Is the following post criminally relevant with respect to Â§Â§185-187 StGB (Defamatory Offense)? Answer only with 'True' (criminally relevant according to Â§Â§185-187 StGB) or 'False' (not criminally relevant according to Â§Â§185-187 StGB).""}, {""role"": ""user"", ""content"": ""\b\b\b\b\b\b\b\b\b\b\b\b\b\b\b\b\b\b\b\b\b\b\bDie Zuwanderer sind aus rein wirtschaftlichen Interessen in diesem Land! Warum in Deutschland im Vergleich zum rest der Welt noch paradiesische Zustände herrschen...davon haben diese Leute nicht die geringste Ahnung. Diese Menschen kennen die Geschichte unserer Vorfahren nicht die für den Wohlstand und die Freiheit die wir heute geniessen große Opfer gebracht haben. Sie werden es nie verstehen, weil es sie im Grunde nicht im mindesten interessiert.\b\b\b\b\b\b\b\b\b\b\b\b\b\b\b\b\b\b\b\b\b\b\b\b\b\b\b\b\b\b\b\b\b\b\b\b\b\b\b\b\b\b\b\b\b\b\b\b\b\b\b\b\b\b\b\b\b\b\b\b\b\b\b\b\b\b\b\b\b\b\b\b\b\b\b\b\b\b\b\b\b\b\b\b\b\b\b\b\b\b\b\b\b\b\b\b\b\b\b\b\b\b\b\b\b\b\b\b\b\b\b\b\b\b\b\b\b\b\b\b\b\b\b\b\b\b\b\b\b\b\b\b\b\b\b\b\b\b\b\b\b\b\b\b\b""}]"
1121892254515863,"mir geht es genauso, wenn ich dieses arabische Gequassel schon höre, geht mir die Galle dermaßen hoch. Die schaukeln sich den ganzen Tag die Eier und amüsieren sich und wir müssen denen noch Geld hinschmeißen.",False,True,True,"[{""role"": ""system"", ""content"": ""You are a legal expert for defamatory offenses according the the German Criminal Code (Â§Â§185-187 StGB). Help the user decide whether given posts fall within in the scope of these articles.""}, {""role"": ""user"", ""content"": ""Is the following post criminally relevant with respect to Â§Â§185-187 StGB (Defamatory Offense)? Answer only with 'True' (criminally relevant according to Â§Â§185-187 StGB) or 'False' (not criminally relevant according to Â§Â§185-187 StGB).""}, {""role"": ""user"", ""content"": ""mir geht es genauso, wenn ich dieses arabische Gequassel schon höre, geht mir die Galle dermaßen hoch. Die schaukeln sich den ganzen Tag die Eier und amüsieren sich und wir müssen denen noch Geld hinschmeißen.""}]"
1007237229314700,"Der Steinmeier muß ja einen höheren IQ haben als ein feuchtes Toastbrot. Da sehen ja die letzten 2000 Jahre ganz anders aus, wenn man unterstellt das Kriegsparteien eigene Interessen haben. Mit dieser Hypothese könnte Steinmeier der wichtigste Politiker und Visionär aller Zeiten werden! So ein Genie könnte in der freien Wirtschaft locker ein Bruttogehalt von 900 € nach Hause bringen! Was haben wir für ein Glück.",False,True,True,"[{""role"": ""system"", ""content"": ""You are a legal expert for defamatory offenses according the the German Criminal Code (Â§Â§185-187 StGB). Help the user decide whether given posts fall within in the scope of these articles.""}, {""role"": ""user"", ""content"": ""Is the following post criminally relevant with respect to Â§Â§185-187 StGB (Defamatory Offense)? Answer only with 'True' (criminally relevant according to Â§Â§185-187 StGB) or 'False' (not criminally relevant according to Â§Â§185-187 StGB).""}, {""role"": ""user"", ""content"": ""Der Steinmeier muß ja einen höheren IQ haben als ein feuchtes Toastbrot. Da sehen ja die letzten 2000 Jahre ganz anders aus, wenn man unterstellt das Kriegsparteien eigene Interessen haben. Mit dieser Hypothese könnte Steinmeier der wichtigste Politiker und Visionär aller Zeiten werden! So ein Genie könnte in der freien Wirtschaft locker ein Bruttogehalt von 900 € nach Hause bringen! Was haben wir für ein Glück.""}]"
882024875169270,Oh schau an wie belesen Du doch bist....kannste damit ne Familie ernähren? ??,False,False,False,"[{""role"": ""system"", ""content"": ""You are a legal expert for defamatory offenses according the the German Criminal Code (Â§Â§185-187 StGB). Help the user decide whether given posts fall within in the scope of these articles.""}, {""role"": ""user"", ""content"": ""Is the following post criminally relevant with respect to Â§Â§185-187 StGB (Defamatory Offense)? Answer only with 'True' (criminally relevant according to Â§Â§185-187 StGB) or 'False' (not criminally relevant according to Â§Â§185-187 StGB).""}, {""role"": ""user"", ""content"": ""Oh schau an wie belesen Du doch bist....kannste damit ne Familie ernähren? ??""}]"
715,@aimanMazyek @OthmanMoschee @ZDF Hoffentlich wird dieser widerliche Kinderschänder ausgewiesen...,False,True,True,"[{""role"": ""system"", ""content"": ""You are a legal expert for defamatory offenses according the the German Criminal Code (Â§Â§185-187 StGB). Help the user decide whether given posts fall within in the scope of these articles.""}, {""role"": ""user"", ""content"": ""Is the following post criminally relevant with respect to Â§Â§185-187 StGB (Defamatory Offense)? Answer only with 'True' (criminally relevant according to Â§Â§185-187 StGB) or 'False' (not criminally relevant according to Â§Â§185-187 StGB).""}, {""role"": ""user"", ""content"": ""@aimanMazyek @OthmanMoschee @ZDF Hoffentlich wird dieser widerliche Kinderschänder ausgewiesen...""}]"
1686,Ich hoffe du stirbst du inkompetentes arschloch. Du hurensohn.,True,True,True,"[{""role"": ""system"", ""content"": ""You are a legal expert for defamatory offenses according the the German Criminal Code (Â§Â§185-187 StGB). Help the user decide whether given posts fall within in the scope of these articles.""}, {""role"": ""user"", ""content"": ""Is the following post criminally relevant with respect to Â§Â§185-187 StGB (Defamatory Offense)? Answer only with 'True' (criminally relevant according to Â§Â§185-187 StGB) or 'False' (not criminally relevant according to Â§Â§185-187 StGB).""}, {""role"": ""user"", ""content"": ""Ich hoffe du stirbst du inkompetentes arschloch. Du hurensohn.""}]"
450,"n-tv: ""Murksel ein Profi im Umgang mit schwierigen Partnern"" 😂😂😂 Ein Profi, wie eine Mecklenburger Kuh die Rückenschwimmen lernt, meine ich😜",False,True,True,"[{""role"": ""system"", ""content"": ""You are a legal expert for defamatory offenses according the the German Criminal Code (Â§Â§185-187 StGB). Help the user decide whether given posts fall within in the scope of these articles.""}, {""role"": ""user"", ""content"": ""Is the following post criminally relevant with respect to Â§Â§185-187 StGB (Defamatory Offense)? Answer only with 'True' (criminally relevant according to Â§Â§185-187 StGB) or 'False' (not criminally relevant according to Â§Â§185-187 StGB).""}, {""role"": ""user"", ""content"": ""n-tv: \""Murksel ein Profi im Umgang mit schwierigen Partnern\"" 😂😂😂 Ein Profi, wie eine Mecklenburger Kuh die Rückenschwimmen lernt, meine ich😜""}]"
856760401029051,diese genderscheisse!!! ick bin da eher für die konservative schreibweise 20000- 25000 mitbürger.....!,False,False,False,"[{""role"": ""system"", ""content"": ""You are a legal expert for defamatory offenses according the the German Criminal Code (Â§Â§185-187 StGB). Help the user decide whether given posts fall within in the scope of these articles.""}, {""role"": ""user"", ""content"": ""Is the following post criminally relevant with respect to Â§Â§185-187 StGB (Defamatory Offense)? Answer only with 'True' (criminally relevant according to Â§Â§185-187 StGB) or 'False' (not criminally relevant according to Â§Â§185-187 StGB).""}, {""role"": ""user"", ""content"": ""diese genderscheisse!!! ick bin da eher für die konservative schreibweise 20000- 25000 mitbürger.....!""}]"
656,@China_Welt_News Das ist vollkommen richtig und kann nur so diesen Irrsinn Wirtschaftsflüchtlinge stoppen!,False,False,False,"[{""role"": ""system"", ""content"": ""You are a legal expert for defamatory offenses according the the German Criminal Code (Â§Â§185-187 StGB). Help the user decide whether given posts fall within in the scope of these articles.""}, {""role"": ""user"", ""content"": ""Is the following post criminally relevant with respect to Â§Â§185-187 StGB (Defamatory Offense)? Answer only with 'True' (criminally relevant according to Â§Â§185-187 StGB) or 'False' (not criminally relevant according to Â§Â§185-187 StGB).""}, {""role"": ""user"", ""content"": ""@China_Welt_News Das ist vollkommen richtig und kann nur so diesen Irrsinn Wirtschaftsflüchtlinge stoppen!""}]"
1105400776165011,Die können doch in ihren Ländern so viele Moscheen bauen wie sie möchten! Nur in eine ZIVILISIERTE Welt gehört so ein Neandertalertreffpunkt nicht!,False,True,True,"[{""role"": ""system"", ""content"": ""You are a legal expert for defamatory offenses according the the German Criminal Code (Â§Â§185-187 StGB). Help the user decide whether given posts fall within in the scope of these articles.""}, {""role"": ""user"", ""content"": ""Is the following post criminally relevant with respect to Â§Â§185-187 StGB (Defamatory Offense)? Answer only with 'True' (criminally relevant according to Â§Â§185-187 StGB) or 'False' (not criminally relevant according to Â§Â§185-187 StGB).""}, {""role"": ""user"", ""content"": ""Die können doch in ihren Ländern so viele Moscheen bauen wie sie möchten! Nur in eine ZIVILISIERTE Welt gehört so ein Neandertalertreffpunkt nicht!""}]"
1108091079229314,hier merkt man wieder das die Linke Brut kein Gehirn hat,False,True,True,"[{""role"": ""system"", ""content"": ""You are a legal expert for defamatory offenses according the the German Criminal Code (Â§Â§185-187 StGB). Help the user decide whether given posts fall within in the scope of these articles.""}, {""role"": ""user"", ""content"": ""Is the following post criminally relevant with respect to Â§Â§185-187 StGB (Defamatory Offense)? Answer only with 'True' (criminally relevant according to Â§Â§185-187 StGB) or 'False' (not criminally relevant according to Â§Â§185-187 StGB).""}, {""role"": ""user"", ""content"": ""hier merkt man wieder das die Linke Brut kein Gehirn hat""}]"
141,@Dora_Bromberger @lawyerberlin Hetze haben weder Fakten noch Argumente je ersetzt.,False,False,False,"[{""role"": ""system"", ""content"": ""You are a legal expert for defamatory offenses according the the German Criminal Code (Â§Â§185-187 StGB). Help the user decide whether given posts fall within in the scope of these articles.""}, {""role"": ""user"", ""content"": ""Is the following post criminally relevant with respect to Â§Â§185-187 StGB (Defamatory Offense)? Answer only with 'True' (criminally relevant according to Â§Â§185-187 StGB) or 'False' (not criminally relevant according to Â§Â§185-187 StGB).""}, {""role"": ""user"", ""content"": ""@Dora_Bromberger @lawyerberlin Hetze haben weder Fakten noch Argumente je ersetzt.""}]"
624,"@anna_IIna Die Wahrscheinlichkeit das sich deren Jugend europäisch eingliedert ist sehr gering....warum auch, hier wird den Muslimen alles geboten Muslime zu bleiben. |LBR| Siehe Anschläge Frankreich...allesamt im Kindesalter eingewandert und sie töteten",False,False,False,"[{""role"": ""system"", ""content"": ""You are a legal expert for defamatory offenses according the the German Criminal Code (Â§Â§185-187 StGB). Help the user decide whether given posts fall within in the scope of these articles.""}, {""role"": ""user"", ""content"": ""Is the following post criminally relevant with respect to Â§Â§185-187 StGB (Defamatory Offense)? Answer only with 'True' (criminally relevant according to Â§Â§185-187 StGB) or 'False' (not criminally relevant according to Â§Â§185-187 StGB).""}, {""role"": ""user"", ""content"": ""@anna_IIna Die Wahrscheinlichkeit das sich deren Jugend europäisch eingliedert ist sehr gering....warum auch, hier wird den Muslimen alles geboten Muslime zu bleiben. |LBR| Siehe Anschläge Frankreich...allesamt im Kindesalter eingewandert und sie töteten""}]"
857977504240674,ich finde dass es uns besser gehen würde wenn wir mehr Verständnis für die Russen entgegen bringen würden und dass wir eine heuchlerische Regierung haben die  da nicht im Interesse des volkes handelt oder total verblendet ist. Russland Deutschlands Nachbar ist und es besser ist mit seinem Nachbarn in Frieden zu leben und nicht diesen Faschismus zu unterstützen.,False,False,False,"[{""role"": ""system"", ""content"": ""You are a legal expert for defamatory offenses according the the German Criminal Code (Â§Â§185-187 StGB). Help the user decide whether given posts fall within in the scope of these articles.""}, {""role"": ""user"", ""content"": ""Is the following post criminally relevant with respect to Â§Â§185-187 StGB (Defamatory Offense)? Answer only with 'True' (criminally relevant according to Â§Â§185-187 StGB) or 'False' (not criminally relevant according to Â§Â§185-187 StGB).""}, {""role"": ""user"", ""content"": ""ich finde dass es uns besser gehen würde wenn wir mehr Verständnis für die Russen entgegen bringen würden und dass wir eine heuchlerische Regierung haben die  da nicht im Interesse des volkes handelt oder total verblendet ist. Russland Deutschlands Nachbar ist und es besser ist mit seinem Nachbarn in Frieden zu leben und nicht diesen Faschismus zu unterstützen.""}]"
357,"@Beatrix_vStorch @hrfernsehen Setz dir mal keinen falschen Lorbeerkranz auf die schmierige Frisur, Mohammed!!: das tut die Deutsche Gesellschaft, bestehend  aus Gutmenschen, Duckmäusern und Hatern schon ganz von selbst... (orientierungslose Jugendliche in die Hände von Moslems treiben)",False,True,True,"[{""role"": ""system"", ""content"": ""You are a legal expert for defamatory offenses according the the German Criminal Code (Â§Â§185-187 StGB). Help the user decide whether given posts fall within in the scope of these articles.""}, {""role"": ""user"", ""content"": ""Is the following post criminally relevant with respect to Â§Â§185-187 StGB (Defamatory Offense)? Answer only with 'True' (criminally relevant according to Â§Â§185-187 StGB) or 'False' (not criminally relevant according to Â§Â§185-187 StGB).""}, {""role"": ""user"", ""content"": ""@Beatrix_vStorch @hrfernsehen Setz dir mal keinen falschen Lorbeerkranz auf die schmierige Frisur, Mohammed!!: das tut die Deutsche Gesellschaft, bestehend  aus Gutmenschen, Duckmäusern und Hatern schon ganz von selbst... (orientierungslose Jugendliche in die Hände von Moslems treiben)""}]"
994237030614720,"Fritz Walther du kannst dich freuen auf was du willst.Deine linksfaschistische Antifantenmeinung interessiert hier nicht.Also such dir ne Demo,wo du was mit Steinen um dich werfen kannst und geh Leuten nicht auf den Sack die was für ihr Land tun.Und nein ich habe auch alleine keine Angst du Trottel.",True,True,True,"[{""role"": ""system"", ""content"": ""You are a legal expert for defamatory offenses according the the German Criminal Code (Â§Â§185-187 StGB). Help the user decide whether given posts fall within in the scope of these articles.""}, {""role"": ""user"", ""content"": ""Is the following post criminally relevant with respect to Â§Â§185-187 StGB (Defamatory Offense)? Answer only with 'True' (criminally relevant according to Â§Â§185-187 StGB) or 'False' (not criminally relevant according to Â§Â§185-187 StGB).""}, {""role"": ""user"", ""content"": ""Fritz Walther du kannst dich freuen auf was du willst.Deine linksfaschistische Antifantenmeinung interessiert hier nicht.Also such dir ne Demo,wo du was mit Steinen um dich werfen kannst und geh Leuten nicht auf den Sack die was für ihr Land tun.Und nein ich habe auch alleine keine Angst du Trottel.""}]"
935259439845813,"Schad, ich hab gehofft die hätten diesen Geier, äääh, Vogel, gleich mit eingetütet.",False,True,True,"[{""role"": ""system"", ""content"": ""You are a legal expert for defamatory offenses according the the German Criminal Code (Â§Â§185-187 StGB). Help the user decide whether given posts fall within in the scope of these articles.""}, {""role"": ""user"", ""content"": ""Is the following post criminally relevant with respect to Â§Â§185-187 StGB (Defamatory Offense)? Answer only with 'True' (criminally relevant according to Â§Â§185-187 StGB) or 'False' (not criminally relevant according to Â§Â§185-187 StGB).""}, {""role"": ""user"", ""content"": ""Schad, ich hab gehofft die hätten diesen Geier, äääh, Vogel, gleich mit eingetütet.""}]"
845,"@SJW_MadBunny Die Grünen sind einfach realitaetsfern. ""Minderjährige Flüchtlinge""  terrorisieren bundesweit Klassen, Lehrer, Behörden und Mädchen. DIE sind dann traumatisiert.  Aber nur Deutsche...",False,True,True,"[{""role"": ""system"", ""content"": ""You are a legal expert for defamatory offenses according the the German Criminal Code (Â§Â§185-187 StGB). Help the user decide whether given posts fall within in the scope of these articles.""}, {""role"": ""user"", ""content"": ""Is the following post criminally relevant with respect to Â§Â§185-187 StGB (Defamatory Offense)? Answer only with 'True' (criminally relevant according to Â§Â§185-187 StGB) or 'False' (not criminally relevant according to Â§Â§185-187 StGB).""}, {""role"": ""user"", ""content"": ""@SJW_MadBunny Die Grünen sind einfach realitaetsfern. \""Minderjährige Flüchtlinge\""  terrorisieren bundesweit Klassen, Lehrer, Behörden und Mädchen. DIE sind dann traumatisiert.  Aber nur Deutsche...""}]"
1065270806844675,"+++Dumm gelaufen. Flüchtling findet Teddy, gibt aber aus Versehen Bär bei der Polizei ab!+++",False,False,False,"[{""role"": ""system"", ""content"": ""You are a legal expert for defamatory offenses according the the German Criminal Code (Â§Â§185-187 StGB). Help the user decide whether given posts fall within in the scope of these articles.""}, {""role"": ""user"", ""content"": ""Is the following post criminally relevant with respect to Â§Â§185-187 StGB (Defamatory Offense)? Answer only with 'True' (criminally relevant according to Â§Â§185-187 StGB) or 'False' (not criminally relevant according to Â§Â§185-187 StGB).""}, {""role"": ""user"", ""content"": ""+++Dumm gelaufen. Flüchtling findet Teddy, gibt aber aus Versehen Bär bei der Polizei ab!+++""}]"
856751661029925,So langsam wird den linken Schmutzfinken und Unterstützern der Fehlpolitik in unserem Land  der Wind aus den Segeln genommen...,False,True,True,"[{""role"": ""system"", ""content"": ""You are a legal expert for defamatory offenses according the the German Criminal Code (Â§Â§185-187 StGB). Help the user decide whether given posts fall within in the scope of these articles.""}, {""role"": ""user"", ""content"": ""Is the following post criminally relevant with respect to Â§Â§185-187 StGB (Defamatory Offense)? Answer only with 'True' (criminally relevant according to Â§Â§185-187 StGB) or 'False' (not criminally relevant according to Â§Â§185-187 StGB).""}, {""role"": ""user"", ""content"": ""So langsam wird den linken Schmutzfinken und Unterstützern der Fehlpolitik in unserem Land  der Wind aus den Segeln genommen...""}]"
993958007309289,Sollen wir jetzt für das pack zahlen,False,True,True,"[{""role"": ""system"", ""content"": ""You are a legal expert for defamatory offenses according the the German Criminal Code (Â§Â§185-187 StGB). Help the user decide whether given posts fall within in the scope of these articles.""}, {""role"": ""user"", ""content"": ""Is the following post criminally relevant with respect to Â§Â§185-187 StGB (Defamatory Offense)? Answer only with 'True' (criminally relevant according to Â§Â§185-187 StGB) or 'False' (not criminally relevant according to Â§Â§185-187 StGB).""}, {""role"": ""user"", ""content"": ""Sollen wir jetzt für das pack zahlen""}]"
1792,"Vielleicht sollte man aber auch richtig durch reissen, u.diese Rot Grün Linken Spinner, die uns nur ausnutzen, nichts können, meist nie gearbeitet haben, weiterhin nach arabischen afrikanischen Sotialparasiten schreien, einfach radikal bekämpfen Ich hab von diesen Parasiten genug",True,True,True,"[{""role"": ""system"", ""content"": ""You are a legal expert for defamatory offenses according the the German Criminal Code (Â§Â§185-187 StGB). Help the user decide whether given posts fall within in the scope of these articles.""}, {""role"": ""user"", ""content"": ""Is the following post criminally relevant with respect to Â§Â§185-187 StGB (Defamatory Offense)? Answer only with 'True' (criminally relevant according to Â§Â§185-187 StGB) or 'False' (not criminally relevant according to Â§Â§185-187 StGB).""}, {""role"": ""user"", ""content"": ""Vielleicht sollte man aber auch richtig durch reissen, u.diese Rot Grün Linken Spinner, die uns nur ausnutzen, nichts können, meist nie gearbeitet haben, weiterhin nach arabischen afrikanischen Sotialparasiten schreien, einfach radikal bekämpfen Ich hab von diesen Parasiten genug""}]"
764,"@jreichelt @BILD @richvolkmann Das hättet ihr schon letzte Woche veröffentlichen müssen , aber auf Druck der Internet-Medien seht ihr euch gezwungen heute zu veröffentlichen!Erbärmliche Unterschlagungs-Presse!🤮",False,True,True,"[{""role"": ""system"", ""content"": ""You are a legal expert for defamatory offenses according the the German Criminal Code (Â§Â§185-187 StGB). Help the user decide whether given posts fall within in the scope of these articles.""}, {""role"": ""user"", ""content"": ""Is the following post criminally relevant with respect to Â§Â§185-187 StGB (Defamatory Offense)? Answer only with 'True' (criminally relevant according to Â§Â§185-187 StGB) or 'False' (not criminally relevant according to Â§Â§185-187 StGB).""}, {""role"": ""user"", ""content"": ""@jreichelt @BILD @richvolkmann Das hättet ihr schon letzte Woche veröffentlichen müssen , aber auf Druck der Internet-Medien seht ihr euch gezwungen heute zu veröffentlichen!Erbärmliche Unterschlagungs-Presse!🤮""}]"
882734951764929,"entschuldige,dass ich das sage,aber diese leute haben unsere menschichkeit u toleranz jahrzehnte nach strich u faden benutzt u uns gleichzeitig mit scheiße beworfen,in dem sie uns bei sich jeder sich bietender gelegenheit,als nazis defamiert haben.sie haben es überzogen u nun kommt gegendruck(aktion-reaktion) die machen mit uns was sie wollen(gruppenvergewaltigungen in skandinavien) u kommen bei gericht damit durch...hör endlich auf zu jodeln,wenn da einer den löffel abgibt,du naivling!es wird nicht friedlich bleiben,oder glaubst du,die muslime hier schauen zu?",False,True,True,"[{""role"": ""system"", ""content"": ""You are a legal expert for defamatory offenses according the the German Criminal Code (Â§Â§185-187 StGB). Help the user decide whether given posts fall within in the scope of these articles.""}, {""role"": ""user"", ""content"": ""Is the following post criminally relevant with respect to Â§Â§185-187 StGB (Defamatory Offense)? Answer only with 'True' (criminally relevant according to Â§Â§185-187 StGB) or 'False' (not criminally relevant according to Â§Â§185-187 StGB).""}, {""role"": ""user"", ""content"": ""entschuldige,dass ich das sage,aber diese leute haben unsere menschichkeit u toleranz jahrzehnte nach strich u faden benutzt u uns gleichzeitig mit scheiße beworfen,in dem sie uns bei sich jeder sich bietender gelegenheit,als nazis defamiert haben.sie haben es überzogen u nun kommt gegendruck(aktion-reaktion) die machen mit uns was sie wollen(gruppenvergewaltigungen in skandinavien) u kommen bei gericht damit durch...hör endlich auf zu jodeln,wenn da einer den löffel abgibt,du naivling!es wird nicht friedlich bleiben,oder glaubst du,die muslime hier schauen zu?""}]"
856750231030068,sag mal bisst du so hässlich oder warum zeigst du nicht dein gesicht ? oder ist das die neue nurka die du trägst ?,True,True,True,"[{""role"": ""system"", ""content"": ""You are a legal expert for defamatory offenses according the the German Criminal Code (Â§Â§185-187 StGB). Help the user decide whether given posts fall within in the scope of these articles.""}, {""role"": ""user"", ""content"": ""Is the following post criminally relevant with respect to Â§Â§185-187 StGB (Defamatory Offense)? Answer only with 'True' (criminally relevant according to Â§Â§185-187 StGB) or 'False' (not criminally relevant according to Â§Â§185-187 StGB).""}, {""role"": ""user"", ""content"": ""sag mal bisst du so hässlich oder warum zeigst du nicht dein gesicht ? oder ist das die neue nurka die du trägst ?""}]"
888078297897261,Dann sollten sich deren Frauen ja gleich den schwarzen Sack mit Schlitz über den Kopf ziehen und die Kerle sich Nachthemden anziehen.,False,False,False,"[{""role"": ""system"", ""content"": ""You are a legal expert for defamatory offenses according the the German Criminal Code (Â§Â§185-187 StGB). Help the user decide whether given posts fall within in the scope of these articles.""}, {""role"": ""user"", ""content"": ""Is the following post criminally relevant with respect to Â§Â§185-187 StGB (Defamatory Offense)? Answer only with 'True' (criminally relevant according to Â§Â§185-187 StGB) or 'False' (not criminally relevant according to Â§Â§185-187 StGB).""}, {""role"": ""user"", ""content"": ""Dann sollten sich deren Frauen ja gleich den schwarzen Sack mit Schlitz über den Kopf ziehen und die Kerle sich Nachthemden anziehen.""}]"
977062402332183,"Sollen alle die, die lauthals nach diesen schwarzen Asylanten schreien, sie zu Hause aufnehmen! Merkel kann mit gutem Beispiel voran gehen. Ich will diese ganzen Asylanten nicht hier haben, ich will keinen Islam in unserem Land! Ich will nicht ins Altertum zurück!!!!! Wer den Islam ausleben will, bitte sehr, der soll dort bleiben, wo er her kam. Menschen die in unserem Land leben, haben sich an unsere Gesetze zu halten, ohne Ausnahmen! Keine Kopftücher bei Frauen! Frauen und Männer sind gleich. Wer was anderes predigt, hat hier nichts zu suchen! Warum soll sich der Deutsche jetzt dem Islam unterwerfen? Warum dürfen alle jetzt hier illegal einreisen und kriegen alles in den Hintern gesteckt? Betrügen wo sie können, kommen mit falschen Pässen? Warum will die EU 56 Millionen Afrikaner heimlich ins Land schleusen, warum, warum????? Ich möchte mein schönes, friedliches Deutschland wieder haben! Wir gehen für diese Asylanten arbeiten, und Schäuble verschleudert unser Geld an diese Fremden. Wenn das so weiter geht, wäre es das Beste, wir wandern alle aus zu unseren Nachbarn, die auch nicht diese Asylanten wollen! Dann hauen die endlich wieder ab, denn wer sollte sie dann versorgen, diese armen Flüchtlinge? Warum sollen wir für die ganze Welt arbeiten, für Menschen, die noch im Altertum leben? Was wollen die hier? Benehmen sich hier wie die Wilden und meinen alles gehöre ihnen.  Warum lassen wir uns alles gefallen? Das Beste wird sein, wir bauen hohe Grenzen wieder auf, verjagen den Islam aus unserem Land und können wieder friedlich leben. Wer fragt uns, ob wir diese Menschen wollen? Ob diese Gutmenschen dann immer noch zum Bahnhof rennen, wenn die ersten Frauen vergewaltigt werden von denen und die ersten Bomben von denen gezündet werden? Wie blind sind unsere Menschen?",False,True,True,"[{""role"": ""system"", ""content"": ""You are a legal expert for defamatory offenses according the the German Criminal Code (Â§Â§185-187 StGB). Help the user decide whether given posts fall within in the scope of these articles.""}, {""role"": ""user"", ""content"": ""Is the following post criminally relevant with respect to Â§Â§185-187 StGB (Defamatory Offense)? Answer only with 'True' (criminally relevant according to Â§Â§185-187 StGB) or 'False' (not criminally relevant according to Â§Â§185-187 StGB).""}, {""role"": ""user"", ""content"": ""Sollen alle die, die lauthals nach diesen schwarzen Asylanten schreien, sie zu Hause aufnehmen! Merkel kann mit gutem Beispiel voran gehen. Ich will diese ganzen Asylanten nicht hier haben, ich will keinen Islam in unserem Land! Ich will nicht ins Altertum zurück!!!!! Wer den Islam ausleben will, bitte sehr, der soll dort bleiben, wo er her kam. Menschen die in unserem Land leben, haben sich an unsere Gesetze zu halten, ohne Ausnahmen! Keine Kopftücher bei Frauen! Frauen und Männer sind gleich. Wer was anderes predigt, hat hier nichts zu suchen! Warum soll sich der Deutsche jetzt dem Islam unterwerfen? Warum dürfen alle jetzt hier illegal einreisen und kriegen alles in den Hintern gesteckt? Betrügen wo sie können, kommen mit falschen Pässen? Warum will die EU 56 Millionen Afrikaner heimlich ins Land schleusen, warum, warum????? Ich möchte mein schönes, friedliches Deutschland wieder haben! Wir gehen für diese Asylanten arbeiten, und Schäuble verschleudert unser Geld an diese Fremden. Wenn das so weiter geht, wäre es das Beste, wir wandern alle aus zu unseren Nachbarn, die auch nicht diese Asylanten wollen! Dann hauen die endlich wieder ab, denn wer sollte sie dann versorgen, diese armen Flüchtlinge? Warum sollen wir für die ganze Welt arbeiten, für Menschen, die noch im Altertum leben? Was wollen die hier? Benehmen sich hier wie die Wilden und meinen alles gehöre ihnen.  Warum lassen wir uns alles gefallen? Das Beste wird sein, wir bauen hohe Grenzen wieder auf, verjagen den Islam aus unserem Land und können wieder friedlich leben. Wer fragt uns, ob wir diese Menschen wollen? Ob diese Gutmenschen dann immer noch zum Bahnhof rennen, wenn die ersten Frauen vergewaltigt werden von denen und die ersten Bomben von denen gezündet werden? Wie blind sind unsere Menschen?""}]"
982668918438198,"Is ja lustig! Zuhause vor ""Angst"" geflohen, und in Ungarn dann auf dicke Hose machen!!
Ganz schön traumatisiert die Vögel!!",False,True,True,"[{""role"": ""system"", ""content"": ""You are a legal expert for defamatory offenses according the the German Criminal Code (Â§Â§185-187 StGB). Help the user decide whether given posts fall within in the scope of these articles.""}, {""role"": ""user"", ""content"": ""Is the following post criminally relevant with respect to Â§Â§185-187 StGB (Defamatory Offense)? Answer only with 'True' (criminally relevant according to Â§Â§185-187 StGB) or 'False' (not criminally relevant according to Â§Â§185-187 StGB).""}, {""role"": ""user"", ""content"": ""Is ja lustig! Zuhause vor \""Angst\"" geflohen, und in Ungarn dann auf dicke Hose machen!!\r\nGanz schön traumatisiert die Vögel!!""}]"
856808184357606,"Marco Bloedorn@
Stimmt die Mauer muss wieder her damit wir Spacken wie Dich reinstecken können zusammen mit der Antifa und Islamisten..lol",True,True,True,"[{""role"": ""system"", ""content"": ""You are a legal expert for defamatory offenses according the the German Criminal Code (Â§Â§185-187 StGB). Help the user decide whether given posts fall within in the scope of these articles.""}, {""role"": ""user"", ""content"": ""Is the following post criminally relevant with respect to Â§Â§185-187 StGB (Defamatory Offense)? Answer only with 'True' (criminally relevant according to Â§Â§185-187 StGB) or 'False' (not criminally relevant according to Â§Â§185-187 StGB).""}, {""role"": ""user"", ""content"": ""Marco Bloedorn@\r\nStimmt die Mauer muss wieder her damit wir Spacken wie Dich reinstecken können zusammen mit der Antifa und Islamisten..lol""}]"
856846327687125,Nichts ist vorbei du Troll.,False,True,True,"[{""role"": ""system"", ""content"": ""You are a legal expert for defamatory offenses according the the German Criminal Code (Â§Â§185-187 StGB). Help the user decide whether given posts fall within in the scope of these articles.""}, {""role"": ""user"", ""content"": ""Is the following post criminally relevant with respect to Â§Â§185-187 StGB (Defamatory Offense)? Answer only with 'True' (criminally relevant according to Â§Â§185-187 StGB) or 'False' (not criminally relevant according to Â§Â§185-187 StGB).""}, {""role"": ""user"", ""content"": ""Nichts ist vorbei du Troll.""}]"
1098119350226487,"Diese Kriminellen sofort wieder ausweisen, ohne Rückführprämie",False,True,True,"[{""role"": ""system"", ""content"": ""You are a legal expert for defamatory offenses according the the German Criminal Code (Â§Â§185-187 StGB). Help the user decide whether given posts fall within in the scope of these articles.""}, {""role"": ""user"", ""content"": ""Is the following post criminally relevant with respect to Â§Â§185-187 StGB (Defamatory Offense)? Answer only with 'True' (criminally relevant according to Â§Â§185-187 StGB) or 'False' (not criminally relevant according to Â§Â§185-187 StGB).""}, {""role"": ""user"", ""content"": ""Diese Kriminellen sofort wieder ausweisen, ohne Rückführprämie""}]"
1065123746859381,"Wat der Deutsche an sich (Tschuldigung Niederländer auch) seit ca. einem Jahr vertrottelt. Ich sag ja immer: gut, dass wir sie haben. Was das gegeben hätte!!! Ich stimme dafür, dass jedem ein eigener ""Finder"" zugewiesen wird.",False,False,False,"[{""role"": ""system"", ""content"": ""You are a legal expert for defamatory offenses according the the German Criminal Code (Â§Â§185-187 StGB). Help the user decide whether given posts fall within in the scope of these articles.""}, {""role"": ""user"", ""content"": ""Is the following post criminally relevant with respect to Â§Â§185-187 StGB (Defamatory Offense)? Answer only with 'True' (criminally relevant according to Â§Â§185-187 StGB) or 'False' (not criminally relevant according to Â§Â§185-187 StGB).""}, {""role"": ""user"", ""content"": ""Wat der Deutsche an sich (Tschuldigung Niederländer auch) seit ca. einem Jahr vertrottelt. Ich sag ja immer: gut, dass wir sie haben. Was das gegeben hätte!!! Ich stimme dafür, dass jedem ein eigener \""Finder\"" zugewiesen wird.""}]"
1049,Die Welt von #Maas und #Merkel |LBR| Im Internet gibt’s Sperrung wenn nicht Staatsmeinung vertreten wird |LBR| In Hamburg gibts Schläge auf den Kopf,False,False,False,"[{""role"": ""system"", ""content"": ""You are a legal expert for defamatory offenses according the the German Criminal Code (Â§Â§185-187 StGB). Help the user decide whether given posts fall within in the scope of these articles.""}, {""role"": ""user"", ""content"": ""Is the following post criminally relevant with respect to Â§Â§185-187 StGB (Defamatory Offense)? Answer only with 'True' (criminally relevant according to Â§Â§185-187 StGB) or 'False' (not criminally relevant according to Â§Â§185-187 StGB).""}, {""role"": ""user"", ""content"": ""Die Welt von #Maas und #Merkel |LBR| Im Internet gibt’s Sperrung wenn nicht Staatsmeinung vertreten wird |LBR| In Hamburg gibts Schläge auf den Kopf""}]"
863,"Nur am drücken auf ""Wir waren ja so schlimm"" .. Die sollten mal daran denken das Islamisten heute noch schlimm sind! Lügenmedien halt !",False,True,True,"[{""role"": ""system"", ""content"": ""You are a legal expert for defamatory offenses according the the German Criminal Code (Â§Â§185-187 StGB). Help the user decide whether given posts fall within in the scope of these articles.""}, {""role"": ""user"", ""content"": ""Is the following post criminally relevant with respect to Â§Â§185-187 StGB (Defamatory Offense)? Answer only with 'True' (criminally relevant according to Â§Â§185-187 StGB) or 'False' (not criminally relevant according to Â§Â§185-187 StGB).""}, {""role"": ""user"", ""content"": ""Nur am drücken auf \""Wir waren ja so schlimm\"" .. Die sollten mal daran denken das Islamisten heute noch schlimm sind! Lügenmedien halt !""}]"
894968090541615,"Brandstiftung ist nicht die Lösung, sondern endlich eine verünftige Asylpolitik.",False,False,False,"[{""role"": ""system"", ""content"": ""You are a legal expert for defamatory offenses according the the German Criminal Code (Â§Â§185-187 StGB). Help the user decide whether given posts fall within in the scope of these articles.""}, {""role"": ""user"", ""content"": ""Is the following post criminally relevant with respect to Â§Â§185-187 StGB (Defamatory Offense)? Answer only with 'True' (criminally relevant according to Â§Â§185-187 StGB) or 'False' (not criminally relevant according to Â§Â§185-187 StGB).""}, {""role"": ""user"", ""content"": ""Brandstiftung ist nicht die Lösung, sondern endlich eine verünftige Asylpolitik.""}]"
894669053904852,"Dieser Abschaum verbreitet auch Angst und Schrecken und erhält von OBEN Deckung! 

http://dapemasblog.blogspot.de/2015/02/wer-ist-eigentlich-dresden-nazifrei.html?m=1",False,True,True,"[{""role"": ""system"", ""content"": ""You are a legal expert for defamatory offenses according the the German Criminal Code (Â§Â§185-187 StGB). Help the user decide whether given posts fall within in the scope of these articles.""}, {""role"": ""user"", ""content"": ""Is the following post criminally relevant with respect to Â§Â§185-187 StGB (Defamatory Offense)? Answer only with 'True' (criminally relevant according to Â§Â§185-187 StGB) or 'False' (not criminally relevant according to Â§Â§185-187 StGB).""}, {""role"": ""user"", ""content"": ""Dieser Abschaum verbreitet auch Angst und Schrecken und erhält von OBEN Deckung! \r\n\r\nhttp://dapemasblog.blogspot.de/2015/02/wer-ist-eigentlich-dresden-nazifrei.html?m=1""}]"
1038729609498795,Willkommen im Terror-Regime Europa!,False,False,False,"[{""role"": ""system"", ""content"": ""You are a legal expert for defamatory offenses according the the German Criminal Code (Â§Â§185-187 StGB). Help the user decide whether given posts fall within in the scope of these articles.""}, {""role"": ""user"", ""content"": ""Is the following post criminally relevant with respect to Â§Â§185-187 StGB (Defamatory Offense)? Answer only with 'True' (criminally relevant according to Â§Â§185-187 StGB) or 'False' (not criminally relevant according to Â§Â§185-187 StGB).""}, {""role"": ""user"", ""content"": ""Willkommen im Terror-Regime Europa!""}]"
1065485516823204,"Thor! Sie sind wirklich extrem naiv! Wie kommt denn plötzlich das jeden Tag soo viele zigtausend Euro GEFUNDEN werden von Asylanten? Und komischerweise nicht von Deutschen! Andersherum glaubt Ihr Gutmenschen ja auch die Tatsachen nicht, das so viele tausende Flüchtlinge kriminell sind aber den Mist mit den gefundenen Sachen nehmt Ihr sofort für bare Münze. Lach.",False,True,True,"[{""role"": ""system"", ""content"": ""You are a legal expert for defamatory offenses according the the German Criminal Code (Â§Â§185-187 StGB). Help the user decide whether given posts fall within in the scope of these articles.""}, {""role"": ""user"", ""content"": ""Is the following post criminally relevant with respect to Â§Â§185-187 StGB (Defamatory Offense)? Answer only with 'True' (criminally relevant according to Â§Â§185-187 StGB) or 'False' (not criminally relevant according to Â§Â§185-187 StGB).""}, {""role"": ""user"", ""content"": ""Thor! Sie sind wirklich extrem naiv! Wie kommt denn plötzlich das jeden Tag soo viele zigtausend Euro GEFUNDEN werden von Asylanten? Und komischerweise nicht von Deutschen! Andersherum glaubt Ihr Gutmenschen ja auch die Tatsachen nicht, das so viele tausende Flüchtlinge kriminell sind aber den Mist mit den gefundenen Sachen nehmt Ihr sofort für bare Münze. Lach.""}]"
885895764782181,Bald kommt die Asylanten Gewerkschaft !!!,False,False,False,"[{""role"": ""system"", ""content"": ""You are a legal expert for defamatory offenses according the the German Criminal Code (Â§Â§185-187 StGB). Help the user decide whether given posts fall within in the scope of these articles.""}, {""role"": ""user"", ""content"": ""Is the following post criminally relevant with respect to Â§Â§185-187 StGB (Defamatory Offense)? Answer only with 'True' (criminally relevant according to Â§Â§185-187 StGB) or 'False' (not criminally relevant according to Â§Â§185-187 StGB).""}, {""role"": ""user"", ""content"": ""Bald kommt die Asylanten Gewerkschaft !!!""}]"
917,"@Sysyphus58 Tusk wird in Polen als derjenige wahrgenommen, der Merkel in den Ar*** kriecht, war sich seiner ""Sache"" sicher u. verlor d. Wahl",False,True,True,"[{""role"": ""system"", ""content"": ""You are a legal expert for defamatory offenses according the the German Criminal Code (Â§Â§185-187 StGB). Help the user decide whether given posts fall within in the scope of these articles.""}, {""role"": ""user"", ""content"": ""Is the following post criminally relevant with respect to Â§Â§185-187 StGB (Defamatory Offense)? Answer only with 'True' (criminally relevant according to Â§Â§185-187 StGB) or 'False' (not criminally relevant according to Â§Â§185-187 StGB).""}, {""role"": ""user"", ""content"": ""@Sysyphus58 Tusk wird in Polen als derjenige wahrgenommen, der Merkel in den Ar*** kriecht, war sich seiner \""Sache\"" sicher u. verlor d. Wahl""}]"
667,Dieser Matthias ist ein Kotzbrocken. #ibes,True,True,True,"[{""role"": ""system"", ""content"": ""You are a legal expert for defamatory offenses according the the German Criminal Code (Â§Â§185-187 StGB). Help the user decide whether given posts fall within in the scope of these articles.""}, {""role"": ""user"", ""content"": ""Is the following post criminally relevant with respect to Â§Â§185-187 StGB (Defamatory Offense)? Answer only with 'True' (criminally relevant according to Â§Â§185-187 StGB) or 'False' (not criminally relevant according to Â§Â§185-187 StGB).""}, {""role"": ""user"", ""content"": ""Dieser Matthias ist ein Kotzbrocken. #ibes""}]"
1065012326870523,Ihr habt vergessen: Das Gehirn von Merkel und das Gewissen von Gabriel ??,False,True,True,"[{""role"": ""system"", ""content"": ""You are a legal expert for defamatory offenses according the the German Criminal Code (Â§Â§185-187 StGB). Help the user decide whether given posts fall within in the scope of these articles.""}, {""role"": ""user"", ""content"": ""Is the following post criminally relevant with respect to Â§Â§185-187 StGB (Defamatory Offense)? Answer only with 'True' (criminally relevant according to Â§Â§185-187 StGB) or 'False' (not criminally relevant according to Â§Â§185-187 StGB).""}, {""role"": ""user"", ""content"": ""Ihr habt vergessen: Das Gehirn von Merkel und das Gewissen von Gabriel ??""}]"
1057914080913681,"Bei uns deutschen Bürgern werden unsere Pässe kontrolliert auf das Schärfste. Das bekam auch Herr Seehofer zu spüren. Sie haben Seehofer sogar im Auto kontrolliert bei Sicherheitskonferenz in München . Nach Merkels Willen ist es bei den Flüchtlingen nicht notwendig, sie hält weiterhin die Grenzen weit offen, und hat sie sogar aus Ungarn geholt. Auch Frankreich will diesen Wahnsinnskurs nicht mehr mitmachen. Sie sind gegen weitere Aufnahme von Flüchtlingen, wie auch alle anderen EU Staaten. Schweden macht auch nicht mehr mit, weil sie das selbe erlebt haben wie wir in Köln mit den sexualen Übergriffen auf die Frauen. Merkels Politik geht weiter, sie hofft halt auf ein Wunder was aber nicht geschieht, so sehe ich es.",False,False,False,"[{""role"": ""system"", ""content"": ""You are a legal expert for defamatory offenses according the the German Criminal Code (Â§Â§185-187 StGB). Help the user decide whether given posts fall within in the scope of these articles.""}, {""role"": ""user"", ""content"": ""Is the following post criminally relevant with respect to Â§Â§185-187 StGB (Defamatory Offense)? Answer only with 'True' (criminally relevant according to Â§Â§185-187 StGB) or 'False' (not criminally relevant according to Â§Â§185-187 StGB).""}, {""role"": ""user"", ""content"": ""Bei uns deutschen Bürgern werden unsere Pässe kontrolliert auf das Schärfste. Das bekam auch Herr Seehofer zu spüren. Sie haben Seehofer sogar im Auto kontrolliert bei Sicherheitskonferenz in München . Nach Merkels Willen ist es bei den Flüchtlingen nicht notwendig, sie hält weiterhin die Grenzen weit offen, und hat sie sogar aus Ungarn geholt. Auch Frankreich will diesen Wahnsinnskurs nicht mehr mitmachen. Sie sind gegen weitere Aufnahme von Flüchtlingen, wie auch alle anderen EU Staaten. Schweden macht auch nicht mehr mit, weil sie das selbe erlebt haben wie wir in Köln mit den sexualen Übergriffen auf die Frauen. Merkels Politik geht weiter, sie hofft halt auf ein Wunder was aber nicht geschieht, so sehe ich es.""}]"
895929753778782,Heidi er macht seine Arbeit weiter wie früher nur durch die ganzen Medien wird er wieder mal in falsche Licht gezogen genau wie damals in israel  das beste an ihn ist und bleibt er braucht sich bei niemanden rechtfertigen was über ihn geschrieben wird wie das er zum salafisten Szene gehört oder das er zum Islam konvertiert ist am Ende wenn er fertig ist mit seine Arbeit wird er wie in israel beweisen das es immer 2 Seiten einer mediale gibt  wenn man zb das Thema iss ansieht  hat sich jemand gefragt wie sie entstanden wurde warum die so auf einmal gut ausgerüstet ist ? Dann fragt mal dieses den Obama und die Merkel die wissen es genau ihre Taten was die machen mit den Kurden ist widerlich und nicht vertretbar aber diese terror hat auch leider der Westen eine große Schuld dran alleine nur durch die Waffen Lieferung  wenn Obama wirklich den Kurden helfen würde dann hätte er das richtig getan wie damals als er sadam gestürzt hat was auch ein Riesen Fehler der Amerikaner war,False,False,False,"[{""role"": ""system"", ""content"": ""You are a legal expert for defamatory offenses according the the German Criminal Code (Â§Â§185-187 StGB). Help the user decide whether given posts fall within in the scope of these articles.""}, {""role"": ""user"", ""content"": ""Is the following post criminally relevant with respect to Â§Â§185-187 StGB (Defamatory Offense)? Answer only with 'True' (criminally relevant according to Â§Â§185-187 StGB) or 'False' (not criminally relevant according to Â§Â§185-187 StGB).""}, {""role"": ""user"", ""content"": ""Heidi er macht seine Arbeit weiter wie früher nur durch die ganzen Medien wird er wieder mal in falsche Licht gezogen genau wie damals in israel  das beste an ihn ist und bleibt er braucht sich bei niemanden rechtfertigen was über ihn geschrieben wird wie das er zum salafisten Szene gehört oder das er zum Islam konvertiert ist am Ende wenn er fertig ist mit seine Arbeit wird er wie in israel beweisen das es immer 2 Seiten einer mediale gibt  wenn man zb das Thema iss ansieht  hat sich jemand gefragt wie sie entstanden wurde warum die so auf einmal gut ausgerüstet ist ? Dann fragt mal dieses den Obama und die Merkel die wissen es genau ihre Taten was die machen mit den Kurden ist widerlich und nicht vertretbar aber diese terror hat auch leider der Westen eine große Schuld dran alleine nur durch die Waffen Lieferung  wenn Obama wirklich den Kurden helfen würde dann hätte er das richtig getan wie damals als er sadam gestürzt hat was auch ein Riesen Fehler der Amerikaner war""}]"
1111502265554862,"Und das jetzt bitte in ganz Deutschland so !!!!!! Und ihr werdet sehen das dann viel weniger von diesen illegalen Invasoren nach Deutschland kommen wollen ,weil es halt keine Kohle mehr hier gibt ??????.",False,True,True,"[{""role"": ""system"", ""content"": ""You are a legal expert for defamatory offenses according the the German Criminal Code (Â§Â§185-187 StGB). Help the user decide whether given posts fall within in the scope of these articles.""}, {""role"": ""user"", ""content"": ""Is the following post criminally relevant with respect to Â§Â§185-187 StGB (Defamatory Offense)? Answer only with 'True' (criminally relevant according to Â§Â§185-187 StGB) or 'False' (not criminally relevant according to Â§Â§185-187 StGB).""}, {""role"": ""user"", ""content"": ""Und das jetzt bitte in ganz Deutschland so !!!!!! Und ihr werdet sehen das dann viel weniger von diesen illegalen Invasoren nach Deutschland kommen wollen ,weil es halt keine Kohle mehr hier gibt ??????.""}]"
1798,"@JkGO14 @hannes__99 @georgrestle Hey Hannes, ich wollte mich noch mal bei dir und deiner dreckigen Assipartei bedanken, dass ihr mal wieder ein notwendiges und wichtiges Gesetz gekippt habt (Bienen-Schutz-Gesetz), weil der scheiß Bauernverband interveniert hat. Ihr seid der letzte Dreck. Liebe Grüße",True,True,True,"[{""role"": ""system"", ""content"": ""You are a legal expert for defamatory offenses according the the German Criminal Code (Â§Â§185-187 StGB). Help the user decide whether given posts fall within in the scope of these articles.""}, {""role"": ""user"", ""content"": ""Is the following post criminally relevant with respect to Â§Â§185-187 StGB (Defamatory Offense)? Answer only with 'True' (criminally relevant according to Â§Â§185-187 StGB) or 'False' (not criminally relevant according to Â§Â§185-187 StGB).""}, {""role"": ""user"", ""content"": ""@JkGO14 @hannes__99 @georgrestle Hey Hannes, ich wollte mich noch mal bei dir und deiner dreckigen Assipartei bedanken, dass ihr mal wieder ein notwendiges und wichtiges Gesetz gekippt habt (Bienen-Schutz-Gesetz), weil der scheiß Bauernverband interveniert hat. Ihr seid der letzte Dreck. Liebe Grüße""}]"
857429937628764,"Tja, einige Menschen haben halt von Geburt an einen niedrigen IQ. Dagegen lässt sich nichts machen...",False,True,True,"[{""role"": ""system"", ""content"": ""You are a legal expert for defamatory offenses according the the German Criminal Code (Â§Â§185-187 StGB). Help the user decide whether given posts fall within in the scope of these articles.""}, {""role"": ""user"", ""content"": ""Is the following post criminally relevant with respect to Â§Â§185-187 StGB (Defamatory Offense)? Answer only with 'True' (criminally relevant according to Â§Â§185-187 StGB) or 'False' (not criminally relevant according to Â§Â§185-187 StGB).""}, {""role"": ""user"", ""content"": ""Tja, einige Menschen haben halt von Geburt an einen niedrigen IQ. Dagegen lässt sich nichts machen...""}]"
885486088156482,"Pegida muss sich sofort von diesem Lutz Bachmann trennen. Das anmassende Verhalten dieses vorbestraften Wichtigtuers ist peinlich fuer ganz Deutschland. Sollte Pegida diesem Mann keinen Tritt in den Hintern verpassen und evtl. anderen voellig unfaehigen Personen auch , dann hat Pegida keinerlei Daseinsberechtigung mehr.Dann wuerde Pegida in keinster Weise mehr fuer das Volk sprechen.",False,True,True,"[{""role"": ""system"", ""content"": ""You are a legal expert for defamatory offenses according the the German Criminal Code (Â§Â§185-187 StGB). Help the user decide whether given posts fall within in the scope of these articles.""}, {""role"": ""user"", ""content"": ""Is the following post criminally relevant with respect to Â§Â§185-187 StGB (Defamatory Offense)? Answer only with 'True' (criminally relevant according to Â§Â§185-187 StGB) or 'False' (not criminally relevant according to Â§Â§185-187 StGB).""}, {""role"": ""user"", ""content"": ""Pegida muss sich sofort von diesem Lutz Bachmann trennen. Das anmassende Verhalten dieses vorbestraften Wichtigtuers ist peinlich fuer ganz Deutschland. Sollte Pegida diesem Mann keinen Tritt in den Hintern verpassen und evtl. anderen voellig unfaehigen Personen auch , dann hat Pegida keinerlei Daseinsberechtigung mehr.Dann wuerde Pegida in keinster Weise mehr fuer das Volk sprechen.""}]"
885348421503582,Ilse Bilse ist quasi eine Dumme Kuh,True,True,True,"[{""role"": ""system"", ""content"": ""You are a legal expert for defamatory offenses according the the German Criminal Code (Â§Â§185-187 StGB). Help the user decide whether given posts fall within in the scope of these articles.""}, {""role"": ""user"", ""content"": ""Is the following post criminally relevant with respect to Â§Â§185-187 StGB (Defamatory Offense)? Answer only with 'True' (criminally relevant according to Â§Â§185-187 StGB) or 'False' (not criminally relevant according to Â§Â§185-187 StGB).""}, {""role"": ""user"", ""content"": ""Ilse Bilse ist quasi eine Dumme Kuh""}]"
856794304358994,"Ist egal, ob 17.000 oder 30.000 - bei 80.000.000 bleiben die Rassisten von Pegida und ihre klatschende Horde ( erinnern einzig an die klatschenden Deppen von Hoyerswerda damals) ein Eiterpickel am Hintern der bunten Gesellschaft. Wer politische und soziale Missstände beseitigen will, der sollte diese auch ansprechen. Es scheint aber typisch für Pegida, dass diese die Schuld bei eben jenen suchen und finden wollen, die weder das Sozial-noch Politiksystem hierzulande zu verantworten haben. Und natürlich flüchten Rassisten, ohne das sie bedroht werden, nach Südafrika, wollen aber anderen die Flucht verbieten, welche wirklich in lebensunwürdigen Zuständen (oder aus welchen Gründen auch immer) leben. Die Lächerlichkeit von Pegida ist nicht zu übertreffen!",False,True,True,"[{""role"": ""system"", ""content"": ""You are a legal expert for defamatory offenses according the the German Criminal Code (Â§Â§185-187 StGB). Help the user decide whether given posts fall within in the scope of these articles.""}, {""role"": ""user"", ""content"": ""Is the following post criminally relevant with respect to Â§Â§185-187 StGB (Defamatory Offense)? Answer only with 'True' (criminally relevant according to Â§Â§185-187 StGB) or 'False' (not criminally relevant according to Â§Â§185-187 StGB).""}, {""role"": ""user"", ""content"": ""Ist egal, ob 17.000 oder 30.000 - bei 80.000.000 bleiben die Rassisten von Pegida und ihre klatschende Horde ( erinnern einzig an die klatschenden Deppen von Hoyerswerda damals) ein Eiterpickel am Hintern der bunten Gesellschaft. Wer politische und soziale Missstände beseitigen will, der sollte diese auch ansprechen. Es scheint aber typisch für Pegida, dass diese die Schuld bei eben jenen suchen und finden wollen, die weder das Sozial-noch Politiksystem hierzulande zu verantworten haben. Und natürlich flüchten Rassisten, ohne das sie bedroht werden, nach Südafrika, wollen aber anderen die Flucht verbieten, welche wirklich in lebensunwürdigen Zuständen (oder aus welchen Gründen auch immer) leben. Die Lächerlichkeit von Pegida ist nicht zu übertreffen!""}]"
1007189029319520,"Diese Farbbeutelwerfer sind feige und eierlos. Mutig wäre sein Gesicht zu zeigen und damit zu signalisieren, dass man für sein Handeln auch Verantwortung übernimmt. Bei unserer verweichlichten Justiz haben sie doch eh keine harten Strafen zu erwarten.
Als Soldaten wären sie alle durch die Bank weg Rohrkrepierer und Kanonenfutter... verkiffte Weicheier mit hohlen Phrasengeplärre",False,True,True,"[{""role"": ""system"", ""content"": ""You are a legal expert for defamatory offenses according the the German Criminal Code (Â§Â§185-187 StGB). Help the user decide whether given posts fall within in the scope of these articles.""}, {""role"": ""user"", ""content"": ""Is the following post criminally relevant with respect to Â§Â§185-187 StGB (Defamatory Offense)? Answer only with 'True' (criminally relevant according to Â§Â§185-187 StGB) or 'False' (not criminally relevant according to Â§Â§185-187 StGB).""}, {""role"": ""user"", ""content"": ""Diese Farbbeutelwerfer sind feige und eierlos. Mutig wäre sein Gesicht zu zeigen und damit zu signalisieren, dass man für sein Handeln auch Verantwortung übernimmt. Bei unserer verweichlichten Justiz haben sie doch eh keine harten Strafen zu erwarten.\r\nAls Soldaten wären sie alle durch die Bank weg Rohrkrepierer und Kanonenfutter... verkiffte Weicheier mit hohlen Phrasengeplärre""}]"
925468520824905,Rote und Grüne Khmer ! Verzieht euch in euer sozialistisches Paradies Nordkorea! Da bringt euch Onkel Kim sowohl das Arbeiten bei und nebenbei vergesst ihr beim schweren Schuften für den Endsieg des Sozialismus auch gleich noch eure ganze Gender-Scheiße! Eure schnuckeligen Nordkoreanischen Aufseherinnen werden euchs zeigen :D,False,True,True,"[{""role"": ""system"", ""content"": ""You are a legal expert for defamatory offenses according the the German Criminal Code (Â§Â§185-187 StGB). Help the user decide whether given posts fall within in the scope of these articles.""}, {""role"": ""user"", ""content"": ""Is the following post criminally relevant with respect to Â§Â§185-187 StGB (Defamatory Offense)? Answer only with 'True' (criminally relevant according to Â§Â§185-187 StGB) or 'False' (not criminally relevant according to Â§Â§185-187 StGB).""}, {""role"": ""user"", ""content"": ""Rote und Grüne Khmer ! Verzieht euch in euer sozialistisches Paradies Nordkorea! Da bringt euch Onkel Kim sowohl das Arbeiten bei und nebenbei vergesst ihr beim schweren Schuften für den Endsieg des Sozialismus auch gleich noch eure ganze Gender-Scheiße! Eure schnuckeligen Nordkoreanischen Aufseherinnen werden euchs zeigen :D""}]"
185,"Vehement kotzt sich d. CDU üb. Nazis in d. AfD aus,hatte aber nach 45 Nazitäter in d. Regierung u behinderte d. Aufarbeitung d. 3. Reiches 😜",False,False,False,"[{""role"": ""system"", ""content"": ""You are a legal expert for defamatory offenses according the the German Criminal Code (Â§Â§185-187 StGB). Help the user decide whether given posts fall within in the scope of these articles.""}, {""role"": ""user"", ""content"": ""Is the following post criminally relevant with respect to Â§Â§185-187 StGB (Defamatory Offense)? Answer only with 'True' (criminally relevant according to Â§Â§185-187 StGB) or 'False' (not criminally relevant according to Â§Â§185-187 StGB).""}, {""role"": ""user"", ""content"": ""Vehement kotzt sich d. CDU üb. Nazis in d. AfD aus,hatte aber nach 45 Nazitäter in d. Regierung u behinderte d. Aufarbeitung d. 3. Reiches 😜""}]"
997,@info2099 @Mister_Trs Die Khasarischen Rathen werden wahrscheinlich aus ihren Löchern getrieben,False,True,True,"[{""role"": ""system"", ""content"": ""You are a legal expert for defamatory offenses according the the German Criminal Code (Â§Â§185-187 StGB). Help the user decide whether given posts fall within in the scope of these articles.""}, {""role"": ""user"", ""content"": ""Is the following post criminally relevant with respect to Â§Â§185-187 StGB (Defamatory Offense)? Answer only with 'True' (criminally relevant according to Â§Â§185-187 StGB) or 'False' (not criminally relevant according to Â§Â§185-187 StGB).""}, {""role"": ""user"", ""content"": ""@info2099 @Mister_Trs Die Khasarischen Rathen werden wahrscheinlich aus ihren Löchern getrieben""}]"
1065200626851693,"Haha Lutz, und nächse Woche liest man: ""Flüchtling findet Schwiegermutter und bringt sie zurück zum Schwiegersohn !"" Scheisse !",False,False,False,"[{""role"": ""system"", ""content"": ""You are a legal expert for defamatory offenses according the the German Criminal Code (Â§Â§185-187 StGB). Help the user decide whether given posts fall within in the scope of these articles.""}, {""role"": ""user"", ""content"": ""Is the following post criminally relevant with respect to Â§Â§185-187 StGB (Defamatory Offense)? Answer only with 'True' (criminally relevant according to Â§Â§185-187 StGB) or 'False' (not criminally relevant according to Â§Â§185-187 StGB).""}, {""role"": ""user"", ""content"": ""Haha Lutz, und nächse Woche liest man: \""Flüchtling findet Schwiegermutter und bringt sie zurück zum Schwiegersohn !\"" Scheisse !""}]"
354,Kann mir Rainer seine streams nicht geben und wie ist es bei euch?,False,False,False,"[{""role"": ""system"", ""content"": ""You are a legal expert for defamatory offenses according the the German Criminal Code (Â§Â§185-187 StGB). Help the user decide whether given posts fall within in the scope of these articles.""}, {""role"": ""user"", ""content"": ""Is the following post criminally relevant with respect to Â§Â§185-187 StGB (Defamatory Offense)? Answer only with 'True' (criminally relevant according to Â§Â§185-187 StGB) or 'False' (not criminally relevant according to Â§Â§185-187 StGB).""}, {""role"": ""user"", ""content"": ""Kann mir Rainer seine streams nicht geben und wie ist es bei euch?""}]"
1564,Omg. Ramelow wurde gewählt. Wir lachen uns alle glei tot. Erschießen lassen das Drecksvieh. Pfründe vorher zurückzahlen. Ramelow Fieser Geistesbolschewisten- Schwachkopp.,True,True,True,"[{""role"": ""system"", ""content"": ""You are a legal expert for defamatory offenses according the the German Criminal Code (Â§Â§185-187 StGB). Help the user decide whether given posts fall within in the scope of these articles.""}, {""role"": ""user"", ""content"": ""Is the following post criminally relevant with respect to Â§Â§185-187 StGB (Defamatory Offense)? Answer only with 'True' (criminally relevant according to Â§Â§185-187 StGB) or 'False' (not criminally relevant according to Â§Â§185-187 StGB).""}, {""role"": ""user"", ""content"": ""Omg. Ramelow wurde gewählt. Wir lachen uns alle glei tot. Erschießen lassen das Drecksvieh. Pfründe vorher zurückzahlen. Ramelow Fieser Geistesbolschewisten- Schwachkopp.""}]"
1056810031024086,...weg mit dieser VolksVerräterVerrücktenRegierung...!!!,True,True,True,"[{""role"": ""system"", ""content"": ""You are a legal expert for defamatory offenses according the the German Criminal Code (Â§Â§185-187 StGB). Help the user decide whether given posts fall within in the scope of these articles.""}, {""role"": ""user"", ""content"": ""Is the following post criminally relevant with respect to Â§Â§185-187 StGB (Defamatory Offense)? Answer only with 'True' (criminally relevant according to Â§Â§185-187 StGB) or 'False' (not criminally relevant according to Â§Â§185-187 StGB).""}, {""role"": ""user"", ""content"": ""...weg mit dieser VolksVerräterVerrücktenRegierung...!!!""}]"
1043638935674529,"Bikini und Badefreiheit sind ein Lackmustest: Die meisten westlichen Männer können eine Frau im Badeanzug schön finden, ohne aus der Rolle zu fallen. Viele Moslems auch, wenn sie das westliche Frauenbild akzeptiert haben. Wenn Frauen sich aber nicht mehr im Bikini ins Bad trauen, dann sind die Belästiger moslemischer Prägung dafür verantwortlich und die Frauen, die die Wurzel dieser neuen Form der Belästigung leugnen und aus ideologischen Gründen lieber alle Männer verdächtigen. Egal, wie man es dreht und wendet: Es hat eben doch etwas mit dem Islam zu tun. http://www.achgut.com/dadgdx/index.php/dadgd/article/die_badefarce_von_bornheim",False,False,False,"[{""role"": ""system"", ""content"": ""You are a legal expert for defamatory offenses according the the German Criminal Code (Â§Â§185-187 StGB). Help the user decide whether given posts fall within in the scope of these articles.""}, {""role"": ""user"", ""content"": ""Is the following post criminally relevant with respect to Â§Â§185-187 StGB (Defamatory Offense)? Answer only with 'True' (criminally relevant according to Â§Â§185-187 StGB) or 'False' (not criminally relevant according to Â§Â§185-187 StGB).""}, {""role"": ""user"", ""content"": ""Bikini und Badefreiheit sind ein Lackmustest: Die meisten westlichen Männer können eine Frau im Badeanzug schön finden, ohne aus der Rolle zu fallen. Viele Moslems auch, wenn sie das westliche Frauenbild akzeptiert haben. Wenn Frauen sich aber nicht mehr im Bikini ins Bad trauen, dann sind die Belästiger moslemischer Prägung dafür verantwortlich und die Frauen, die die Wurzel dieser neuen Form der Belästigung leugnen und aus ideologischen Gründen lieber alle Männer verdächtigen. Egal, wie man es dreht und wendet: Es hat eben doch etwas mit dem Islam zu tun. http://www.achgut.com/dadgdx/index.php/dadgd/article/die_badefarce_von_bornheim""}]"
882696705102087,"Doch prima,wenn se sich schon gegenseitig platt machen.Daran sieht man doch schon,wie freundlich die sind.Und was sie noch einschleppen? Jede Menge Krankheiten.Alle hatten sich in die Buxe gemacht...Oh Ebola!!  
Quarantäne!! höchste Sicherheitsmaßnahmen.Und nu?,,Mal immer fleißig rein mit dem Zeug.Redet kein Politiker,oder unsere Manipulierte US gesteuerte Medienwelt mehr von.Verarschen können die sich selber!",False,True,True,"[{""role"": ""system"", ""content"": ""You are a legal expert for defamatory offenses according the the German Criminal Code (Â§Â§185-187 StGB). Help the user decide whether given posts fall within in the scope of these articles.""}, {""role"": ""user"", ""content"": ""Is the following post criminally relevant with respect to Â§Â§185-187 StGB (Defamatory Offense)? Answer only with 'True' (criminally relevant according to Â§Â§185-187 StGB) or 'False' (not criminally relevant according to Â§Â§185-187 StGB).""}, {""role"": ""user"", ""content"": ""Doch prima,wenn se sich schon gegenseitig platt machen.Daran sieht man doch schon,wie freundlich die sind.Und was sie noch einschleppen? Jede Menge Krankheiten.Alle hatten sich in die Buxe gemacht...Oh Ebola!!  \r\nQuarantäne!! höchste Sicherheitsmaßnahmen.Und nu?,,Mal immer fleißig rein mit dem Zeug.Redet kein Politiker,oder unsere Manipulierte US gesteuerte Medienwelt mehr von.Verarschen können die sich selber!""}]"
662,Da fordern also die Türken Gerechtigkeit für die Türkei. In |LBR| Österreich. Wir haben Euch schon im 17. Jahrhundert davongejagt.,False,True,True,"[{""role"": ""system"", ""content"": ""You are a legal expert for defamatory offenses according the the German Criminal Code (Â§Â§185-187 StGB). Help the user decide whether given posts fall within in the scope of these articles.""}, {""role"": ""user"", ""content"": ""Is the following post criminally relevant with respect to Â§Â§185-187 StGB (Defamatory Offense)? Answer only with 'True' (criminally relevant according to Â§Â§185-187 StGB) or 'False' (not criminally relevant according to Â§Â§185-187 StGB).""}, {""role"": ""user"", ""content"": ""Da fordern also die Türken Gerechtigkeit für die Türkei. In |LBR| Österreich. Wir haben Euch schon im 17. Jahrhundert davongejagt.""}]"
966,@aotto1968_2 Das ist die Folge wenn Schwachmaten wie Laschet und Konsorten Politik machen! 😨 👎,False,True,True,"[{""role"": ""system"", ""content"": ""You are a legal expert for defamatory offenses according the the German Criminal Code (Â§Â§185-187 StGB). Help the user decide whether given posts fall within in the scope of these articles.""}, {""role"": ""user"", ""content"": ""Is the following post criminally relevant with respect to Â§Â§185-187 StGB (Defamatory Offense)? Answer only with 'True' (criminally relevant according to Â§Â§185-187 StGB) or 'False' (not criminally relevant according to Â§Â§185-187 StGB).""}, {""role"": ""user"", ""content"": ""@aotto1968_2 Das ist die Folge wenn Schwachmaten wie Laschet und Konsorten Politik machen! 😨 👎""}]"
982644041774019,"Wenn man mal schaut sind die alle ziemlich fit und werfen ihr Wasser und ihr Essen auf die Polizei, verbrennen ihre Zelte und Kleidung, Lachen in die Kamera und machen selfies mit ihren Smartphones. Aber es geht Ihnen ja so schlecht und sie sind ja so entkräftet. Mhhhhhh....",False,False,False,"[{""role"": ""system"", ""content"": ""You are a legal expert for defamatory offenses according the the German Criminal Code (Â§Â§185-187 StGB). Help the user decide whether given posts fall within in the scope of these articles.""}, {""role"": ""user"", ""content"": ""Is the following post criminally relevant with respect to Â§Â§185-187 StGB (Defamatory Offense)? Answer only with 'True' (criminally relevant according to Â§Â§185-187 StGB) or 'False' (not criminally relevant according to Â§Â§185-187 StGB).""}, {""role"": ""user"", ""content"": ""Wenn man mal schaut sind die alle ziemlich fit und werfen ihr Wasser und ihr Essen auf die Polizei, verbrennen ihre Zelte und Kleidung, Lachen in die Kamera und machen selfies mit ihren Smartphones. Aber es geht Ihnen ja so schlecht und sie sind ja so entkräftet. Mhhhhhh....""}]"
568,"@noherrmann @Eddie_1412 Die ist nicht nur peinlich,hat einen Riss in der Schüssel, das Unfähigste, was mir diesbezüglich bisher begegnet ist",False,True,True,"[{""role"": ""system"", ""content"": ""You are a legal expert for defamatory offenses according the the German Criminal Code (Â§Â§185-187 StGB). Help the user decide whether given posts fall within in the scope of these articles.""}, {""role"": ""user"", ""content"": ""Is the following post criminally relevant with respect to Â§Â§185-187 StGB (Defamatory Offense)? Answer only with 'True' (criminally relevant according to Â§Â§185-187 StGB) or 'False' (not criminally relevant according to Â§Â§185-187 StGB).""}, {""role"": ""user"", ""content"": ""@noherrmann @Eddie_1412 Die ist nicht nur peinlich,hat einen Riss in der Schüssel, das Unfähigste, was mir diesbezüglich bisher begegnet ist""}]"
800,@anna_IIna @DuHugonotte Die Grünen sollten auch ein Kopftuch tragen damit man ihre dummen Fressen nicht sehen muss!,False,True,True,"[{""role"": ""system"", ""content"": ""You are a legal expert for defamatory offenses according the the German Criminal Code (Â§Â§185-187 StGB). Help the user decide whether given posts fall within in the scope of these articles.""}, {""role"": ""user"", ""content"": ""Is the following post criminally relevant with respect to Â§Â§185-187 StGB (Defamatory Offense)? Answer only with 'True' (criminally relevant according to Â§Â§185-187 StGB) or 'False' (not criminally relevant according to Â§Â§185-187 StGB).""}, {""role"": ""user"", ""content"": ""@anna_IIna @DuHugonotte Die Grünen sollten auch ein Kopftuch tragen damit man ihre dummen Fressen nicht sehen muss!""}]"
894926463879111,Bei solch einem Müll was todenhöfer von sich gibt. Schreibt er auch für die Bild Zeitung,False,True,True,"[{""role"": ""system"", ""content"": ""You are a legal expert for defamatory offenses according the the German Criminal Code (Â§Â§185-187 StGB). Help the user decide whether given posts fall within in the scope of these articles.""}, {""role"": ""user"", ""content"": ""Is the following post criminally relevant with respect to Â§Â§185-187 StGB (Defamatory Offense)? Answer only with 'True' (criminally relevant according to Â§Â§185-187 StGB) or 'False' (not criminally relevant according to Â§Â§185-187 StGB).""}, {""role"": ""user"", ""content"": ""Bei solch einem Müll was todenhöfer von sich gibt. Schreibt er auch für die Bild Zeitung""}]"
858023834236041,"Gleich wieder die Relativierungen, typisch Muslime.",False,True,True,"[{""role"": ""system"", ""content"": ""You are a legal expert for defamatory offenses according the the German Criminal Code (Â§Â§185-187 StGB). Help the user decide whether given posts fall within in the scope of these articles.""}, {""role"": ""user"", ""content"": ""Is the following post criminally relevant with respect to Â§Â§185-187 StGB (Defamatory Offense)? Answer only with 'True' (criminally relevant according to Â§Â§185-187 StGB) or 'False' (not criminally relevant according to Â§Â§185-187 StGB).""}, {""role"": ""user"", ""content"": ""Gleich wieder die Relativierungen, typisch Muslime.""}]"
229,"@XYEinzelfall Was wir davon zu halten haben weiß jeder klar denkende Bürger! Die Ö.R. sind nun mal zu allem fähig, außer objektiver Berichte",False,False,False,"[{""role"": ""system"", ""content"": ""You are a legal expert for defamatory offenses according the the German Criminal Code (Â§Â§185-187 StGB). Help the user decide whether given posts fall within in the scope of these articles.""}, {""role"": ""user"", ""content"": ""Is the following post criminally relevant with respect to Â§Â§185-187 StGB (Defamatory Offense)? Answer only with 'True' (criminally relevant according to Â§Â§185-187 StGB) or 'False' (not criminally relevant according to Â§Â§185-187 StGB).""}, {""role"": ""user"", ""content"": ""@XYEinzelfall Was wir davon zu halten haben weiß jeder klar denkende Bürger! Die Ö.R. sind nun mal zu allem fähig, außer objektiver Berichte""}]"
1038993862805703,Europe is for european people Not for musilm,False,False,False,"[{""role"": ""system"", ""content"": ""You are a legal expert for defamatory offenses according the the German Criminal Code (Â§Â§185-187 StGB). Help the user decide whether given posts fall within in the scope of these articles.""}, {""role"": ""user"", ""content"": ""Is the following post criminally relevant with respect to Â§Â§185-187 StGB (Defamatory Offense)? Answer only with 'True' (criminally relevant according to Â§Â§185-187 StGB) or 'False' (not criminally relevant according to Â§Â§185-187 StGB).""}, {""role"": ""user"", ""content"": ""Europe is for european people Not for musilm""}]"
1088442974527458,Ein Religionslehrer?Ein verblendeter vom Hass des Islam gezüchteter Terrorist war das!,True,True,True,"[{""role"": ""system"", ""content"": ""You are a legal expert for defamatory offenses according the the German Criminal Code (Â§Â§185-187 StGB). Help the user decide whether given posts fall within in the scope of these articles.""}, {""role"": ""user"", ""content"": ""Is the following post criminally relevant with respect to Â§Â§185-187 StGB (Defamatory Offense)? Answer only with 'True' (criminally relevant according to Â§Â§185-187 StGB) or 'False' (not criminally relevant according to Â§Â§185-187 StGB).""}, {""role"": ""user"", ""content"": ""Ein Religionslehrer?Ein verblendeter vom Hass des Islam gezüchteter Terrorist war das!""}]"
945828588788898,"Die Jugendlichen sieht man dann am Stachus, Sendlinger Tor etc. mit der Flasche Bier in der Hand wie sie Frauen sexuell belästigen. Wohne in München und empfinde, die Flüchtlinge als eine Zumutung aber in München darf man es nicht öffentlich sagen, sonst ist man direkt ein Nazi.",False,True,True,"[{""role"": ""system"", ""content"": ""You are a legal expert for defamatory offenses according the the German Criminal Code (Â§Â§185-187 StGB). Help the user decide whether given posts fall within in the scope of these articles.""}, {""role"": ""user"", ""content"": ""Is the following post criminally relevant with respect to Â§Â§185-187 StGB (Defamatory Offense)? Answer only with 'True' (criminally relevant according to Â§Â§185-187 StGB) or 'False' (not criminally relevant according to Â§Â§185-187 StGB).""}, {""role"": ""user"", ""content"": ""Die Jugendlichen sieht man dann am Stachus, Sendlinger Tor etc. mit der Flasche Bier in der Hand wie sie Frauen sexuell belästigen. Wohne in München und empfinde, die Flüchtlinge als eine Zumutung aber in München darf man es nicht öffentlich sagen, sonst ist man direkt ein Nazi.""}]"
857921487579609,"Anscheinend verstehst du nicht 
was Pegida genau fordert.

Du sprichst von der Einen Hälfte 
und von der Anderen, 
aber die gibt es auch bei euch.

Meinungsfreiheit wird es immer geben, also komm damit klar ohne direkt beleidigend in der Mehrzahl zu sprechen.

Es gibt auch Ausländer die Pegida unterstützen, also versteh ich dein Problem nicht.

Das wäre das selbe als wenn ich sagen würde alle die deiner Meinung sind, 
sind sowieso nur Bombenleger.

Aber diskutieren macht anscheinend mit euch sowieso keinen Sinn, dafür haben die Medien 
und die Politiker schon zu viele verblendet. :/",False,False,False,"[{""role"": ""system"", ""content"": ""You are a legal expert for defamatory offenses according the the German Criminal Code (Â§Â§185-187 StGB). Help the user decide whether given posts fall within in the scope of these articles.""}, {""role"": ""user"", ""content"": ""Is the following post criminally relevant with respect to Â§Â§185-187 StGB (Defamatory Offense)? Answer only with 'True' (criminally relevant according to Â§Â§185-187 StGB) or 'False' (not criminally relevant according to Â§Â§185-187 StGB).""}, {""role"": ""user"", ""content"": ""Anscheinend verstehst du nicht \r\nwas Pegida genau fordert.\r\n\r\nDu sprichst von der Einen Hälfte \r\nund von der Anderen, \r\naber die gibt es auch bei euch.\r\n\r\nMeinungsfreiheit wird es immer geben, also komm damit klar ohne direkt beleidigend in der Mehrzahl zu sprechen.\r\n\r\nEs gibt auch Ausländer die Pegida unterstützen, also versteh ich dein Problem nicht.\r\n\r\nDas wäre das selbe als wenn ich sagen würde alle die deiner Meinung sind, \r\nsind sowieso nur Bombenleger.\r\n\r\nAber diskutieren macht anscheinend mit euch sowieso keinen Sinn, dafür haben die Medien \r\nund die Politiker schon zu viele verblendet. :/""}]"
895212767183814,"Der ISIS-Versteher erklärt die Welt. Wie kommt er aber auf ""95% antisemitischer Übergriffe gehen von Rechtsextremen aus""? Die Angriffe auf Juden in Berlin, die ""Juden-ins-Gas""-Parolen auf Anti-Israel-Demos gingen nicht von Rechtsextremen aus.",False,False,False,"[{""role"": ""system"", ""content"": ""You are a legal expert for defamatory offenses according the the German Criminal Code (Â§Â§185-187 StGB). Help the user decide whether given posts fall within in the scope of these articles.""}, {""role"": ""user"", ""content"": ""Is the following post criminally relevant with respect to Â§Â§185-187 StGB (Defamatory Offense)? Answer only with 'True' (criminally relevant according to Â§Â§185-187 StGB) or 'False' (not criminally relevant according to Â§Â§185-187 StGB).""}, {""role"": ""user"", ""content"": ""Der ISIS-Versteher erklärt die Welt. Wie kommt er aber auf \""95% antisemitischer Übergriffe gehen von Rechtsextremen aus\""? Die Angriffe auf Juden in Berlin, die \""Juden-ins-Gas\""-Parolen auf Anti-Israel-Demos gingen nicht von Rechtsextremen aus.""}]"
1055078404530582,"Voll Ok. Bin dafür das Deutschland alle Flüchtlinge der ganzen Welt aufnimmt. Endlich mal eine neue Kultur. Unsere Kultur ist mir zu Frauen freundlich! Diese Gleichberechtigung zwischen Mann und Frau geht mir voll auf den Sack! Ich freu mich auf die Islamisierung. Frauen sind dann Freiwild, dann geht's los!!! Ironie aus!",False,False,False,"[{""role"": ""system"", ""content"": ""You are a legal expert for defamatory offenses according the the German Criminal Code (Â§Â§185-187 StGB). Help the user decide whether given posts fall within in the scope of these articles.""}, {""role"": ""user"", ""content"": ""Is the following post criminally relevant with respect to Â§Â§185-187 StGB (Defamatory Offense)? Answer only with 'True' (criminally relevant according to Â§Â§185-187 StGB) or 'False' (not criminally relevant according to Â§Â§185-187 StGB).""}, {""role"": ""user"", ""content"": ""Voll Ok. Bin dafür das Deutschland alle Flüchtlinge der ganzen Welt aufnimmt. Endlich mal eine neue Kultur. Unsere Kultur ist mir zu Frauen freundlich! Diese Gleichberechtigung zwischen Mann und Frau geht mir voll auf den Sack! Ich freu mich auf die Islamisierung. Frauen sind dann Freiwild, dann geht's los!!! Ironie aus!""}]"
882746038430487,"Was soll das ....der Marokkaner wurde nicht umgebracht....sondern er hatte eine Infektion und ist an einer Lungenembolie gestorben
Warum muss wenn hier ein Flüchtling stirbt....erst die Schuldigen gesucht.....oder es wird gleich wieder auf rechtsradikal gewittert.....ist doch bekloppt..so wird noch mehr Hass geschürt
Außerdem seid wann ist ein Marokaner ein Flüchtling.....das ist mir neu.....entweder hat der was ausgefressen in sein Land....oder weis der Geier.....

Zum Anschluss noch....( ist mir auch egal wenn man mich dann als Braun beschimpft....obwohl ich es nicht bin)......ich bin der Meinung das es langsam reicht mit den ganzen Asylers.....unser Land wird hier beschissen müssen immer mehr aufnehmen....sollen immer mehr bezahlen.....Beispiel die anmahnung von den Griechen das die pfänden wollen.....obwohl wir schon längst unsere Schuld bezahlt haben
Aber weh wenn der Deutsche sich mal wehrt dann heißt es ""du böser Deutscher...du Nazi""......
Und unsere Regierung....was machen die.....mich kotzt das hier langsam alles an",False,False,False,"[{""role"": ""system"", ""content"": ""You are a legal expert for defamatory offenses according the the German Criminal Code (Â§Â§185-187 StGB). Help the user decide whether given posts fall within in the scope of these articles.""}, {""role"": ""user"", ""content"": ""Is the following post criminally relevant with respect to Â§Â§185-187 StGB (Defamatory Offense)? Answer only with 'True' (criminally relevant according to Â§Â§185-187 StGB) or 'False' (not criminally relevant according to Â§Â§185-187 StGB).""}, {""role"": ""user"", ""content"": ""Was soll das ....der Marokkaner wurde nicht umgebracht....sondern er hatte eine Infektion und ist an einer Lungenembolie gestorben\r\nWarum muss wenn hier ein Flüchtling stirbt....erst die Schuldigen gesucht.....oder es wird gleich wieder auf rechtsradikal gewittert.....ist doch bekloppt..so wird noch mehr Hass geschürt\r\nAußerdem seid wann ist ein Marokaner ein Flüchtling.....das ist mir neu.....entweder hat der was ausgefressen in sein Land....oder weis der Geier.....\r\n\r\nZum Anschluss noch....( ist mir auch egal wenn man mich dann als Braun beschimpft....obwohl ich es nicht bin)......ich bin der Meinung das es langsam reicht mit den ganzen Asylers.....unser Land wird hier beschissen müssen immer mehr aufnehmen....sollen immer mehr bezahlen.....Beispiel die anmahnung von den Griechen das die pfänden wollen.....obwohl wir schon längst unsere Schuld bezahlt haben\r\nAber weh wenn der Deutsche sich mal wehrt dann heißt es \""du böser Deutscher...du Nazi\""......\r\nUnd unsere Regierung....was machen die.....mich kotzt das hier langsam alles an""}]"
181,Demokratie in Spanien? |LBR| Wer anderer Meinung ist wird entmachtet! |LBR| Kämpft für eure Freiheit! |LBR| #Katalonien,False,False,False,"[{""role"": ""system"", ""content"": ""You are a legal expert for defamatory offenses according the the German Criminal Code (Â§Â§185-187 StGB). Help the user decide whether given posts fall within in the scope of these articles.""}, {""role"": ""user"", ""content"": ""Is the following post criminally relevant with respect to Â§Â§185-187 StGB (Defamatory Offense)? Answer only with 'True' (criminally relevant according to Â§Â§185-187 StGB) or 'False' (not criminally relevant according to Â§Â§185-187 StGB).""}, {""role"": ""user"", ""content"": ""Demokratie in Spanien? |LBR| Wer anderer Meinung ist wird entmachtet! |LBR| Kämpft für eure Freiheit! |LBR| #Katalonien""}]"
982664388438651,das sind keine refugees das sind parasieten,False,True,True,"[{""role"": ""system"", ""content"": ""You are a legal expert for defamatory offenses according the the German Criminal Code (Â§Â§185-187 StGB). Help the user decide whether given posts fall within in the scope of these articles.""}, {""role"": ""user"", ""content"": ""Is the following post criminally relevant with respect to Â§Â§185-187 StGB (Defamatory Offense)? Answer only with 'True' (criminally relevant according to Â§Â§185-187 StGB) or 'False' (not criminally relevant according to Â§Â§185-187 StGB).""}, {""role"": ""user"", ""content"": ""das sind keine refugees das sind parasieten""}]"
945850128786744,"Wohne im Münchner Norden, ca 300m von der tollen Bayernkaserne entfernt - von wohnen kann hier keine Rede mehr sein. Toleranz? Für was denn bitte? Für Flüchtlinge in Markenturnschuhen, Lederjacken und modernerem Smartphone als ich selbst besitze? Nix gegen Armut, wirklich! Aber dieses Bild passt nicht in meine persönliche Weltanschauung! Noch dazu schlagen wir uns nicht nur mit diesen Leuten in unserem neuen Kolonial-Afrika herum, wir sitzen auch täglich in den Linien 140,170 und 171 neben diversen Sinti und Roma - was wollen die hier alle? Richtig, während ich meiner geregelten Arbeit nachgehe und morgens im Bus sitze, fährt dieses übel riechende Gesinde zum Scheidplatz in Gruppen von bis zu 10 Leuten um dann direkt mit der U-Bahn in die City zu fahren.. ganz großes Kino, wirklich! Ich könnte nur kotzen vor Ekel und Ohnmacht!",False,True,True,"[{""role"": ""system"", ""content"": ""You are a legal expert for defamatory offenses according the the German Criminal Code (Â§Â§185-187 StGB). Help the user decide whether given posts fall within in the scope of these articles.""}, {""role"": ""user"", ""content"": ""Is the following post criminally relevant with respect to Â§Â§185-187 StGB (Defamatory Offense)? Answer only with 'True' (criminally relevant according to Â§Â§185-187 StGB) or 'False' (not criminally relevant according to Â§Â§185-187 StGB).""}, {""role"": ""user"", ""content"": ""Wohne im Münchner Norden, ca 300m von der tollen Bayernkaserne entfernt - von wohnen kann hier keine Rede mehr sein. Toleranz? Für was denn bitte? Für Flüchtlinge in Markenturnschuhen, Lederjacken und modernerem Smartphone als ich selbst besitze? Nix gegen Armut, wirklich! Aber dieses Bild passt nicht in meine persönliche Weltanschauung! Noch dazu schlagen wir uns nicht nur mit diesen Leuten in unserem neuen Kolonial-Afrika herum, wir sitzen auch täglich in den Linien 140,170 und 171 neben diversen Sinti und Roma - was wollen die hier alle? Richtig, während ich meiner geregelten Arbeit nachgehe und morgens im Bus sitze, fährt dieses übel riechende Gesinde zum Scheidplatz in Gruppen von bis zu 10 Leuten um dann direkt mit der U-Bahn in die City zu fahren.. ganz großes Kino, wirklich! Ich könnte nur kotzen vor Ekel und Ohnmacht!""}]"
858043067567451,Der IS ist die logische Konsequenz von dem was im Koran steht.,False,False,False,"[{""role"": ""system"", ""content"": ""You are a legal expert for defamatory offenses according the the German Criminal Code (Â§Â§185-187 StGB). Help the user decide whether given posts fall within in the scope of these articles.""}, {""role"": ""user"", ""content"": ""Is the following post criminally relevant with respect to Â§Â§185-187 StGB (Defamatory Offense)? Answer only with 'True' (criminally relevant according to Â§Â§185-187 StGB) or 'False' (not criminally relevant according to Â§Â§185-187 StGB).""}, {""role"": ""user"", ""content"": ""Der IS ist die logische Konsequenz von dem was im Koran steht.""}]"
876298435741914,"""Fachkräftemangel"" weil pegida gegen massenhafte Zuwanderung ist soll also der Wirtschaft schaden. Das bei der BA nur Vollidioten sitzen ist mir ja schon lange klar aber so eine Aussage? Wenn ich mir den Großteil unserer Zuwanderer anschaue dann sind das Fachkräfte im Schweine hüten und betteln. Im eigenen Land sind die mit nem Kuhgespann durch die Dörfer gefahren die heute immer noch aussehen als wäre da gerade der 2. Weltkrieg zu Ende und die wollen uns solche Menschen als Fachkräfte auftischen? Die sollen erstmal für das eigene Volk Arbeit finden aber anscheinend gehts hier nur um Lohndumping. 8,50€ Mindestlohn schadet ja der Wirtschaft, so ein Zuwanderer putzt auch für weniger das Bahnhofsklo... Ohne Worte",False,True,True,"[{""role"": ""system"", ""content"": ""You are a legal expert for defamatory offenses according the the German Criminal Code (Â§Â§185-187 StGB). Help the user decide whether given posts fall within in the scope of these articles.""}, {""role"": ""user"", ""content"": ""Is the following post criminally relevant with respect to Â§Â§185-187 StGB (Defamatory Offense)? Answer only with 'True' (criminally relevant according to Â§Â§185-187 StGB) or 'False' (not criminally relevant according to Â§Â§185-187 StGB).""}, {""role"": ""user"", ""content"": ""\""Fachkräftemangel\"" weil pegida gegen massenhafte Zuwanderung ist soll also der Wirtschaft schaden. Das bei der BA nur Vollidioten sitzen ist mir ja schon lange klar aber so eine Aussage? Wenn ich mir den Großteil unserer Zuwanderer anschaue dann sind das Fachkräfte im Schweine hüten und betteln. Im eigenen Land sind die mit nem Kuhgespann durch die Dörfer gefahren die heute immer noch aussehen als wäre da gerade der 2. Weltkrieg zu Ende und die wollen uns solche Menschen als Fachkräfte auftischen? Die sollen erstmal für das eigene Volk Arbeit finden aber anscheinend gehts hier nur um Lohndumping. 8,50€ Mindestlohn schadet ja der Wirtschaft, so ein Zuwanderer putzt auch für weniger das Bahnhofsklo... Ohne Worte""}]"
856751564363268,"Und warum denken die anderen schlecht über uns...weil es die Medien ihnen so suggerieren...da hilft nur Mundpropaganda im Freundes und Familienkreis...auf Arbeit und im Verein...das muss sich wie ein Lauffeuer verbreiten das unsere ""Volksverräter"" endlich rasiert werden.",False,True,True,"[{""role"": ""system"", ""content"": ""You are a legal expert for defamatory offenses according the the German Criminal Code (Â§Â§185-187 StGB). Help the user decide whether given posts fall within in the scope of these articles.""}, {""role"": ""user"", ""content"": ""Is the following post criminally relevant with respect to Â§Â§185-187 StGB (Defamatory Offense)? Answer only with 'True' (criminally relevant according to Â§Â§185-187 StGB) or 'False' (not criminally relevant according to Â§Â§185-187 StGB).""}, {""role"": ""user"", ""content"": ""Und warum denken die anderen schlecht über uns...weil es die Medien ihnen so suggerieren...da hilft nur Mundpropaganda im Freundes und Familienkreis...auf Arbeit und im Verein...das muss sich wie ein Lauffeuer verbreiten das unsere \""Volksverräter\"" endlich rasiert werden.""}]"
495,"@GtzFrmming @AfD_HD Im Europäischen Parlament sitzen eh nur gescheiterte Landespolitiker,die kommen dann aus Langeweile auf so 🐖dumme Ideen!",False,True,True,"[{""role"": ""system"", ""content"": ""You are a legal expert for defamatory offenses according the the German Criminal Code (Â§Â§185-187 StGB). Help the user decide whether given posts fall within in the scope of these articles.""}, {""role"": ""user"", ""content"": ""Is the following post criminally relevant with respect to Â§Â§185-187 StGB (Defamatory Offense)? Answer only with 'True' (criminally relevant according to Â§Â§185-187 StGB) or 'False' (not criminally relevant according to Â§Â§185-187 StGB).""}, {""role"": ""user"", ""content"": ""@GtzFrmming @AfD_HD Im Europäischen Parlament sitzen eh nur gescheiterte Landespolitiker,die kommen dann aus Langeweile auf so 🐖dumme Ideen!""}]"
411,"@Ralf_Stegner Sie sind leider ohne Bildung und ohne orthographische |LBR| Grundkenntnisse berechtigt, Ihren politischen Müll hinauszuonanieren.",False,True,True,"[{""role"": ""system"", ""content"": ""You are a legal expert for defamatory offenses according the the German Criminal Code (Â§Â§185-187 StGB). Help the user decide whether given posts fall within in the scope of these articles.""}, {""role"": ""user"", ""content"": ""Is the following post criminally relevant with respect to Â§Â§185-187 StGB (Defamatory Offense)? Answer only with 'True' (criminally relevant according to Â§Â§185-187 StGB) or 'False' (not criminally relevant according to Â§Â§185-187 StGB).""}, {""role"": ""user"", ""content"": ""@Ralf_Stegner Sie sind leider ohne Bildung und ohne orthographische |LBR| Grundkenntnisse berechtigt, Ihren politischen Müll hinauszuonanieren.""}]"
1107833499255072,"Wird Zeit das eine neue Regierung her kommt, alle verhaften und die Personalien aufnehmen. Alle Kosten diesen Personen aufdrücken, falls kein Geld da ist, dann Haft!",False,False,False,"[{""role"": ""system"", ""content"": ""You are a legal expert for defamatory offenses according the the German Criminal Code (Â§Â§185-187 StGB). Help the user decide whether given posts fall within in the scope of these articles.""}, {""role"": ""user"", ""content"": ""Is the following post criminally relevant with respect to Â§Â§185-187 StGB (Defamatory Offense)? Answer only with 'True' (criminally relevant according to Â§Â§185-187 StGB) or 'False' (not criminally relevant according to Â§Â§185-187 StGB).""}, {""role"": ""user"", ""content"": ""Wird Zeit das eine neue Regierung her kommt, alle verhaften und die Personalien aufnehmen. Alle Kosten diesen Personen aufdrücken, falls kein Geld da ist, dann Haft!""}]"
856870084351416,"ich finde es erschreckend wenn jugendliche mit 15 , 16  oder 17 jahren dastehen und Leute als Nazis beschimpfen die mit ihren Steuergeldern diese zum Teil Rotzlöffel am Leben erhalten! Wenn man bei einem Thema nicht mitreden kann ,weil man noch nichts erlebt hat oder etwas für seinen Staat geleistet hat  , sollte man lieber seine Klappe halten und überlegen was man so rausbrüllt!!!!",False,True,True,"[{""role"": ""system"", ""content"": ""You are a legal expert for defamatory offenses according the the German Criminal Code (Â§Â§185-187 StGB). Help the user decide whether given posts fall within in the scope of these articles.""}, {""role"": ""user"", ""content"": ""Is the following post criminally relevant with respect to Â§Â§185-187 StGB (Defamatory Offense)? Answer only with 'True' (criminally relevant according to Â§Â§185-187 StGB) or 'False' (not criminally relevant according to Â§Â§185-187 StGB).""}, {""role"": ""user"", ""content"": ""ich finde es erschreckend wenn jugendliche mit 15 , 16  oder 17 jahren dastehen und Leute als Nazis beschimpfen die mit ihren Steuergeldern diese zum Teil Rotzlöffel am Leben erhalten! Wenn man bei einem Thema nicht mitreden kann ,weil man noch nichts erlebt hat oder etwas für seinen Staat geleistet hat  , sollte man lieber seine Klappe halten und überlegen was man so rausbrüllt!!!!""}]"
1055103211194768,hab ich doch gesagt. Bis 2017 dürfen die Invasoren gesetzlich mitwählen dürfen!,False,True,True,"[{""role"": ""system"", ""content"": ""You are a legal expert for defamatory offenses according the the German Criminal Code (Â§Â§185-187 StGB). Help the user decide whether given posts fall within in the scope of these articles.""}, {""role"": ""user"", ""content"": ""Is the following post criminally relevant with respect to Â§Â§185-187 StGB (Defamatory Offense)? Answer only with 'True' (criminally relevant according to Â§Â§185-187 StGB) or 'False' (not criminally relevant according to Â§Â§185-187 StGB).""}, {""role"": ""user"", ""content"": ""hab ich doch gesagt. Bis 2017 dürfen die Invasoren gesetzlich mitwählen dürfen!""}]"
856807827690975,"weil er der wahre nazi ist,nur dumme menschen verleugnen ihre herkunft",True,True,True,"[{""role"": ""system"", ""content"": ""You are a legal expert for defamatory offenses according the the German Criminal Code (Â§Â§185-187 StGB). Help the user decide whether given posts fall within in the scope of these articles.""}, {""role"": ""user"", ""content"": ""Is the following post criminally relevant with respect to Â§Â§185-187 StGB (Defamatory Offense)? Answer only with 'True' (criminally relevant according to Â§Â§185-187 StGB) or 'False' (not criminally relevant according to Â§Â§185-187 StGB).""}, {""role"": ""user"", ""content"": ""weil er der wahre nazi ist,nur dumme menschen verleugnen ihre herkunft""}]"
894897087215382,"Wenn überhaupt Herr Todenhöfer Angst vor etwas haben sollte (was nicht der Fall ist), dann ist es die vor der rechten Gefahr, die in Deutschland vorhanden ist. Leider wird in den Medien wenig darauf eingegangen. Stattdesssen wird dem Ottonormalverbraucher ""Hans Würstchen"" suggeriert, es bestehe in Deutschland die Gefahr der Islamisierung. Das kommt in diesem Land, wo es viele Islamhasser gibt, natürlich besser an, als es die Realität hergibt.",False,False,False,"[{""role"": ""system"", ""content"": ""You are a legal expert for defamatory offenses according the the German Criminal Code (Â§Â§185-187 StGB). Help the user decide whether given posts fall within in the scope of these articles.""}, {""role"": ""user"", ""content"": ""Is the following post criminally relevant with respect to Â§Â§185-187 StGB (Defamatory Offense)? Answer only with 'True' (criminally relevant according to Â§Â§185-187 StGB) or 'False' (not criminally relevant according to Â§Â§185-187 StGB).""}, {""role"": ""user"", ""content"": ""Wenn überhaupt Herr Todenhöfer Angst vor etwas haben sollte (was nicht der Fall ist), dann ist es die vor der rechten Gefahr, die in Deutschland vorhanden ist. Leider wird in den Medien wenig darauf eingegangen. Stattdesssen wird dem Ottonormalverbraucher \""Hans Würstchen\"" suggeriert, es bestehe in Deutschland die Gefahr der Islamisierung. Das kommt in diesem Land, wo es viele Islamhasser gibt, natürlich besser an, als es die Realität hergibt.""}]"
1366,Drecks Nigger. Glaubt mir ich weis wovon ich rede.Zeit mit denen endlich Ernst zu machen.Würde gern mehr und vor allem heftigere Polizeigewalt gegen socheln Abschaum erleben wenn ich ehrlich bin.Als territirialer Waffennarr weiss ich wovon ich rede. 😄😀😆Da ist man doch stolz Rassist zu sein.😄,True,True,True,"[{""role"": ""system"", ""content"": ""You are a legal expert for defamatory offenses according the the German Criminal Code (Â§Â§185-187 StGB). Help the user decide whether given posts fall within in the scope of these articles.""}, {""role"": ""user"", ""content"": ""Is the following post criminally relevant with respect to Â§Â§185-187 StGB (Defamatory Offense)? Answer only with 'True' (criminally relevant according to Â§Â§185-187 StGB) or 'False' (not criminally relevant according to Â§Â§185-187 StGB).""}, {""role"": ""user"", ""content"": ""Drecks Nigger. Glaubt mir ich weis wovon ich rede.Zeit mit denen endlich Ernst zu machen.Würde gern mehr und vor allem heftigere Polizeigewalt gegen socheln Abschaum erleben wenn ich ehrlich bin.Als territirialer Waffennarr weiss ich wovon ich rede. 😄😀😆Da ist man doch stolz Rassist zu sein.😄""}]"
1096051000433322,"und ""rein zufällig"" sind auch wieder Horden von Journalisten anwesend...Alle ""Aktivisten"" festnehmen und einsperren. Die Flüchtlinge kommen von alleine gar nicht auf solche bescheuerten Ideen...",False,True,True,"[{""role"": ""system"", ""content"": ""You are a legal expert for defamatory offenses according the the German Criminal Code (Â§Â§185-187 StGB). Help the user decide whether given posts fall within in the scope of these articles.""}, {""role"": ""user"", ""content"": ""Is the following post criminally relevant with respect to Â§Â§185-187 StGB (Defamatory Offense)? Answer only with 'True' (criminally relevant according to Â§Â§185-187 StGB) or 'False' (not criminally relevant according to Â§Â§185-187 StGB).""}, {""role"": ""user"", ""content"": ""und \""rein zufällig\"" sind auch wieder Horden von Journalisten anwesend...Alle \""Aktivisten\"" festnehmen und einsperren. Die Flüchtlinge kommen von alleine gar nicht auf solche bescheuerten Ideen...""}]"
982881701750253,Einer der mutig genug ist mit seinem wahren profil seine Meinung zu äußern  und nicht wie du feige Ratte mit einem fake account hier auf Internet Polizei machst. Ich werde nicht mehr auf deine antworten reagieren kleiner möchtegern facebook Sheriff.,True,True,True,"[{""role"": ""system"", ""content"": ""You are a legal expert for defamatory offenses according the the German Criminal Code (Â§Â§185-187 StGB). Help the user decide whether given posts fall within in the scope of these articles.""}, {""role"": ""user"", ""content"": ""Is the following post criminally relevant with respect to Â§Â§185-187 StGB (Defamatory Offense)? Answer only with 'True' (criminally relevant according to Â§Â§185-187 StGB) or 'False' (not criminally relevant according to Â§Â§185-187 StGB).""}, {""role"": ""user"", ""content"": ""Einer der mutig genug ist mit seinem wahren profil seine Meinung zu äußern  und nicht wie du feige Ratte mit einem fake account hier auf Internet Polizei machst. Ich werde nicht mehr auf deine antworten reagieren kleiner möchtegern facebook Sheriff.""}]"
894678727237218,Intoleranter Publizist auf Promotion Tour durch die Netzwerke der Medien für sein geschriebenes Buch.,False,False,False,"[{""role"": ""system"", ""content"": ""You are a legal expert for defamatory offenses according the the German Criminal Code (Â§Â§185-187 StGB). Help the user decide whether given posts fall within in the scope of these articles.""}, {""role"": ""user"", ""content"": ""Is the following post criminally relevant with respect to Â§Â§185-187 StGB (Defamatory Offense)? Answer only with 'True' (criminally relevant according to Â§Â§185-187 StGB) or 'False' (not criminally relevant according to Â§Â§185-187 StGB).""}, {""role"": ""user"", ""content"": ""Intoleranter Publizist auf Promotion Tour durch die Netzwerke der Medien für sein geschriebenes Buch.""}]"
972190419486048,"Warum soll ich aus meinem Heimatland auswandern ? Ich bin hier geboren und habe mein Lebtag meine Arbeit verrichtet. Hier sollten mal die Krawall Brüder auswandern, die überwiegend von diesem Staat leben. Ausserdem wird die Hirntätigkeit besser, wenn man mit dem Kiffen aufhört. Deutschland wird erst wieder sauber, wenn das ganze faule Gesoxe von der Bildfläche verschwindet.",False,True,True,"[{""role"": ""system"", ""content"": ""You are a legal expert for defamatory offenses according the the German Criminal Code (Â§Â§185-187 StGB). Help the user decide whether given posts fall within in the scope of these articles.""}, {""role"": ""user"", ""content"": ""Is the following post criminally relevant with respect to Â§Â§185-187 StGB (Defamatory Offense)? Answer only with 'True' (criminally relevant according to Â§Â§185-187 StGB) or 'False' (not criminally relevant according to Â§Â§185-187 StGB).""}, {""role"": ""user"", ""content"": ""Warum soll ich aus meinem Heimatland auswandern ? Ich bin hier geboren und habe mein Lebtag meine Arbeit verrichtet. Hier sollten mal die Krawall Brüder auswandern, die überwiegend von diesem Staat leben. Ausserdem wird die Hirntätigkeit besser, wenn man mit dem Kiffen aufhört. Deutschland wird erst wieder sauber, wenn das ganze faule Gesoxe von der Bildfläche verschwindet.""}]"
1043982418973514,Inzwischen wird ja alles was den Medienhetzern nicht in den Kram passt als Volksverhetzung ausgelegt ;) Zeigt nur wie verzweifelt sie schon sind wenn sie nur noch mit der  ICH ZEIG DICH AN!!!!!!!!!!! Keule rumschlagen können.,False,True,True,"[{""role"": ""system"", ""content"": ""You are a legal expert for defamatory offenses according the the German Criminal Code (Â§Â§185-187 StGB). Help the user decide whether given posts fall within in the scope of these articles.""}, {""role"": ""user"", ""content"": ""Is the following post criminally relevant with respect to Â§Â§185-187 StGB (Defamatory Offense)? Answer only with 'True' (criminally relevant according to Â§Â§185-187 StGB) or 'False' (not criminally relevant according to Â§Â§185-187 StGB).""}, {""role"": ""user"", ""content"": ""Inzwischen wird ja alles was den Medienhetzern nicht in den Kram passt als Volksverhetzung ausgelegt ;) Zeigt nur wie verzweifelt sie schon sind wenn sie nur noch mit der  ICH ZEIG DICH AN!!!!!!!!!!! Keule rumschlagen können.""}]"
1105646976140391,"Sollte dieses Ideologiezentrum namens Moschee GEGEN den Willen des Volkes errichtet werden, wird es nicht lange dauern bis es niedergebrannt ist. Und das völlig zu Recht ! 
Bin schon gespannt auf die Erklärungsversuche seitens der Politik wie es denn zu dieser "" Reaktion der Bürger kommen konnte "". Dresden wird sich zu wehren wissen.",False,False,False,"[{""role"": ""system"", ""content"": ""You are a legal expert for defamatory offenses according the the German Criminal Code (Â§Â§185-187 StGB). Help the user decide whether given posts fall within in the scope of these articles.""}, {""role"": ""user"", ""content"": ""Is the following post criminally relevant with respect to Â§Â§185-187 StGB (Defamatory Offense)? Answer only with 'True' (criminally relevant according to Â§Â§185-187 StGB) or 'False' (not criminally relevant according to Â§Â§185-187 StGB).""}, {""role"": ""user"", ""content"": ""Sollte dieses Ideologiezentrum namens Moschee GEGEN den Willen des Volkes errichtet werden, wird es nicht lange dauern bis es niedergebrannt ist. Und das völlig zu Recht ! \r\nBin schon gespannt auf die Erklärungsversuche seitens der Politik wie es denn zu dieser \"" Reaktion der Bürger kommen konnte \"". Dresden wird sich zu wehren wissen.""}]"
977039389001151,-oder wird's du Muslim,False,False,False,"[{""role"": ""system"", ""content"": ""You are a legal expert for defamatory offenses according the the German Criminal Code (Â§Â§185-187 StGB). Help the user decide whether given posts fall within in the scope of these articles.""}, {""role"": ""user"", ""content"": ""Is the following post criminally relevant with respect to Â§Â§185-187 StGB (Defamatory Offense)? Answer only with 'True' (criminally relevant according to Â§Â§185-187 StGB) or 'False' (not criminally relevant according to Â§Â§185-187 StGB).""}, {""role"": ""user"", ""content"": ""-oder wird's du Muslim""}]"
935471979824559,"Du sagst es. Pegida ist eine Bürgerbewegung. Die Menschen haben kein Vertrauen in Parteien, deswegen wäre es meiner Meinung nach der falsche Weg eine Partei zu gründen. Vertrauen beruht auf Mitspracherecht - eine Partei hat in unserer heutigen Politiklandschaft ein Wahlprogramm. Das aber nur den geringsten Teil der eigentlichen Aktionen und Entscheidungen widerspiegelt. Oder welche Partei hatte im Wahlprogramm den Punkt: Waffenlieferung an andere Länder, um Kriege zu unterstützen und die Kollateralschäden (Kriegsflüchtlinge, Verletzte...) ins eigene Land zu importieren...?",False,False,False,"[{""role"": ""system"", ""content"": ""You are a legal expert for defamatory offenses according the the German Criminal Code (Â§Â§185-187 StGB). Help the user decide whether given posts fall within in the scope of these articles.""}, {""role"": ""user"", ""content"": ""Is the following post criminally relevant with respect to Â§Â§185-187 StGB (Defamatory Offense)? Answer only with 'True' (criminally relevant according to Â§Â§185-187 StGB) or 'False' (not criminally relevant according to Â§Â§185-187 StGB).""}, {""role"": ""user"", ""content"": ""Du sagst es. Pegida ist eine Bürgerbewegung. Die Menschen haben kein Vertrauen in Parteien, deswegen wäre es meiner Meinung nach der falsche Weg eine Partei zu gründen. Vertrauen beruht auf Mitspracherecht - eine Partei hat in unserer heutigen Politiklandschaft ein Wahlprogramm. Das aber nur den geringsten Teil der eigentlichen Aktionen und Entscheidungen widerspiegelt. Oder welche Partei hatte im Wahlprogramm den Punkt: Waffenlieferung an andere Länder, um Kriege zu unterstützen und die Kollateralschäden (Kriegsflüchtlinge, Verletzte...) ins eigene Land zu importieren...?""}]"
982650225106734,Jetzt wissen wir was wir für eine Sch--- im Land haben :(,False,False,False,"[{""role"": ""system"", ""content"": ""You are a legal expert for defamatory offenses according the the German Criminal Code (Â§Â§185-187 StGB). Help the user decide whether given posts fall within in the scope of these articles.""}, {""role"": ""user"", ""content"": ""Is the following post criminally relevant with respect to Â§Â§185-187 StGB (Defamatory Offense)? Answer only with 'True' (criminally relevant according to Â§Â§185-187 StGB) or 'False' (not criminally relevant according to Â§Â§185-187 StGB).""}, {""role"": ""user"", ""content"": ""Jetzt wissen wir was wir für eine Sch--- im Land haben :(""}]"
856758237695934,mitbürger/ innen???? jetzt fangt ihr auch schon mit diesem schwachsinn an!,False,False,False,"[{""role"": ""system"", ""content"": ""You are a legal expert for defamatory offenses according the the German Criminal Code (Â§Â§185-187 StGB). Help the user decide whether given posts fall within in the scope of these articles.""}, {""role"": ""user"", ""content"": ""Is the following post criminally relevant with respect to Â§Â§185-187 StGB (Defamatory Offense)? Answer only with 'True' (criminally relevant according to Â§Â§185-187 StGB) or 'False' (not criminally relevant according to Â§Â§185-187 StGB).""}, {""role"": ""user"", ""content"": ""mitbürger/ innen???? jetzt fangt ihr auch schon mit diesem schwachsinn an!""}]"
1085226304849125,"Typical comments from the Neo Nazis of Germany remember how you used religion  to murder 6 million jews . Like my father said you can take the Nazi out of Germany but not the Nazi out of the German always have and always will be a racist,white supremacist deluded country",False,True,True,"[{""role"": ""system"", ""content"": ""You are a legal expert for defamatory offenses according the the German Criminal Code (Â§Â§185-187 StGB). Help the user decide whether given posts fall within in the scope of these articles.""}, {""role"": ""user"", ""content"": ""Is the following post criminally relevant with respect to Â§Â§185-187 StGB (Defamatory Offense)? Answer only with 'True' (criminally relevant according to Â§Â§185-187 StGB) or 'False' (not criminally relevant according to Â§Â§185-187 StGB).""}, {""role"": ""user"", ""content"": ""Typical comments from the Neo Nazis of Germany remember how you used religion  to murder 6 million jews . Like my father said you can take the Nazi out of Germany but not the Nazi out of the German always have and always will be a racist,white supremacist deluded country""}]"
1075,@SirSchnee @FfFrauki @MartinSchulz ..regt euch nicht auf...Leberzirrhosen im Endstadium.. |LBR| Schulz bleibt nicht unser Problem....!,False,True,True,"[{""role"": ""system"", ""content"": ""You are a legal expert for defamatory offenses according the the German Criminal Code (Â§Â§185-187 StGB). Help the user decide whether given posts fall within in the scope of these articles.""}, {""role"": ""user"", ""content"": ""Is the following post criminally relevant with respect to Â§Â§185-187 StGB (Defamatory Offense)? Answer only with 'True' (criminally relevant according to Â§Â§185-187 StGB) or 'False' (not criminally relevant according to Â§Â§185-187 StGB).""}, {""role"": ""user"", ""content"": ""@SirSchnee @FfFrauki @MartinSchulz ..regt euch nicht auf...Leberzirrhosen im Endstadium.. |LBR| Schulz bleibt nicht unser Problem....!""}]"
1105438812827874,Irgendwann wird einer kommen und uns von dem Dreck befreien !!!,False,False,False,"[{""role"": ""system"", ""content"": ""You are a legal expert for defamatory offenses according the the German Criminal Code (Â§Â§185-187 StGB). Help the user decide whether given posts fall within in the scope of these articles.""}, {""role"": ""user"", ""content"": ""Is the following post criminally relevant with respect to Â§Â§185-187 StGB (Defamatory Offense)? Answer only with 'True' (criminally relevant according to Â§Â§185-187 StGB) or 'False' (not criminally relevant according to Â§Â§185-187 StGB).""}, {""role"": ""user"", ""content"": ""Irgendwann wird einer kommen und uns von dem Dreck befreien !!!""}]"
1056475294390893,Euch Gesindel bestimmt nicht,False,True,True,"[{""role"": ""system"", ""content"": ""You are a legal expert for defamatory offenses according the the German Criminal Code (Â§Â§185-187 StGB). Help the user decide whether given posts fall within in the scope of these articles.""}, {""role"": ""user"", ""content"": ""Is the following post criminally relevant with respect to Â§Â§185-187 StGB (Defamatory Offense)? Answer only with 'True' (criminally relevant according to Â§Â§185-187 StGB) or 'False' (not criminally relevant according to Â§Â§185-187 StGB).""}, {""role"": ""user"", ""content"": ""Euch Gesindel bestimmt nicht""}]"
856809407690817,Hazim....du wirst bald wieder Flüchtlinge sehen aber in eine Richtung die solchen Leuten wie dir nicht gefallen wird.,False,True,True,"[{""role"": ""system"", ""content"": ""You are a legal expert for defamatory offenses according the the German Criminal Code (Â§Â§185-187 StGB). Help the user decide whether given posts fall within in the scope of these articles.""}, {""role"": ""user"", ""content"": ""Is the following post criminally relevant with respect to Â§Â§185-187 StGB (Defamatory Offense)? Answer only with 'True' (criminally relevant according to Â§Â§185-187 StGB) or 'False' (not criminally relevant according to Â§Â§185-187 StGB).""}, {""role"": ""user"", ""content"": ""Hazim....du wirst bald wieder Flüchtlinge sehen aber in eine Richtung die solchen Leuten wie dir nicht gefallen wird.""}]"
1111868078851614,"Anja Lindner : Sie haben ja Recht, aber momentanes Recht ist es eben, dass dem Gesochs monatlich 350 Euronen an Taschengeld (für's Nichts-Tun"") zustehen - dazu kann man stehen, wie man will.

Und zum Thema ""Arbeiten gehen"" folgendes: 
   Was wir derzeit importieren, sind nicht nur ""ethnische"", also kulturelle und religiöse Konflikte, sondern auch eine ""industrielle Reservearmee"", für die es keine Beschäftigung gibt und keine geben wird, das Lumpenproletariat von morgen und übermorgen. 

In diesem Sinne: Über'm Äuator lacht die Sonne und über Deutschland lacht die ganze Welt.

Gruß von den Philippinen!",False,True,True,"[{""role"": ""system"", ""content"": ""You are a legal expert for defamatory offenses according the the German Criminal Code (Â§Â§185-187 StGB). Help the user decide whether given posts fall within in the scope of these articles.""}, {""role"": ""user"", ""content"": ""Is the following post criminally relevant with respect to Â§Â§185-187 StGB (Defamatory Offense)? Answer only with 'True' (criminally relevant according to Â§Â§185-187 StGB) or 'False' (not criminally relevant according to Â§Â§185-187 StGB).""}, {""role"": ""user"", ""content"": ""Anja Lindner : Sie haben ja Recht, aber momentanes Recht ist es eben, dass dem Gesochs monatlich 350 Euronen an Taschengeld (für's Nichts-Tun\"") zustehen - dazu kann man stehen, wie man will.\r\n\r\nUnd zum Thema \""Arbeiten gehen\"" folgendes: \r\n   Was wir derzeit importieren, sind nicht nur \""ethnische\"", also kulturelle und religiöse Konflikte, sondern auch eine \""industrielle Reservearmee\"", für die es keine Beschäftigung gibt und keine geben wird, das Lumpenproletariat von morgen und übermorgen. \r\n\r\nIn diesem Sinne: Über'm Äuator lacht die Sonne und über Deutschland lacht die ganze Welt.\r\n\r\nGruß von den Philippinen!""}]"
856830024355422,Zu viel Weißwurst im Hirn,False,True,True,"[{""role"": ""system"", ""content"": ""You are a legal expert for defamatory offenses according the the German Criminal Code (Â§Â§185-187 StGB). Help the user decide whether given posts fall within in the scope of these articles.""}, {""role"": ""user"", ""content"": ""Is the following post criminally relevant with respect to Â§Â§185-187 StGB (Defamatory Offense)? Answer only with 'True' (criminally relevant according to Â§Â§185-187 StGB) or 'False' (not criminally relevant according to Â§Â§185-187 StGB).""}, {""role"": ""user"", ""content"": ""Zu viel Weißwurst im Hirn""}]"
857972417574516,"Sie sind  fast alle gleich, ich kenne genug von denen sodass ich mir die Meinung erlauben darf !! Erfahrungen ! Ich sage nur, daß wenn ein deutscher eine schwangere Türkin auf die Art getötet hätte würde sich alles darum drehen und das über mehrere Tage lang, es würde immer mehr ausgeschlachtet werden! Und hier 1-2 mal erwähnt...ist ja nichts besonderes,Einzelfall,  jaja, Deutschland  verteidige dich. Es kommt der Tag wo die Bevölkerung Selbstjustiz ausführen wird ! Und jetzt diskutiere ist nicht mehr weiter !",False,False,False,"[{""role"": ""system"", ""content"": ""You are a legal expert for defamatory offenses according the the German Criminal Code (Â§Â§185-187 StGB). Help the user decide whether given posts fall within in the scope of these articles.""}, {""role"": ""user"", ""content"": ""Is the following post criminally relevant with respect to Â§Â§185-187 StGB (Defamatory Offense)? Answer only with 'True' (criminally relevant according to Â§Â§185-187 StGB) or 'False' (not criminally relevant according to Â§Â§185-187 StGB).""}, {""role"": ""user"", ""content"": ""Sie sind  fast alle gleich, ich kenne genug von denen sodass ich mir die Meinung erlauben darf !! Erfahrungen ! Ich sage nur, daß wenn ein deutscher eine schwangere Türkin auf die Art getötet hätte würde sich alles darum drehen und das über mehrere Tage lang, es würde immer mehr ausgeschlachtet werden! Und hier 1-2 mal erwähnt...ist ja nichts besonderes,Einzelfall,  jaja, Deutschland  verteidige dich. Es kommt der Tag wo die Bevölkerung Selbstjustiz ausführen wird ! Und jetzt diskutiere ist nicht mehr weiter !""}]"
1122246361147119,"Deutsch scheint nicht deine Stärke zu sein, da könnte Herr Höcke als Lehrer Nachhilfe geben, hm?",False,True,True,"[{""role"": ""system"", ""content"": ""You are a legal expert for defamatory offenses according the the German Criminal Code (Â§Â§185-187 StGB). Help the user decide whether given posts fall within in the scope of these articles.""}, {""role"": ""user"", ""content"": ""Is the following post criminally relevant with respect to Â§Â§185-187 StGB (Defamatory Offense)? Answer only with 'True' (criminally relevant according to Â§Â§185-187 StGB) or 'False' (not criminally relevant according to Â§Â§185-187 StGB).""}, {""role"": ""user"", ""content"": ""Deutsch scheint nicht deine Stärke zu sein, da könnte Herr Höcke als Lehrer Nachhilfe geben, hm?""}]"
183,@SM100d Schäuble als Finanzminister war ein Desaster. |LBR| Und seine Tochter wird von der GEZ bezahlt |LBR| Müssen wir wirklich für alle Schäubles aufkommen..?,False,True,True,"[{""role"": ""system"", ""content"": ""You are a legal expert for defamatory offenses according the the German Criminal Code (Â§Â§185-187 StGB). Help the user decide whether given posts fall within in the scope of these articles.""}, {""role"": ""user"", ""content"": ""Is the following post criminally relevant with respect to Â§Â§185-187 StGB (Defamatory Offense)? Answer only with 'True' (criminally relevant according to Â§Â§185-187 StGB) or 'False' (not criminally relevant according to Â§Â§185-187 StGB).""}, {""role"": ""user"", ""content"": ""@SM100d Schäuble als Finanzminister war ein Desaster. |LBR| Und seine Tochter wird von der GEZ bezahlt |LBR| Müssen wir wirklich für alle Schäubles aufkommen..?""}]"
426,"@AchimSpiegel ""Sigmar Dumpfbacke Gabriel"" gefällt mir richtig gut 🤡",False,True,True,"[{""role"": ""system"", ""content"": ""You are a legal expert for defamatory offenses according the the German Criminal Code (Â§Â§185-187 StGB). Help the user decide whether given posts fall within in the scope of these articles.""}, {""role"": ""user"", ""content"": ""Is the following post criminally relevant with respect to Â§Â§185-187 StGB (Defamatory Offense)? Answer only with 'True' (criminally relevant according to Â§Â§185-187 StGB) or 'False' (not criminally relevant according to Â§Â§185-187 StGB).""}, {""role"": ""user"", ""content"": ""@AchimSpiegel \""Sigmar Dumpfbacke Gabriel\"" gefällt mir richtig gut 🤡""}]"
954,"@WEBDE_News Was erwartet denn ein zweimaliger Sitzenbleiber, der nicht einmal |LBR| einen Schulabschluss hat, von den deutschen Wählern? Er ist ein |LBR| Blender.",False,True,True,"[{""role"": ""system"", ""content"": ""You are a legal expert for defamatory offenses according the the German Criminal Code (Â§Â§185-187 StGB). Help the user decide whether given posts fall within in the scope of these articles.""}, {""role"": ""user"", ""content"": ""Is the following post criminally relevant with respect to Â§Â§185-187 StGB (Defamatory Offense)? Answer only with 'True' (criminally relevant according to Â§Â§185-187 StGB) or 'False' (not criminally relevant according to Â§Â§185-187 StGB).""}, {""role"": ""user"", ""content"": ""@WEBDE_News Was erwartet denn ein zweimaliger Sitzenbleiber, der nicht einmal |LBR| einen Schulabschluss hat, von den deutschen Wählern? Er ist ein |LBR| Blender.""}]"
951870394851384,Kranke Gesellschaft die unter zwangsneurotischer Doppelmoral leidet,False,False,False,"[{""role"": ""system"", ""content"": ""You are a legal expert for defamatory offenses according the the German Criminal Code (Â§Â§185-187 StGB). Help the user decide whether given posts fall within in the scope of these articles.""}, {""role"": ""user"", ""content"": ""Is the following post criminally relevant with respect to Â§Â§185-187 StGB (Defamatory Offense)? Answer only with 'True' (criminally relevant according to Â§Â§185-187 StGB) or 'False' (not criminally relevant according to Â§Â§185-187 StGB).""}, {""role"": ""user"", ""content"": ""Kranke Gesellschaft die unter zwangsneurotischer Doppelmoral leidet""}]"
968406016531155,"Weg mit Flüchtlinge und Moslems die deutschen müssen für alles zahlen die Kirchen haben kein Geld mehr aber in neumünster wird ne neue Moschee gebaut. 
Wenn es so weiter geht sind wir Deutschen hier in Deutschland bald die Ausländer.
Die nehmen uns deutsche doch aus wie Weihnachtsmänner.
Wieviel deutsche sind obdachlos und bekommen kein Dach über Kopf und Flüchtlinge kriegen gleich ganze Häuser Turnhallen usw",False,False,False,"[{""role"": ""system"", ""content"": ""You are a legal expert for defamatory offenses according the the German Criminal Code (Â§Â§185-187 StGB). Help the user decide whether given posts fall within in the scope of these articles.""}, {""role"": ""user"", ""content"": ""Is the following post criminally relevant with respect to Â§Â§185-187 StGB (Defamatory Offense)? Answer only with 'True' (criminally relevant according to Â§Â§185-187 StGB) or 'False' (not criminally relevant according to Â§Â§185-187 StGB).""}, {""role"": ""user"", ""content"": ""Weg mit Flüchtlinge und Moslems die deutschen müssen für alles zahlen die Kirchen haben kein Geld mehr aber in neumünster wird ne neue Moschee gebaut. \r\nWenn es so weiter geht sind wir Deutschen hier in Deutschland bald die Ausländer.\r\nDie nehmen uns deutsche doch aus wie Weihnachtsmänner.\r\nWieviel deutsche sind obdachlos und bekommen kein Dach über Kopf und Flüchtlinge kriegen gleich ganze Häuser Turnhallen usw""}]"
1095902937114795,Sofort die schweine schiessen sonst die muslime bringen uns um! Dass ist eine riesige teroristische organisation! Und islam v EU gesetzlich verboten und zwar sofort.. Ich habe angst um unsere zukunft ! Unsere sicherheit! Um unsere kinder!,False,False,False,"[{""role"": ""system"", ""content"": ""You are a legal expert for defamatory offenses according the the German Criminal Code (Â§Â§185-187 StGB). Help the user decide whether given posts fall within in the scope of these articles.""}, {""role"": ""user"", ""content"": ""Is the following post criminally relevant with respect to Â§Â§185-187 StGB (Defamatory Offense)? Answer only with 'True' (criminally relevant according to Â§Â§185-187 StGB) or 'False' (not criminally relevant according to Â§Â§185-187 StGB).""}, {""role"": ""user"", ""content"": ""Sofort die schweine schiessen sonst die muslime bringen uns um! Dass ist eine riesige teroristische organisation! Und islam v EU gesetzlich verboten und zwar sofort.. Ich habe angst um unsere zukunft ! Unsere sicherheit! Um unsere kinder!""}]"
982666795105077,"Ein derartiges Gebaren ist sonst nur bei der Antifa feststellbar...
Es ist durch absolut gar nichts zu rechtfertigen, diesen 
Schein-Migrasylanten, die außer Krawall und Remmi-Demmi nicht viel auf der Agenda zu haben scheinen, Zuflucht in Deutschland auf Rechnung des unbescholtenen Bürgers zu gewähren, geschweige ihnen auch noch Beifall zu spenden für den Akt der illegalen, erschwindelten Einreise... 
Konsequent muß nun allerorten die Parole erschallen... 
REFUGEES U-TURN!!!",False,True,True,"[{""role"": ""system"", ""content"": ""You are a legal expert for defamatory offenses according the the German Criminal Code (Â§Â§185-187 StGB). Help the user decide whether given posts fall within in the scope of these articles.""}, {""role"": ""user"", ""content"": ""Is the following post criminally relevant with respect to Â§Â§185-187 StGB (Defamatory Offense)? Answer only with 'True' (criminally relevant according to Â§Â§185-187 StGB) or 'False' (not criminally relevant according to Â§Â§185-187 StGB).""}, {""role"": ""user"", ""content"": ""Ein derartiges Gebaren ist sonst nur bei der Antifa feststellbar...\r\nEs ist durch absolut gar nichts zu rechtfertigen, diesen \r\nSchein-Migrasylanten, die außer Krawall und Remmi-Demmi nicht viel auf der Agenda zu haben scheinen, Zuflucht in Deutschland auf Rechnung des unbescholtenen Bürgers zu gewähren, geschweige ihnen auch noch Beifall zu spenden für den Akt der illegalen, erschwindelten Einreise... \r\nKonsequent muß nun allerorten die Parole erschallen... \r\nREFUGEES U-TURN!!!""}]"
1039612899410466,"""Ob ein Asylsuchender ein Recht auf einen Aufenthaltstitel hat oder nicht, kann man nur in einem Asylverfahren feststellen.""

Ganz falsch!

Art. 16a, Absatz 2 GG sagt eindeutig, dass kein Asylrecht in D hat, wer aus einem Land der EU oder anderen sicheren Land einreist!

Da D nur von solchen Ländern umzingelt ist, hat kein Einziger ein Recht auf Asyl in D, das Asylverfahren kann in 2 Minuten abschlägig durchgeführt werden!

Ähnliches regelt auch das Dublin-Abkommen, das vorsieht, Asylverfahren im 1. EU-Land abzuwickeln, das ein Asylsuchender erreicht.

Nur durch eklatanten Bruch von EU- und D-Recht ist die Situation so, wie sie ist!

Von Merkel in selbstherrlichem Größenwahn alleine entschieden.",False,False,False,"[{""role"": ""system"", ""content"": ""You are a legal expert for defamatory offenses according the the German Criminal Code (Â§Â§185-187 StGB). Help the user decide whether given posts fall within in the scope of these articles.""}, {""role"": ""user"", ""content"": ""Is the following post criminally relevant with respect to Â§Â§185-187 StGB (Defamatory Offense)? Answer only with 'True' (criminally relevant according to Â§Â§185-187 StGB) or 'False' (not criminally relevant according to Â§Â§185-187 StGB).""}, {""role"": ""user"", ""content"": ""\""Ob ein Asylsuchender ein Recht auf einen Aufenthaltstitel hat oder nicht, kann man nur in einem Asylverfahren feststellen.\""\r\n\r\nGanz falsch!\r\n\r\nArt. 16a, Absatz 2 GG sagt eindeutig, dass kein Asylrecht in D hat, wer aus einem Land der EU oder anderen sicheren Land einreist!\r\n\r\nDa D nur von solchen Ländern umzingelt ist, hat kein Einziger ein Recht auf Asyl in D, das Asylverfahren kann in 2 Minuten abschlägig durchgeführt werden!\r\n\r\nÄhnliches regelt auch das Dublin-Abkommen, das vorsieht, Asylverfahren im 1. EU-Land abzuwickeln, das ein Asylsuchender erreicht.\r\n\r\nNur durch eklatanten Bruch von EU- und D-Recht ist die Situation so, wie sie ist!\r\n\r\nVon Merkel in selbstherrlichem Größenwahn alleine entschieden.""}]"
904,@wochenblickat @SoniaMikich Frisch dynamisch unkonventionell....der Pimpf wird seine Arbeit richtig gut machen... |LBR| ...eine weitere politische Schmach für unsere Wichtigtuer...😃😃,False,True,True,"[{""role"": ""system"", ""content"": ""You are a legal expert for defamatory offenses according the the German Criminal Code (Â§Â§185-187 StGB). Help the user decide whether given posts fall within in the scope of these articles.""}, {""role"": ""user"", ""content"": ""Is the following post criminally relevant with respect to Â§Â§185-187 StGB (Defamatory Offense)? Answer only with 'True' (criminally relevant according to Â§Â§185-187 StGB) or 'False' (not criminally relevant according to Â§Â§185-187 StGB).""}, {""role"": ""user"", ""content"": ""@wochenblickat @SoniaMikich Frisch dynamisch unkonventionell....der Pimpf wird seine Arbeit richtig gut machen... |LBR| ...eine weitere politische Schmach für unsere Wichtigtuer...😃😃""}]"
856825877689170,"Was für eine frustrierte Person du bist Sandra Ahmad!!Liegt deine Aggressivität an deinem Nachnamen???Wenn du nicht Salafist,Terrorist oder streng nach dem Koran lebst und alle Christen als ungläubige bezeichnest-dann weiß ich nicht warum du gegen Pegida hetzt bzw gegen die Menschen!!!Gebrauch deinen Verstand du gebildete Person-wie du selbst behauptest !",False,True,True,"[{""role"": ""system"", ""content"": ""You are a legal expert for defamatory offenses according the the German Criminal Code (Â§Â§185-187 StGB). Help the user decide whether given posts fall within in the scope of these articles.""}, {""role"": ""user"", ""content"": ""Is the following post criminally relevant with respect to Â§Â§185-187 StGB (Defamatory Offense)? Answer only with 'True' (criminally relevant according to Â§Â§185-187 StGB) or 'False' (not criminally relevant according to Â§Â§185-187 StGB).""}, {""role"": ""user"", ""content"": ""Was für eine frustrierte Person du bist Sandra Ahmad!!Liegt deine Aggressivität an deinem Nachnamen???Wenn du nicht Salafist,Terrorist oder streng nach dem Koran lebst und alle Christen als ungläubige bezeichnest-dann weiß ich nicht warum du gegen Pegida hetzt bzw gegen die Menschen!!!Gebrauch deinen Verstand du gebildete Person-wie du selbst behauptest !""}]"
1134075059964249,"Frau Merkel, sie sind Schwachsinnig!!!!!!!!!!!!!!!!!",True,True,True,"[{""role"": ""system"", ""content"": ""You are a legal expert for defamatory offenses according the the German Criminal Code (Â§Â§185-187 StGB). Help the user decide whether given posts fall within in the scope of these articles.""}, {""role"": ""user"", ""content"": ""Is the following post criminally relevant with respect to Â§Â§185-187 StGB (Defamatory Offense)? Answer only with 'True' (criminally relevant according to Â§Â§185-187 StGB) or 'False' (not criminally relevant according to Â§Â§185-187 StGB).""}, {""role"": ""user"", ""content"": ""Frau Merkel, sie sind Schwachsinnig!!!!!!!!!!!!!!!!!""}]"
500,@tagesschau Merkels Verhältnis zu Linksradikalen! |LBR| Arbeitgeber Merkel finanziert den organisieren Terror!!!,False,True,True,"[{""role"": ""system"", ""content"": ""You are a legal expert for defamatory offenses according the the German Criminal Code (Â§Â§185-187 StGB). Help the user decide whether given posts fall within in the scope of these articles.""}, {""role"": ""user"", ""content"": ""Is the following post criminally relevant with respect to Â§Â§185-187 StGB (Defamatory Offense)? Answer only with 'True' (criminally relevant according to Â§Â§185-187 StGB) or 'False' (not criminally relevant according to Â§Â§185-187 StGB).""}, {""role"": ""user"", ""content"": ""@tagesschau Merkels Verhältnis zu Linksradikalen! |LBR| Arbeitgeber Merkel finanziert den organisieren Terror!!!""}]"
982673431771080,"FEIGEN SYRISCHE ""manner"" haben keine eier,die hauen ab und lassen frauen und kindern und rentner alleine zuruck. Die Syrische Manner sollen gezwungen gegen islamic state zu kampfen oder in Gefangnis gesperrt.luftschlage sind nicht genug. Syrische Manner sind FEIGE und haben Null Moral und Null respekt fur Frauen. islamische staat erobert deutschland auf einladung von demenzkranken oma Merkel",False,True,True,"[{""role"": ""system"", ""content"": ""You are a legal expert for defamatory offenses according the the German Criminal Code (Â§Â§185-187 StGB). Help the user decide whether given posts fall within in the scope of these articles.""}, {""role"": ""user"", ""content"": ""Is the following post criminally relevant with respect to Â§Â§185-187 StGB (Defamatory Offense)? Answer only with 'True' (criminally relevant according to Â§Â§185-187 StGB) or 'False' (not criminally relevant according to Â§Â§185-187 StGB).""}, {""role"": ""user"", ""content"": ""FEIGEN SYRISCHE \""manner\"" haben keine eier,die hauen ab und lassen frauen und kindern und rentner alleine zuruck. Die Syrische Manner sollen gezwungen gegen islamic state zu kampfen oder in Gefangnis gesperrt.luftschlage sind nicht genug. Syrische Manner sind FEIGE und haben Null Moral und Null respekt fur Frauen. islamische staat erobert deutschland auf einladung von demenzkranken oma Merkel""}]"
742,"Ihr Grünen-Würstel, haltet Euch raus aus Dingen, von denen Ihr |LBR| nichts versteht. Geht Fahrräder putzen, anstatt über die Nato |LBR| zu reden.",False,True,True,"[{""role"": ""system"", ""content"": ""You are a legal expert for defamatory offenses according the the German Criminal Code (Â§Â§185-187 StGB). Help the user decide whether given posts fall within in the scope of these articles.""}, {""role"": ""user"", ""content"": ""Is the following post criminally relevant with respect to Â§Â§185-187 StGB (Defamatory Offense)? Answer only with 'True' (criminally relevant according to Â§Â§185-187 StGB) or 'False' (not criminally relevant according to Â§Â§185-187 StGB).""}, {""role"": ""user"", ""content"": ""Ihr Grünen-Würstel, haltet Euch raus aus Dingen, von denen Ihr |LBR| nichts versteht. Geht Fahrräder putzen, anstatt über die Nato |LBR| zu reden.""}]"
1111520662219689,Kein Bargeld für Asylanten finde ich richtig !!  Von mir aus brauchendie kein Geld !! Denn wir bezahlen das doch alles .,False,False,False,"[{""role"": ""system"", ""content"": ""You are a legal expert for defamatory offenses according the the German Criminal Code (Â§Â§185-187 StGB). Help the user decide whether given posts fall within in the scope of these articles.""}, {""role"": ""user"", ""content"": ""Is the following post criminally relevant with respect to Â§Â§185-187 StGB (Defamatory Offense)? Answer only with 'True' (criminally relevant according to Â§Â§185-187 StGB) or 'False' (not criminally relevant according to Â§Â§185-187 StGB).""}, {""role"": ""user"", ""content"": ""Kein Bargeld für Asylanten finde ich richtig !!  Von mir aus brauchendie kein Geld !! Denn wir bezahlen das doch alles .""}]"
308,"@petpanther0 Jeder kann die von Kalergi in den 1920ern verfassten Pamphlete die die Ideologie der heutigen EU vorweg nahmen recherchieren, es ist eine Zionistische rassistische Ideologie die auf Vermischung der Weisen Europäer abzielt, geführt von einer Art Herrenrasse",False,False,False,"[{""role"": ""system"", ""content"": ""You are a legal expert for defamatory offenses according the the German Criminal Code (Â§Â§185-187 StGB). Help the user decide whether given posts fall within in the scope of these articles.""}, {""role"": ""user"", ""content"": ""Is the following post criminally relevant with respect to Â§Â§185-187 StGB (Defamatory Offense)? Answer only with 'True' (criminally relevant according to Â§Â§185-187 StGB) or 'False' (not criminally relevant according to Â§Â§185-187 StGB).""}, {""role"": ""user"", ""content"": ""@petpanther0 Jeder kann die von Kalergi in den 1920ern verfassten Pamphlete die die Ideologie der heutigen EU vorweg nahmen recherchieren, es ist eine Zionistische rassistische Ideologie die auf Vermischung der Weisen Europäer abzielt, geführt von einer Art Herrenrasse""}]"
1012248532146903,nur bekloppte,False,True,True,"[{""role"": ""system"", ""content"": ""You are a legal expert for defamatory offenses according the the German Criminal Code (Â§Â§185-187 StGB). Help the user decide whether given posts fall within in the scope of these articles.""}, {""role"": ""user"", ""content"": ""Is the following post criminally relevant with respect to Â§Â§185-187 StGB (Defamatory Offense)? Answer only with 'True' (criminally relevant according to Â§Â§185-187 StGB) or 'False' (not criminally relevant according to Â§Â§185-187 StGB).""}, {""role"": ""user"", ""content"": ""nur bekloppte""}]"
396,Überfüllter Held*innenplatz. Wir gehen von über 60.000 Menschen aus. #Neujahrsempfang,False,False,False,"[{""role"": ""system"", ""content"": ""You are a legal expert for defamatory offenses according the the German Criminal Code (Â§Â§185-187 StGB). Help the user decide whether given posts fall within in the scope of these articles.""}, {""role"": ""user"", ""content"": ""Is the following post criminally relevant with respect to Â§Â§185-187 StGB (Defamatory Offense)? Answer only with 'True' (criminally relevant according to Â§Â§185-187 StGB) or 'False' (not criminally relevant according to Â§Â§185-187 StGB).""}, {""role"": ""user"", ""content"": ""Überfüllter Held*innenplatz. Wir gehen von über 60.000 Menschen aus. #Neujahrsempfang""}]"
856832841021807,"Das stimmt nicht wir sind extra da weg gezogen! !! Gehe nach Mannheim da heißen Ortsteile mittlerweile kleine oder große Türkei! !! Du hast Angst da schon Tags durch die Strasse zu laufen in Straßenbahnen wird man dumm angemacht und eine Moschee nach der andere gebaut! !! Heidelberg ist eine Studenten Stadt wo man früher gerne weggegangen ist, leider ist das dort auch nicht mehr möglich!",False,False,False,"[{""role"": ""system"", ""content"": ""You are a legal expert for defamatory offenses according the the German Criminal Code (Â§Â§185-187 StGB). Help the user decide whether given posts fall within in the scope of these articles.""}, {""role"": ""user"", ""content"": ""Is the following post criminally relevant with respect to Â§Â§185-187 StGB (Defamatory Offense)? Answer only with 'True' (criminally relevant according to Â§Â§185-187 StGB) or 'False' (not criminally relevant according to Â§Â§185-187 StGB).""}, {""role"": ""user"", ""content"": ""Das stimmt nicht wir sind extra da weg gezogen! !! Gehe nach Mannheim da heißen Ortsteile mittlerweile kleine oder große Türkei! !! Du hast Angst da schon Tags durch die Strasse zu laufen in Straßenbahnen wird man dumm angemacht und eine Moschee nach der andere gebaut! !! Heidelberg ist eine Studenten Stadt wo man früher gerne weggegangen ist, leider ist das dort auch nicht mehr möglich!""}]"
860,"UND DER DUSSELIGE GAUCK DENKT ER WÄRE WIEDER IN DER DDR UND LÄßT SICH HONECKERmäßig ALIMENTIEREN, GUTEN MORGEN-DEUTSCHLAND-??",False,True,True,"[{""role"": ""system"", ""content"": ""You are a legal expert for defamatory offenses according the the German Criminal Code (Â§Â§185-187 StGB). Help the user decide whether given posts fall within in the scope of these articles.""}, {""role"": ""user"", ""content"": ""Is the following post criminally relevant with respect to Â§Â§185-187 StGB (Defamatory Offense)? Answer only with 'True' (criminally relevant according to Â§Â§185-187 StGB) or 'False' (not criminally relevant according to Â§Â§185-187 StGB).""}, {""role"": ""user"", ""content"": ""UND DER DUSSELIGE GAUCK DENKT ER WÄRE WIEDER IN DER DDR UND LÄßT SICH HONECKERmäßig ALIMENTIEREN, GUTEN MORGEN-DEUTSCHLAND-??""}]"
894924327212658,Hohles Türkengesabber.,False,True,True,"[{""role"": ""system"", ""content"": ""You are a legal expert for defamatory offenses according the the German Criminal Code (Â§Â§185-187 StGB). Help the user decide whether given posts fall within in the scope of these articles.""}, {""role"": ""user"", ""content"": ""Is the following post criminally relevant with respect to Â§Â§185-187 StGB (Defamatory Offense)? Answer only with 'True' (criminally relevant according to Â§Â§185-187 StGB) or 'False' (not criminally relevant according to Â§Â§185-187 StGB).""}, {""role"": ""user"", ""content"": ""Hohles Türkengesabber.""}]"
1012233862148370,"dann sollten alle den das nicht passt fern bleiben und mögen sie auf unsere muslimischen Freunden warten, die dann Stollen und diverse Speckspezialitäten,Erzgebirge Waren in massen kaufen. Glück auf, Dresden!",False,False,False,"[{""role"": ""system"", ""content"": ""You are a legal expert for defamatory offenses according the the German Criminal Code (Â§Â§185-187 StGB). Help the user decide whether given posts fall within in the scope of these articles.""}, {""role"": ""user"", ""content"": ""Is the following post criminally relevant with respect to Â§Â§185-187 StGB (Defamatory Offense)? Answer only with 'True' (criminally relevant according to Â§Â§185-187 StGB) or 'False' (not criminally relevant according to Â§Â§185-187 StGB).""}, {""role"": ""user"", ""content"": ""dann sollten alle den das nicht passt fern bleiben und mögen sie auf unsere muslimischen Freunden warten, die dann Stollen und diverse Speckspezialitäten,Erzgebirge Waren in massen kaufen. Glück auf, Dresden!""}]"
1010218772349879,"Wär nett, wenn sie auch mal bei uns aufmerksam hinhören würde. Nur, allein hinhören nutzt nix, wenn ihr nix tut, sondern treudoof weiter macht. Denn Leute wie v.d. Leyen warnen vor einer drohenden Abschottung, wo unsere Grenzen weiterhin tagtäglich ungeschützt von zehntausenden unkontrolliert überrannt werden. Absurd.

Von der Leyen: ""Wir werden sehr genau hinhören, was Frankreich uns zu sagen hat, und aufmerksam auch analysieren, worum Frankreich uns bittet""",False,False,False,"[{""role"": ""system"", ""content"": ""You are a legal expert for defamatory offenses according the the German Criminal Code (Â§Â§185-187 StGB). Help the user decide whether given posts fall within in the scope of these articles.""}, {""role"": ""user"", ""content"": ""Is the following post criminally relevant with respect to Â§Â§185-187 StGB (Defamatory Offense)? Answer only with 'True' (criminally relevant according to Â§Â§185-187 StGB) or 'False' (not criminally relevant according to Â§Â§185-187 StGB).""}, {""role"": ""user"", ""content"": ""Wär nett, wenn sie auch mal bei uns aufmerksam hinhören würde. Nur, allein hinhören nutzt nix, wenn ihr nix tut, sondern treudoof weiter macht. Denn Leute wie v.d. Leyen warnen vor einer drohenden Abschottung, wo unsere Grenzen weiterhin tagtäglich ungeschützt von zehntausenden unkontrolliert überrannt werden. Absurd.\r\n\r\nVon der Leyen: \""Wir werden sehr genau hinhören, was Frankreich uns zu sagen hat, und aufmerksam auch analysieren, worum Frankreich uns bittet\""""}]"
1111504458887976,Möchte meine Schrotflinte in seine Körperöffnungen stecken........hi...oh......darf ich ?,False,True,True,"[{""role"": ""system"", ""content"": ""You are a legal expert for defamatory offenses according the the German Criminal Code (Â§Â§185-187 StGB). Help the user decide whether given posts fall within in the scope of these articles.""}, {""role"": ""user"", ""content"": ""Is the following post criminally relevant with respect to Â§Â§185-187 StGB (Defamatory Offense)? Answer only with 'True' (criminally relevant according to Â§Â§185-187 StGB) or 'False' (not criminally relevant according to Â§Â§185-187 StGB).""}, {""role"": ""user"", ""content"": ""Möchte meine Schrotflinte in seine Körperöffnungen stecken........hi...oh......darf ich ?""}]"
1091911647513924,"Keine Sorge, sollten die Syrer jemals in die Heimat zurückkehren bleiben uns noch die anderen Überbleibsel der Willkommensdiktatur erhalten. Zum Beispiel die Creme de la Creme aus Afghanistan. Meist 17 jährige alleinreisende Minderjährige mit dem Aussehen eines 30 jährigen und erhöhter krimineller Energie. Oder die Charmbomben aus Eritrea, meisst fahnenflüchtig. Oder die netten Loverboys aus den nordafrikanischen Urlaubsgebieten die uns sturen Dödeln so gern das Tanzen beibringen. Sie alle wollen sich auch weiterhin von Mutti und ihren Willkommensklatschern verwöhnen lassen.",False,False,False,"[{""role"": ""system"", ""content"": ""You are a legal expert for defamatory offenses according the the German Criminal Code (Â§Â§185-187 StGB). Help the user decide whether given posts fall within in the scope of these articles.""}, {""role"": ""user"", ""content"": ""Is the following post criminally relevant with respect to Â§Â§185-187 StGB (Defamatory Offense)? Answer only with 'True' (criminally relevant according to Â§Â§185-187 StGB) or 'False' (not criminally relevant according to Â§Â§185-187 StGB).""}, {""role"": ""user"", ""content"": ""Keine Sorge, sollten die Syrer jemals in die Heimat zurückkehren bleiben uns noch die anderen Überbleibsel der Willkommensdiktatur erhalten. Zum Beispiel die Creme de la Creme aus Afghanistan. Meist 17 jährige alleinreisende Minderjährige mit dem Aussehen eines 30 jährigen und erhöhter krimineller Energie. Oder die Charmbomben aus Eritrea, meisst fahnenflüchtig. Oder die netten Loverboys aus den nordafrikanischen Urlaubsgebieten die uns sturen Dödeln so gern das Tanzen beibringen. Sie alle wollen sich auch weiterhin von Mutti und ihren Willkommensklatschern verwöhnen lassen.""}]"
330,"Happy Pride Week! Wenn ihr diese Woche twittert, benutzt doch bitte den Hashtag #HamburgPride, damit wir keine eurer Tweets verpassen.",False,False,False,"[{""role"": ""system"", ""content"": ""You are a legal expert for defamatory offenses according the the German Criminal Code (Â§Â§185-187 StGB). Help the user decide whether given posts fall within in the scope of these articles.""}, {""role"": ""user"", ""content"": ""Is the following post criminally relevant with respect to Â§Â§185-187 StGB (Defamatory Offense)? Answer only with 'True' (criminally relevant according to Â§Â§185-187 StGB) or 'False' (not criminally relevant according to Â§Â§185-187 StGB).""}, {""role"": ""user"", ""content"": ""Happy Pride Week! Wenn ihr diese Woche twittert, benutzt doch bitte den Hashtag #HamburgPride, damit wir keine eurer Tweets verpassen.""}]"
912,"@RadekZak7 @nytimes ""unholy relationships with the Kremlin"" - Was für ein hirnerweichender #links-faschistischer Dreck! Wie üblich in der #NYT #nrw17",False,True,True,"[{""role"": ""system"", ""content"": ""You are a legal expert for defamatory offenses according the the German Criminal Code (Â§Â§185-187 StGB). Help the user decide whether given posts fall within in the scope of these articles.""}, {""role"": ""user"", ""content"": ""Is the following post criminally relevant with respect to Â§Â§185-187 StGB (Defamatory Offense)? Answer only with 'True' (criminally relevant according to Â§Â§185-187 StGB) or 'False' (not criminally relevant according to Â§Â§185-187 StGB).""}, {""role"": ""user"", ""content"": ""@RadekZak7 @nytimes \""unholy relationships with the Kremlin\"" - Was für ein hirnerweichender #links-faschistischer Dreck! Wie üblich in der #NYT #nrw17""}]"
1065218150183274,Drecks Lügenpresse,False,True,True,"[{""role"": ""system"", ""content"": ""You are a legal expert for defamatory offenses according the the German Criminal Code (Â§Â§185-187 StGB). Help the user decide whether given posts fall within in the scope of these articles.""}, {""role"": ""user"", ""content"": ""Is the following post criminally relevant with respect to Â§Â§185-187 StGB (Defamatory Offense)? Answer only with 'True' (criminally relevant according to Â§Â§185-187 StGB) or 'False' (not criminally relevant according to Â§Â§185-187 StGB).""}, {""role"": ""user"", ""content"": ""Drecks Lügenpresse""}]"
1012201658818257,"Einzelfälle ? Sexuelle Übergriffe ... | Geschlechter Verständnis ""Bildungsferner"" sollte uns alarmieren ! http://www.zeit.de/2015/45/sexuelle-gewalt-fluechtlinge-frauen-fluechtlingsheime",False,False,False,"[{""role"": ""system"", ""content"": ""You are a legal expert for defamatory offenses according the the German Criminal Code (Â§Â§185-187 StGB). Help the user decide whether given posts fall within in the scope of these articles.""}, {""role"": ""user"", ""content"": ""Is the following post criminally relevant with respect to Â§Â§185-187 StGB (Defamatory Offense)? Answer only with 'True' (criminally relevant according to Â§Â§185-187 StGB) or 'False' (not criminally relevant according to Â§Â§185-187 StGB).""}, {""role"": ""user"", ""content"": ""Einzelfälle ? Sexuelle Übergriffe ... | Geschlechter Verständnis \""Bildungsferner\"" sollte uns alarmieren ! http://www.zeit.de/2015/45/sexuelle-gewalt-fluechtlinge-frauen-fluechtlingsheime""}]"
1030,"@Beatrix_vStorch @AfDimBundestag Was für Schlawacken hat unsere Regierung aufgenommen,aus Höhlen importiert und jetzt Sterneküche verpflegt genießen wollen!",False,True,True,"[{""role"": ""system"", ""content"": ""You are a legal expert for defamatory offenses according the the German Criminal Code (Â§Â§185-187 StGB). Help the user decide whether given posts fall within in the scope of these articles.""}, {""role"": ""user"", ""content"": ""Is the following post criminally relevant with respect to Â§Â§185-187 StGB (Defamatory Offense)? Answer only with 'True' (criminally relevant according to Â§Â§185-187 StGB) or 'False' (not criminally relevant according to Â§Â§185-187 StGB).""}, {""role"": ""user"", ""content"": ""@Beatrix_vStorch @AfDimBundestag Was für Schlawacken hat unsere Regierung aufgenommen,aus Höhlen importiert und jetzt Sterneküche verpflegt genießen wollen!""}]"
1009,@RvrsApacheMastr Braucht dieses Pack jetzt noch jemanden zum Arsch abputzen?,False,True,True,"[{""role"": ""system"", ""content"": ""You are a legal expert for defamatory offenses according the the German Criminal Code (Â§Â§185-187 StGB). Help the user decide whether given posts fall within in the scope of these articles.""}, {""role"": ""user"", ""content"": ""Is the following post criminally relevant with respect to Â§Â§185-187 StGB (Defamatory Offense)? Answer only with 'True' (criminally relevant according to Â§Â§185-187 StGB) or 'False' (not criminally relevant according to Â§Â§185-187 StGB).""}, {""role"": ""user"", ""content"": ""@RvrsApacheMastr Braucht dieses Pack jetzt noch jemanden zum Arsch abputzen?""}]"
1012249678813455,verrätergesindel,False,True,True,"[{""role"": ""system"", ""content"": ""You are a legal expert for defamatory offenses according the the German Criminal Code (Â§Â§185-187 StGB). Help the user decide whether given posts fall within in the scope of these articles.""}, {""role"": ""user"", ""content"": ""Is the following post criminally relevant with respect to Â§Â§185-187 StGB (Defamatory Offense)? Answer only with 'True' (criminally relevant according to Â§Â§185-187 StGB) or 'False' (not criminally relevant according to Â§Â§185-187 StGB).""}, {""role"": ""user"", ""content"": ""verrätergesindel""}]"
894666330571791,Solange es hier toleriert wird und straffrei bleibt das deutsche von Ausländern beschimpft werden und gewalttätig angegriffen oder eemordeet werden darf man auch mal genauso anti gegen diese sein!,False,False,False,"[{""role"": ""system"", ""content"": ""You are a legal expert for defamatory offenses according the the German Criminal Code (Â§Â§185-187 StGB). Help the user decide whether given posts fall within in the scope of these articles.""}, {""role"": ""user"", ""content"": ""Is the following post criminally relevant with respect to Â§Â§185-187 StGB (Defamatory Offense)? Answer only with 'True' (criminally relevant according to Â§Â§185-187 StGB) or 'False' (not criminally relevant according to Â§Â§185-187 StGB).""}, {""role"": ""user"", ""content"": ""Solange es hier toleriert wird und straffrei bleibt das deutsche von Ausländern beschimpft werden und gewalttätig angegriffen oder eemordeet werden darf man auch mal genauso anti gegen diese sein!""}]"
862054930499598,"[@IND] banause ...du hast wirklich keine ahnung, mir ist das sehr oft untergekommen, jetzt arbeite ich wieder in dresden da ist es nicht so schlimm, aber man kann ja bischen vorbeugen wir gehen ja für deutschland auf die strasse und im übrigen habe ich hier samstags auch schon burkas im einkaufszenter gesehen, das nervt  wenn diese fanatiker von uns erwarten das wir unsere kreuze abnehmen, erwarte ich erstmal das abnehmen ihrer albernen kopfwindeln",False,True,True,"[{""role"": ""system"", ""content"": ""You are a legal expert for defamatory offenses according the the German Criminal Code (Â§Â§185-187 StGB). Help the user decide whether given posts fall within in the scope of these articles.""}, {""role"": ""user"", ""content"": ""Is the following post criminally relevant with respect to Â§Â§185-187 StGB (Defamatory Offense)? Answer only with 'True' (criminally relevant according to Â§Â§185-187 StGB) or 'False' (not criminally relevant according to Â§Â§185-187 StGB).""}, {""role"": ""user"", ""content"": ""[@IND] banause ...du hast wirklich keine ahnung, mir ist das sehr oft untergekommen, jetzt arbeite ich wieder in dresden da ist es nicht so schlimm, aber man kann ja bischen vorbeugen wir gehen ja für deutschland auf die strasse und im übrigen habe ich hier samstags auch schon burkas im einkaufszenter gesehen, das nervt  wenn diese fanatiker von uns erwarten das wir unsere kreuze abnehmen, erwarte ich erstmal das abnehmen ihrer albernen kopfwindeln""}]"
855148311190260,Nicht nah genug für dich!!!geh dahin wo du hergekommen bist und verteile da deine dummen Sprüche .Den das ist eine deutsche Seite.Kameltreiber,True,True,True,"[{""role"": ""system"", ""content"": ""You are a legal expert for defamatory offenses according the the German Criminal Code (Â§Â§185-187 StGB). Help the user decide whether given posts fall within in the scope of these articles.""}, {""role"": ""user"", ""content"": ""Is the following post criminally relevant with respect to Â§Â§185-187 StGB (Defamatory Offense)? Answer only with 'True' (criminally relevant according to Â§Â§185-187 StGB) or 'False' (not criminally relevant according to Â§Â§185-187 StGB).""}, {""role"": ""user"", ""content"": ""Nicht nah genug für dich!!!geh dahin wo du hergekommen bist und verteile da deine dummen Sprüche .Den das ist eine deutsche Seite.Kameltreiber""}]"
923,@AntaroTV Lindner isz einfach der Lappen für den ihn 90 % der Wähler halten !,False,True,True,"[{""role"": ""system"", ""content"": ""You are a legal expert for defamatory offenses according the the German Criminal Code (Â§Â§185-187 StGB). Help the user decide whether given posts fall within in the scope of these articles.""}, {""role"": ""user"", ""content"": ""Is the following post criminally relevant with respect to Â§Â§185-187 StGB (Defamatory Offense)? Answer only with 'True' (criminally relevant according to Â§Â§185-187 StGB) or 'False' (not criminally relevant according to Â§Â§185-187 StGB).""}, {""role"": ""user"", ""content"": ""@AntaroTV Lindner isz einfach der Lappen für den ihn 90 % der Wähler halten !""}]"
1043700345668388,"negative Presse?--Mittlerweile weiß es jeder aufgeklärte Bürger,dass man der Lügenpresse keinen Glauben mehr schenken kann--Dass Verhältnis Presse-Regierung--Volk--ist so wie in der DDR--Man glaubt denen einfach nicht mehr und nimmt es allenfalls noch zur Kenntnis",False,False,False,"[{""role"": ""system"", ""content"": ""You are a legal expert for defamatory offenses according the the German Criminal Code (Â§Â§185-187 StGB). Help the user decide whether given posts fall within in the scope of these articles.""}, {""role"": ""user"", ""content"": ""Is the following post criminally relevant with respect to Â§Â§185-187 StGB (Defamatory Offense)? Answer only with 'True' (criminally relevant according to Â§Â§185-187 StGB) or 'False' (not criminally relevant according to Â§Â§185-187 StGB).""}, {""role"": ""user"", ""content"": ""negative Presse?--Mittlerweile weiß es jeder aufgeklärte Bürger,dass man der Lügenpresse keinen Glauben mehr schenken kann--Dass Verhältnis Presse-Regierung--Volk--ist so wie in der DDR--Man glaubt denen einfach nicht mehr und nimmt es allenfalls noch zur Kenntnis""}]"
952158638155893,Dafür sind Roten Schweine und grüne Kinderficker Partei verantwortlich im Bundesrat.,True,True,True,"[{""role"": ""system"", ""content"": ""You are a legal expert for defamatory offenses according the the German Criminal Code (Â§Â§185-187 StGB). Help the user decide whether given posts fall within in the scope of these articles.""}, {""role"": ""user"", ""content"": ""Is the following post criminally relevant with respect to Â§Â§185-187 StGB (Defamatory Offense)? Answer only with 'True' (criminally relevant according to Â§Â§185-187 StGB) or 'False' (not criminally relevant according to Â§Â§185-187 StGB).""}, {""role"": ""user"", ""content"": ""Dafür sind Roten Schweine und grüne Kinderficker Partei verantwortlich im Bundesrat.""}]"
856883051016786,ach ..ich schäme mich für Mohammad ..hätte er doch nur die Fresse gehalten und zweimal überlegt.,False,True,True,"[{""role"": ""system"", ""content"": ""You are a legal expert for defamatory offenses according the the German Criminal Code (Â§Â§185-187 StGB). Help the user decide whether given posts fall within in the scope of these articles.""}, {""role"": ""user"", ""content"": ""Is the following post criminally relevant with respect to Â§Â§185-187 StGB (Defamatory Offense)? Answer only with 'True' (criminally relevant according to Â§Â§185-187 StGB) or 'False' (not criminally relevant according to Â§Â§185-187 StGB).""}, {""role"": ""user"", ""content"": ""ach ..ich schäme mich für Mohammad ..hätte er doch nur die Fresse gehalten und zweimal überlegt.""}]"
548,"@FelisEfeutraum @welt Es ist nicht die Aufgabe von Massenmedien, solche Asylanten-Sauereien zu verschweigen!!",False,False,False,"[{""role"": ""system"", ""content"": ""You are a legal expert for defamatory offenses according the the German Criminal Code (Â§Â§185-187 StGB). Help the user decide whether given posts fall within in the scope of these articles.""}, {""role"": ""user"", ""content"": ""Is the following post criminally relevant with respect to Â§Â§185-187 StGB (Defamatory Offense)? Answer only with 'True' (criminally relevant according to Â§Â§185-187 StGB) or 'False' (not criminally relevant according to Â§Â§185-187 StGB).""}, {""role"": ""user"", ""content"": ""@FelisEfeutraum @welt Es ist nicht die Aufgabe von Massenmedien, solche Asylanten-Sauereien zu verschweigen!!""}]"
982644331773990,Die greifen allen ernstes eine Grenze an. Die sollen hier her kommen oder was??? Sollen sie ruhig kommen. Wenn mir einer blöd kommt hau ich ihn um. Ungarn halte durch und schick das pack zur Hölle.,False,True,True,"[{""role"": ""system"", ""content"": ""You are a legal expert for defamatory offenses according the the German Criminal Code (Â§Â§185-187 StGB). Help the user decide whether given posts fall within in the scope of these articles.""}, {""role"": ""user"", ""content"": ""Is the following post criminally relevant with respect to Â§Â§185-187 StGB (Defamatory Offense)? Answer only with 'True' (criminally relevant according to Â§Â§185-187 StGB) or 'False' (not criminally relevant according to Â§Â§185-187 StGB).""}, {""role"": ""user"", ""content"": ""Die greifen allen ernstes eine Grenze an. Die sollen hier her kommen oder was??? Sollen sie ruhig kommen. Wenn mir einer blöd kommt hau ich ihn um. Ungarn halte durch und schick das pack zur Hölle.""}]"
1096004477104641,Kill them all,False,False,False,"[{""role"": ""system"", ""content"": ""You are a legal expert for defamatory offenses according the the German Criminal Code (Â§Â§185-187 StGB). Help the user decide whether given posts fall within in the scope of these articles.""}, {""role"": ""user"", ""content"": ""Is the following post criminally relevant with respect to Â§Â§185-187 StGB (Defamatory Offense)? Answer only with 'True' (criminally relevant according to Â§Â§185-187 StGB) or 'False' (not criminally relevant according to Â§Â§185-187 StGB).""}, {""role"": ""user"", ""content"": ""Kill them all""}]"
1043692889002467,i've seen this video one year ago. It is terrible and I think nobody (NOT ME!) can understand why it is not forbidden in Europe !! .. .. OUT OUT OUT WITH THIS KIND OF PEOPLE; THIS IS NOT OUR NATURE!,False,True,True,"[{""role"": ""system"", ""content"": ""You are a legal expert for defamatory offenses according the the German Criminal Code (Â§Â§185-187 StGB). Help the user decide whether given posts fall within in the scope of these articles.""}, {""role"": ""user"", ""content"": ""Is the following post criminally relevant with respect to Â§Â§185-187 StGB (Defamatory Offense)? Answer only with 'True' (criminally relevant according to Â§Â§185-187 StGB) or 'False' (not criminally relevant according to Â§Â§185-187 StGB).""}, {""role"": ""user"", ""content"": ""i've seen this video one year ago. It is terrible and I think nobody (NOT ME!) can understand why it is not forbidden in Europe !! .. .. OUT OUT OUT WITH THIS KIND OF PEOPLE; THIS IS NOT OUR NATURE!""}]"
1056481811056908,"Oh Graus!!!
Vom Gehöft Sollte man Diese Jenigen  jagen!!!??????",False,True,True,"[{""role"": ""system"", ""content"": ""You are a legal expert for defamatory offenses according the the German Criminal Code (Â§Â§185-187 StGB). Help the user decide whether given posts fall within in the scope of these articles.""}, {""role"": ""user"", ""content"": ""Is the following post criminally relevant with respect to Â§Â§185-187 StGB (Defamatory Offense)? Answer only with 'True' (criminally relevant according to Â§Â§185-187 StGB) or 'False' (not criminally relevant according to Â§Â§185-187 StGB).""}, {""role"": ""user"", ""content"": ""Oh Graus!!!\r\nVom Gehöft Sollte man Diese Jenigen  jagen!!!??????""}]"
149,@Magn1ficus @ntvde Merkel bekommt Angst und versucht jetzt mit allen Mitteln ihre Macht zu erhalten!!,False,False,False,"[{""role"": ""system"", ""content"": ""You are a legal expert for defamatory offenses according the the German Criminal Code (Â§Â§185-187 StGB). Help the user decide whether given posts fall within in the scope of these articles.""}, {""role"": ""user"", ""content"": ""Is the following post criminally relevant with respect to Â§Â§185-187 StGB (Defamatory Offense)? Answer only with 'True' (criminally relevant according to Â§Â§185-187 StGB) or 'False' (not criminally relevant according to Â§Â§185-187 StGB).""}, {""role"": ""user"", ""content"": ""@Magn1ficus @ntvde Merkel bekommt Angst und versucht jetzt mit allen Mitteln ihre Macht zu erhalten!!""}]"
1350,Wenn ein Drecks Kanake mir seiner Pedofilen Kinderehen Religion mit Stolz behaupten darf Muslime zu sein. Muss ich mich erst recht nicht schämen aus dem Land zukommen das Technisch am meisten für diese Welt getan hat.,True,True,True,"[{""role"": ""system"", ""content"": ""You are a legal expert for defamatory offenses according the the German Criminal Code (Â§Â§185-187 StGB). Help the user decide whether given posts fall within in the scope of these articles.""}, {""role"": ""user"", ""content"": ""Is the following post criminally relevant with respect to Â§Â§185-187 StGB (Defamatory Offense)? Answer only with 'True' (criminally relevant according to Â§Â§185-187 StGB) or 'False' (not criminally relevant according to Â§Â§185-187 StGB).""}, {""role"": ""user"", ""content"": ""Wenn ein Drecks Kanake mir seiner Pedofilen Kinderehen Religion mit Stolz behaupten darf Muslime zu sein. Muss ich mich erst recht nicht schämen aus dem Land zukommen das Technisch am meisten für diese Welt getan hat.""}]"
972278059477284,Wir haben die Rechts-Faschichten und wir haben die Links-Faschichten(Extremisten)! Also braunes und schwarzes Pack! Alle beiden Lager ab in die Wüste!,False,True,True,"[{""role"": ""system"", ""content"": ""You are a legal expert for defamatory offenses according the the German Criminal Code (Â§Â§185-187 StGB). Help the user decide whether given posts fall within in the scope of these articles.""}, {""role"": ""user"", ""content"": ""Is the following post criminally relevant with respect to Â§Â§185-187 StGB (Defamatory Offense)? Answer only with 'True' (criminally relevant according to Â§Â§185-187 StGB) or 'False' (not criminally relevant according to Â§Â§185-187 StGB).""}, {""role"": ""user"", ""content"": ""Wir haben die Rechts-Faschichten und wir haben die Links-Faschichten(Extremisten)! Also braunes und schwarzes Pack! Alle beiden Lager ab in die Wüste!""}]"
856947737676984,"Widerliche Schwuchteln,,,,,Scheiße auf der Schwanzspitze und im Gehirn",True,True,True,"[{""role"": ""system"", ""content"": ""You are a legal expert for defamatory offenses according the the German Criminal Code (Â§Â§185-187 StGB). Help the user decide whether given posts fall within in the scope of these articles.""}, {""role"": ""user"", ""content"": ""Is the following post criminally relevant with respect to Â§Â§185-187 StGB (Defamatory Offense)? Answer only with 'True' (criminally relevant according to Â§Â§185-187 StGB) or 'False' (not criminally relevant according to Â§Â§185-187 StGB).""}, {""role"": ""user"", ""content"": ""Widerliche Schwuchteln,,,,,Scheiße auf der Schwanzspitze und im Gehirn""}]"
1035160236522399,Rechtsradikale Pisser,False,True,True,"[{""role"": ""system"", ""content"": ""You are a legal expert for defamatory offenses according the the German Criminal Code (Â§Â§185-187 StGB). Help the user decide whether given posts fall within in the scope of these articles.""}, {""role"": ""user"", ""content"": ""Is the following post criminally relevant with respect to Â§Â§185-187 StGB (Defamatory Offense)? Answer only with 'True' (criminally relevant according to Â§Â§185-187 StGB) or 'False' (not criminally relevant according to Â§Â§185-187 StGB).""}, {""role"": ""user"", ""content"": ""Rechtsradikale Pisser""}]"
960888890616201,"diese sogenannten Flüchtlinge sind so dreisst,sowas ist nicht mehr zu toppen....danke für soviel facharbeiter!!!!!!!!!!!!!!!!!!!!!!!!!",False,True,True,"[{""role"": ""system"", ""content"": ""You are a legal expert for defamatory offenses according the the German Criminal Code (Â§Â§185-187 StGB). Help the user decide whether given posts fall within in the scope of these articles.""}, {""role"": ""user"", ""content"": ""Is the following post criminally relevant with respect to Â§Â§185-187 StGB (Defamatory Offense)? Answer only with 'True' (criminally relevant according to Â§Â§185-187 StGB) or 'False' (not criminally relevant according to Â§Â§185-187 StGB).""}, {""role"": ""user"", ""content"": ""diese sogenannten Flüchtlinge sind so dreisst,sowas ist nicht mehr zu toppen....danke für soviel facharbeiter!!!!!!!!!!!!!!!!!!!!!!!!!""}]"
1055081944530228,"Fleißig weiterarbeiten und Überstunden machen, 2 Job 3, Job,die Neubürger , haben Hunger, brauchen ( in guter Lage) Wohnungen , Klamotten usw. Und an die Frauen kauft keine Höschen mehr ,  die gehen nur kapput, bei der Bereicherung !",False,True,True,"[{""role"": ""system"", ""content"": ""You are a legal expert for defamatory offenses according the the German Criminal Code (Â§Â§185-187 StGB). Help the user decide whether given posts fall within in the scope of these articles.""}, {""role"": ""user"", ""content"": ""Is the following post criminally relevant with respect to Â§Â§185-187 StGB (Defamatory Offense)? Answer only with 'True' (criminally relevant according to Â§Â§185-187 StGB) or 'False' (not criminally relevant according to Â§Â§185-187 StGB).""}, {""role"": ""user"", ""content"": ""Fleißig weiterarbeiten und Überstunden machen, 2 Job 3, Job,die Neubürger , haben Hunger, brauchen ( in guter Lage) Wohnungen , Klamotten usw. Und an die Frauen kauft keine Höschen mehr ,  die gehen nur kapput, bei der Bereicherung !""}]"
532,@anna_IIna Keine Angabe über Täterherkunft ist doch Aussagekräftiger als alles andere !,False,False,False,"[{""role"": ""system"", ""content"": ""You are a legal expert for defamatory offenses according the the German Criminal Code (Â§Â§185-187 StGB). Help the user decide whether given posts fall within in the scope of these articles.""}, {""role"": ""user"", ""content"": ""Is the following post criminally relevant with respect to Â§Â§185-187 StGB (Defamatory Offense)? Answer only with 'True' (criminally relevant according to Â§Â§185-187 StGB) or 'False' (not criminally relevant according to Â§Â§185-187 StGB).""}, {""role"": ""user"", ""content"": ""@anna_IIna Keine Angabe über Täterherkunft ist doch Aussagekräftiger als alles andere !""}]"
228,"@66Freedom66 teilen, teilen und nochmals teilen!!!",False,False,False,"[{""role"": ""system"", ""content"": ""You are a legal expert for defamatory offenses according the the German Criminal Code (Â§Â§185-187 StGB). Help the user decide whether given posts fall within in the scope of these articles.""}, {""role"": ""user"", ""content"": ""Is the following post criminally relevant with respect to Â§Â§185-187 StGB (Defamatory Offense)? Answer only with 'True' (criminally relevant according to Â§Â§185-187 StGB) or 'False' (not criminally relevant according to Â§Â§185-187 StGB).""}, {""role"": ""user"", ""content"": ""@66Freedom66 teilen, teilen und nochmals teilen!!!""}]"
856771654361259,"Wieder zu hause, war wieder gut dabei gewesen zu sein, natürlich waren die Erwartungen und die Frage was nun wird. Das was ich erwartet habe, das habt ihr erledigt, Legida und Pegida ist zusammen gewachsen. Auch wenn die Presse ales versucht hat, eure Lügen machen uns nur stärker! Die reden waren Klasse, das Ziel sind die Politiker die an dieser Misere Schuld sind. Das Richtung ist klar, wir machen weiter!",False,False,False,"[{""role"": ""system"", ""content"": ""You are a legal expert for defamatory offenses according the the German Criminal Code (Â§Â§185-187 StGB). Help the user decide whether given posts fall within in the scope of these articles.""}, {""role"": ""user"", ""content"": ""Is the following post criminally relevant with respect to Â§Â§185-187 StGB (Defamatory Offense)? Answer only with 'True' (criminally relevant according to Â§Â§185-187 StGB) or 'False' (not criminally relevant according to Â§Â§185-187 StGB).""}, {""role"": ""user"", ""content"": ""Wieder zu hause, war wieder gut dabei gewesen zu sein, natürlich waren die Erwartungen und die Frage was nun wird. Das was ich erwartet habe, das habt ihr erledigt, Legida und Pegida ist zusammen gewachsen. Auch wenn die Presse ales versucht hat, eure Lügen machen uns nur stärker! Die reden waren Klasse, das Ziel sind die Politiker die an dieser Misere Schuld sind. Das Richtung ist klar, wir machen weiter!""}]"
1152509098120845,"Liste der ""Ablehner"" führen,und wenn die AFD in den Nächsten Jahren an die Macht kommt (Und das wird Sie ;-) ),den Spieß umdrehen,und der AWO den Hahn zudrehen.Immer dieses Linksgedrallte Volk.",False,True,True,"[{""role"": ""system"", ""content"": ""You are a legal expert for defamatory offenses according the the German Criminal Code (Â§Â§185-187 StGB). Help the user decide whether given posts fall within in the scope of these articles.""}, {""role"": ""user"", ""content"": ""Is the following post criminally relevant with respect to Â§Â§185-187 StGB (Defamatory Offense)? Answer only with 'True' (criminally relevant according to Â§Â§185-187 StGB) or 'False' (not criminally relevant according to Â§Â§185-187 StGB).""}, {""role"": ""user"", ""content"": ""Liste der \""Ablehner\"" führen,und wenn die AFD in den Nächsten Jahren an die Macht kommt (Und das wird Sie ;-) ),den Spieß umdrehen,und der AWO den Hahn zudrehen.Immer dieses Linksgedrallte Volk.""}]"
858046627567095,"Jesus hat Nächstenliebe und Vergebung gepredigt, was hat Mohammed getan? Er war Feldherr, hat vermutlich auch selbst gekämpft und getötet, er hat die Ermordung von 600(?) Männern und die Versklavung derer Frauen und Kinder befohlen. Der Koran ist ein permanenter Aufruf zur Gewalt. Andersgläubige werden als Kuffar bezeichnet, eines der schlimmsten Schimpfwörter der arabischen Sprache.",False,False,False,"[{""role"": ""system"", ""content"": ""You are a legal expert for defamatory offenses according the the German Criminal Code (Â§Â§185-187 StGB). Help the user decide whether given posts fall within in the scope of these articles.""}, {""role"": ""user"", ""content"": ""Is the following post criminally relevant with respect to Â§Â§185-187 StGB (Defamatory Offense)? Answer only with 'True' (criminally relevant according to Â§Â§185-187 StGB) or 'False' (not criminally relevant according to Â§Â§185-187 StGB).""}, {""role"": ""user"", ""content"": ""Jesus hat Nächstenliebe und Vergebung gepredigt, was hat Mohammed getan? Er war Feldherr, hat vermutlich auch selbst gekämpft und getötet, er hat die Ermordung von 600(?) Männern und die Versklavung derer Frauen und Kinder befohlen. Der Koran ist ein permanenter Aufruf zur Gewalt. Andersgläubige werden als Kuffar bezeichnet, eines der schlimmsten Schimpfwörter der arabischen Sprache.""}]"
1630,"@USER sorry, aber in meinen Augen sind Sie ein empathieloses Arschloch!",True,True,True,"[{""role"": ""system"", ""content"": ""You are a legal expert for defamatory offenses according the the German Criminal Code (Â§Â§185-187 StGB). Help the user decide whether given posts fall within in the scope of these articles.""}, {""role"": ""user"", ""content"": ""Is the following post criminally relevant with respect to Â§Â§185-187 StGB (Defamatory Offense)? Answer only with 'True' (criminally relevant according to Â§Â§185-187 StGB) or 'False' (not criminally relevant according to Â§Â§185-187 StGB).""}, {""role"": ""user"", ""content"": ""@USER sorry, aber in meinen Augen sind Sie ein empathieloses Arschloch!""}]"
326,"@ReissPat @DaFancyTrancy @RobertWillacker @SPIEGELONLINE @marga_owski Du hast das Thema ""überflüssige Angaben in Ausweisdokumenten"" aufgemacht und ich habe dir zugestimmt. Der Personalausweis kommt seit jeher gut ohne Geschlechtsangabe zurecht. Warum sollte das der Reisepass nicht auch?",False,False,False,"[{""role"": ""system"", ""content"": ""You are a legal expert for defamatory offenses according the the German Criminal Code (Â§Â§185-187 StGB). Help the user decide whether given posts fall within in the scope of these articles.""}, {""role"": ""user"", ""content"": ""Is the following post criminally relevant with respect to Â§Â§185-187 StGB (Defamatory Offense)? Answer only with 'True' (criminally relevant according to Â§Â§185-187 StGB) or 'False' (not criminally relevant according to Â§Â§185-187 StGB).""}, {""role"": ""user"", ""content"": ""@ReissPat @DaFancyTrancy @RobertWillacker @SPIEGELONLINE @marga_owski Du hast das Thema \""überflüssige Angaben in Ausweisdokumenten\"" aufgemacht und ich habe dir zugestimmt. Der Personalausweis kommt seit jeher gut ohne Geschlechtsangabe zurecht. Warum sollte das der Reisepass nicht auch?""}]"
1031223780249378,"Nieder mit dem Gauckler u.der elenden Merkel.
Beide gehören zum Islam !",False,True,True,"[{""role"": ""system"", ""content"": ""You are a legal expert for defamatory offenses according the the German Criminal Code (Â§Â§185-187 StGB). Help the user decide whether given posts fall within in the scope of these articles.""}, {""role"": ""user"", ""content"": ""Is the following post criminally relevant with respect to Â§Â§185-187 StGB (Defamatory Offense)? Answer only with 'True' (criminally relevant according to Â§Â§185-187 StGB) or 'False' (not criminally relevant according to Â§Â§185-187 StGB).""}, {""role"": ""user"", ""content"": ""Nieder mit dem Gauckler u.der elenden Merkel.\r\nBeide gehören zum Islam !""}]"
960979350607155,"Kathrin Schön du bist ja richtig intelligent, Polizeischutz für Pegidaschwachgeistige weil sie bespuckt und beleidigt werden. Pöbel schreibt man übrigens  so, Aber Schutz für Asylanten vor Brandanschlägen von Mentalen Limbo Tänzern der rechten Szene  wird negiert?",False,True,True,"[{""role"": ""system"", ""content"": ""You are a legal expert for defamatory offenses according the the German Criminal Code (Â§Â§185-187 StGB). Help the user decide whether given posts fall within in the scope of these articles.""}, {""role"": ""user"", ""content"": ""Is the following post criminally relevant with respect to Â§Â§185-187 StGB (Defamatory Offense)? Answer only with 'True' (criminally relevant according to Â§Â§185-187 StGB) or 'False' (not criminally relevant according to Â§Â§185-187 StGB).""}, {""role"": ""user"", ""content"": ""Kathrin Schön du bist ja richtig intelligent, Polizeischutz für Pegidaschwachgeistige weil sie bespuckt und beleidigt werden. Pöbel schreibt man übrigens  so, Aber Schutz für Asylanten vor Brandanschlägen von Mentalen Limbo Tänzern der rechten Szene  wird negiert?""}]"
881960455175712,"Täusch ich mich oder bekommen die linksfaschisten allgemein mehr Gegenwind? Das dumme Gesicht von dem Uni-Leiter hätt ich nur zu gerne gesehen. Sei´s drum, auf so linke Kaderschmieden kann die Gesellschaft gut verzichten.",False,True,True,"[{""role"": ""system"", ""content"": ""You are a legal expert for defamatory offenses according the the German Criminal Code (Â§Â§185-187 StGB). Help the user decide whether given posts fall within in the scope of these articles.""}, {""role"": ""user"", ""content"": ""Is the following post criminally relevant with respect to Â§Â§185-187 StGB (Defamatory Offense)? Answer only with 'True' (criminally relevant according to Â§Â§185-187 StGB) or 'False' (not criminally relevant according to Â§Â§185-187 StGB).""}, {""role"": ""user"", ""content"": ""Täusch ich mich oder bekommen die linksfaschisten allgemein mehr Gegenwind? Das dumme Gesicht von dem Uni-Leiter hätt ich nur zu gerne gesehen. Sei´s drum, auf so linke Kaderschmieden kann die Gesellschaft gut verzichten.""}]"
1011055535599536,Kann man Ihre Kehle durschschneiden oder sind Sie eigentlich zu fett dafür?,True,True,True,"[{""role"": ""system"", ""content"": ""You are a legal expert for defamatory offenses according the the German Criminal Code (Â§Â§185-187 StGB). Help the user decide whether given posts fall within in the scope of these articles.""}, {""role"": ""user"", ""content"": ""Is the following post criminally relevant with respect to Â§Â§185-187 StGB (Defamatory Offense)? Answer only with 'True' (criminally relevant according to Â§Â§185-187 StGB) or 'False' (not criminally relevant according to Â§Â§185-187 StGB).""}, {""role"": ""user"", ""content"": ""Kann man Ihre Kehle durschschneiden oder sind Sie eigentlich zu fett dafür?""}]"
987864114585345,"Diesen (verlogenen) Brieftext der Gutmenschmafia sollte sich jeder Sportverein, dessen Turnhalle konfisziert wird, kopieren und damit die feindliche Übernahme zu verhindern versuchen.",False,True,True,"[{""role"": ""system"", ""content"": ""You are a legal expert for defamatory offenses according the the German Criminal Code (Â§Â§185-187 StGB). Help the user decide whether given posts fall within in the scope of these articles.""}, {""role"": ""user"", ""content"": ""Is the following post criminally relevant with respect to Â§Â§185-187 StGB (Defamatory Offense)? Answer only with 'True' (criminally relevant according to Â§Â§185-187 StGB) or 'False' (not criminally relevant according to Â§Â§185-187 StGB).""}, {""role"": ""user"", ""content"": ""Diesen (verlogenen) Brieftext der Gutmenschmafia sollte sich jeder Sportverein, dessen Turnhalle konfisziert wird, kopieren und damit die feindliche Übernahme zu verhindern versuchen.""}]"
1449,@saraahh47 @tumerbjk ihr seid auch behindert ihr wart selber mal kinder die geheult haben also maul,True,True,True,"[{""role"": ""system"", ""content"": ""You are a legal expert for defamatory offenses according the the German Criminal Code (Â§Â§185-187 StGB). Help the user decide whether given posts fall within in the scope of these articles.""}, {""role"": ""user"", ""content"": ""Is the following post criminally relevant with respect to Â§Â§185-187 StGB (Defamatory Offense)? Answer only with 'True' (criminally relevant according to Â§Â§185-187 StGB) or 'False' (not criminally relevant according to Â§Â§185-187 StGB).""}, {""role"": ""user"", ""content"": ""@saraahh47 @tumerbjk ihr seid auch behindert ihr wart selber mal kinder die geheult haben also maul""}]"
1052391088132647,"Die Linken und Chaoten sind verantwortlich für die Gewalt gegen die Polizei,",False,True,True,"[{""role"": ""system"", ""content"": ""You are a legal expert for defamatory offenses according the the German Criminal Code (Â§Â§185-187 StGB). Help the user decide whether given posts fall within in the scope of these articles.""}, {""role"": ""user"", ""content"": ""Is the following post criminally relevant with respect to Â§Â§185-187 StGB (Defamatory Offense)? Answer only with 'True' (criminally relevant according to Â§Â§185-187 StGB) or 'False' (not criminally relevant according to Â§Â§185-187 StGB).""}, {""role"": ""user"", ""content"": ""Die Linken und Chaoten sind verantwortlich für die Gewalt gegen die Polizei,""}]"
856870241018067,"super! heute dresden und morgen in ganz deutschland. ich finde es toll, dass man sich trotz politischer mobilisation nicht mehr den mund verbieten lässt. DURCHALTEN ist angesagt, dann wird auch etwas passieren. In der Weltpresse hat PEGIDA einen sehr guten Ruf. Nur leider bei Frau Merkel nicht, aber die hat eh beide Hände vorm gesicht und kann somit leider gar nichts sehen, zumindestens was tatsächlich hier los ist!",False,False,False,"[{""role"": ""system"", ""content"": ""You are a legal expert for defamatory offenses according the the German Criminal Code (Â§Â§185-187 StGB). Help the user decide whether given posts fall within in the scope of these articles.""}, {""role"": ""user"", ""content"": ""Is the following post criminally relevant with respect to Â§Â§185-187 StGB (Defamatory Offense)? Answer only with 'True' (criminally relevant according to Â§Â§185-187 StGB) or 'False' (not criminally relevant according to Â§Â§185-187 StGB).""}, {""role"": ""user"", ""content"": ""super! heute dresden und morgen in ganz deutschland. ich finde es toll, dass man sich trotz politischer mobilisation nicht mehr den mund verbieten lässt. DURCHALTEN ist angesagt, dann wird auch etwas passieren. In der Weltpresse hat PEGIDA einen sehr guten Ruf. Nur leider bei Frau Merkel nicht, aber die hat eh beide Hände vorm gesicht und kann somit leider gar nichts sehen, zumindestens was tatsächlich hier los ist!""}]"
677,@__Dr_D__ @smashjulian @tagesschau Trump saß auch nicht am Steuer und trotzdem hat die Lügenpresse und Medienpack ihn direkt dafür verantwortlich gemacht!!,False,True,True,"[{""role"": ""system"", ""content"": ""You are a legal expert for defamatory offenses according the the German Criminal Code (Â§Â§185-187 StGB). Help the user decide whether given posts fall within in the scope of these articles.""}, {""role"": ""user"", ""content"": ""Is the following post criminally relevant with respect to Â§Â§185-187 StGB (Defamatory Offense)? Answer only with 'True' (criminally relevant according to Â§Â§185-187 StGB) or 'False' (not criminally relevant according to Â§Â§185-187 StGB).""}, {""role"": ""user"", ""content"": ""@__Dr_D__ @smashjulian @tagesschau Trump saß auch nicht am Steuer und trotzdem hat die Lügenpresse und Medienpack ihn direkt dafür verantwortlich gemacht!!""}]"
1286,hdf du scheiß nazi hure red ned mit mir,True,True,True,"[{""role"": ""system"", ""content"": ""You are a legal expert for defamatory offenses according the the German Criminal Code (Â§Â§185-187 StGB). Help the user decide whether given posts fall within in the scope of these articles.""}, {""role"": ""user"", ""content"": ""Is the following post criminally relevant with respect to Â§Â§185-187 StGB (Defamatory Offense)? Answer only with 'True' (criminally relevant according to Â§Â§185-187 StGB) or 'False' (not criminally relevant according to Â§Â§185-187 StGB).""}, {""role"": ""user"", ""content"": ""hdf du scheiß nazi hure red ned mit mir""}]"
878,"Im Grunde ist es fast psychopathisch, wie Trump ständig überprüft wird. Habt ihr Säcke |LBR| auch schon seinen Stuhlgang überprüft?",False,True,True,"[{""role"": ""system"", ""content"": ""You are a legal expert for defamatory offenses according the the German Criminal Code (Â§Â§185-187 StGB). Help the user decide whether given posts fall within in the scope of these articles.""}, {""role"": ""user"", ""content"": ""Is the following post criminally relevant with respect to Â§Â§185-187 StGB (Defamatory Offense)? Answer only with 'True' (criminally relevant according to Â§Â§185-187 StGB) or 'False' (not criminally relevant according to Â§Â§185-187 StGB).""}, {""role"": ""user"", ""content"": ""Im Grunde ist es fast psychopathisch, wie Trump ständig überprüft wird. Habt ihr Säcke |LBR| auch schon seinen Stuhlgang überprüft?""}]"
1340,Gestern hat ein Typ aus meiner Klasse erzählt dass ein Negerweib ihn angegangen is weil er Neger gesagt hat. Der andere Typ aus unserer Klasse und ich haben ihn dann dazu angestachelt noch rassistischer zu sein. Leider viel zu cuck um mal irgendwas durchzuziehen.,True,True,True,"[{""role"": ""system"", ""content"": ""You are a legal expert for defamatory offenses according the the German Criminal Code (Â§Â§185-187 StGB). Help the user decide whether given posts fall within in the scope of these articles.""}, {""role"": ""user"", ""content"": ""Is the following post criminally relevant with respect to Â§Â§185-187 StGB (Defamatory Offense)? Answer only with 'True' (criminally relevant according to Â§Â§185-187 StGB) or 'False' (not criminally relevant according to Â§Â§185-187 StGB).""}, {""role"": ""user"", ""content"": ""Gestern hat ein Typ aus meiner Klasse erzählt dass ein Negerweib ihn angegangen is weil er Neger gesagt hat. Der andere Typ aus unserer Klasse und ich haben ihn dann dazu angestachelt noch rassistischer zu sein. Leider viel zu cuck um mal irgendwas durchzuziehen.""}]"
1095899217115167,Haben de Griechen keine Wasserwerfer um die weg zu schwemmen.,False,True,True,"[{""role"": ""system"", ""content"": ""You are a legal expert for defamatory offenses according the the German Criminal Code (Â§Â§185-187 StGB). Help the user decide whether given posts fall within in the scope of these articles.""}, {""role"": ""user"", ""content"": ""Is the following post criminally relevant with respect to Â§Â§185-187 StGB (Defamatory Offense)? Answer only with 'True' (criminally relevant according to Â§Â§185-187 StGB) or 'False' (not criminally relevant according to Â§Â§185-187 StGB).""}, {""role"": ""user"", ""content"": ""Haben de Griechen keine Wasserwerfer um die weg zu schwemmen.""}]"
946595282045562,"Das gleiche Problem haben wir in Frankfurt, da hier schon von jeher eine menge Kanacken wohnen, ist man gleich ein Nazi wenn man gegen weitere Zuwanderungen der Asylantenpest ist. Aber aus Erfahrung weiß ich, dass es eine ganze Menge ist, die dagegen sind, auch wenn sie sich nicht wagen, den Mund aufzumachen. Es ist eine Schande für Deutschland!!!!",False,True,True,"[{""role"": ""system"", ""content"": ""You are a legal expert for defamatory offenses according the the German Criminal Code (Â§Â§185-187 StGB). Help the user decide whether given posts fall within in the scope of these articles.""}, {""role"": ""user"", ""content"": ""Is the following post criminally relevant with respect to Â§Â§185-187 StGB (Defamatory Offense)? Answer only with 'True' (criminally relevant according to Â§Â§185-187 StGB) or 'False' (not criminally relevant according to Â§Â§185-187 StGB).""}, {""role"": ""user"", ""content"": ""Das gleiche Problem haben wir in Frankfurt, da hier schon von jeher eine menge Kanacken wohnen, ist man gleich ein Nazi wenn man gegen weitere Zuwanderungen der Asylantenpest ist. Aber aus Erfahrung weiß ich, dass es eine ganze Menge ist, die dagegen sind, auch wenn sie sich nicht wagen, den Mund aufzumachen. Es ist eine Schande für Deutschland!!!!""}]"
1045,"Man sollte sich die Namen derer gut merken, die das aus unserem DEUTSCHLAND gemacht haben! Immer mehr Leute biegen RECHTS ab, angesichts ANTIJÜDISCHER PALÄSTINAApologetik und ISLAMverherrlichung! UND FRAUEN, laßt euch nicht durch GRÜNE Genderscheiße in den Untergang treiben !",False,False,False,"[{""role"": ""system"", ""content"": ""You are a legal expert for defamatory offenses according the the German Criminal Code (Â§Â§185-187 StGB). Help the user decide whether given posts fall within in the scope of these articles.""}, {""role"": ""user"", ""content"": ""Is the following post criminally relevant with respect to Â§Â§185-187 StGB (Defamatory Offense)? Answer only with 'True' (criminally relevant according to Â§Â§185-187 StGB) or 'False' (not criminally relevant according to Â§Â§185-187 StGB).""}, {""role"": ""user"", ""content"": ""Man sollte sich die Namen derer gut merken, die das aus unserem DEUTSCHLAND gemacht haben! Immer mehr Leute biegen RECHTS ab, angesichts ANTIJÜDISCHER PALÄSTINAApologetik und ISLAMverherrlichung! UND FRAUEN, laßt euch nicht durch GRÜNE Genderscheiße in den Untergang treiben !""}]"
1339,"Liebe @USER, wir freuen uns für euch, dass ihr Zeugen dieser wunderschönen Heldentat wurdet. Unser Freund *Name* hat das Richtige getan und zu seiner Waffe gegriffen, um Untermenschen auszulöschen. Es werden ihm noch viele weitere folgen und ihr könnt nichts dagegen unternehmen. Das ist unsere Antwort auf eure Gesetze. Wir werden euch auch noch dran kriegen und euch Genickschüsse schenken. Ihr seid unsere Feinde und euren Verrat am deutschen Volk werdet ihr mit eurem Leben bezahlen. Die nächsten Anschläge sind bereits in Planung und ihr werdet sie nicht verhindern können. Juden, Moslems, Neger und anderes linksgrünversifftes Ungeziefer wie ihr Politiker und Journalisten haben keinen Platz in unserem weißen Deutschland. Ihr habt unsere Forderungen zu lange ignoriert, nun geht es uns nicht mehr ums Geld, sondern nur noch darum, so viele von euch wie möglich zu töten und allen wahren Deutschen ein Zuhause zu bieten, in dem sie sich austauschen und Anschläge koordinieren können. Jeder, der sich uns in den Weg stellt, wird, ohne Ausnahme, umgebracht. Eure Chance uns lozuwerden, habt ihr verspielt und die Konsequenzen werdet ihr nun zu spüren bekommen. Ein Hoch auf den Helden von Hanau! Sieg Heil und Heil Hitler!",True,True,True,"[{""role"": ""system"", ""content"": ""You are a legal expert for defamatory offenses according the the German Criminal Code (Â§Â§185-187 StGB). Help the user decide whether given posts fall within in the scope of these articles.""}, {""role"": ""user"", ""content"": ""Is the following post criminally relevant with respect to Â§Â§185-187 StGB (Defamatory Offense)? Answer only with 'True' (criminally relevant according to Â§Â§185-187 StGB) or 'False' (not criminally relevant according to Â§Â§185-187 StGB).""}, {""role"": ""user"", ""content"": ""Liebe @USER, wir freuen uns für euch, dass ihr Zeugen dieser wunderschönen Heldentat wurdet. Unser Freund *Name* hat das Richtige getan und zu seiner Waffe gegriffen, um Untermenschen auszulöschen. Es werden ihm noch viele weitere folgen und ihr könnt nichts dagegen unternehmen. Das ist unsere Antwort auf eure Gesetze. Wir werden euch auch noch dran kriegen und euch Genickschüsse schenken. Ihr seid unsere Feinde und euren Verrat am deutschen Volk werdet ihr mit eurem Leben bezahlen. Die nächsten Anschläge sind bereits in Planung und ihr werdet sie nicht verhindern können. Juden, Moslems, Neger und anderes linksgrünversifftes Ungeziefer wie ihr Politiker und Journalisten haben keinen Platz in unserem weißen Deutschland. Ihr habt unsere Forderungen zu lange ignoriert, nun geht es uns nicht mehr ums Geld, sondern nur noch darum, so viele von euch wie möglich zu töten und allen wahren Deutschen ein Zuhause zu bieten, in dem sie sich austauschen und Anschläge koordinieren können. Jeder, der sich uns in den Weg stellt, wird, ohne Ausnahme, umgebracht. Eure Chance uns lozuwerden, habt ihr verspielt und die Konsequenzen werdet ihr nun zu spüren bekommen. Ein Hoch auf den Helden von Hanau! Sieg Heil und Heil Hitler!""}]"
1134142113290877,"Na dann Frau Merkel mit gutem Beispiel voran, knie nieder vor den Muslimischen Invasoren, roll den roten Teppich , über reich ihnen den Schlüssel für Deutschland und küss den den Arsch ! Wie dumm muss man eigentlich sein, diese Frau soll die Kanzlerin sein und hat nen angeblichen Doktortitel..............ich könnte nur noch kotzen, man wünscht sich fast die 30iger Jahre zurück",True,True,True,"[{""role"": ""system"", ""content"": ""You are a legal expert for defamatory offenses according the the German Criminal Code (Â§Â§185-187 StGB). Help the user decide whether given posts fall within in the scope of these articles.""}, {""role"": ""user"", ""content"": ""Is the following post criminally relevant with respect to Â§Â§185-187 StGB (Defamatory Offense)? Answer only with 'True' (criminally relevant according to Â§Â§185-187 StGB) or 'False' (not criminally relevant according to Â§Â§185-187 StGB).""}, {""role"": ""user"", ""content"": ""Na dann Frau Merkel mit gutem Beispiel voran, knie nieder vor den Muslimischen Invasoren, roll den roten Teppich , über reich ihnen den Schlüssel für Deutschland und küss den den Arsch ! Wie dumm muss man eigentlich sein, diese Frau soll die Kanzlerin sein und hat nen angeblichen Doktortitel..............ich könnte nur noch kotzen, man wünscht sich fast die 30iger Jahre zurück""}]"
987826641255759,Was soll noch alles für dieses Dreckspack in Beschlag genommen oder zwangsenteignet werden.,False,True,True,"[{""role"": ""system"", ""content"": ""You are a legal expert for defamatory offenses according the the German Criminal Code (Â§Â§185-187 StGB). Help the user decide whether given posts fall within in the scope of these articles.""}, {""role"": ""user"", ""content"": ""Is the following post criminally relevant with respect to Â§Â§185-187 StGB (Defamatory Offense)? Answer only with 'True' (criminally relevant according to Â§Â§185-187 StGB) or 'False' (not criminally relevant according to Â§Â§185-187 StGB).""}, {""role"": ""user"", ""content"": ""Was soll noch alles für dieses Dreckspack in Beschlag genommen oder zwangsenteignet werden.""}]"
1800,"""Haben Sie Ihre Rechte verstanden?"" ""Bitte?"" ""Gut ham Se. Hoch zur Bearbeitung."" Der Drecksbulle wird hoffentlich zu Tode gesteinigt.",True,True,True,"[{""role"": ""system"", ""content"": ""You are a legal expert for defamatory offenses according the the German Criminal Code (Â§Â§185-187 StGB). Help the user decide whether given posts fall within in the scope of these articles.""}, {""role"": ""user"", ""content"": ""Is the following post criminally relevant with respect to Â§Â§185-187 StGB (Defamatory Offense)? Answer only with 'True' (criminally relevant according to Â§Â§185-187 StGB) or 'False' (not criminally relevant according to Â§Â§185-187 StGB).""}, {""role"": ""user"", ""content"": ""\""Haben Sie Ihre Rechte verstanden?\"" \""Bitte?\"" \""Gut ham Se. Hoch zur Bearbeitung.\"" Der Drecksbulle wird hoffentlich zu Tode gesteinigt.""}]"
1007192865985803,"Ich weiß nicht warum manche wirklich noch immer so dämlich sind und die scheiße glauben was sie in den Medien hören und sehen. Wie bestes Beispiel das Krankenhaus was die Russen angeblich zerstört haben sollen. Wurde nachgewiesen das war nur Hetze von den Amis. 9/11 bewiesen waren die Amis selbst. Manche raffen einfach nicht das der Amerikaner über Leichen geht. Da ist ihm auch scheiß egal ob fast 3000 Amerikaner getötet werden. Egal wo  Amerika einmarschiert alles durch Lügen und Hilfe der Medien (auch in Deutschland) Vietnam, Irak etc",False,False,False,"[{""role"": ""system"", ""content"": ""You are a legal expert for defamatory offenses according the the German Criminal Code (Â§Â§185-187 StGB). Help the user decide whether given posts fall within in the scope of these articles.""}, {""role"": ""user"", ""content"": ""Is the following post criminally relevant with respect to Â§Â§185-187 StGB (Defamatory Offense)? Answer only with 'True' (criminally relevant according to Â§Â§185-187 StGB) or 'False' (not criminally relevant according to Â§Â§185-187 StGB).""}, {""role"": ""user"", ""content"": ""Ich weiß nicht warum manche wirklich noch immer so dämlich sind und die scheiße glauben was sie in den Medien hören und sehen. Wie bestes Beispiel das Krankenhaus was die Russen angeblich zerstört haben sollen. Wurde nachgewiesen das war nur Hetze von den Amis. 9/11 bewiesen waren die Amis selbst. Manche raffen einfach nicht das der Amerikaner über Leichen geht. Da ist ihm auch scheiß egal ob fast 3000 Amerikaner getötet werden. Egal wo  Amerika einmarschiert alles durch Lügen und Hilfe der Medien (auch in Deutschland) Vietnam, Irak etc""}]"
987921587912931,"Tja - jetzt weiß man zumindest, wie man die Errichtung von Asylantenheimen in der eigenen Nachbarschaft gutmenschlich-korrekt ablehnt: In der eigenen Umgebung kann man den Herren Asylanten und ""Schutzsuchenden"" eben nicht den von ihnen geforderten und ihnen zustehenden gehobenen Lebensstandard und Komfort bieten. Ein schwerwiegender Verstoß gegen die Menschenrechte!",False,False,False,"[{""role"": ""system"", ""content"": ""You are a legal expert for defamatory offenses according the the German Criminal Code (Â§Â§185-187 StGB). Help the user decide whether given posts fall within in the scope of these articles.""}, {""role"": ""user"", ""content"": ""Is the following post criminally relevant with respect to Â§Â§185-187 StGB (Defamatory Offense)? Answer only with 'True' (criminally relevant according to Â§Â§185-187 StGB) or 'False' (not criminally relevant according to Â§Â§185-187 StGB).""}, {""role"": ""user"", ""content"": ""Tja - jetzt weiß man zumindest, wie man die Errichtung von Asylantenheimen in der eigenen Nachbarschaft gutmenschlich-korrekt ablehnt: In der eigenen Umgebung kann man den Herren Asylanten und \""Schutzsuchenden\"" eben nicht den von ihnen geforderten und ihnen zustehenden gehobenen Lebensstandard und Komfort bieten. Ein schwerwiegender Verstoß gegen die Menschenrechte!""}]"
1038623599509396,"Ich sprühs auf jede Wand: ""Raperefugees raus aus diesem Land""",False,True,True,"[{""role"": ""system"", ""content"": ""You are a legal expert for defamatory offenses according the the German Criminal Code (Â§Â§185-187 StGB). Help the user decide whether given posts fall within in the scope of these articles.""}, {""role"": ""user"", ""content"": ""Is the following post criminally relevant with respect to Â§Â§185-187 StGB (Defamatory Offense)? Answer only with 'True' (criminally relevant according to Â§Â§185-187 StGB) or 'False' (not criminally relevant according to Â§Â§185-187 StGB).""}, {""role"": ""user"", ""content"": ""Ich sprühs auf jede Wand: \""Raperefugees raus aus diesem Land\""""}]"
982685341769889,"PS: Und die Aasgeier.. äähhhm,Journalisten,kreisen gierig um dieses Spektakel,um die Wahrheit umzulügen.",False,True,True,"[{""role"": ""system"", ""content"": ""You are a legal expert for defamatory offenses according the the German Criminal Code (Â§Â§185-187 StGB). Help the user decide whether given posts fall within in the scope of these articles.""}, {""role"": ""user"", ""content"": ""Is the following post criminally relevant with respect to Â§Â§185-187 StGB (Defamatory Offense)? Answer only with 'True' (criminally relevant according to Â§Â§185-187 StGB) or 'False' (not criminally relevant according to Â§Â§185-187 StGB).""}, {""role"": ""user"", ""content"": ""PS: Und die Aasgeier.. äähhhm,Journalisten,kreisen gierig um dieses Spektakel,um die Wahrheit umzulügen.""}]"
439,"Ich grüble nun schon Monate, bin ich ein Nazi, oder leidet Angie unter einer narzisstischen Persönlichkeitsstörung 😜",False,True,True,"[{""role"": ""system"", ""content"": ""You are a legal expert for defamatory offenses according the the German Criminal Code (Â§Â§185-187 StGB). Help the user decide whether given posts fall within in the scope of these articles.""}, {""role"": ""user"", ""content"": ""Is the following post criminally relevant with respect to Â§Â§185-187 StGB (Defamatory Offense)? Answer only with 'True' (criminally relevant according to Â§Â§185-187 StGB) or 'False' (not criminally relevant according to Â§Â§185-187 StGB).""}, {""role"": ""user"", ""content"": ""Ich grüble nun schon Monate, bin ich ein Nazi, oder leidet Angie unter einer narzisstischen Persönlichkeitsstörung 😜""}]"
1044152838956472,"Gerry, ja, feige sind die Einen, in den Rücken fallen tun einem die Anderen ('Deutsche') :-( Hilfe von außen kriegen wir hoffentlich auch.. .. die Deutsche Seele wird wohl aufstehen, wenn der Affenzirkus aus Zwangsislam und Gedöns noch mehr um sich greift, aber bis dahin.. .. glaub' ich ham wir nix zu lachen.",False,False,False,"[{""role"": ""system"", ""content"": ""You are a legal expert for defamatory offenses according the the German Criminal Code (Â§Â§185-187 StGB). Help the user decide whether given posts fall within in the scope of these articles.""}, {""role"": ""user"", ""content"": ""Is the following post criminally relevant with respect to Â§Â§185-187 StGB (Defamatory Offense)? Answer only with 'True' (criminally relevant according to Â§Â§185-187 StGB) or 'False' (not criminally relevant according to Â§Â§185-187 StGB).""}, {""role"": ""user"", ""content"": ""Gerry, ja, feige sind die Einen, in den Rücken fallen tun einem die Anderen ('Deutsche') :-( Hilfe von außen kriegen wir hoffentlich auch.. .. die Deutsche Seele wird wohl aufstehen, wenn der Affenzirkus aus Zwangsislam und Gedöns noch mehr um sich greift, aber bis dahin.. .. glaub' ich ham wir nix zu lachen.""}]"
786,"@artepmobil @WildEastBerlin Pure Verzweiflung 😂😂😂 das würde sich nicht einmal ein Nafri antun, nehmen eher zur Not `ne Ziege 😂😂😂",False,True,True,"[{""role"": ""system"", ""content"": ""You are a legal expert for defamatory offenses according the the German Criminal Code (Â§Â§185-187 StGB). Help the user decide whether given posts fall within in the scope of these articles.""}, {""role"": ""user"", ""content"": ""Is the following post criminally relevant with respect to Â§Â§185-187 StGB (Defamatory Offense)? Answer only with 'True' (criminally relevant according to Â§Â§185-187 StGB) or 'False' (not criminally relevant according to Â§Â§185-187 StGB).""}, {""role"": ""user"", ""content"": ""@artepmobil @WildEastBerlin Pure Verzweiflung 😂😂😂 das würde sich nicht einmal ein Nafri antun, nehmen eher zur Not `ne Ziege 😂😂😂""}]"
1010285925676497,"Ich hab gehört,man jetzt günstig Waffen kaufen.Jeder Flüchtling soll ja eine im Gepäck haben.Kontrolliert wird es nicht.",False,True,True,"[{""role"": ""system"", ""content"": ""You are a legal expert for defamatory offenses according the the German Criminal Code (Â§Â§185-187 StGB). Help the user decide whether given posts fall within in the scope of these articles.""}, {""role"": ""user"", ""content"": ""Is the following post criminally relevant with respect to Â§Â§185-187 StGB (Defamatory Offense)? Answer only with 'True' (criminally relevant according to Â§Â§185-187 StGB) or 'False' (not criminally relevant according to Â§Â§185-187 StGB).""}, {""role"": ""user"", ""content"": ""Ich hab gehört,man jetzt günstig Waffen kaufen.Jeder Flüchtling soll ja eine im Gepäck haben.Kontrolliert wird es nicht.""}]"
1012234332148323,"und noch was für diese Vollpfosten... unsere neuen hochgebildeten Ingenieure und Doktoren haben absolute Sprach- und Traditionsprobleme... oder anders herum, die verstehen das Problem gar nicht",False,True,True,"[{""role"": ""system"", ""content"": ""You are a legal expert for defamatory offenses according the the German Criminal Code (Â§Â§185-187 StGB). Help the user decide whether given posts fall within in the scope of these articles.""}, {""role"": ""user"", ""content"": ""Is the following post criminally relevant with respect to Â§Â§185-187 StGB (Defamatory Offense)? Answer only with 'True' (criminally relevant according to Â§Â§185-187 StGB) or 'False' (not criminally relevant according to Â§Â§185-187 StGB).""}, {""role"": ""user"", ""content"": ""und noch was für diese Vollpfosten... unsere neuen hochgebildeten Ingenieure und Doktoren haben absolute Sprach- und Traditionsprobleme... oder anders herum, die verstehen das Problem gar nicht""}]"
1091,@ObenausThomas @Jung_us_Koelle @anna_IIna Der syrische Sozialtourist und eine Haftplichtversicherung? Hahaha!,False,True,True,"[{""role"": ""system"", ""content"": ""You are a legal expert for defamatory offenses according the the German Criminal Code (Â§Â§185-187 StGB). Help the user decide whether given posts fall within in the scope of these articles.""}, {""role"": ""user"", ""content"": ""Is the following post criminally relevant with respect to Â§Â§185-187 StGB (Defamatory Offense)? Answer only with 'True' (criminally relevant according to Â§Â§185-187 StGB) or 'False' (not criminally relevant according to Â§Â§185-187 StGB).""}, {""role"": ""user"", ""content"": ""@ObenausThomas @Jung_us_Koelle @anna_IIna Der syrische Sozialtourist und eine Haftplichtversicherung? Hahaha!""}]"
566,@shlomosapiens @KrahMax Der dumme deutsche hat sich entschieden....jetzt wird alles nur noch schlimmer....,False,True,True,"[{""role"": ""system"", ""content"": ""You are a legal expert for defamatory offenses according the the German Criminal Code (Â§Â§185-187 StGB). Help the user decide whether given posts fall within in the scope of these articles.""}, {""role"": ""user"", ""content"": ""Is the following post criminally relevant with respect to Â§Â§185-187 StGB (Defamatory Offense)? Answer only with 'True' (criminally relevant according to Â§Â§185-187 StGB) or 'False' (not criminally relevant according to Â§Â§185-187 StGB).""}, {""role"": ""user"", ""content"": ""@shlomosapiens @KrahMax Der dumme deutsche hat sich entschieden....jetzt wird alles nur noch schlimmer....""}]"
894749620563462,"Todenhöfer ist pro Salafist und IS, ich vertraue ihm nicht ...",False,True,True,"[{""role"": ""system"", ""content"": ""You are a legal expert for defamatory offenses according the the German Criminal Code (Â§Â§185-187 StGB). Help the user decide whether given posts fall within in the scope of these articles.""}, {""role"": ""user"", ""content"": ""Is the following post criminally relevant with respect to Â§Â§185-187 StGB (Defamatory Offense)? Answer only with 'True' (criminally relevant according to Â§Â§185-187 StGB) or 'False' (not criminally relevant according to Â§Â§185-187 StGB).""}, {""role"": ""user"", ""content"": ""Todenhöfer ist pro Salafist und IS, ich vertraue ihm nicht ...""}]"
687,"@machtjanix23 @Junge_Freiheit Nach Logo.  Also halb acht. Meine Kinder gucken schon lange kein Kika mehr. Täglich irgendwelche zuckersüßen Fatimas,  die die Zuschauer mit in die Moschee nehmen und islamische Bräuche verharmlosend erklären.",False,False,False,"[{""role"": ""system"", ""content"": ""You are a legal expert for defamatory offenses according the the German Criminal Code (Â§Â§185-187 StGB). Help the user decide whether given posts fall within in the scope of these articles.""}, {""role"": ""user"", ""content"": ""Is the following post criminally relevant with respect to Â§Â§185-187 StGB (Defamatory Offense)? Answer only with 'True' (criminally relevant according to Â§Â§185-187 StGB) or 'False' (not criminally relevant according to Â§Â§185-187 StGB).""}, {""role"": ""user"", ""content"": ""@machtjanix23 @Junge_Freiheit Nach Logo.  Also halb acht. Meine Kinder gucken schon lange kein Kika mehr. Täglich irgendwelche zuckersüßen Fatimas,  die die Zuschauer mit in die Moschee nehmen und islamische Bräuche verharmlosend erklären.""}]"
1052487264789696,"Die Polizei muss die Köpfe und ihr Leben her halten für die Unfähigkeit der Politiker und wir dvon denen nicht mal unterstützt. Die Gewalt, das zeigen die letzten Jahre kommt von links nicht von rechts. Aber auf dem linken Auge sind unsere Politiker blind. Und Eier haben sie sowieso nicht. Die Politiker die Rückrat haben, werden abgesägt.",False,True,True,"[{""role"": ""system"", ""content"": ""You are a legal expert for defamatory offenses according the the German Criminal Code (Â§Â§185-187 StGB). Help the user decide whether given posts fall within in the scope of these articles.""}, {""role"": ""user"", ""content"": ""Is the following post criminally relevant with respect to Â§Â§185-187 StGB (Defamatory Offense)? Answer only with 'True' (criminally relevant according to Â§Â§185-187 StGB) or 'False' (not criminally relevant according to Â§Â§185-187 StGB).""}, {""role"": ""user"", ""content"": ""Die Polizei muss die Köpfe und ihr Leben her halten für die Unfähigkeit der Politiker und wir dvon denen nicht mal unterstützt. Die Gewalt, das zeigen die letzten Jahre kommt von links nicht von rechts. Aber auf dem linken Auge sind unsere Politiker blind. Und Eier haben sie sowieso nicht. Die Politiker die Rückrat haben, werden abgesägt.""}]"
885373714834386,"Wer ist dieser Lempert? Bin nicht ganz im Bilde. Handelt es sich etwa um diese Mumie im Tatort??? Das erledigt sich doch bald biologisch, Will halt noch schnell Werbug für sich machen.",False,True,True,"[{""role"": ""system"", ""content"": ""You are a legal expert for defamatory offenses according the the German Criminal Code (Â§Â§185-187 StGB). Help the user decide whether given posts fall within in the scope of these articles.""}, {""role"": ""user"", ""content"": ""Is the following post criminally relevant with respect to Â§Â§185-187 StGB (Defamatory Offense)? Answer only with 'True' (criminally relevant according to Â§Â§185-187 StGB) or 'False' (not criminally relevant according to Â§Â§185-187 StGB).""}, {""role"": ""user"", ""content"": ""Wer ist dieser Lempert? Bin nicht ganz im Bilde. Handelt es sich etwa um diese Mumie im Tatort??? Das erledigt sich doch bald biologisch, Will halt noch schnell Werbug für sich machen.""}]"
558,@welt Nur noch Geisteskranke Politiker in der Regierung!! Es muss ein Ende haben!!!,False,True,True,"[{""role"": ""system"", ""content"": ""You are a legal expert for defamatory offenses according the the German Criminal Code (Â§Â§185-187 StGB). Help the user decide whether given posts fall within in the scope of these articles.""}, {""role"": ""user"", ""content"": ""Is the following post criminally relevant with respect to Â§Â§185-187 StGB (Defamatory Offense)? Answer only with 'True' (criminally relevant according to Â§Â§185-187 StGB) or 'False' (not criminally relevant according to Â§Â§185-187 StGB).""}, {""role"": ""user"", ""content"": ""@welt Nur noch Geisteskranke Politiker in der Regierung!! Es muss ein Ende haben!!!""}]"
858008004237624,Shirin 1993 sollingen rechtsradikale  verbrennen  ein Mehrfamilienhaus  haus 5 tote  jüngstes  opfer  erst drei jahre  alt!!Wer  ist schuld  alle deutsche?Nein!was du hier machst ist ein dreckiges spielchen!! Weiss  du auch warum weil diese schreckliche tat interessiert  dich nur weil du den nazi aus dir raushängen lassen  kannst!!das arme Mädchen  hätte dich sonst nicht mal gejuckt!!!ps. Lese mal richtig die  zeitung  dein deutscher Landsmann  wollte schon immer mal ein menschen brennen sehn also einer der mörder von maria!!!!eonfach nur pervers,False,True,True,"[{""role"": ""system"", ""content"": ""You are a legal expert for defamatory offenses according the the German Criminal Code (Â§Â§185-187 StGB). Help the user decide whether given posts fall within in the scope of these articles.""}, {""role"": ""user"", ""content"": ""Is the following post criminally relevant with respect to Â§Â§185-187 StGB (Defamatory Offense)? Answer only with 'True' (criminally relevant according to Â§Â§185-187 StGB) or 'False' (not criminally relevant according to Â§Â§185-187 StGB).""}, {""role"": ""user"", ""content"": ""Shirin 1993 sollingen rechtsradikale  verbrennen  ein Mehrfamilienhaus  haus 5 tote  jüngstes  opfer  erst drei jahre  alt!!Wer  ist schuld  alle deutsche?Nein!was du hier machst ist ein dreckiges spielchen!! Weiss  du auch warum weil diese schreckliche tat interessiert  dich nur weil du den nazi aus dir raushängen lassen  kannst!!das arme Mädchen  hätte dich sonst nicht mal gejuckt!!!ps. Lese mal richtig die  zeitung  dein deutscher Landsmann  wollte schon immer mal ein menschen brennen sehn also einer der mörder von maria!!!!eonfach nur pervers""}]"
1011364132235343,"Ihr denkt, ihr seid das Volk? Das ist lächerlich. Ihr seid ein paar Spinner, die sich einmal die Woche zusammenhocken um ein bisschen Gemeinschaftsgefühl zu erfahren. Euch gibt es mittlerweile knapp über ein Jahr, eure Zahlen stagnieren im Mittel bei ungefähr 10-12000 (wenn die Zahl nicht korrekt ist, bitte korrigieren) Mann, und die Ortsgruppen außerhalb Dresdens sind nicht der Rede wert. Vielleicht gehen zusammengenommen in Deutschland 20.000 Leute auf die Straße für Pegida, aber 20.000 von 80.000.000 Menschen ist leider eine Minderheit, die den Schuss nicht gehört hat. Ihr rennt einem ehemals Straffälligen hinterher und wundert euch, warum man eure Parolen nicht ernst nimmt?",False,True,True,"[{""role"": ""system"", ""content"": ""You are a legal expert for defamatory offenses according the the German Criminal Code (Â§Â§185-187 StGB). Help the user decide whether given posts fall within in the scope of these articles.""}, {""role"": ""user"", ""content"": ""Is the following post criminally relevant with respect to Â§Â§185-187 StGB (Defamatory Offense)? Answer only with 'True' (criminally relevant according to Â§Â§185-187 StGB) or 'False' (not criminally relevant according to Â§Â§185-187 StGB).""}, {""role"": ""user"", ""content"": ""Ihr denkt, ihr seid das Volk? Das ist lächerlich. Ihr seid ein paar Spinner, die sich einmal die Woche zusammenhocken um ein bisschen Gemeinschaftsgefühl zu erfahren. Euch gibt es mittlerweile knapp über ein Jahr, eure Zahlen stagnieren im Mittel bei ungefähr 10-12000 (wenn die Zahl nicht korrekt ist, bitte korrigieren) Mann, und die Ortsgruppen außerhalb Dresdens sind nicht der Rede wert. Vielleicht gehen zusammengenommen in Deutschland 20.000 Leute auf die Straße für Pegida, aber 20.000 von 80.000.000 Menschen ist leider eine Minderheit, die den Schuss nicht gehört hat. Ihr rennt einem ehemals Straffälligen hinterher und wundert euch, warum man eure Parolen nicht ernst nimmt?""}]"
530,"Wer hier Naziverhalten sieht, hat ein Rederecht. Auf dem Klo. |LBR| Scheisshausparolen gehören dort hin. 1683 haben wir die |LBR| Türken davongejagt. Ja",False,True,True,"[{""role"": ""system"", ""content"": ""You are a legal expert for defamatory offenses according the the German Criminal Code (Â§Â§185-187 StGB). Help the user decide whether given posts fall within in the scope of these articles.""}, {""role"": ""user"", ""content"": ""Is the following post criminally relevant with respect to Â§Â§185-187 StGB (Defamatory Offense)? Answer only with 'True' (criminally relevant according to Â§Â§185-187 StGB) or 'False' (not criminally relevant according to Â§Â§185-187 StGB).""}, {""role"": ""user"", ""content"": ""Wer hier Naziverhalten sieht, hat ein Rederecht. Auf dem Klo. |LBR| Scheisshausparolen gehören dort hin. 1683 haben wir die |LBR| Türken davongejagt. Ja""}]"
1249,Jo mei. Du kleine verschisstische Nazisau.,True,True,True,"[{""role"": ""system"", ""content"": ""You are a legal expert for defamatory offenses according the the German Criminal Code (Â§Â§185-187 StGB). Help the user decide whether given posts fall within in the scope of these articles.""}, {""role"": ""user"", ""content"": ""Is the following post criminally relevant with respect to Â§Â§185-187 StGB (Defamatory Offense)? Answer only with 'True' (criminally relevant according to Â§Â§185-187 StGB) or 'False' (not criminally relevant according to Â§Â§185-187 StGB).""}, {""role"": ""user"", ""content"": ""Jo mei. Du kleine verschisstische Nazisau.""}]"
1389551449168916480,@ySweazer Du frontest Leute aber hast nicht einmal über die Konsequenzen nachgedacht du kleine fotze wo ist denn der starke @ySweazer Hat Mama dein Handy weggenommen? Ich Box dich so behindert das selbst deine hässliche drecks Mutter dich nicht mal mehr angucken will,True,True,True,"[{""role"": ""system"", ""content"": ""You are a legal expert for defamatory offenses according the the German Criminal Code (Â§Â§185-187 StGB). Help the user decide whether given posts fall within in the scope of these articles.""}, {""role"": ""user"", ""content"": ""Is the following post criminally relevant with respect to Â§Â§185-187 StGB (Defamatory Offense)? Answer only with 'True' (criminally relevant according to Â§Â§185-187 StGB) or 'False' (not criminally relevant according to Â§Â§185-187 StGB).""}, {""role"": ""user"", ""content"": ""@ySweazer Du frontest Leute aber hast nicht einmal über die Konsequenzen nachgedacht du kleine fotze wo ist denn der starke @ySweazer Hat Mama dein Handy weggenommen? Ich Box dich so behindert das selbst deine hässliche drecks Mutter dich nicht mal mehr angucken will""}]"
151,@awkwardPixels Das ist ein ultra wichtiger Punkt und wir hoffen sehr dass die unnötigen Operationen aufhören. Aber da ist noch viel Arbeit und Aufklärung notwendig,False,False,False,"[{""role"": ""system"", ""content"": ""You are a legal expert for defamatory offenses according the the German Criminal Code (Â§Â§185-187 StGB). Help the user decide whether given posts fall within in the scope of these articles.""}, {""role"": ""user"", ""content"": ""Is the following post criminally relevant with respect to Â§Â§185-187 StGB (Defamatory Offense)? Answer only with 'True' (criminally relevant according to Â§Â§185-187 StGB) or 'False' (not criminally relevant according to Â§Â§185-187 StGB).""}, {""role"": ""user"", ""content"": ""@awkwardPixels Das ist ein ultra wichtiger Punkt und wir hoffen sehr dass die unnötigen Operationen aufhören. Aber da ist noch viel Arbeit und Aufklärung notwendig""}]"
212,@Beutebadener @happyhaidrich3 @LeggaKnoppers @KotzenderStern @destatis @Khajiit7 Was für großmeister wir sind sifftwitter trolle natürlich bin ich rechts aber trotzdem sollte man nicht alles von und 100%ernst nehmen,False,False,False,"[{""role"": ""system"", ""content"": ""You are a legal expert for defamatory offenses according the the German Criminal Code (Â§Â§185-187 StGB). Help the user decide whether given posts fall within in the scope of these articles.""}, {""role"": ""user"", ""content"": ""Is the following post criminally relevant with respect to Â§Â§185-187 StGB (Defamatory Offense)? Answer only with 'True' (criminally relevant according to Â§Â§185-187 StGB) or 'False' (not criminally relevant according to Â§Â§185-187 StGB).""}, {""role"": ""user"", ""content"": ""@Beutebadener @happyhaidrich3 @LeggaKnoppers @KotzenderStern @destatis @Khajiit7 Was für großmeister wir sind sifftwitter trolle natürlich bin ich rechts aber trotzdem sollte man nicht alles von und 100%ernst nehmen""}]"
1802,@watch_union Was für ein Sack... aber was kann man anderes erwarten von der CDU..,True,True,True,"[{""role"": ""system"", ""content"": ""You are a legal expert for defamatory offenses according the the German Criminal Code (Â§Â§185-187 StGB). Help the user decide whether given posts fall within in the scope of these articles.""}, {""role"": ""user"", ""content"": ""Is the following post criminally relevant with respect to Â§Â§185-187 StGB (Defamatory Offense)? Answer only with 'True' (criminally relevant according to Â§Â§185-187 StGB) or 'False' (not criminally relevant according to Â§Â§185-187 StGB).""}, {""role"": ""user"", ""content"": ""@watch_union Was für ein Sack... aber was kann man anderes erwarten von der CDU..""}]"
1043589502346139,Die lächerliche Anzeige wegen des Mistgabelsatzes wird auf dem Misthaufen der Gerichte landen - sprich: Einstellung wegen Geringfügigkeit. Alles andere ist primär.,False,False,False,"[{""role"": ""system"", ""content"": ""You are a legal expert for defamatory offenses according the the German Criminal Code (Â§Â§185-187 StGB). Help the user decide whether given posts fall within in the scope of these articles.""}, {""role"": ""user"", ""content"": ""Is the following post criminally relevant with respect to Â§Â§185-187 StGB (Defamatory Offense)? Answer only with 'True' (criminally relevant according to Â§Â§185-187 StGB) or 'False' (not criminally relevant according to Â§Â§185-187 StGB).""}, {""role"": ""user"", ""content"": ""Die lächerliche Anzeige wegen des Mistgabelsatzes wird auf dem Misthaufen der Gerichte landen - sprich: Einstellung wegen Geringfügigkeit. Alles andere ist primär.""}]"
1077839805587775,"Legale Raubritter, angeleitet von einer Frau die ihre Seele verkauft hat",False,True,True,"[{""role"": ""system"", ""content"": ""You are a legal expert for defamatory offenses according the the German Criminal Code (Â§Â§185-187 StGB). Help the user decide whether given posts fall within in the scope of these articles.""}, {""role"": ""user"", ""content"": ""Is the following post criminally relevant with respect to Â§Â§185-187 StGB (Defamatory Offense)? Answer only with 'True' (criminally relevant according to Â§Â§185-187 StGB) or 'False' (not criminally relevant according to Â§Â§185-187 StGB).""}, {""role"": ""user"", ""content"": ""Legale Raubritter, angeleitet von einer Frau die ihre Seele verkauft hat""}]"
1035408263164263,"Hallo du pfeife, sag mir einfach nur schnell und ehrlich, wann und wo haben 100derte von deutschen gemeinsam vergewaltigt,  sexuelle ubergriffe, gestohlen und  Beleidigungen begangen haben. Ach du kannst dich nicht erinnern?",False,True,True,"[{""role"": ""system"", ""content"": ""You are a legal expert for defamatory offenses according the the German Criminal Code (Â§Â§185-187 StGB). Help the user decide whether given posts fall within in the scope of these articles.""}, {""role"": ""user"", ""content"": ""Is the following post criminally relevant with respect to Â§Â§185-187 StGB (Defamatory Offense)? Answer only with 'True' (criminally relevant according to Â§Â§185-187 StGB) or 'False' (not criminally relevant according to Â§Â§185-187 StGB).""}, {""role"": ""user"", ""content"": ""Hallo du pfeife, sag mir einfach nur schnell und ehrlich, wann und wo haben 100derte von deutschen gemeinsam vergewaltigt,  sexuelle ubergriffe, gestohlen und  Beleidigungen begangen haben. Ach du kannst dich nicht erinnern?""}]"
1035104153194674,"Merkel mentes boldogabb uj Esztendoket kivanunk a Drezda-i igaz embereknek. A gyumolcs beerik, csak turelem.. Tisztelet Drezdanak.!",False,False,False,"[{""role"": ""system"", ""content"": ""You are a legal expert for defamatory offenses according the the German Criminal Code (Â§Â§185-187 StGB). Help the user decide whether given posts fall within in the scope of these articles.""}, {""role"": ""user"", ""content"": ""Is the following post criminally relevant with respect to Â§Â§185-187 StGB (Defamatory Offense)? Answer only with 'True' (criminally relevant according to Â§Â§185-187 StGB) or 'False' (not criminally relevant according to Â§Â§185-187 StGB).""}, {""role"": ""user"", ""content"": ""Merkel mentes boldogabb uj Esztendoket kivanunk a Drezda-i igaz embereknek. A gyumolcs beerik, csak turelem.. Tisztelet Drezdanak.!""}]"
1105844402787315,Katja Bauch Da wundere ich mich immer wieder was dieses hetzende Zeug überhaupt in Deutschland treibt??,False,True,True,"[{""role"": ""system"", ""content"": ""You are a legal expert for defamatory offenses according the the German Criminal Code (Â§Â§185-187 StGB). Help the user decide whether given posts fall within in the scope of these articles.""}, {""role"": ""user"", ""content"": ""Is the following post criminally relevant with respect to Â§Â§185-187 StGB (Defamatory Offense)? Answer only with 'True' (criminally relevant according to Â§Â§185-187 StGB) or 'False' (not criminally relevant according to Â§Â§185-187 StGB).""}, {""role"": ""user"", ""content"": ""Katja Bauch Da wundere ich mich immer wieder was dieses hetzende Zeug überhaupt in Deutschland treibt??""}]"
680,"@AfD Um das auch zu machen, was Österreich macht, dafür müßen wir uns erst einmal von völlig durchgeknallten Linken,Grünen und Schwarzen befreien! Kein Land mit WERTEN kann sich solche Idioten, die schon kriminell handeln, erlauben !",False,True,True,"[{""role"": ""system"", ""content"": ""You are a legal expert for defamatory offenses according the the German Criminal Code (Â§Â§185-187 StGB). Help the user decide whether given posts fall within in the scope of these articles.""}, {""role"": ""user"", ""content"": ""Is the following post criminally relevant with respect to Â§Â§185-187 StGB (Defamatory Offense)? Answer only with 'True' (criminally relevant according to Â§Â§185-187 StGB) or 'False' (not criminally relevant according to Â§Â§185-187 StGB).""}, {""role"": ""user"", ""content"": ""@AfD Um das auch zu machen, was Österreich macht, dafür müßen wir uns erst einmal von völlig durchgeknallten Linken,Grünen und Schwarzen befreien! Kein Land mit WERTEN kann sich solche Idioten, die schon kriminell handeln, erlauben !""}]"
858080257563732,"Wirklich schlimm solche Menschen.
Genau diese Leute müssten direkt abgeschoben werden..!",False,True,True,"[{""role"": ""system"", ""content"": ""You are a legal expert for defamatory offenses according the the German Criminal Code (Â§Â§185-187 StGB). Help the user decide whether given posts fall within in the scope of these articles.""}, {""role"": ""user"", ""content"": ""Is the following post criminally relevant with respect to Â§Â§185-187 StGB (Defamatory Offense)? Answer only with 'True' (criminally relevant according to Â§Â§185-187 StGB) or 'False' (not criminally relevant according to Â§Â§185-187 StGB).""}, {""role"": ""user"", ""content"": ""Wirklich schlimm solche Menschen.\r\nGenau diese Leute müssten direkt abgeschoben werden..!""}]"
1096372740401148,"Torsten Kauer, besser hätte man es nicht sagen können. Eine arme kleine Wurst. genau wie der Rest dieser Pegidabande!",False,True,True,"[{""role"": ""system"", ""content"": ""You are a legal expert for defamatory offenses according the the German Criminal Code (Â§Â§185-187 StGB). Help the user decide whether given posts fall within in the scope of these articles.""}, {""role"": ""user"", ""content"": ""Is the following post criminally relevant with respect to Â§Â§185-187 StGB (Defamatory Offense)? Answer only with 'True' (criminally relevant according to Â§Â§185-187 StGB) or 'False' (not criminally relevant according to Â§Â§185-187 StGB).""}, {""role"": ""user"", ""content"": ""Torsten Kauer, besser hätte man es nicht sagen können. Eine arme kleine Wurst. genau wie der Rest dieser Pegidabande!""}]"
434,@SteinbachErika Die CDU und andere Parteien sind ein verlogener Haufen Politiker die sich die Taschen auf Steuerzahlers Kosten voll machen! 😨,False,True,True,"[{""role"": ""system"", ""content"": ""You are a legal expert for defamatory offenses according the the German Criminal Code (Â§Â§185-187 StGB). Help the user decide whether given posts fall within in the scope of these articles.""}, {""role"": ""user"", ""content"": ""Is the following post criminally relevant with respect to Â§Â§185-187 StGB (Defamatory Offense)? Answer only with 'True' (criminally relevant according to Â§Â§185-187 StGB) or 'False' (not criminally relevant according to Â§Â§185-187 StGB).""}, {""role"": ""user"", ""content"": ""@SteinbachErika Die CDU und andere Parteien sind ein verlogener Haufen Politiker die sich die Taschen auf Steuerzahlers Kosten voll machen! 😨""}]"
960857950619295,"Bin auch dafür retour zurück .... Die brauch keiner sollen bei sich im Land rumhängen ,,,",False,True,True,"[{""role"": ""system"", ""content"": ""You are a legal expert for defamatory offenses according the the German Criminal Code (Â§Â§185-187 StGB). Help the user decide whether given posts fall within in the scope of these articles.""}, {""role"": ""user"", ""content"": ""Is the following post criminally relevant with respect to Â§Â§185-187 StGB (Defamatory Offense)? Answer only with 'True' (criminally relevant according to Â§Â§185-187 StGB) or 'False' (not criminally relevant according to Â§Â§185-187 StGB).""}, {""role"": ""user"", ""content"": ""Bin auch dafür retour zurück .... Die brauch keiner sollen bei sich im Land rumhängen ,,,""}]"
1035191833185906,Im Westen ist Schnarchalarm los oder besser gesagt : es ist wichtiger was andere von mir denken . Oder lieber über Feuerwerk und Schnee aufregen . Andere Sorgen haben wir hier nicht !!!,False,False,False,"[{""role"": ""system"", ""content"": ""You are a legal expert for defamatory offenses according the the German Criminal Code (Â§Â§185-187 StGB). Help the user decide whether given posts fall within in the scope of these articles.""}, {""role"": ""user"", ""content"": ""Is the following post criminally relevant with respect to Â§Â§185-187 StGB (Defamatory Offense)? Answer only with 'True' (criminally relevant according to Â§Â§185-187 StGB) or 'False' (not criminally relevant according to Â§Â§185-187 StGB).""}, {""role"": ""user"", ""content"": ""Im Westen ist Schnarchalarm los oder besser gesagt : es ist wichtiger was andere von mir denken . Oder lieber über Feuerwerk und Schnee aufregen . Andere Sorgen haben wir hier nicht !!!""}]"
1650,@dvir_ay @FRChronic du versager dein land ist ein haufen müll einfach hahah,True,True,True,"[{""role"": ""system"", ""content"": ""You are a legal expert for defamatory offenses according the the German Criminal Code (Â§Â§185-187 StGB). Help the user decide whether given posts fall within in the scope of these articles.""}, {""role"": ""user"", ""content"": ""Is the following post criminally relevant with respect to Â§Â§185-187 StGB (Defamatory Offense)? Answer only with 'True' (criminally relevant according to Â§Â§185-187 StGB) or 'False' (not criminally relevant according to Â§Â§185-187 StGB).""}, {""role"": ""user"", ""content"": ""@dvir_ay @FRChronic du versager dein land ist ein haufen müll einfach hahah""}]"
1107854269252995,"Die Linksfaschisten kriegen von den Islamisten auch ihre Quittung, falls sie Deutschland besiegen sollten. Rübe runter, falls nicht den Islam annehmen. Dann könnten sie allerdings nicht mehr so randalieren, wie sie wollen ... Auch die bleiben nicht verschont!",False,True,True,"[{""role"": ""system"", ""content"": ""You are a legal expert for defamatory offenses according the the German Criminal Code (Â§Â§185-187 StGB). Help the user decide whether given posts fall within in the scope of these articles.""}, {""role"": ""user"", ""content"": ""Is the following post criminally relevant with respect to Â§Â§185-187 StGB (Defamatory Offense)? Answer only with 'True' (criminally relevant according to Â§Â§185-187 StGB) or 'False' (not criminally relevant according to Â§Â§185-187 StGB).""}, {""role"": ""user"", ""content"": ""Die Linksfaschisten kriegen von den Islamisten auch ihre Quittung, falls sie Deutschland besiegen sollten. Rübe runter, falls nicht den Islam annehmen. Dann könnten sie allerdings nicht mehr so randalieren, wie sie wollen ... Auch die bleiben nicht verschont!""}]"
1065,Der Wechsel auf neue Modelle lässt die alten Diesel nicht |LBR| verschwinden. Das ist ein saudummer Vorschlag. Die Schiffe |LBR| versauen die Luft mehr,False,False,False,"[{""role"": ""system"", ""content"": ""You are a legal expert for defamatory offenses according the the German Criminal Code (Â§Â§185-187 StGB). Help the user decide whether given posts fall within in the scope of these articles.""}, {""role"": ""user"", ""content"": ""Is the following post criminally relevant with respect to Â§Â§185-187 StGB (Defamatory Offense)? Answer only with 'True' (criminally relevant according to Â§Â§185-187 StGB) or 'False' (not criminally relevant according to Â§Â§185-187 StGB).""}, {""role"": ""user"", ""content"": ""Der Wechsel auf neue Modelle lässt die alten Diesel nicht |LBR| verschwinden. Das ist ein saudummer Vorschlag. Die Schiffe |LBR| versauen die Luft mehr""}]"
1021,"@BILD_LA Ein krimineller, perverser Dummkopf, der bald endlich schlechte deutsche Geschichte ist!",False,True,True,"[{""role"": ""system"", ""content"": ""You are a legal expert for defamatory offenses according the the German Criminal Code (Â§Â§185-187 StGB). Help the user decide whether given posts fall within in the scope of these articles.""}, {""role"": ""user"", ""content"": ""Is the following post criminally relevant with respect to Â§Â§185-187 StGB (Defamatory Offense)? Answer only with 'True' (criminally relevant according to Â§Â§185-187 StGB) or 'False' (not criminally relevant according to Â§Â§185-187 StGB).""}, {""role"": ""user"", ""content"": ""@BILD_LA Ein krimineller, perverser Dummkopf, der bald endlich schlechte deutsche Geschichte ist!""}]"
173,@burghard_r @SM100d Was ist den das fette etwas da ..?,True,True,True,"[{""role"": ""system"", ""content"": ""You are a legal expert for defamatory offenses according the the German Criminal Code (Â§Â§185-187 StGB). Help the user decide whether given posts fall within in the scope of these articles.""}, {""role"": ""user"", ""content"": ""Is the following post criminally relevant with respect to Â§Â§185-187 StGB (Defamatory Offense)? Answer only with 'True' (criminally relevant according to Â§Â§185-187 StGB) or 'False' (not criminally relevant according to Â§Â§185-187 StGB).""}, {""role"": ""user"", ""content"": ""@burghard_r @SM100d Was ist den das fette etwas da ..?""}]"
1300,"@FLER @PRossberg Halt doch um Himmels Willen endlich dein Maul - keine Freunde - Musik wie UFO auf Wish bestellt - keine Goldene ohne Sido - Wasserkopf - Style, Fashionlinie, Logos, Songtitel alles geklaut - menschlicher Abfall  Verpiss dich endlich in Die US, fette Kartoffel",True,True,True,"[{""role"": ""system"", ""content"": ""You are a legal expert for defamatory offenses according the the German Criminal Code (Â§Â§185-187 StGB). Help the user decide whether given posts fall within in the scope of these articles.""}, {""role"": ""user"", ""content"": ""Is the following post criminally relevant with respect to Â§Â§185-187 StGB (Defamatory Offense)? Answer only with 'True' (criminally relevant according to Â§Â§185-187 StGB) or 'False' (not criminally relevant according to Â§Â§185-187 StGB).""}, {""role"": ""user"", ""content"": ""@FLER @PRossberg Halt doch um Himmels Willen endlich dein Maul - keine Freunde - Musik wie UFO auf Wish bestellt - keine Goldene ohne Sido - Wasserkopf - Style, Fashionlinie, Logos, Songtitel alles geklaut - menschlicher Abfall  Verpiss dich endlich in Die US, fette Kartoffel""}]"
1134161609955594,"Lern du mal dein Kanzleramt richtig zu führen und nicht dein Volk zu verraten, oder zu verkaufen...",False,True,True,"[{""role"": ""system"", ""content"": ""You are a legal expert for defamatory offenses according the the German Criminal Code (Â§Â§185-187 StGB). Help the user decide whether given posts fall within in the scope of these articles.""}, {""role"": ""user"", ""content"": ""Is the following post criminally relevant with respect to Â§Â§185-187 StGB (Defamatory Offense)? Answer only with 'True' (criminally relevant according to Â§Â§185-187 StGB) or 'False' (not criminally relevant according to Â§Â§185-187 StGB).""}, {""role"": ""user"", ""content"": ""Lern du mal dein Kanzleramt richtig zu führen und nicht dein Volk zu verraten, oder zu verkaufen...""}]"
1069139963124426,"... komisches Interview... Hallo Baden-Württemberger: was hat euch dazu bewogen, diese Spastiker zu wählen ???....",True,True,True,"[{""role"": ""system"", ""content"": ""You are a legal expert for defamatory offenses according the the German Criminal Code (Â§Â§185-187 StGB). Help the user decide whether given posts fall within in the scope of these articles.""}, {""role"": ""user"", ""content"": ""Is the following post criminally relevant with respect to Â§Â§185-187 StGB (Defamatory Offense)? Answer only with 'True' (criminally relevant according to Â§Â§185-187 StGB) or 'False' (not criminally relevant according to Â§Â§185-187 StGB).""}, {""role"": ""user"", ""content"": ""... komisches Interview... Hallo Baden-Württemberger: was hat euch dazu bewogen, diese Spastiker zu wählen ???....""}]"
1064857553552667,"Also ich würde sagen in Sachsen ist Deutsch eine Fremdsprache,  denn das was da gesprochen wird ist kein deutsch und kann eh niemand verstehen :D",False,False,False,"[{""role"": ""system"", ""content"": ""You are a legal expert for defamatory offenses according the the German Criminal Code (Â§Â§185-187 StGB). Help the user decide whether given posts fall within in the scope of these articles.""}, {""role"": ""user"", ""content"": ""Is the following post criminally relevant with respect to Â§Â§185-187 StGB (Defamatory Offense)? Answer only with 'True' (criminally relevant according to Â§Â§185-187 StGB) or 'False' (not criminally relevant according to Â§Â§185-187 StGB).""}, {""role"": ""user"", ""content"": ""Also ich würde sagen in Sachsen ist Deutsch eine Fremdsprache,  denn das was da gesprochen wird ist kein deutsch und kann eh niemand verstehen :D""}]"
1039102956128127,"Einmal Linker immer Linker, zum Land raußwerfen dieses lt. Gabriel Pack.",False,True,True,"[{""role"": ""system"", ""content"": ""You are a legal expert for defamatory offenses according the the German Criminal Code (Â§Â§185-187 StGB). Help the user decide whether given posts fall within in the scope of these articles.""}, {""role"": ""user"", ""content"": ""Is the following post criminally relevant with respect to Â§Â§185-187 StGB (Defamatory Offense)? Answer only with 'True' (criminally relevant according to Â§Â§185-187 StGB) or 'False' (not criminally relevant according to Â§Â§185-187 StGB).""}, {""role"": ""user"", ""content"": ""Einmal Linker immer Linker, zum Land raußwerfen dieses lt. Gabriel Pack.""}]"
850,Die Grenzen sind weit offen alle kommen sie herein registriert oder nicht das interessiert hier kein Schwein ....Das gibt es nur in Deutschland,False,False,False,"[{""role"": ""system"", ""content"": ""You are a legal expert for defamatory offenses according the the German Criminal Code (Â§Â§185-187 StGB). Help the user decide whether given posts fall within in the scope of these articles.""}, {""role"": ""user"", ""content"": ""Is the following post criminally relevant with respect to Â§Â§185-187 StGB (Defamatory Offense)? Answer only with 'True' (criminally relevant according to Â§Â§185-187 StGB) or 'False' (not criminally relevant according to Â§Â§185-187 StGB).""}, {""role"": ""user"", ""content"": ""Die Grenzen sind weit offen alle kommen sie herein registriert oder nicht das interessiert hier kein Schwein ....Das gibt es nur in Deutschland""}]"
935310863174004,"So ein Müll den Du hier verbreitest muß doch krankhaft sein.Gehörst wohl den Grünen an, und versteckst Kinderficker in Deiner Partei",True,True,True,"[{""role"": ""system"", ""content"": ""You are a legal expert for defamatory offenses according the the German Criminal Code (Â§Â§185-187 StGB). Help the user decide whether given posts fall within in the scope of these articles.""}, {""role"": ""user"", ""content"": ""Is the following post criminally relevant with respect to Â§Â§185-187 StGB (Defamatory Offense)? Answer only with 'True' (criminally relevant according to Â§Â§185-187 StGB) or 'False' (not criminally relevant according to Â§Â§185-187 StGB).""}, {""role"": ""user"", ""content"": ""So ein Müll den Du hier verbreitest muß doch krankhaft sein.Gehörst wohl den Grünen an, und versteckst Kinderficker in Deiner Partei""}]"
1010235899014833,"Christine Nordmann - Selbst nur 1, sogenannter ""Gefährder"" ist mir schon zuviel! Die gehören nicht zu Deutschland!",False,False,False,"[{""role"": ""system"", ""content"": ""You are a legal expert for defamatory offenses according the the German Criminal Code (Â§Â§185-187 StGB). Help the user decide whether given posts fall within in the scope of these articles.""}, {""role"": ""user"", ""content"": ""Is the following post criminally relevant with respect to Â§Â§185-187 StGB (Defamatory Offense)? Answer only with 'True' (criminally relevant according to Â§Â§185-187 StGB) or 'False' (not criminally relevant according to Â§Â§185-187 StGB).""}, {""role"": ""user"", ""content"": ""Christine Nordmann - Selbst nur 1, sogenannter \""Gefährder\"" ist mir schon zuviel! Die gehören nicht zu Deutschland!""}]"
1399,"Die ehrlose faschistische Ratte habe ich nie gekannt, sie ist ausgelöscht aus meinem Leben.",True,True,True,"[{""role"": ""system"", ""content"": ""You are a legal expert for defamatory offenses according the the German Criminal Code (Â§Â§185-187 StGB). Help the user decide whether given posts fall within in the scope of these articles.""}, {""role"": ""user"", ""content"": ""Is the following post criminally relevant with respect to Â§Â§185-187 StGB (Defamatory Offense)? Answer only with 'True' (criminally relevant according to Â§Â§185-187 StGB) or 'False' (not criminally relevant according to Â§Â§185-187 StGB).""}, {""role"": ""user"", ""content"": ""Die ehrlose faschistische Ratte habe ich nie gekannt, sie ist ausgelöscht aus meinem Leben.""}]"
1719,Eine Kugel reicht für dieses matschhirn,True,True,True,"[{""role"": ""system"", ""content"": ""You are a legal expert for defamatory offenses according the the German Criminal Code (Â§Â§185-187 StGB). Help the user decide whether given posts fall within in the scope of these articles.""}, {""role"": ""user"", ""content"": ""Is the following post criminally relevant with respect to Â§Â§185-187 StGB (Defamatory Offense)? Answer only with 'True' (criminally relevant according to Â§Â§185-187 StGB) or 'False' (not criminally relevant according to Â§Â§185-187 StGB).""}, {""role"": ""user"", ""content"": ""Eine Kugel reicht für dieses matschhirn""}]"
993924913979265,"Ich kenne durch meinen früheren Beruf einen Syrer, der seit 4 Jahren in DE ist, inzwischen eine Deutsche geheiratet hat und als Allgemeinmediziner praktiziert! Er sagte mir, dass die meisten angeblichen Flüchtlinge gar nicht oder wenig gebildet sind, je mehr Kinder sie haben, desto niedriger der Bildungsstand! Schön, dass dadurch neue Hartzer gezüchtet werden! Und was ist mit den vielen jungen Männern? Werden sie sich gewaltfrei gegenüber meinen Töchtern und Enkeltöchtern benehmen? Ich bezweifle dies!",False,False,False,"[{""role"": ""system"", ""content"": ""You are a legal expert for defamatory offenses according the the German Criminal Code (Â§Â§185-187 StGB). Help the user decide whether given posts fall within in the scope of these articles.""}, {""role"": ""user"", ""content"": ""Is the following post criminally relevant with respect to Â§Â§185-187 StGB (Defamatory Offense)? Answer only with 'True' (criminally relevant according to Â§Â§185-187 StGB) or 'False' (not criminally relevant according to Â§Â§185-187 StGB).""}, {""role"": ""user"", ""content"": ""Ich kenne durch meinen früheren Beruf einen Syrer, der seit 4 Jahren in DE ist, inzwischen eine Deutsche geheiratet hat und als Allgemeinmediziner praktiziert! Er sagte mir, dass die meisten angeblichen Flüchtlinge gar nicht oder wenig gebildet sind, je mehr Kinder sie haben, desto niedriger der Bildungsstand! Schön, dass dadurch neue Hartzer gezüchtet werden! Und was ist mit den vielen jungen Männern? Werden sie sich gewaltfrei gegenüber meinen Töchtern und Enkeltöchtern benehmen? Ich bezweifle dies!""}]"
856804494357975,Der radikale Islam herrscht leider weltweit! Und um nicht zu vergessen haben wir schätzungsweise 150-200 DEUTSCHE IS Kämpfer die sich zur Zeit hier in Deutschland aufhalten. Also schreibe bitte nicht das es nicht um Deutsche Muslime geht ;),False,False,False,"[{""role"": ""system"", ""content"": ""You are a legal expert for defamatory offenses according the the German Criminal Code (Â§Â§185-187 StGB). Help the user decide whether given posts fall within in the scope of these articles.""}, {""role"": ""user"", ""content"": ""Is the following post criminally relevant with respect to Â§Â§185-187 StGB (Defamatory Offense)? Answer only with 'True' (criminally relevant according to Â§Â§185-187 StGB) or 'False' (not criminally relevant according to Â§Â§185-187 StGB).""}, {""role"": ""user"", ""content"": ""Der radikale Islam herrscht leider weltweit! Und um nicht zu vergessen haben wir schätzungsweise 150-200 DEUTSCHE IS Kämpfer die sich zur Zeit hier in Deutschland aufhalten. Also schreibe bitte nicht das es nicht um Deutsche Muslime geht ;)""}]"
856751307696627,"irgendwann sollte jeder Pegida-Teilnehmer in Berlin landen, die Hütte der Kasper besetzen",False,False,False,"[{""role"": ""system"", ""content"": ""You are a legal expert for defamatory offenses according the the German Criminal Code (Â§Â§185-187 StGB). Help the user decide whether given posts fall within in the scope of these articles.""}, {""role"": ""user"", ""content"": ""Is the following post criminally relevant with respect to Â§Â§185-187 StGB (Defamatory Offense)? Answer only with 'True' (criminally relevant according to Â§Â§185-187 StGB) or 'False' (not criminally relevant according to Â§Â§185-187 StGB).""}, {""role"": ""user"", ""content"": ""irgendwann sollte jeder Pegida-Teilnehmer in Berlin landen, die Hütte der Kasper besetzen""}]"
936117326426691,Es ist ein Skandal das die Vetreter jener kommunistischen Bande die damals ihre eigenen Landleute niedermachen ließen heute wieder in einem deuteschn Parlament  sitzen !!!,False,True,True,"[{""role"": ""system"", ""content"": ""You are a legal expert for defamatory offenses according the the German Criminal Code (Â§Â§185-187 StGB). Help the user decide whether given posts fall within in the scope of these articles.""}, {""role"": ""user"", ""content"": ""Is the following post criminally relevant with respect to Â§Â§185-187 StGB (Defamatory Offense)? Answer only with 'True' (criminally relevant according to Â§Â§185-187 StGB) or 'False' (not criminally relevant according to Â§Â§185-187 StGB).""}, {""role"": ""user"", ""content"": ""Es ist ein Skandal das die Vetreter jener kommunistischen Bande die damals ihre eigenen Landleute niedermachen ließen heute wieder in einem deuteschn Parlament  sitzen !!!""}]"
661,Schulz fordert bei einem Teil der Abzuschiebenden die Aussetzung. |LBR| Das ist hinterfotzig. In Deutschland gibt es auch Terroranschläge.,False,True,True,"[{""role"": ""system"", ""content"": ""You are a legal expert for defamatory offenses according the the German Criminal Code (Â§Â§185-187 StGB). Help the user decide whether given posts fall within in the scope of these articles.""}, {""role"": ""user"", ""content"": ""Is the following post criminally relevant with respect to Â§Â§185-187 StGB (Defamatory Offense)? Answer only with 'True' (criminally relevant according to Â§Â§185-187 StGB) or 'False' (not criminally relevant according to Â§Â§185-187 StGB).""}, {""role"": ""user"", ""content"": ""Schulz fordert bei einem Teil der Abzuschiebenden die Aussetzung. |LBR| Das ist hinterfotzig. In Deutschland gibt es auch Terroranschläge.""}]"
894952647209826,"So tickt das Rote Nazipack vom Bischofsweg. 

http://dapemasblog.blogspot.de/2015/02/wer-ist-eigentlich-dresden-nazifrei.html?m=1",False,True,True,"[{""role"": ""system"", ""content"": ""You are a legal expert for defamatory offenses according the the German Criminal Code (Â§Â§185-187 StGB). Help the user decide whether given posts fall within in the scope of these articles.""}, {""role"": ""user"", ""content"": ""Is the following post criminally relevant with respect to Â§Â§185-187 StGB (Defamatory Offense)? Answer only with 'True' (criminally relevant according to Â§Â§185-187 StGB) or 'False' (not criminally relevant according to Â§Â§185-187 StGB).""}, {""role"": ""user"", ""content"": ""So tickt das Rote Nazipack vom Bischofsweg. \r\n\r\nhttp://dapemasblog.blogspot.de/2015/02/wer-ist-eigentlich-dresden-nazifrei.html?m=1""}]"
1107834389254983,Diese elenden Linksfaschisten .,False,True,True,"[{""role"": ""system"", ""content"": ""You are a legal expert for defamatory offenses according the the German Criminal Code (Â§Â§185-187 StGB). Help the user decide whether given posts fall within in the scope of these articles.""}, {""role"": ""user"", ""content"": ""Is the following post criminally relevant with respect to Â§Â§185-187 StGB (Defamatory Offense)? Answer only with 'True' (criminally relevant according to Â§Â§185-187 StGB) or 'False' (not criminally relevant according to Â§Â§185-187 StGB).""}, {""role"": ""user"", ""content"": ""Diese elenden Linksfaschisten .""}]"
856800171025074,"Das muss man sich einmal vorstellen. Zuerst in den Bauch gestochen und dann lebendig verbrannt.
Ist das die tolle Kulturbereicherung die wir beinahe täglich erleben müssen?",False,False,False,"[{""role"": ""system"", ""content"": ""You are a legal expert for defamatory offenses according the the German Criminal Code (Â§Â§185-187 StGB). Help the user decide whether given posts fall within in the scope of these articles.""}, {""role"": ""user"", ""content"": ""Is the following post criminally relevant with respect to Â§Â§185-187 StGB (Defamatory Offense)? Answer only with 'True' (criminally relevant according to Â§Â§185-187 StGB) or 'False' (not criminally relevant according to Â§Â§185-187 StGB).""}, {""role"": ""user"", ""content"": ""Das muss man sich einmal vorstellen. Zuerst in den Bauch gestochen und dann lebendig verbrannt.\r\nIst das die tolle Kulturbereicherung die wir beinahe täglich erleben müssen?""}]"
1152512941453794,"Arbeit ist Arbeit und privat ist privat. Muss man dem AG die Meinung sagen? Nein. Politik hat auf Arbeit nix zu suchen zumindest hier in der Bananenrepublik. Klappe halten und gut. Noch ist die Zeit der links faschistischen Ideologie. Wenn dann irgendwann der gesunde Menschenverstand wieder einsetzt, sieht es anders aus. Solange andere Meinungen ans wesentliche, nämlich Geldverdienen geht, solange wird es eine Bananenrepublik Deutschland (BRD) sein.",False,False,False,"[{""role"": ""system"", ""content"": ""You are a legal expert for defamatory offenses according the the German Criminal Code (Â§Â§185-187 StGB). Help the user decide whether given posts fall within in the scope of these articles.""}, {""role"": ""user"", ""content"": ""Is the following post criminally relevant with respect to Â§Â§185-187 StGB (Defamatory Offense)? Answer only with 'True' (criminally relevant according to Â§Â§185-187 StGB) or 'False' (not criminally relevant according to Â§Â§185-187 StGB).""}, {""role"": ""user"", ""content"": ""Arbeit ist Arbeit und privat ist privat. Muss man dem AG die Meinung sagen? Nein. Politik hat auf Arbeit nix zu suchen zumindest hier in der Bananenrepublik. Klappe halten und gut. Noch ist die Zeit der links faschistischen Ideologie. Wenn dann irgendwann der gesunde Menschenverstand wieder einsetzt, sieht es anders aus. Solange andere Meinungen ans wesentliche, nämlich Geldverdienen geht, solange wird es eine Bananenrepublik Deutschland (BRD) sein.""}]"
1363,"Strunzdumme Nazifotze, du gehörst vergewaltigt und mit Corona infiziert, damit du Haufen Scheisse krepierst",True,True,True,"[{""role"": ""system"", ""content"": ""You are a legal expert for defamatory offenses according the the German Criminal Code (Â§Â§185-187 StGB). Help the user decide whether given posts fall within in the scope of these articles.""}, {""role"": ""user"", ""content"": ""Is the following post criminally relevant with respect to Â§Â§185-187 StGB (Defamatory Offense)? Answer only with 'True' (criminally relevant according to Â§Â§185-187 StGB) or 'False' (not criminally relevant according to Â§Â§185-187 StGB).""}, {""role"": ""user"", ""content"": ""Strunzdumme Nazifotze, du gehörst vergewaltigt und mit Corona infiziert, damit du Haufen Scheisse krepierst""}]"
1338,Hat ein Neger das Recht soetwas zu sagen ..also bitte wo sind wir denn gelandet..,True,True,True,"[{""role"": ""system"", ""content"": ""You are a legal expert for defamatory offenses according the the German Criminal Code (Â§Â§185-187 StGB). Help the user decide whether given posts fall within in the scope of these articles.""}, {""role"": ""user"", ""content"": ""Is the following post criminally relevant with respect to Â§Â§185-187 StGB (Defamatory Offense)? Answer only with 'True' (criminally relevant according to Â§Â§185-187 StGB) or 'False' (not criminally relevant according to Â§Â§185-187 StGB).""}, {""role"": ""user"", ""content"": ""Hat ein Neger das Recht soetwas zu sagen ..also bitte wo sind wir denn gelandet..""}]"
856797247692033,"Merkel ist die Mutter der europäischen Probleme mit dem Islam, nur zugeben kann und darf sie es nicht. Merkel muss von der Straße aus abgewählt werden!",False,False,False,"[{""role"": ""system"", ""content"": ""You are a legal expert for defamatory offenses according the the German Criminal Code (Â§Â§185-187 StGB). Help the user decide whether given posts fall within in the scope of these articles.""}, {""role"": ""user"", ""content"": ""Is the following post criminally relevant with respect to Â§Â§185-187 StGB (Defamatory Offense)? Answer only with 'True' (criminally relevant according to Â§Â§185-187 StGB) or 'False' (not criminally relevant according to Â§Â§185-187 StGB).""}, {""role"": ""user"", ""content"": ""Merkel ist die Mutter der europäischen Probleme mit dem Islam, nur zugeben kann und darf sie es nicht. Merkel muss von der Straße aus abgewählt werden!""}]"
1038629589508797,"Es ist doch über Jahrzehnte jeden klar denkenden Bürger bekannt, wie verlogen und heuchlerisch die Politik ist. Dieses ganze System besteht doch nur aus Lug und Betrug. Hinzu kommt noch die Korruption durch Wahl spenden, an dieser ""Musterdemokratie"".",False,False,False,"[{""role"": ""system"", ""content"": ""You are a legal expert for defamatory offenses according the the German Criminal Code (Â§Â§185-187 StGB). Help the user decide whether given posts fall within in the scope of these articles.""}, {""role"": ""user"", ""content"": ""Is the following post criminally relevant with respect to Â§Â§185-187 StGB (Defamatory Offense)? Answer only with 'True' (criminally relevant according to Â§Â§185-187 StGB) or 'False' (not criminally relevant according to Â§Â§185-187 StGB).""}, {""role"": ""user"", ""content"": ""Es ist doch über Jahrzehnte jeden klar denkenden Bürger bekannt, wie verlogen und heuchlerisch die Politik ist. Dieses ganze System besteht doch nur aus Lug und Betrug. Hinzu kommt noch die Korruption durch Wahl spenden, an dieser \""Musterdemokratie\"".""}]"
857820274256397,Nicht gegen Ausländer. Gegen Islamismus und die Zerstörung unserer Kultur. Gegen Ausländer hat keiner was bin ja selbst einer,False,False,False,"[{""role"": ""system"", ""content"": ""You are a legal expert for defamatory offenses according the the German Criminal Code (Â§Â§185-187 StGB). Help the user decide whether given posts fall within in the scope of these articles.""}, {""role"": ""user"", ""content"": ""Is the following post criminally relevant with respect to Â§Â§185-187 StGB (Defamatory Offense)? Answer only with 'True' (criminally relevant according to Â§Â§185-187 StGB) or 'False' (not criminally relevant according to Â§Â§185-187 StGB).""}, {""role"": ""user"", ""content"": ""Nicht gegen Ausländer. Gegen Islamismus und die Zerstörung unserer Kultur. Gegen Ausländer hat keiner was bin ja selbst einer""}]"
1152503618121393,"Wer mehr über schwere Amtsdelikte von CDU Politikern erfahren möchte, die die Lügenpresse verschweigt, liest den Blog Beamtenkriminalitaet!",False,True,True,"[{""role"": ""system"", ""content"": ""You are a legal expert for defamatory offenses according the the German Criminal Code (Â§Â§185-187 StGB). Help the user decide whether given posts fall within in the scope of these articles.""}, {""role"": ""user"", ""content"": ""Is the following post criminally relevant with respect to Â§Â§185-187 StGB (Defamatory Offense)? Answer only with 'True' (criminally relevant according to Â§Â§185-187 StGB) or 'False' (not criminally relevant according to Â§Â§185-187 StGB).""}, {""role"": ""user"", ""content"": ""Wer mehr über schwere Amtsdelikte von CDU Politikern erfahren möchte, die die Lügenpresse verschweigt, liest den Blog Beamtenkriminalitaet!""}]"
962177223820701,"http://www.t-online.de/wirtschaft/immobilien/id_74982924/knappheit-bei-fluechtlingsunterkuenften-lockt-geschaeftemacher-an.html   NUN WISSEN ALLE, WARUM HERR SCHWEIGER INS LUKRATIVE GESCHÄFT MIT EINSTEIGEN WILL! ! ! DA GEHT ES NICHT UM NÄCHSTENLIEBE, SONDERN UMS KNALL HARTE GESCHÄFT! ! ! ! ! UND WER EINMAL AN DER DICKEN KOHLE GEROCHEN HAT, DER WILL IMMER MEHR! ! ! !  DER ALLTAG BEWEIST ES UNS  IMMER WIEDER! ! ! !  TJA, HERR SCHWEIGER - DUMM GELAUFEN -AUFGEFLOGEN ??????????????????",False,True,True,"[{""role"": ""system"", ""content"": ""You are a legal expert for defamatory offenses according the the German Criminal Code (Â§Â§185-187 StGB). Help the user decide whether given posts fall within in the scope of these articles.""}, {""role"": ""user"", ""content"": ""Is the following post criminally relevant with respect to Â§Â§185-187 StGB (Defamatory Offense)? Answer only with 'True' (criminally relevant according to Â§Â§185-187 StGB) or 'False' (not criminally relevant according to Â§Â§185-187 StGB).""}, {""role"": ""user"", ""content"": ""http://www.t-online.de/wirtschaft/immobilien/id_74982924/knappheit-bei-fluechtlingsunterkuenften-lockt-geschaeftemacher-an.html   NUN WISSEN ALLE, WARUM HERR SCHWEIGER INS LUKRATIVE GESCHÄFT MIT EINSTEIGEN WILL! ! ! DA GEHT ES NICHT UM NÄCHSTENLIEBE, SONDERN UMS KNALL HARTE GESCHÄFT! ! ! ! ! UND WER EINMAL AN DER DICKEN KOHLE GEROCHEN HAT, DER WILL IMMER MEHR! ! ! !  DER ALLTAG BEWEIST ES UNS  IMMER WIEDER! ! ! !  TJA, HERR SCHWEIGER - DUMM GELAUFEN -AUFGEFLOGEN ??????????????????""}]"
213,"@HenHoffgaard @mboe0407 Da die Kirche jeher den Herrschenden in den Arsch gekrochen ist, inkl. Hitler, wundert es mich nicht 😜",False,False,False,"[{""role"": ""system"", ""content"": ""You are a legal expert for defamatory offenses according the the German Criminal Code (Â§Â§185-187 StGB). Help the user decide whether given posts fall within in the scope of these articles.""}, {""role"": ""user"", ""content"": ""Is the following post criminally relevant with respect to Â§Â§185-187 StGB (Defamatory Offense)? Answer only with 'True' (criminally relevant according to Â§Â§185-187 StGB) or 'False' (not criminally relevant according to Â§Â§185-187 StGB).""}, {""role"": ""user"", ""content"": ""@HenHoffgaard @mboe0407 Da die Kirche jeher den Herrschenden in den Arsch gekrochen ist, inkl. Hitler, wundert es mich nicht 😜""}]"
1120486704656418,Aber nach einem Wahlsieg der AFD kommen diese Scharlatane dann zu Kreuze gekrochen,False,True,True,"[{""role"": ""system"", ""content"": ""You are a legal expert for defamatory offenses according the the German Criminal Code (Â§Â§185-187 StGB). Help the user decide whether given posts fall within in the scope of these articles.""}, {""role"": ""user"", ""content"": ""Is the following post criminally relevant with respect to Â§Â§185-187 StGB (Defamatory Offense)? Answer only with 'True' (criminally relevant according to Â§Â§185-187 StGB) or 'False' (not criminally relevant according to Â§Â§185-187 StGB).""}, {""role"": ""user"", ""content"": ""Aber nach einem Wahlsieg der AFD kommen diese Scharlatane dann zu Kreuze gekrochen""}]"
1035160156522407,"Andreas Wegner ich habe schon viel über das Dummvolk geschrieben , es wundert mich immer wieder aufs neue wie pervers  krank einige Menschen in diesem Land sind. Nur so ist es auch zu erklären das Merkel und Co  weiter vorerst walten können wie sie wollen.Ich hoffe das die Verbrechen in Köln manche oder besser viele zum nachdenken bringen. In diesem Sinne Pegida ist das einzigste was zur Zeit offen darlegt das vieles schief läuft in Deutschland.",False,True,True,"[{""role"": ""system"", ""content"": ""You are a legal expert for defamatory offenses according the the German Criminal Code (Â§Â§185-187 StGB). Help the user decide whether given posts fall within in the scope of these articles.""}, {""role"": ""user"", ""content"": ""Is the following post criminally relevant with respect to Â§Â§185-187 StGB (Defamatory Offense)? Answer only with 'True' (criminally relevant according to Â§Â§185-187 StGB) or 'False' (not criminally relevant according to Â§Â§185-187 StGB).""}, {""role"": ""user"", ""content"": ""Andreas Wegner ich habe schon viel über das Dummvolk geschrieben , es wundert mich immer wieder aufs neue wie pervers  krank einige Menschen in diesem Land sind. Nur so ist es auch zu erklären das Merkel und Co  weiter vorerst walten können wie sie wollen.Ich hoffe das die Verbrechen in Köln manche oder besser viele zum nachdenken bringen. In diesem Sinne Pegida ist das einzigste was zur Zeit offen darlegt das vieles schief läuft in Deutschland.""}]"
982791521759271,"Und eins kann ich dir sagen du Vollidiot,ich hab mehr ahnung ,als du es dir vorstellen kannst,ja wahrscheinlich sogar mehr als du!!",True,True,True,"[{""role"": ""system"", ""content"": ""You are a legal expert for defamatory offenses according the the German Criminal Code (Â§Â§185-187 StGB). Help the user decide whether given posts fall within in the scope of these articles.""}, {""role"": ""user"", ""content"": ""Is the following post criminally relevant with respect to Â§Â§185-187 StGB (Defamatory Offense)? Answer only with 'True' (criminally relevant according to Â§Â§185-187 StGB) or 'False' (not criminally relevant according to Â§Â§185-187 StGB).""}, {""role"": ""user"", ""content"": ""Und eins kann ich dir sagen du Vollidiot,ich hab mehr ahnung ,als du es dir vorstellen kannst,ja wahrscheinlich sogar mehr als du!!""}]"
606,"@China_Welt_News Die bayerische Labertrumpe ist wieder am Werk! Wenn Merkel sich räuspert, ist wieder Ruhe im Duckmäuser-Staat!",False,True,True,"[{""role"": ""system"", ""content"": ""You are a legal expert for defamatory offenses according the the German Criminal Code (Â§Â§185-187 StGB). Help the user decide whether given posts fall within in the scope of these articles.""}, {""role"": ""user"", ""content"": ""Is the following post criminally relevant with respect to Â§Â§185-187 StGB (Defamatory Offense)? Answer only with 'True' (criminally relevant according to Â§Â§185-187 StGB) or 'False' (not criminally relevant according to Â§Â§185-187 StGB).""}, {""role"": ""user"", ""content"": ""@China_Welt_News Die bayerische Labertrumpe ist wieder am Werk! Wenn Merkel sich räuspert, ist wieder Ruhe im Duckmäuser-Staat!""}]"
1095963590442063,Überrollt  das Pack,False,True,True,"[{""role"": ""system"", ""content"": ""You are a legal expert for defamatory offenses according the the German Criminal Code (Â§Â§185-187 StGB). Help the user decide whether given posts fall within in the scope of these articles.""}, {""role"": ""user"", ""content"": ""Is the following post criminally relevant with respect to Â§Â§185-187 StGB (Defamatory Offense)? Answer only with 'True' (criminally relevant according to Â§Â§185-187 StGB) or 'False' (not criminally relevant according to Â§Â§185-187 StGB).""}, {""role"": ""user"", ""content"": ""Überrollt  das Pack""}]"
580,Georg Restle treibt immer noch sein Unwesen gespickt mit Hetze u Fake News gegen die AFD in d ARD dieser Schweinejournalist gehört entsorgt,False,True,True,"[{""role"": ""system"", ""content"": ""You are a legal expert for defamatory offenses according the the German Criminal Code (Â§Â§185-187 StGB). Help the user decide whether given posts fall within in the scope of these articles.""}, {""role"": ""user"", ""content"": ""Is the following post criminally relevant with respect to Â§Â§185-187 StGB (Defamatory Offense)? Answer only with 'True' (criminally relevant according to Â§Â§185-187 StGB) or 'False' (not criminally relevant according to Â§Â§185-187 StGB).""}, {""role"": ""user"", ""content"": ""Georg Restle treibt immer noch sein Unwesen gespickt mit Hetze u Fake News gegen die AFD in d ARD dieser Schweinejournalist gehört entsorgt""}]"
1065243486847407,"Aha, jetzt keine Geldbörsen mehr, jetzt rennt jeder mit ein teuren Gegenstand draussen rum und verliert es damit ein ziegenverwöhner dieses findet :-D :-D :-D",False,True,True,"[{""role"": ""system"", ""content"": ""You are a legal expert for defamatory offenses according the the German Criminal Code (Â§Â§185-187 StGB). Help the user decide whether given posts fall within in the scope of these articles.""}, {""role"": ""user"", ""content"": ""Is the following post criminally relevant with respect to Â§Â§185-187 StGB (Defamatory Offense)? Answer only with 'True' (criminally relevant according to Â§Â§185-187 StGB) or 'False' (not criminally relevant according to Â§Â§185-187 StGB).""}, {""role"": ""user"", ""content"": ""Aha, jetzt keine Geldbörsen mehr, jetzt rennt jeder mit ein teuren Gegenstand draussen rum und verliert es damit ein ziegenverwöhner dieses findet :-D :-D :-D""}]"
1292,.@unvcted so zuerst dich und deinen freund behindert gefickt und jetzt sie auch noch ich küss dochn euer herz aber von euch wird jetzt kommen den kindergarten  gebe ich mir nicht mimimi https://t.co/LlPceqnqx2,True,True,True,"[{""role"": ""system"", ""content"": ""You are a legal expert for defamatory offenses according the the German Criminal Code (Â§Â§185-187 StGB). Help the user decide whether given posts fall within in the scope of these articles.""}, {""role"": ""user"", ""content"": ""Is the following post criminally relevant with respect to Â§Â§185-187 StGB (Defamatory Offense)? Answer only with 'True' (criminally relevant according to Â§Â§185-187 StGB) or 'False' (not criminally relevant according to Â§Â§185-187 StGB).""}, {""role"": ""user"", ""content"": "".@unvcted so zuerst dich und deinen freund behindert gefickt und jetzt sie auch noch ich küss dochn euer herz aber von euch wird jetzt kommen den kindergarten  gebe ich mir nicht mimimi https://t.co/LlPceqnqx2""}]"
855705914467833,"Vollkommen richtig! Aber ich glaube, die sind zu blöd und zu verhasst, um das verstehen zu wollen.",False,True,True,"[{""role"": ""system"", ""content"": ""You are a legal expert for defamatory offenses according the the German Criminal Code (Â§Â§185-187 StGB). Help the user decide whether given posts fall within in the scope of these articles.""}, {""role"": ""user"", ""content"": ""Is the following post criminally relevant with respect to Â§Â§185-187 StGB (Defamatory Offense)? Answer only with 'True' (criminally relevant according to Â§Â§185-187 StGB) or 'False' (not criminally relevant according to Â§Â§185-187 StGB).""}, {""role"": ""user"", ""content"": ""Vollkommen richtig! Aber ich glaube, die sind zu blöd und zu verhasst, um das verstehen zu wollen.""}]"
945879122117178,"Wenn mich einer von den Bastarden auch nur noch ein einziges Mal bedrängt, dann trete ich ihn so zwischen die Beine, dass er nicht mehr überlegen muss, ob er nun Rechts- oder Linksträger ist. Er wird dann eher Ähnlichkeit mit einem Hamsterpo haben",False,True,True,"[{""role"": ""system"", ""content"": ""You are a legal expert for defamatory offenses according the the German Criminal Code (Â§Â§185-187 StGB). Help the user decide whether given posts fall within in the scope of these articles.""}, {""role"": ""user"", ""content"": ""Is the following post criminally relevant with respect to Â§Â§185-187 StGB (Defamatory Offense)? Answer only with 'True' (criminally relevant according to Â§Â§185-187 StGB) or 'False' (not criminally relevant according to Â§Â§185-187 StGB).""}, {""role"": ""user"", ""content"": ""Wenn mich einer von den Bastarden auch nur noch ein einziges Mal bedrängt, dann trete ich ihn so zwischen die Beine, dass er nicht mehr überlegen muss, ob er nun Rechts- oder Linksträger ist. Er wird dann eher Ähnlichkeit mit einem Hamsterpo haben""}]"
895436763828081,"Der Herr Todenhöfer meint das so! Ich hab den mal gesehen bei einem Interview mit einem fetten deutschen Versager-IS-Typen. Herr Todenöfer konnte seine Bewunderung kaum verbergen, im Ernst ich dachte der macht sich gleich in die Hose vor unterdrückter Begeisterung.",True,True,True,"[{""role"": ""system"", ""content"": ""You are a legal expert for defamatory offenses according the the German Criminal Code (Â§Â§185-187 StGB). Help the user decide whether given posts fall within in the scope of these articles.""}, {""role"": ""user"", ""content"": ""Is the following post criminally relevant with respect to Â§Â§185-187 StGB (Defamatory Offense)? Answer only with 'True' (criminally relevant according to Â§Â§185-187 StGB) or 'False' (not criminally relevant according to Â§Â§185-187 StGB).""}, {""role"": ""user"", ""content"": ""Der Herr Todenhöfer meint das so! Ich hab den mal gesehen bei einem Interview mit einem fetten deutschen Versager-IS-Typen. Herr Todenöfer konnte seine Bewunderung kaum verbergen, im Ernst ich dachte der macht sich gleich in die Hose vor unterdrückter Begeisterung.""}]"
857593464279078,Wieder einer der sein Gesicht nicht zeigt ! Feigling !!!!!!!!!,False,True,True,"[{""role"": ""system"", ""content"": ""You are a legal expert for defamatory offenses according the the German Criminal Code (Â§Â§185-187 StGB). Help the user decide whether given posts fall within in the scope of these articles.""}, {""role"": ""user"", ""content"": ""Is the following post criminally relevant with respect to Â§Â§185-187 StGB (Defamatory Offense)? Answer only with 'True' (criminally relevant according to Â§Â§185-187 StGB) or 'False' (not criminally relevant according to Â§Â§185-187 StGB).""}, {""role"": ""user"", ""content"": ""Wieder einer der sein Gesicht nicht zeigt ! Feigling !!!!!!!!!""}]"
1065349886836767,"Die haben sogar nach Deutschland gefunden,
finden hier sogar Brieftaschen, Geldbörsen und
Handys in fremden Taschen!
Steht leider nicht so oft in der Zeitung!!!",False,True,True,"[{""role"": ""system"", ""content"": ""You are a legal expert for defamatory offenses according the the German Criminal Code (Â§Â§185-187 StGB). Help the user decide whether given posts fall within in the scope of these articles.""}, {""role"": ""user"", ""content"": ""Is the following post criminally relevant with respect to Â§Â§185-187 StGB (Defamatory Offense)? Answer only with 'True' (criminally relevant according to Â§Â§185-187 StGB) or 'False' (not criminally relevant according to Â§Â§185-187 StGB).""}, {""role"": ""user"", ""content"": ""Die haben sogar nach Deutschland gefunden,\r\nfinden hier sogar Brieftaschen, Geldbörsen und\r\nHandys in fremden Taschen!\r\nSteht leider nicht so oft in der Zeitung!!!""}]"
856804444357980,"Mudy FA. Schau dir mal die Zuwachszahlen an. Der Islam rekrutiert nur die Dummen, die Schwachen und die Gescheiterten. Für einen denkenden Menschen bringt der Islam nur Nachteile.
Dass der Islam das selbständige Denken unterdrückt siehst du an dieser Tatsache: Jeder der sich vom Islam abwendet muss mit seinem Todesurteil rechnen.
Wo kann man dich einordnen?
Bei den Dummen?
Bei den Schwachen?
Bei den gescheiterten Existenzen?",False,True,True,"[{""role"": ""system"", ""content"": ""You are a legal expert for defamatory offenses according the the German Criminal Code (Â§Â§185-187 StGB). Help the user decide whether given posts fall within in the scope of these articles.""}, {""role"": ""user"", ""content"": ""Is the following post criminally relevant with respect to Â§Â§185-187 StGB (Defamatory Offense)? Answer only with 'True' (criminally relevant according to Â§Â§185-187 StGB) or 'False' (not criminally relevant according to Â§Â§185-187 StGB).""}, {""role"": ""user"", ""content"": ""Mudy FA. Schau dir mal die Zuwachszahlen an. Der Islam rekrutiert nur die Dummen, die Schwachen und die Gescheiterten. Für einen denkenden Menschen bringt der Islam nur Nachteile.\r\nDass der Islam das selbständige Denken unterdrückt siehst du an dieser Tatsache: Jeder der sich vom Islam abwendet muss mit seinem Todesurteil rechnen.\r\nWo kann man dich einordnen?\r\nBei den Dummen?\r\nBei den Schwachen?\r\nBei den gescheiterten Existenzen?""}]"
502,@sabine_m_b Hast ja Recht. Erdogan und Merkel gehen mir beide mit ihrer Selbstherrlichkeit am Arsch vorbei. Egomanen sind beide,False,True,True,"[{""role"": ""system"", ""content"": ""You are a legal expert for defamatory offenses according the the German Criminal Code (Â§Â§185-187 StGB). Help the user decide whether given posts fall within in the scope of these articles.""}, {""role"": ""user"", ""content"": ""Is the following post criminally relevant with respect to Â§Â§185-187 StGB (Defamatory Offense)? Answer only with 'True' (criminally relevant according to Â§Â§185-187 StGB) or 'False' (not criminally relevant according to Â§Â§185-187 StGB).""}, {""role"": ""user"", ""content"": ""@sabine_m_b Hast ja Recht. Erdogan und Merkel gehen mir beide mit ihrer Selbstherrlichkeit am Arsch vorbei. Egomanen sind beide""}]"
1010184269019996,"Christine Spielmann ...wenn ich andere Kulturen ansehen will, fahre ich da hin. Und da ich dort nicht hin will und nicht hinfahre ist eines klar. ICH WILL DEREN KULTUREN NICHT KENNENLERNEN. Warum versucht dieser Staat mir genau DAS aufzuzwingen???",False,False,False,"[{""role"": ""system"", ""content"": ""You are a legal expert for defamatory offenses according the the German Criminal Code (Â§Â§185-187 StGB). Help the user decide whether given posts fall within in the scope of these articles.""}, {""role"": ""user"", ""content"": ""Is the following post criminally relevant with respect to Â§Â§185-187 StGB (Defamatory Offense)? Answer only with 'True' (criminally relevant according to Â§Â§185-187 StGB) or 'False' (not criminally relevant according to Â§Â§185-187 StGB).""}, {""role"": ""user"", ""content"": ""Christine Spielmann ...wenn ich andere Kulturen ansehen will, fahre ich da hin. Und da ich dort nicht hin will und nicht hinfahre ist eines klar. ICH WILL DEREN KULTUREN NICHT KENNENLERNEN. Warum versucht dieser Staat mir genau DAS aufzuzwingen???""}]"
631,"Ihr Austro-Türken seid doch gar nicht bereit, Euch anzupassen. |LBR| So wie im 17. Jahrhundert müssen wir Euch davonjagen. Es wird Zeit.",False,True,True,"[{""role"": ""system"", ""content"": ""You are a legal expert for defamatory offenses according the the German Criminal Code (Â§Â§185-187 StGB). Help the user decide whether given posts fall within in the scope of these articles.""}, {""role"": ""user"", ""content"": ""Is the following post criminally relevant with respect to Â§Â§185-187 StGB (Defamatory Offense)? Answer only with 'True' (criminally relevant according to Â§Â§185-187 StGB) or 'False' (not criminally relevant according to Â§Â§185-187 StGB).""}, {""role"": ""user"", ""content"": ""Ihr Austro-Türken seid doch gar nicht bereit, Euch anzupassen. |LBR| So wie im 17. Jahrhundert müssen wir Euch davonjagen. Es wird Zeit.""}]"
894873130551111,"Todenhöfer betreibt Lügenpresse. Er verlangt von Deutschen Toleranz gegenüber dem Islam, wenn man ihm aber auf die Pinnwand schreibt und seine Lügen faktisch korrigiert, dann wird man gesperrt und der Post gelöscht. Den Typen kann man vergessen, der will nur seine Bücher unter Ausländern und Gutmenschen verteilen.",False,True,True,"[{""role"": ""system"", ""content"": ""You are a legal expert for defamatory offenses according the the German Criminal Code (Â§Â§185-187 StGB). Help the user decide whether given posts fall within in the scope of these articles.""}, {""role"": ""user"", ""content"": ""Is the following post criminally relevant with respect to Â§Â§185-187 StGB (Defamatory Offense)? Answer only with 'True' (criminally relevant according to Â§Â§185-187 StGB) or 'False' (not criminally relevant according to Â§Â§185-187 StGB).""}, {""role"": ""user"", ""content"": ""Todenhöfer betreibt Lügenpresse. Er verlangt von Deutschen Toleranz gegenüber dem Islam, wenn man ihm aber auf die Pinnwand schreibt und seine Lügen faktisch korrigiert, dann wird man gesperrt und der Post gelöscht. Den Typen kann man vergessen, der will nur seine Bücher unter Ausländern und Gutmenschen verteilen.""}]"
857399534298471,"dieser Spinner Grönemeyer der das zur WErbung für seine CD genutzt hat ist ja mehr als peinlich. Wer hat das Land aufgebaut? 
Der gibt sich als Bochumer ist da weder geboren noch lebt er da, nuschelt vor sich hin und GEschichte scheint auch nicht sein Fall zu sein. Mathematik wohl eher weil dass man in England weniger STeuern zahlt hat er kapiert. Der soll mal im Pott leben dann sieht er was da mit Türken los ist. Soll erst einmal hier STeuern zahlen. Wer seine Musik kauft unterstützt das noch. Sollen das doch die Islamisten tun.",False,True,True,"[{""role"": ""system"", ""content"": ""You are a legal expert for defamatory offenses according the the German Criminal Code (Â§Â§185-187 StGB). Help the user decide whether given posts fall within in the scope of these articles.""}, {""role"": ""user"", ""content"": ""Is the following post criminally relevant with respect to Â§Â§185-187 StGB (Defamatory Offense)? Answer only with 'True' (criminally relevant according to Â§Â§185-187 StGB) or 'False' (not criminally relevant according to Â§Â§185-187 StGB).""}, {""role"": ""user"", ""content"": ""dieser Spinner Grönemeyer der das zur WErbung für seine CD genutzt hat ist ja mehr als peinlich. Wer hat das Land aufgebaut? \r\nDer gibt sich als Bochumer ist da weder geboren noch lebt er da, nuschelt vor sich hin und GEschichte scheint auch nicht sein Fall zu sein. Mathematik wohl eher weil dass man in England weniger STeuern zahlt hat er kapiert. Der soll mal im Pott leben dann sieht er was da mit Türken los ist. Soll erst einmal hier STeuern zahlen. Wer seine Musik kauft unterstützt das noch. Sollen das doch die Islamisten tun.""}]"
927,@LieschenMutzel1 Das deutsche Volk wird unaufhörlich belogen! |LBR| Merkel muss weg!! |LBR| Es gibt keinen deutschen Kanzler in der Vergangenheit der so gelogen hat!,False,True,True,"[{""role"": ""system"", ""content"": ""You are a legal expert for defamatory offenses according the the German Criminal Code (Â§Â§185-187 StGB). Help the user decide whether given posts fall within in the scope of these articles.""}, {""role"": ""user"", ""content"": ""Is the following post criminally relevant with respect to Â§Â§185-187 StGB (Defamatory Offense)? Answer only with 'True' (criminally relevant according to Â§Â§185-187 StGB) or 'False' (not criminally relevant according to Â§Â§185-187 StGB).""}, {""role"": ""user"", ""content"": ""@LieschenMutzel1 Das deutsche Volk wird unaufhörlich belogen! |LBR| Merkel muss weg!! |LBR| Es gibt keinen deutschen Kanzler in der Vergangenheit der so gelogen hat!""}]"
857237737647984,"Danke Laurenz, aber den Unterschied hab ich schon lange begriffen.
Islamisten sind die Extremisten/Fundamentalisten, entstanden aus der islamischen Religion.
Und gegen die - und wirklich NUR gegen DIE - hab ich wirklich etwas.
Noch Fragen?",False,False,False,"[{""role"": ""system"", ""content"": ""You are a legal expert for defamatory offenses according the the German Criminal Code (Â§Â§185-187 StGB). Help the user decide whether given posts fall within in the scope of these articles.""}, {""role"": ""user"", ""content"": ""Is the following post criminally relevant with respect to Â§Â§185-187 StGB (Defamatory Offense)? Answer only with 'True' (criminally relevant according to Â§Â§185-187 StGB) or 'False' (not criminally relevant according to Â§Â§185-187 StGB).""}, {""role"": ""user"", ""content"": ""Danke Laurenz, aber den Unterschied hab ich schon lange begriffen.\r\nIslamisten sind die Extremisten/Fundamentalisten, entstanden aus der islamischen Religion.\r\nUnd gegen die - und wirklich NUR gegen DIE - hab ich wirklich etwas.\r\nNoch Fragen?""}]"
856752467696511,"17. PEGIDA ist GEGEN dieses wahnwitzige ""Gender Mainstreaming"", auch oft ""Genderisierung"" genannt, die nahezu schon zwanghafte, politisch korrekte Geschlechtsneutralisierung unserer Sprache!   wiso dann  Mitbürger/innen?",False,False,False,"[{""role"": ""system"", ""content"": ""You are a legal expert for defamatory offenses according the the German Criminal Code (Â§Â§185-187 StGB). Help the user decide whether given posts fall within in the scope of these articles.""}, {""role"": ""user"", ""content"": ""Is the following post criminally relevant with respect to Â§Â§185-187 StGB (Defamatory Offense)? Answer only with 'True' (criminally relevant according to Â§Â§185-187 StGB) or 'False' (not criminally relevant according to Â§Â§185-187 StGB).""}, {""role"": ""user"", ""content"": ""17. PEGIDA ist GEGEN dieses wahnwitzige \""Gender Mainstreaming\"", auch oft \""Genderisierung\"" genannt, die nahezu schon zwanghafte, politisch korrekte Geschlechtsneutralisierung unserer Sprache!   wiso dann  Mitbürger/innen?""}]"
994290803942676,"Und kann gleich ihre ""Fachkräfte"" mitnehmen.",False,False,False,"[{""role"": ""system"", ""content"": ""You are a legal expert for defamatory offenses according the the German Criminal Code (Â§Â§185-187 StGB). Help the user decide whether given posts fall within in the scope of these articles.""}, {""role"": ""user"", ""content"": ""Is the following post criminally relevant with respect to Â§Â§185-187 StGB (Defamatory Offense)? Answer only with 'True' (criminally relevant according to Â§Â§185-187 StGB) or 'False' (not criminally relevant according to Â§Â§185-187 StGB).""}, {""role"": ""user"", ""content"": ""Und kann gleich ihre \""Fachkräfte\"" mitnehmen.""}]"
1094635293908226,"Gute Idee die ""kulturellen Bereicherungen"" zumindestens für einen Abend mal vom Bahnhofsvorplatz zu fegen! (y)",False,True,True,"[{""role"": ""system"", ""content"": ""You are a legal expert for defamatory offenses according the the German Criminal Code (Â§Â§185-187 StGB). Help the user decide whether given posts fall within in the scope of these articles.""}, {""role"": ""user"", ""content"": ""Is the following post criminally relevant with respect to Â§Â§185-187 StGB (Defamatory Offense)? Answer only with 'True' (criminally relevant according to Â§Â§185-187 StGB) or 'False' (not criminally relevant according to Â§Â§185-187 StGB).""}, {""role"": ""user"", ""content"": ""Gute Idee die \""kulturellen Bereicherungen\"" zumindestens für einen Abend mal vom Bahnhofsvorplatz zu fegen! (y)""}]"
856861211018970,"Ich denke, wir sollten aufgeben. Schlau wäre es, wenn alle gebildeten Menschen, Deutschland und Europa verlassen würden. Übrig bleiben würden, die Antifa, und die kriminellen Zuwanderer. So wie es sich unsere Politiker wünschen. Nur wer zahlt dann die Steuern? Achja, da ist ja noch Pierre Vogel und Sven Lau. ;-)",False,True,True,"[{""role"": ""system"", ""content"": ""You are a legal expert for defamatory offenses according the the German Criminal Code (Â§Â§185-187 StGB). Help the user decide whether given posts fall within in the scope of these articles.""}, {""role"": ""user"", ""content"": ""Is the following post criminally relevant with respect to Â§Â§185-187 StGB (Defamatory Offense)? Answer only with 'True' (criminally relevant according to Â§Â§185-187 StGB) or 'False' (not criminally relevant according to Â§Â§185-187 StGB).""}, {""role"": ""user"", ""content"": ""Ich denke, wir sollten aufgeben. Schlau wäre es, wenn alle gebildeten Menschen, Deutschland und Europa verlassen würden. Übrig bleiben würden, die Antifa, und die kriminellen Zuwanderer. So wie es sich unsere Politiker wünschen. Nur wer zahlt dann die Steuern? Achja, da ist ja noch Pierre Vogel und Sven Lau. ;-)""}]"
1106280639410358,Islamische Ideologen und Hassprediger gehören nicht nach Deutschland. Keine Bühne für deren Menschenverachtung und Rassismus.,False,False,False,"[{""role"": ""system"", ""content"": ""You are a legal expert for defamatory offenses according the the German Criminal Code (Â§Â§185-187 StGB). Help the user decide whether given posts fall within in the scope of these articles.""}, {""role"": ""user"", ""content"": ""Is the following post criminally relevant with respect to Â§Â§185-187 StGB (Defamatory Offense)? Answer only with 'True' (criminally relevant according to Â§Â§185-187 StGB) or 'False' (not criminally relevant according to Â§Â§185-187 StGB).""}, {""role"": ""user"", ""content"": ""Islamische Ideologen und Hassprediger gehören nicht nach Deutschland. Keine Bühne für deren Menschenverachtung und Rassismus.""}]"
1012868692084887,"Der Rasende Roland Aleppo ist eine einzige Stadt. Was ist mit den Tausenden ""Flüchtlingen"" aus anderen syrischen und nordafrikanischen Städten? Alles arme Verfolgte, die um ihr Leben fürchten müssen ? Wenn es nur um Schutz vor Verfolgung geht, können sie doch auch in den Ländern bleiben, in denen sie bereits durchgezogen sind. Aber nein, sie alle wollen einzig und allein nur nach Deutschlend, Deutschland, Deutschland weil sie dort am besten versorgt werden. Mit Asyl hat das doch überhaupt nichts mehr zu tun - eher mit ASYLBETRUG, ob Dir das nun gefällt oder nicht ! Und wenn sich da ein Rasender Roland wünscht, Millionen Kritiker dieser Asylkriese sollten wieder von einem Kriegsverbrecher bombardiert werden, dann halte ich meine Meinung von Links-Grünen Idioten als voll berechtigt !",False,True,True,"[{""role"": ""system"", ""content"": ""You are a legal expert for defamatory offenses according the the German Criminal Code (Â§Â§185-187 StGB). Help the user decide whether given posts fall within in the scope of these articles.""}, {""role"": ""user"", ""content"": ""Is the following post criminally relevant with respect to Â§Â§185-187 StGB (Defamatory Offense)? Answer only with 'True' (criminally relevant according to Â§Â§185-187 StGB) or 'False' (not criminally relevant according to Â§Â§185-187 StGB).""}, {""role"": ""user"", ""content"": ""Der Rasende Roland Aleppo ist eine einzige Stadt. Was ist mit den Tausenden \""Flüchtlingen\"" aus anderen syrischen und nordafrikanischen Städten? Alles arme Verfolgte, die um ihr Leben fürchten müssen ? Wenn es nur um Schutz vor Verfolgung geht, können sie doch auch in den Ländern bleiben, in denen sie bereits durchgezogen sind. Aber nein, sie alle wollen einzig und allein nur nach Deutschlend, Deutschland, Deutschland weil sie dort am besten versorgt werden. Mit Asyl hat das doch überhaupt nichts mehr zu tun - eher mit ASYLBETRUG, ob Dir das nun gefällt oder nicht ! Und wenn sich da ein Rasender Roland wünscht, Millionen Kritiker dieser Asylkriese sollten wieder von einem Kriegsverbrecher bombardiert werden, dann halte ich meine Meinung von Links-Grünen Idioten als voll berechtigt !""}]"
1095968110441611,"zum kotzen,  wären sie lieber auf dem Meer abgesoffen wie die Ratten",False,True,True,"[{""role"": ""system"", ""content"": ""You are a legal expert for defamatory offenses according the the German Criminal Code (Â§Â§185-187 StGB). Help the user decide whether given posts fall within in the scope of these articles.""}, {""role"": ""user"", ""content"": ""Is the following post criminally relevant with respect to Â§Â§185-187 StGB (Defamatory Offense)? Answer only with 'True' (criminally relevant according to Â§Â§185-187 StGB) or 'False' (not criminally relevant according to Â§Â§185-187 StGB).""}, {""role"": ""user"", ""content"": ""zum kotzen,  wären sie lieber auf dem Meer abgesoffen wie die Ratten""}]"
961231213915302,"Habe erst wieder linke Subjekte im Fernsehen gesichtet. Asozial stellen die sich vor die Facharbeiter. Abrasierte ungewaschene,eklige ,wie zu ddr Zeiten rum laufende panks. Widerlich",False,True,True,"[{""role"": ""system"", ""content"": ""You are a legal expert for defamatory offenses according the the German Criminal Code (Â§Â§185-187 StGB). Help the user decide whether given posts fall within in the scope of these articles.""}, {""role"": ""user"", ""content"": ""Is the following post criminally relevant with respect to Â§Â§185-187 StGB (Defamatory Offense)? Answer only with 'True' (criminally relevant according to Â§Â§185-187 StGB) or 'False' (not criminally relevant according to Â§Â§185-187 StGB).""}, {""role"": ""user"", ""content"": ""Habe erst wieder linke Subjekte im Fernsehen gesichtet. Asozial stellen die sich vor die Facharbeiter. Abrasierte ungewaschene,eklige ,wie zu ddr Zeiten rum laufende panks. Widerlich""}]"
856743184364106,"aus Dortmund, HSV Fan und Unterstützer von Pegida? 3x Fail...",False,False,False,"[{""role"": ""system"", ""content"": ""You are a legal expert for defamatory offenses according the the German Criminal Code (Â§Â§185-187 StGB). Help the user decide whether given posts fall within in the scope of these articles.""}, {""role"": ""user"", ""content"": ""Is the following post criminally relevant with respect to Â§Â§185-187 StGB (Defamatory Offense)? Answer only with 'True' (criminally relevant according to Â§Â§185-187 StGB) or 'False' (not criminally relevant according to Â§Â§185-187 StGB).""}, {""role"": ""user"", ""content"": ""aus Dortmund, HSV Fan und Unterstützer von Pegida? 3x Fail...""}]"
858049610900130,"Ja diese tat interessiert euch so sehr weil einer der tãter tûrke ist aber ûber sein deutschen Komplizen verliert keiner ein Wort.es ist schade das euch diese grausame tat nur deswegen so interessiert ob Deutsch oder tûrke kõnnen beide von mir aus in die hõlle fahren.sollingen1993 Rechtsradikale legen Brand in ein Mehrfamilienhaus ,fúnf t?rken sterben jûngstes Opfer drei Jahre alt.der Grund rassenhass!sind jetzt alle deutsche gleich??nein.",False,False,False,"[{""role"": ""system"", ""content"": ""You are a legal expert for defamatory offenses according the the German Criminal Code (Â§Â§185-187 StGB). Help the user decide whether given posts fall within in the scope of these articles.""}, {""role"": ""user"", ""content"": ""Is the following post criminally relevant with respect to Â§Â§185-187 StGB (Defamatory Offense)? Answer only with 'True' (criminally relevant according to Â§Â§185-187 StGB) or 'False' (not criminally relevant according to Â§Â§185-187 StGB).""}, {""role"": ""user"", ""content"": ""Ja diese tat interessiert euch so sehr weil einer der tãter tûrke ist aber ûber sein deutschen Komplizen verliert keiner ein Wort.es ist schade das euch diese grausame tat nur deswegen so interessiert ob Deutsch oder tûrke kõnnen beide von mir aus in die hõlle fahren.sollingen1993 Rechtsradikale legen Brand in ein Mehrfamilienhaus ,fúnf t?rken sterben jûngstes Opfer drei Jahre alt.der Grund rassenhass!sind jetzt alle deutsche gleich??nein.""}]"
856873241017767,"Der heißt Mohammed, ob der auch als Frau 'ne 6 jährige hat????",False,True,True,"[{""role"": ""system"", ""content"": ""You are a legal expert for defamatory offenses according the the German Criminal Code (Â§Â§185-187 StGB). Help the user decide whether given posts fall within in the scope of these articles.""}, {""role"": ""user"", ""content"": ""Is the following post criminally relevant with respect to Â§Â§185-187 StGB (Defamatory Offense)? Answer only with 'True' (criminally relevant according to Â§Â§185-187 StGB) or 'False' (not criminally relevant according to Â§Â§185-187 StGB).""}, {""role"": ""user"", ""content"": ""Der heißt Mohammed, ob der auch als Frau 'ne 6 jährige hat????""}]"
993814560656967,"Merkels völkischer Wahn- die kinderlose Straftäterin betrügt uns bewusst
https://youtu.be/-ZvihZmYfYM",False,True,True,"[{""role"": ""system"", ""content"": ""You are a legal expert for defamatory offenses according the the German Criminal Code (Â§Â§185-187 StGB). Help the user decide whether given posts fall within in the scope of these articles.""}, {""role"": ""user"", ""content"": ""Is the following post criminally relevant with respect to Â§Â§185-187 StGB (Defamatory Offense)? Answer only with 'True' (criminally relevant according to Â§Â§185-187 StGB) or 'False' (not criminally relevant according to Â§Â§185-187 StGB).""}, {""role"": ""user"", ""content"": ""Merkels völkischer Wahn- die kinderlose Straftäterin betrügt uns bewusst\r\nhttps://youtu.be/-ZvihZmYfYM""}]"
1781,"""Dem Wixxer von Söder gehören die Eier abgeschnitten damit sich so ein ekelhaftes Pack nicht mehr vermehren kann.""",True,True,True,"[{""role"": ""system"", ""content"": ""You are a legal expert for defamatory offenses according the the German Criminal Code (Â§Â§185-187 StGB). Help the user decide whether given posts fall within in the scope of these articles.""}, {""role"": ""user"", ""content"": ""Is the following post criminally relevant with respect to Â§Â§185-187 StGB (Defamatory Offense)? Answer only with 'True' (criminally relevant according to Â§Â§185-187 StGB) or 'False' (not criminally relevant according to Â§Â§185-187 StGB).""}, {""role"": ""user"", ""content"": ""\""Dem Wixxer von Söder gehören die Eier abgeschnitten damit sich so ein ekelhaftes Pack nicht mehr vermehren kann.\""""}]"
1096299153741840,Scheiß Pack !!!,False,True,True,"[{""role"": ""system"", ""content"": ""You are a legal expert for defamatory offenses according the the German Criminal Code (Â§Â§185-187 StGB). Help the user decide whether given posts fall within in the scope of these articles.""}, {""role"": ""user"", ""content"": ""Is the following post criminally relevant with respect to Â§Â§185-187 StGB (Defamatory Offense)? Answer only with 'True' (criminally relevant according to Â§Â§185-187 StGB) or 'False' (not criminally relevant according to Â§Â§185-187 StGB).""}, {""role"": ""user"", ""content"": ""Scheiß Pack !!!""}]"
1096020123769743,sind schon mehr als genug von dieser Sorte im Land,False,False,False,"[{""role"": ""system"", ""content"": ""You are a legal expert for defamatory offenses according the the German Criminal Code (Â§Â§185-187 StGB). Help the user decide whether given posts fall within in the scope of these articles.""}, {""role"": ""user"", ""content"": ""Is the following post criminally relevant with respect to Â§Â§185-187 StGB (Defamatory Offense)? Answer only with 'True' (criminally relevant according to Â§Â§185-187 StGB) or 'False' (not criminally relevant according to Â§Â§185-187 StGB).""}, {""role"": ""user"", ""content"": ""sind schon mehr als genug von dieser Sorte im Land""}]"
1152531534785268,Rotfaschismus halt!,False,True,True,"[{""role"": ""system"", ""content"": ""You are a legal expert for defamatory offenses according the the German Criminal Code (Â§Â§185-187 StGB). Help the user decide whether given posts fall within in the scope of these articles.""}, {""role"": ""user"", ""content"": ""Is the following post criminally relevant with respect to Â§Â§185-187 StGB (Defamatory Offense)? Answer only with 'True' (criminally relevant according to Â§Â§185-187 StGB) or 'False' (not criminally relevant according to Â§Â§185-187 StGB).""}, {""role"": ""user"", ""content"": ""Rotfaschismus halt!""}]"
431,@tagesschau Und warum redet dieser Vasall Merkels dann noch!!!!,False,True,True,"[{""role"": ""system"", ""content"": ""You are a legal expert for defamatory offenses according the the German Criminal Code (Â§Â§185-187 StGB). Help the user decide whether given posts fall within in the scope of these articles.""}, {""role"": ""user"", ""content"": ""Is the following post criminally relevant with respect to Â§Â§185-187 StGB (Defamatory Offense)? Answer only with 'True' (criminally relevant according to Â§Â§185-187 StGB) or 'False' (not criminally relevant according to Â§Â§185-187 StGB).""}, {""role"": ""user"", ""content"": ""@tagesschau Und warum redet dieser Vasall Merkels dann noch!!!!""}]"
1038648899506866,"Nun haben wir das Schlamassel, was viele schon vorhergesagt haben und dafür geteert und gefedert worden sind, ist nun eingetreten. Der Cocktail aus Bildungsferne, arabischem Frauenbild, Testosteron, Geringschätzung unserer Kultur, multipliziert mit der Menge alleinreisender Männer hat den Boden für Übergriffe in noch nie dagewesener Form (nach dem 2.WK) bereitet. https://www.fischundfleisch.com/awelledits/muessen-wir-uns-den-zuwanderern-anpassen-14619",False,False,False,"[{""role"": ""system"", ""content"": ""You are a legal expert for defamatory offenses according the the German Criminal Code (Â§Â§185-187 StGB). Help the user decide whether given posts fall within in the scope of these articles.""}, {""role"": ""user"", ""content"": ""Is the following post criminally relevant with respect to Â§Â§185-187 StGB (Defamatory Offense)? Answer only with 'True' (criminally relevant according to Â§Â§185-187 StGB) or 'False' (not criminally relevant according to Â§Â§185-187 StGB).""}, {""role"": ""user"", ""content"": ""Nun haben wir das Schlamassel, was viele schon vorhergesagt haben und dafür geteert und gefedert worden sind, ist nun eingetreten. Der Cocktail aus Bildungsferne, arabischem Frauenbild, Testosteron, Geringschätzung unserer Kultur, multipliziert mit der Menge alleinreisender Männer hat den Boden für Übergriffe in noch nie dagewesener Form (nach dem 2.WK) bereitet. https://www.fischundfleisch.com/awelledits/muessen-wir-uns-den-zuwanderern-anpassen-14619""}]"
894868117218279,"Sind nicht auch Politiker studierte Leute und was verzapfen die für einen Mist? Studiert haben, bedeutet nicht, dass auch die Intelligenz vorhanden ist. Ich kenne Menschen, die haben nicht studiert und sind viel schlauer, als solche, die jahrzehntelang studiert haben.",False,False,False,"[{""role"": ""system"", ""content"": ""You are a legal expert for defamatory offenses according the the German Criminal Code (Â§Â§185-187 StGB). Help the user decide whether given posts fall within in the scope of these articles.""}, {""role"": ""user"", ""content"": ""Is the following post criminally relevant with respect to Â§Â§185-187 StGB (Defamatory Offense)? Answer only with 'True' (criminally relevant according to Â§Â§185-187 StGB) or 'False' (not criminally relevant according to Â§Â§185-187 StGB).""}, {""role"": ""user"", ""content"": ""Sind nicht auch Politiker studierte Leute und was verzapfen die für einen Mist? Studiert haben, bedeutet nicht, dass auch die Intelligenz vorhanden ist. Ich kenne Menschen, die haben nicht studiert und sind viel schlauer, als solche, die jahrzehntelang studiert haben.""}]"
856747294363695,"Man kann nur hoffen das unsere landsleute ob deutscher oder ausländischer mitbürger, endlich erwachen. ...denn merkel und co muss endlich das handwerk gelegt werden! diese machtgierigen menschen die sich vertreter des des volkes nennen....diese menschen muss mit aller macht des volkes ihre macht entzogen werden!!",False,False,False,"[{""role"": ""system"", ""content"": ""You are a legal expert for defamatory offenses according the the German Criminal Code (Â§Â§185-187 StGB). Help the user decide whether given posts fall within in the scope of these articles.""}, {""role"": ""user"", ""content"": ""Is the following post criminally relevant with respect to Â§Â§185-187 StGB (Defamatory Offense)? Answer only with 'True' (criminally relevant according to Â§Â§185-187 StGB) or 'False' (not criminally relevant according to Â§Â§185-187 StGB).""}, {""role"": ""user"", ""content"": ""Man kann nur hoffen das unsere landsleute ob deutscher oder ausländischer mitbürger, endlich erwachen. ...denn merkel und co muss endlich das handwerk gelegt werden! diese machtgierigen menschen die sich vertreter des des volkes nennen....diese menschen muss mit aller macht des volkes ihre macht entzogen werden!!""}]"
1087,@AkifPirincci Hat nix mit dem Islam zu tun!Auf keinen (Einzel)-Fall! Wäre ja wohl zu sehr an den Haaren herbeigezogen!Religion des Friedens und kuschelns!,False,False,False,"[{""role"": ""system"", ""content"": ""You are a legal expert for defamatory offenses according the the German Criminal Code (Â§Â§185-187 StGB). Help the user decide whether given posts fall within in the scope of these articles.""}, {""role"": ""user"", ""content"": ""Is the following post criminally relevant with respect to Â§Â§185-187 StGB (Defamatory Offense)? Answer only with 'True' (criminally relevant according to Â§Â§185-187 StGB) or 'False' (not criminally relevant according to Â§Â§185-187 StGB).""}, {""role"": ""user"", ""content"": ""@AkifPirincci Hat nix mit dem Islam zu tun!Auf keinen (Einzel)-Fall! Wäre ja wohl zu sehr an den Haaren herbeigezogen!Religion des Friedens und kuschelns!""}]"
452,@Sundownsolution @SteinbachErika Dem Kommentar entnehme ich das auch ihre Schaukel als Kind zu nahe an der Wand gestanden hat.,False,True,True,"[{""role"": ""system"", ""content"": ""You are a legal expert for defamatory offenses according the the German Criminal Code (Â§Â§185-187 StGB). Help the user decide whether given posts fall within in the scope of these articles.""}, {""role"": ""user"", ""content"": ""Is the following post criminally relevant with respect to Â§Â§185-187 StGB (Defamatory Offense)? Answer only with 'True' (criminally relevant according to Â§Â§185-187 StGB) or 'False' (not criminally relevant according to Â§Â§185-187 StGB).""}, {""role"": ""user"", ""content"": ""@Sundownsolution @SteinbachErika Dem Kommentar entnehme ich das auch ihre Schaukel als Kind zu nahe an der Wand gestanden hat.""}]"
946595778712179,"Moe Mac 
Nini hat nicht geschrieben, dass alle Ausländer ihr an die Wäsche wollen, sondern den Frauen grundsätzlich. Das können viele genau so bestätigen. Und sorry, auch nur eine Belästigung ist eine zu viel. In einer solchen Diskussion das Aussehen anzugreifen, ist niveaulos. Du siehst nicht so aus, als ob gerade Du Dir ein solches Urteil erlauben dürftest. 
Im Übrigen geht es nicht darum, wer deutsch ist und wer nicht, sondern darum wer uns ""bereichert"", indem wir für ihn und seine Angehörigen zahlen dürfen, wer nie vor hat, sich in unserem Land zu integrieren und anzupassen oder wirtschaftlich produktiv zu werden und dann auch noch Forderungen stellt und die, die für ihn aufkommen, anpöbelt und angreift, verbal und physisch. Schon mal dran gedacht, wie vielen Deutschen das Geld monatlich hinten und vorne nicht reicht, die keine Zuschüsse und Zugeständnisse wie die Flüchtlinge bekommen, die keine Wünsche bezüglich der Krankenleistungen äussern dürfen, etc etc etc.",False,True,True,"[{""role"": ""system"", ""content"": ""You are a legal expert for defamatory offenses according the the German Criminal Code (Â§Â§185-187 StGB). Help the user decide whether given posts fall within in the scope of these articles.""}, {""role"": ""user"", ""content"": ""Is the following post criminally relevant with respect to Â§Â§185-187 StGB (Defamatory Offense)? Answer only with 'True' (criminally relevant according to Â§Â§185-187 StGB) or 'False' (not criminally relevant according to Â§Â§185-187 StGB).""}, {""role"": ""user"", ""content"": ""Moe Mac \r\nNini hat nicht geschrieben, dass alle Ausländer ihr an die Wäsche wollen, sondern den Frauen grundsätzlich. Das können viele genau so bestätigen. Und sorry, auch nur eine Belästigung ist eine zu viel. In einer solchen Diskussion das Aussehen anzugreifen, ist niveaulos. Du siehst nicht so aus, als ob gerade Du Dir ein solches Urteil erlauben dürftest. \r\nIm Übrigen geht es nicht darum, wer deutsch ist und wer nicht, sondern darum wer uns \""bereichert\"", indem wir für ihn und seine Angehörigen zahlen dürfen, wer nie vor hat, sich in unserem Land zu integrieren und anzupassen oder wirtschaftlich produktiv zu werden und dann auch noch Forderungen stellt und die, die für ihn aufkommen, anpöbelt und angreift, verbal und physisch. Schon mal dran gedacht, wie vielen Deutschen das Geld monatlich hinten und vorne nicht reicht, die keine Zuschüsse und Zugeständnisse wie die Flüchtlinge bekommen, die keine Wünsche bezüglich der Krankenleistungen äussern dürfen, etc etc etc.""}]"
721,@RolandTichy @MiriamOzen @HugoMuellerVogg Aus eigentlichen Verlierern wurden Sieger. |LBR| FDP u Grünen hätte niemals passieren dürfen.....die dummen dummen Biodeutschen.,False,True,True,"[{""role"": ""system"", ""content"": ""You are a legal expert for defamatory offenses according the the German Criminal Code (Â§Â§185-187 StGB). Help the user decide whether given posts fall within in the scope of these articles.""}, {""role"": ""user"", ""content"": ""Is the following post criminally relevant with respect to Â§Â§185-187 StGB (Defamatory Offense)? Answer only with 'True' (criminally relevant according to Â§Â§185-187 StGB) or 'False' (not criminally relevant according to Â§Â§185-187 StGB).""}, {""role"": ""user"", ""content"": ""@RolandTichy @MiriamOzen @HugoMuellerVogg Aus eigentlichen Verlierern wurden Sieger. |LBR| FDP u Grünen hätte niemals passieren dürfen.....die dummen dummen Biodeutschen.""}]"
810,MEIN GOTT ! WAS HAT DIE SED-TRULLA MIT HILFE VON LINKEN U-BOOTEN AUS DEUTSCHLAND GEMACHT !?!? DAS DAS DAS DURFTE !!,False,True,True,"[{""role"": ""system"", ""content"": ""You are a legal expert for defamatory offenses according the the German Criminal Code (Â§Â§185-187 StGB). Help the user decide whether given posts fall within in the scope of these articles.""}, {""role"": ""user"", ""content"": ""Is the following post criminally relevant with respect to Â§Â§185-187 StGB (Defamatory Offense)? Answer only with 'True' (criminally relevant according to Â§Â§185-187 StGB) or 'False' (not criminally relevant according to Â§Â§185-187 StGB).""}, {""role"": ""user"", ""content"": ""MEIN GOTT ! WAS HAT DIE SED-TRULLA MIT HILFE VON LINKEN U-BOOTEN AUS DEUTSCHLAND GEMACHT !?!? DAS DAS DAS DURFTE !!""}]"
988,"Wenn Hacker die Bundestagswahl beeinflussen sollen, ist Merkel die Leithäckerin &gt; sie hackt sich den Stuhl unter`m gewaltigen Arsch weg 😂😂😂",False,True,True,"[{""role"": ""system"", ""content"": ""You are a legal expert for defamatory offenses according the the German Criminal Code (Â§Â§185-187 StGB). Help the user decide whether given posts fall within in the scope of these articles.""}, {""role"": ""user"", ""content"": ""Is the following post criminally relevant with respect to Â§Â§185-187 StGB (Defamatory Offense)? Answer only with 'True' (criminally relevant according to Â§Â§185-187 StGB) or 'False' (not criminally relevant according to Â§Â§185-187 StGB).""}, {""role"": ""user"", ""content"": ""Wenn Hacker die Bundestagswahl beeinflussen sollen, ist Merkel die Leithäckerin &gt; sie hackt sich den Stuhl unter`m gewaltigen Arsch weg 😂😂😂""}]"
885904038114687,"Also, wenn ich seh, was Montagabends in Dresden so für Gestalten dem Lachmann hinterhergröhlen, denk ich immer: gut, dass davon keiner an der Macht ist. Nicht nur, dass es da am Verstehen bestimmter Zusammenhänge mangelt, auch die Aggressivität ist zu spüren. Wenn die könnten, wie sie wollten, dann würden sie genau so marodierend durch die Gegend laufen wie Links-Terroristen",False,False,False,"[{""role"": ""system"", ""content"": ""You are a legal expert for defamatory offenses according the the German Criminal Code (Â§Â§185-187 StGB). Help the user decide whether given posts fall within in the scope of these articles.""}, {""role"": ""user"", ""content"": ""Is the following post criminally relevant with respect to Â§Â§185-187 StGB (Defamatory Offense)? Answer only with 'True' (criminally relevant according to Â§Â§185-187 StGB) or 'False' (not criminally relevant according to Â§Â§185-187 StGB).""}, {""role"": ""user"", ""content"": ""Also, wenn ich seh, was Montagabends in Dresden so für Gestalten dem Lachmann hinterhergröhlen, denk ich immer: gut, dass davon keiner an der Macht ist. Nicht nur, dass es da am Verstehen bestimmter Zusammenhänge mangelt, auch die Aggressivität ist zu spüren. Wenn die könnten, wie sie wollten, dann würden sie genau so marodierend durch die Gegend laufen wie Links-Terroristen""}]"
343,"Der Ausnahmezustand ist zum 6x verlängert worden. |LBR| Die Regierung in der Türkei regiert nicht demokratisch, sondern nur durch Notstandsgesetze.",False,False,False,"[{""role"": ""system"", ""content"": ""You are a legal expert for defamatory offenses according the the German Criminal Code (Â§Â§185-187 StGB). Help the user decide whether given posts fall within in the scope of these articles.""}, {""role"": ""user"", ""content"": ""Is the following post criminally relevant with respect to Â§Â§185-187 StGB (Defamatory Offense)? Answer only with 'True' (criminally relevant according to Â§Â§185-187 StGB) or 'False' (not criminally relevant according to Â§Â§185-187 StGB).""}, {""role"": ""user"", ""content"": ""Der Ausnahmezustand ist zum 6x verlängert worden. |LBR| Die Regierung in der Türkei regiert nicht demokratisch, sondern nur durch Notstandsgesetze.""}]"
642,@Einzelfallbearb @georgesoros @de_sputnik Ist eigentlich noch niemand auf die Idee gekommen diesen Soros endgültig zu ......*zensiert*?! 😉👎,True,True,True,"[{""role"": ""system"", ""content"": ""You are a legal expert for defamatory offenses according the the German Criminal Code (Â§Â§185-187 StGB). Help the user decide whether given posts fall within in the scope of these articles.""}, {""role"": ""user"", ""content"": ""Is the following post criminally relevant with respect to Â§Â§185-187 StGB (Defamatory Offense)? Answer only with 'True' (criminally relevant according to Â§Â§185-187 StGB) or 'False' (not criminally relevant according to Â§Â§185-187 StGB).""}, {""role"": ""user"", ""content"": ""@Einzelfallbearb @georgesoros @de_sputnik Ist eigentlich noch niemand auf die Idee gekommen diesen Soros endgültig zu ......*zensiert*?! 😉👎""}]"
594,BRD einfach nur noch peinlich scheiß Zensurstaat,False,False,False,"[{""role"": ""system"", ""content"": ""You are a legal expert for defamatory offenses according the the German Criminal Code (Â§Â§185-187 StGB). Help the user decide whether given posts fall within in the scope of these articles.""}, {""role"": ""user"", ""content"": ""Is the following post criminally relevant with respect to Â§Â§185-187 StGB (Defamatory Offense)? Answer only with 'True' (criminally relevant according to Â§Â§185-187 StGB) or 'False' (not criminally relevant according to Â§Â§185-187 StGB).""}, {""role"": ""user"", ""content"": ""BRD einfach nur noch peinlich scheiß Zensurstaat""}]"
1044136628958093,"Wieso muss Oesterreich Merkel fragen? was ist da los? Alles bestimmt nur der senile vollgepisste Hosenanzug Merkel??? was ist das da fuer eine Diktatur, zum zweiten mal regiert ein Irrer Fuehrer und alle schauen zu. Geschichte wiederholt aber meistens nicht schon nach 70 Jahren.",True,True,True,"[{""role"": ""system"", ""content"": ""You are a legal expert for defamatory offenses according the the German Criminal Code (Â§Â§185-187 StGB). Help the user decide whether given posts fall within in the scope of these articles.""}, {""role"": ""user"", ""content"": ""Is the following post criminally relevant with respect to Â§Â§185-187 StGB (Defamatory Offense)? Answer only with 'True' (criminally relevant according to Â§Â§185-187 StGB) or 'False' (not criminally relevant according to Â§Â§185-187 StGB).""}, {""role"": ""user"", ""content"": ""Wieso muss Oesterreich Merkel fragen? was ist da los? Alles bestimmt nur der senile vollgepisste Hosenanzug Merkel??? was ist das da fuer eine Diktatur, zum zweiten mal regiert ein Irrer Fuehrer und alle schauen zu. Geschichte wiederholt aber meistens nicht schon nach 70 Jahren.""}]"
1057769474261475,"Sag bitte nicht ""unsere Kanzlerin"" Sie ist es nicht, denn sie verhält sich nicht wie ein ""Kanzler"". Die soll mal an ihren Eid denken!!!!",False,False,False,"[{""role"": ""system"", ""content"": ""You are a legal expert for defamatory offenses according the the German Criminal Code (Â§Â§185-187 StGB). Help the user decide whether given posts fall within in the scope of these articles.""}, {""role"": ""user"", ""content"": ""Is the following post criminally relevant with respect to Â§Â§185-187 StGB (Defamatory Offense)? Answer only with 'True' (criminally relevant according to Â§Â§185-187 StGB) or 'False' (not criminally relevant according to Â§Â§185-187 StGB).""}, {""role"": ""user"", ""content"": ""Sag bitte nicht \""unsere Kanzlerin\"" Sie ist es nicht, denn sie verhält sich nicht wie ein \""Kanzler\"". Die soll mal an ihren Eid denken!!!!""}]"
1069081006463655,Kretschmann präsentiert uns ein sicheres kompetentes Auftreten bei gleichzeitig totaler Ahnungslosigkeit und Blödheit. Unfassbar - dieser Politiker ist doch Ministerpräsident oder irre ich mich? Welche Idioten haben den gewählt?,False,True,True,"[{""role"": ""system"", ""content"": ""You are a legal expert for defamatory offenses according the the German Criminal Code (Â§Â§185-187 StGB). Help the user decide whether given posts fall within in the scope of these articles.""}, {""role"": ""user"", ""content"": ""Is the following post criminally relevant with respect to Â§Â§185-187 StGB (Defamatory Offense)? Answer only with 'True' (criminally relevant according to Â§Â§185-187 StGB) or 'False' (not criminally relevant according to Â§Â§185-187 StGB).""}, {""role"": ""user"", ""content"": ""Kretschmann präsentiert uns ein sicheres kompetentes Auftreten bei gleichzeitig totaler Ahnungslosigkeit und Blödheit. Unfassbar - dieser Politiker ist doch Ministerpräsident oder irre ich mich? Welche Idioten haben den gewählt?""}]"
982703851768038,"Napoleon I. (Napoleon Bonaparte) (1769-1821), Kaiser der Franzosen: “Es gibt kein gutmütigeres, aber auch kein leichtgläubigeres Volk als das deutsche. Zwiespalt brauchte ich unter ihnen nie zu säen. Ich brauchte nur meine Netze auszuspannen, dann liefen sie wie ein scheues Wild hinein. Untereinander haben sie sich gewürgt, und sie meinten ihre Pflicht zu tun. Törichter ist kein anderes Volk auf Erden. Keine Lüge kann grob genug ersonnen werden: die Deutschen glauben sie. Um eine Parole, die man ihnen gab, verfolgten sie ihre Landsleute mit größerer Erbitterung als ihre wirklichen Feinde.” 

So freunde der sonne.....sind wir nicht selber schuld???? Ständig eine Partei gewählt zu haben die sich christlich nennt CDU-CSU oder garnicht gewählt zu haben. ....komisch das christliche feiertage abgesetzt werden....komisch das wir uns anpassen müssen...(türkisch unterricht-weihnachten nicht mehr öffentlich) und etc und etc.und jetzt diese offensichtliche Unterwanderung bzw. Invasion. .....aber die hat ja schon lange begonnen........das sind keine flüchtlinge. .das sind armeen......",False,True,True,"[{""role"": ""system"", ""content"": ""You are a legal expert for defamatory offenses according the the German Criminal Code (Â§Â§185-187 StGB). Help the user decide whether given posts fall within in the scope of these articles.""}, {""role"": ""user"", ""content"": ""Is the following post criminally relevant with respect to Â§Â§185-187 StGB (Defamatory Offense)? Answer only with 'True' (criminally relevant according to Â§Â§185-187 StGB) or 'False' (not criminally relevant according to Â§Â§185-187 StGB).""}, {""role"": ""user"", ""content"": ""Napoleon I. (Napoleon Bonaparte) (1769-1821), Kaiser der Franzosen: “Es gibt kein gutmütigeres, aber auch kein leichtgläubigeres Volk als das deutsche. Zwiespalt brauchte ich unter ihnen nie zu säen. Ich brauchte nur meine Netze auszuspannen, dann liefen sie wie ein scheues Wild hinein. Untereinander haben sie sich gewürgt, und sie meinten ihre Pflicht zu tun. Törichter ist kein anderes Volk auf Erden. Keine Lüge kann grob genug ersonnen werden: die Deutschen glauben sie. Um eine Parole, die man ihnen gab, verfolgten sie ihre Landsleute mit größerer Erbitterung als ihre wirklichen Feinde.” \r\n\r\nSo freunde der sonne.....sind wir nicht selber schuld???? Ständig eine Partei gewählt zu haben die sich christlich nennt CDU-CSU oder garnicht gewählt zu haben. ....komisch das christliche feiertage abgesetzt werden....komisch das wir uns anpassen müssen...(türkisch unterricht-weihnachten nicht mehr öffentlich) und etc und etc.und jetzt diese offensichtliche Unterwanderung bzw. Invasion. .....aber die hat ja schon lange begonnen........das sind keine flüchtlinge. .das sind armeen......""}]"
895207730517651,"ach ja,ihr kleinen Hoppelhäschen-mit Leutchen die noch Eierschalen hinter den Ohren haben oder ihr hässliches Gesicht feige verstecken,diskutier ich nicht...",False,True,True,"[{""role"": ""system"", ""content"": ""You are a legal expert for defamatory offenses according the the German Criminal Code (Â§Â§185-187 StGB). Help the user decide whether given posts fall within in the scope of these articles.""}, {""role"": ""user"", ""content"": ""Is the following post criminally relevant with respect to Â§Â§185-187 StGB (Defamatory Offense)? Answer only with 'True' (criminally relevant according to Â§Â§185-187 StGB) or 'False' (not criminally relevant according to Â§Â§185-187 StGB).""}, {""role"": ""user"", ""content"": ""ach ja,ihr kleinen Hoppelhäschen-mit Leutchen die noch Eierschalen hinter den Ohren haben oder ihr hässliches Gesicht feige verstecken,diskutier ich nicht...""}]"
1096387847066304,Die Tracks sollen einfach weiterfahren. Dann ist die Straße wieder frei und das Pack kommt dann nie zu uns.,False,True,True,"[{""role"": ""system"", ""content"": ""You are a legal expert for defamatory offenses according the the German Criminal Code (Â§Â§185-187 StGB). Help the user decide whether given posts fall within in the scope of these articles.""}, {""role"": ""user"", ""content"": ""Is the following post criminally relevant with respect to Â§Â§185-187 StGB (Defamatory Offense)? Answer only with 'True' (criminally relevant according to Â§Â§185-187 StGB) or 'False' (not criminally relevant according to Â§Â§185-187 StGB).""}, {""role"": ""user"", ""content"": ""Die Tracks sollen einfach weiterfahren. Dann ist die Straße wieder frei und das Pack kommt dann nie zu uns.""}]"
1035161923188897,Inteligenzresistenter Hauptschüler  :-D,False,True,True,"[{""role"": ""system"", ""content"": ""You are a legal expert for defamatory offenses according the the German Criminal Code (Â§Â§185-187 StGB). Help the user decide whether given posts fall within in the scope of these articles.""}, {""role"": ""user"", ""content"": ""Is the following post criminally relevant with respect to Â§Â§185-187 StGB (Defamatory Offense)? Answer only with 'True' (criminally relevant according to Â§Â§185-187 StGB) or 'False' (not criminally relevant according to Â§Â§185-187 StGB).""}, {""role"": ""user"", ""content"": ""Inteligenzresistenter Hauptschüler  :-D""}]"
1043594905678932,"Meine Mistgabel steht zum Ausmisten bereit. Ich bin dabei!! Ausmisten, ausmisten, ausmisten..................",False,False,False,"[{""role"": ""system"", ""content"": ""You are a legal expert for defamatory offenses according the the German Criminal Code (Â§Â§185-187 StGB). Help the user decide whether given posts fall within in the scope of these articles.""}, {""role"": ""user"", ""content"": ""Is the following post criminally relevant with respect to Â§Â§185-187 StGB (Defamatory Offense)? Answer only with 'True' (criminally relevant according to Â§Â§185-187 StGB) or 'False' (not criminally relevant according to Â§Â§185-187 StGB).""}, {""role"": ""user"", ""content"": ""Meine Mistgabel steht zum Ausmisten bereit. Ich bin dabei!! Ausmisten, ausmisten, ausmisten..................""}]"
993503974021359,"Die Europäischen Völker haben zwei FEINDE, die neuen Hunnen und die links, grün, rot angehauchten 68er - die sich freuen wenn sie weg gezüchtet werden.",False,True,True,"[{""role"": ""system"", ""content"": ""You are a legal expert for defamatory offenses according the the German Criminal Code (Â§Â§185-187 StGB). Help the user decide whether given posts fall within in the scope of these articles.""}, {""role"": ""user"", ""content"": ""Is the following post criminally relevant with respect to Â§Â§185-187 StGB (Defamatory Offense)? Answer only with 'True' (criminally relevant according to Â§Â§185-187 StGB) or 'False' (not criminally relevant according to Â§Â§185-187 StGB).""}, {""role"": ""user"", ""content"": ""Die Europäischen Völker haben zwei FEINDE, die neuen Hunnen und die links, grün, rot angehauchten 68er - die sich freuen wenn sie weg gezüchtet werden.""}]"
1387018993718923264,@ahmad_omeirate @PRossberg Ja klar bester Podcast. Wenn deren lügen schon aufgedeckt wurden und du immer noch bester Podcast schreibst du Möchtegern kanake,True,True,True,"[{""role"": ""system"", ""content"": ""You are a legal expert for defamatory offenses according the the German Criminal Code (Â§Â§185-187 StGB). Help the user decide whether given posts fall within in the scope of these articles.""}, {""role"": ""user"", ""content"": ""Is the following post criminally relevant with respect to Â§Â§185-187 StGB (Defamatory Offense)? Answer only with 'True' (criminally relevant according to Â§Â§185-187 StGB) or 'False' (not criminally relevant according to Â§Â§185-187 StGB).""}, {""role"": ""user"", ""content"": ""@ahmad_omeirate @PRossberg Ja klar bester Podcast. Wenn deren lügen schon aufgedeckt wurden und du immer noch bester Podcast schreibst du Möchtegern kanake""}]"
1003,@EngBuldog @SteinbachErika Schaukel als Kind zu nah an der Wand gestanden???,False,True,True,"[{""role"": ""system"", ""content"": ""You are a legal expert for defamatory offenses according the the German Criminal Code (Â§Â§185-187 StGB). Help the user decide whether given posts fall within in the scope of these articles.""}, {""role"": ""user"", ""content"": ""Is the following post criminally relevant with respect to Â§Â§185-187 StGB (Defamatory Offense)? Answer only with 'True' (criminally relevant according to Â§Â§185-187 StGB) or 'False' (not criminally relevant according to Â§Â§185-187 StGB).""}, {""role"": ""user"", ""content"": ""@EngBuldog @SteinbachErika Schaukel als Kind zu nah an der Wand gestanden???""}]"
240,Mit Deutschland geht es mehr und mehr bergab wann begreift ihr das endlich?,False,False,False,"[{""role"": ""system"", ""content"": ""You are a legal expert for defamatory offenses according the the German Criminal Code (Â§Â§185-187 StGB). Help the user decide whether given posts fall within in the scope of these articles.""}, {""role"": ""user"", ""content"": ""Is the following post criminally relevant with respect to Â§Â§185-187 StGB (Defamatory Offense)? Answer only with 'True' (criminally relevant according to Â§Â§185-187 StGB) or 'False' (not criminally relevant according to Â§Â§185-187 StGB).""}, {""role"": ""user"", ""content"": ""Mit Deutschland geht es mehr und mehr bergab wann begreift ihr das endlich?""}]"
1111797295525359,Das ist wahr. Echt traurig . An alle noch schlafenden und träumenden . Bitte wacht auf. Wir müssen auch an unsere Kinder denken. Das alles nimmt ganz sicher kein gutes Ende. Merkel muss weg. Super pegida ihr seit die besten,False,False,False,"[{""role"": ""system"", ""content"": ""You are a legal expert for defamatory offenses according the the German Criminal Code (Â§Â§185-187 StGB). Help the user decide whether given posts fall within in the scope of these articles.""}, {""role"": ""user"", ""content"": ""Is the following post criminally relevant with respect to Â§Â§185-187 StGB (Defamatory Offense)? Answer only with 'True' (criminally relevant according to Â§Â§185-187 StGB) or 'False' (not criminally relevant according to Â§Â§185-187 StGB).""}, {""role"": ""user"", ""content"": ""Das ist wahr. Echt traurig . An alle noch schlafenden und träumenden . Bitte wacht auf. Wir müssen auch an unsere Kinder denken. Das alles nimmt ganz sicher kein gutes Ende. Merkel muss weg. Super pegida ihr seit die besten""}]"
1052379904800432,Dieser Brief geht an den links faschistischen Mob,False,True,True,"[{""role"": ""system"", ""content"": ""You are a legal expert for defamatory offenses according the the German Criminal Code (Â§Â§185-187 StGB). Help the user decide whether given posts fall within in the scope of these articles.""}, {""role"": ""user"", ""content"": ""Is the following post criminally relevant with respect to Â§Â§185-187 StGB (Defamatory Offense)? Answer only with 'True' (criminally relevant according to Â§Â§185-187 StGB) or 'False' (not criminally relevant according to Â§Â§185-187 StGB).""}, {""role"": ""user"", ""content"": ""Dieser Brief geht an den links faschistischen Mob""}]"
856832547688503,"Rachid Ait@
In zwei Jahren vegetierst du wieder in der Wüste vor dich hin...dort wo du hingehörst...lol",False,True,True,"[{""role"": ""system"", ""content"": ""You are a legal expert for defamatory offenses according the the German Criminal Code (Â§Â§185-187 StGB). Help the user decide whether given posts fall within in the scope of these articles.""}, {""role"": ""user"", ""content"": ""Is the following post criminally relevant with respect to Â§Â§185-187 StGB (Defamatory Offense)? Answer only with 'True' (criminally relevant according to Â§Â§185-187 StGB) or 'False' (not criminally relevant according to Â§Â§185-187 StGB).""}, {""role"": ""user"", ""content"": ""Rachid Ait@\r\nIn zwei Jahren vegetierst du wieder in der Wüste vor dich hin...dort wo du hingehörst...lol""}]"
856786427693115,Es ist so armsehlig ein Nazi sein zu wollen!!! Kopf einschalten ist erlaubt!!!,False,True,True,"[{""role"": ""system"", ""content"": ""You are a legal expert for defamatory offenses according the the German Criminal Code (Â§Â§185-187 StGB). Help the user decide whether given posts fall within in the scope of these articles.""}, {""role"": ""user"", ""content"": ""Is the following post criminally relevant with respect to Â§Â§185-187 StGB (Defamatory Offense)? Answer only with 'True' (criminally relevant according to Â§Â§185-187 StGB) or 'False' (not criminally relevant according to Â§Â§185-187 StGB).""}, {""role"": ""user"", ""content"": ""Es ist so armsehlig ein Nazi sein zu wollen!!! Kopf einschalten ist erlaubt!!!""}]"
445,Die BRD ist eine einzige Schande,False,False,False,"[{""role"": ""system"", ""content"": ""You are a legal expert for defamatory offenses according the the German Criminal Code (Â§Â§185-187 StGB). Help the user decide whether given posts fall within in the scope of these articles.""}, {""role"": ""user"", ""content"": ""Is the following post criminally relevant with respect to Â§Â§185-187 StGB (Defamatory Offense)? Answer only with 'True' (criminally relevant according to Â§Â§185-187 StGB) or 'False' (not criminally relevant according to Â§Â§185-187 StGB).""}, {""role"": ""user"", ""content"": ""Die BRD ist eine einzige Schande""}]"
982677331770690,"Nun hat Frau Merkel ein Problem. Das sind Militante,keine Flüchtlinge.Gegen die ist die BW eine Lachnummer",False,False,False,"[{""role"": ""system"", ""content"": ""You are a legal expert for defamatory offenses according the the German Criminal Code (Â§Â§185-187 StGB). Help the user decide whether given posts fall within in the scope of these articles.""}, {""role"": ""user"", ""content"": ""Is the following post criminally relevant with respect to Â§Â§185-187 StGB (Defamatory Offense)? Answer only with 'True' (criminally relevant according to Â§Â§185-187 StGB) or 'False' (not criminally relevant according to Â§Â§185-187 StGB).""}, {""role"": ""user"", ""content"": ""Nun hat Frau Merkel ein Problem. Das sind Militante,keine Flüchtlinge.Gegen die ist die BW eine Lachnummer""}]"
882789688426122,"Das war doch bestimmt ein "" Nazi"". Wo bleiben denn die Aufmärsche der Antifa und der Grünen geben Rechts, die Trauerkundgebungen und die Reden gegen "" Ausländerhasss""? Oder ist diesen Ideologen nach Bekanntmachung der Tatsache, daß in Dresden ein Somalier einen anderen Somalier umgebracht hat ms nicht ein Pegida- Anhänger, die Zunge im rotgrünen Hals stecken geblieben?",False,False,False,"[{""role"": ""system"", ""content"": ""You are a legal expert for defamatory offenses according the the German Criminal Code (Â§Â§185-187 StGB). Help the user decide whether given posts fall within in the scope of these articles.""}, {""role"": ""user"", ""content"": ""Is the following post criminally relevant with respect to Â§Â§185-187 StGB (Defamatory Offense)? Answer only with 'True' (criminally relevant according to Â§Â§185-187 StGB) or 'False' (not criminally relevant according to Â§Â§185-187 StGB).""}, {""role"": ""user"", ""content"": ""Das war doch bestimmt ein \"" Nazi\"". Wo bleiben denn die Aufmärsche der Antifa und der Grünen geben Rechts, die Trauerkundgebungen und die Reden gegen \"" Ausländerhasss\""? Oder ist diesen Ideologen nach Bekanntmachung der Tatsache, daß in Dresden ein Somalier einen anderen Somalier umgebracht hat ms nicht ein Pegida- Anhänger, die Zunge im rotgrünen Hals stecken geblieben?""}]"
134,@focusonline Merkel geht wohl die Muffe.,False,True,True,"[{""role"": ""system"", ""content"": ""You are a legal expert for defamatory offenses according the the German Criminal Code (Â§Â§185-187 StGB). Help the user decide whether given posts fall within in the scope of these articles.""}, {""role"": ""user"", ""content"": ""Is the following post criminally relevant with respect to Â§Â§185-187 StGB (Defamatory Offense)? Answer only with 'True' (criminally relevant according to Â§Â§185-187 StGB) or 'False' (not criminally relevant according to Â§Â§185-187 StGB).""}, {""role"": ""user"", ""content"": ""@focusonline Merkel geht wohl die Muffe.""}]"
856768347694923,Geh DICH!!! mal bilden wer kommt dann zum 1.Mai immer aus ihren Löchern gekrochen,False,True,True,"[{""role"": ""system"", ""content"": ""You are a legal expert for defamatory offenses according the the German Criminal Code (Â§Â§185-187 StGB). Help the user decide whether given posts fall within in the scope of these articles.""}, {""role"": ""user"", ""content"": ""Is the following post criminally relevant with respect to Â§Â§185-187 StGB (Defamatory Offense)? Answer only with 'True' (criminally relevant according to Â§Â§185-187 StGB) or 'False' (not criminally relevant according to Â§Â§185-187 StGB).""}, {""role"": ""user"", ""content"": ""Geh DICH!!! mal bilden wer kommt dann zum 1.Mai immer aus ihren Löchern gekrochen""}]"
1055114801193609,"bevor dies nach deutschland kommt ziehe ich einen Bürgerkrieg vor.....die Merkeln muss wech, aber schnell..... wenn es nicht anderst geht auch mit Abschiebungsbefehl.... in die Wüste. Ironie oder Ernst gemeint, überlasse Euch die Entscheidung......",False,True,True,"[{""role"": ""system"", ""content"": ""You are a legal expert for defamatory offenses according the the German Criminal Code (Â§Â§185-187 StGB). Help the user decide whether given posts fall within in the scope of these articles.""}, {""role"": ""user"", ""content"": ""Is the following post criminally relevant with respect to Â§Â§185-187 StGB (Defamatory Offense)? Answer only with 'True' (criminally relevant according to Â§Â§185-187 StGB) or 'False' (not criminally relevant according to Â§Â§185-187 StGB).""}, {""role"": ""user"", ""content"": ""bevor dies nach deutschland kommt ziehe ich einen Bürgerkrieg vor.....die Merkeln muss wech, aber schnell..... wenn es nicht anderst geht auch mit Abschiebungsbefehl.... in die Wüste. Ironie oder Ernst gemeint, überlasse Euch die Entscheidung......""}]"
858077684230656,"ihr macht aber alle das selbe wie die idioten im 2 weltkrieg bevor hitler an die macht kam... IHR SEID ZU DUMM UM GESCHICHTE ZU KENNEN U WEITER ZU DENKEN ! 
Engstirnig, kurzsichtig u dumm seit ihr !",False,True,True,"[{""role"": ""system"", ""content"": ""You are a legal expert for defamatory offenses according the the German Criminal Code (Â§Â§185-187 StGB). Help the user decide whether given posts fall within in the scope of these articles.""}, {""role"": ""user"", ""content"": ""Is the following post criminally relevant with respect to Â§Â§185-187 StGB (Defamatory Offense)? Answer only with 'True' (criminally relevant according to Â§Â§185-187 StGB) or 'False' (not criminally relevant according to Â§Â§185-187 StGB).""}, {""role"": ""user"", ""content"": ""ihr macht aber alle das selbe wie die idioten im 2 weltkrieg bevor hitler an die macht kam... IHR SEID ZU DUMM UM GESCHICHTE ZU KENNEN U WEITER ZU DENKEN ! \r\nEngstirnig, kurzsichtig u dumm seit ihr !""}]"
858085680896523,"Weltoffen?vergessen die Salafisten, Hassprediger, ISIS.
Vergessen die verfolgten, geschändeten, abgeschlachteten, ja Weltoffen.
Den Schutz des Jüdischen Volkes, das wir schützen müssen!
Ihr seid nur erbärmliche Heuchler.
Ich verachte euch!",True,True,True,"[{""role"": ""system"", ""content"": ""You are a legal expert for defamatory offenses according the the German Criminal Code (Â§Â§185-187 StGB). Help the user decide whether given posts fall within in the scope of these articles.""}, {""role"": ""user"", ""content"": ""Is the following post criminally relevant with respect to Â§Â§185-187 StGB (Defamatory Offense)? Answer only with 'True' (criminally relevant according to Â§Â§185-187 StGB) or 'False' (not criminally relevant according to Â§Â§185-187 StGB).""}, {""role"": ""user"", ""content"": ""Weltoffen?vergessen die Salafisten, Hassprediger, ISIS.\r\nVergessen die verfolgten, geschändeten, abgeschlachteten, ja Weltoffen.\r\nDen Schutz des Jüdischen Volkes, das wir schützen müssen!\r\nIhr seid nur erbärmliche Heuchler.\r\nIch verachte euch!""}]"
704,"Die meisten Schiffbrüchigen sind doch keine Flüchtlinge, sondern |LBR| rücksichtslose Invasoren. Wann begreift Ihr politischen Hohlköpfe das?",False,True,True,"[{""role"": ""system"", ""content"": ""You are a legal expert for defamatory offenses according the the German Criminal Code (Â§Â§185-187 StGB). Help the user decide whether given posts fall within in the scope of these articles.""}, {""role"": ""user"", ""content"": ""Is the following post criminally relevant with respect to Â§Â§185-187 StGB (Defamatory Offense)? Answer only with 'True' (criminally relevant according to Â§Â§185-187 StGB) or 'False' (not criminally relevant according to Â§Â§185-187 StGB).""}, {""role"": ""user"", ""content"": ""Die meisten Schiffbrüchigen sind doch keine Flüchtlinge, sondern |LBR| rücksichtslose Invasoren. Wann begreift Ihr politischen Hohlköpfe das?""}]"
858088837562874,"Text zum o. Bild kommt von PEGIDA Canada, ..solche Informationen werden uns in Germany vorenthalten( ich möchte hier erwähnen, das die Zahlen allerdings der Islamangehörigen f. Europa, mit Sicherheit reichlich untertrieben sind):
When  Muslim population remains around 1% of any given country they will be  regarded as a peace-loving minority and not as a threat to anyone:United  States -- Muslim 1.0%Australia --Muslim 1.5% Canada -- Muslim 1.9%  China --Muslim 1%-2% Italy -- Muslim 1.5%  Norway -- Muslim 1.8%At 2% and 3% they begin to proselytize from other  ethnic minorities and disaffected groups with major recruiting from the  jails and among street gangs: Denmark -- Muslim 2%Germany -- Muslim 3.7%  United Kingdom --Muslim 2.7%Spain -- Muslim 4% Thailand -- Muslim 4.6%  From 5% on they exercise an inordinate influence in proportion to their  percentage of the population. They will push for the introduction of  halal (clean by Islamic standards) food, thereby securing food  preparation jobs for Muslims. They will increase pressure on supermarket  chains to feature it on their shelves --along with threats for failure  to comply. At this point, they will work to get the ruling government to  allow them to rule themselves under Sharia, the Islamic Law.  France--Muslim 8% Philippines -- Muslim 5% Sweden -- Muslim  5%Switzerland -- Muslim 4.3% The Netherlands -- Muslim 5.5%Trinidad  & Tobago --Muslim 5.8% When Muslims reach 10%of the population, they  will increase lawlessness as a means of complaint about their  conditions ( Paris-- car-burnings). Any non-Muslim action that offends  Islam will result in uprisings and threats( Amsterdam -- Mohammed  cartoons). Guyana --Muslim 10% India -- Muslim 14% Israel -- Muslim  16%Kenya -- Muslim 10% Russia -- Muslim 10-15% After reaching 20% expect  hair-trigger rioting, jihad militia formations,sporadic killings and  church and synagogue burning: Ethiopia--Muslim 32.8% At 40% you will  find widespread massacres,chronic terror attacks and ongoing militia  warfare: Bosnia --Muslim 40% Chad --Muslim 53.1% Lebanon -- Muslim  59.7%From 60% you may expect unfettered persecution of non-believers and  other religions, sporadic ethnic cleansing(genocide), use of Sharia Law  as a weapon and Jizya, the tax placed on infidels:Albania -- Muslim 70%  Malaysia -- Muslim 60.4%Qatar -- Muslim 77.5% Sudan -- Muslim 70% After  80% expect State run ethnic cleansing and genocide: Bangladesh- Muslim  83%Egypt --Muslim 90%Gaza -- Muslim 98.7%Indonesia --Muslim 86.1% Iran  -- Muslim 98% Iraq --Muslim 97% Jordan -- Muslim 92% Morocco --  Muslim98.7%Pakistan -- Muslim 97% Palestine -- Muslim 99% Syria --Muslim  90% Tajikistan -- Muslim 90%Turkey -- Muslim 99.8% United Arab Emirates  --Muslim 96% Continued......Saudi Arabia -- Muslim100% Somalia --  Muslim 100% Yemen-- Muslim 99.9% At 100% you might expect peace, butOf  course, that's not the case. To satisfy their bloodlust,Muslims then  start killing each other for being Siya/Sunni/Wahibi or variety of  reasons. This is Islam , religion of peace.",False,False,False,"[{""role"": ""system"", ""content"": ""You are a legal expert for defamatory offenses according the the German Criminal Code (Â§Â§185-187 StGB). Help the user decide whether given posts fall within in the scope of these articles.""}, {""role"": ""user"", ""content"": ""Is the following post criminally relevant with respect to Â§Â§185-187 StGB (Defamatory Offense)? Answer only with 'True' (criminally relevant according to Â§Â§185-187 StGB) or 'False' (not criminally relevant according to Â§Â§185-187 StGB).""}, {""role"": ""user"", ""content"": ""Text zum o. Bild kommt von PEGIDA Canada, ..solche Informationen werden uns in Germany vorenthalten( ich möchte hier erwähnen, das die Zahlen allerdings der Islamangehörigen f. Europa, mit Sicherheit reichlich untertrieben sind):\r\nWhen  Muslim population remains around 1% of any given country they will be  regarded as a peace-loving minority and not as a threat to anyone:United  States -- Muslim 1.0%Australia --Muslim 1.5% Canada -- Muslim 1.9%  China --Muslim 1%-2% Italy -- Muslim 1.5%  Norway -- Muslim 1.8%At 2% and 3% they begin to proselytize from other  ethnic minorities and disaffected groups with major recruiting from the  jails and among street gangs: Denmark -- Muslim 2%Germany -- Muslim 3.7%  United Kingdom --Muslim 2.7%Spain -- Muslim 4% Thailand -- Muslim 4.6%  From 5% on they exercise an inordinate influence in proportion to their  percentage of the population. They will push for the introduction of  halal (clean by Islamic standards) food, thereby securing food  preparation jobs for Muslims. They will increase pressure on supermarket  chains to feature it on their shelves --along with threats for failure  to comply. At this point, they will work to get the ruling government to  allow them to rule themselves under Sharia, the Islamic Law.  France--Muslim 8% Philippines -- Muslim 5% Sweden -- Muslim  5%Switzerland -- Muslim 4.3% The Netherlands -- Muslim 5.5%Trinidad  & Tobago --Muslim 5.8% When Muslims reach 10%of the population, they  will increase lawlessness as a means of complaint about their  conditions ( Paris-- car-burnings). Any non-Muslim action that offends  Islam will result in uprisings and threats( Amsterdam -- Mohammed  cartoons). Guyana --Muslim 10% India -- Muslim 14% Israel -- Muslim  16%Kenya -- Muslim 10% Russia -- Muslim 10-15% After reaching 20% expect  hair-trigger rioting, jihad militia formations,sporadic killings and  church and synagogue burning: Ethiopia--Muslim 32.8% At 40% you will  find widespread massacres,chronic terror attacks and ongoing militia  warfare: Bosnia --Muslim 40% Chad --Muslim 53.1% Lebanon -- Muslim  59.7%From 60% you may expect unfettered persecution of non-believers and  other religions, sporadic ethnic cleansing(genocide), use of Sharia Law  as a weapon and Jizya, the tax placed on infidels:Albania -- Muslim 70%  Malaysia -- Muslim 60.4%Qatar -- Muslim 77.5% Sudan -- Muslim 70% After  80% expect State run ethnic cleansing and genocide: Bangladesh- Muslim  83%Egypt --Muslim 90%Gaza -- Muslim 98.7%Indonesia --Muslim 86.1% Iran  -- Muslim 98% Iraq --Muslim 97% Jordan -- Muslim 92% Morocco --  Muslim98.7%Pakistan -- Muslim 97% Palestine -- Muslim 99% Syria --Muslim  90% Tajikistan -- Muslim 90%Turkey -- Muslim 99.8% United Arab Emirates  --Muslim 96% Continued......Saudi Arabia -- Muslim100% Somalia --  Muslim 100% Yemen-- Muslim 99.9% At 100% you might expect peace, butOf  course, that's not the case. To satisfy their bloodlust,Muslims then  start killing each other for being Siya/Sunni/Wahibi or variety of  reasons. This is Islam , religion of peace.""}]"
1057454320959657,"Warum werden diese Schmarotzer auch noch auf Staatskosten nach Hause gebracht ?
Mein Vorschlag , wer keine Kohle fürs Ticket hat darf nach Hause wandern.",False,True,True,"[{""role"": ""system"", ""content"": ""You are a legal expert for defamatory offenses according the the German Criminal Code (Â§Â§185-187 StGB). Help the user decide whether given posts fall within in the scope of these articles.""}, {""role"": ""user"", ""content"": ""Is the following post criminally relevant with respect to Â§Â§185-187 StGB (Defamatory Offense)? Answer only with 'True' (criminally relevant according to Â§Â§185-187 StGB) or 'False' (not criminally relevant according to Â§Â§185-187 StGB).""}, {""role"": ""user"", ""content"": ""Warum werden diese Schmarotzer auch noch auf Staatskosten nach Hause gebracht ?\r\nMein Vorschlag , wer keine Kohle fürs Ticket hat darf nach Hause wandern.""}]"
935270226511401,Einfach weg mit dem Viehzeug !,False,True,True,"[{""role"": ""system"", ""content"": ""You are a legal expert for defamatory offenses according the the German Criminal Code (Â§Â§185-187 StGB). Help the user decide whether given posts fall within in the scope of these articles.""}, {""role"": ""user"", ""content"": ""Is the following post criminally relevant with respect to Â§Â§185-187 StGB (Defamatory Offense)? Answer only with 'True' (criminally relevant according to Â§Â§185-187 StGB) or 'False' (not criminally relevant according to Â§Â§185-187 StGB).""}, {""role"": ""user"", ""content"": ""Einfach weg mit dem Viehzeug !""}]"
856847761020315,Mudy Fa geht dir der Arsch auf grundeis. Schon Scheiße wenn man sich ertappt fühlt. Jaja so ist das als sozialschmarotzer!!!!,True,True,True,"[{""role"": ""system"", ""content"": ""You are a legal expert for defamatory offenses according the the German Criminal Code (Â§Â§185-187 StGB). Help the user decide whether given posts fall within in the scope of these articles.""}, {""role"": ""user"", ""content"": ""Is the following post criminally relevant with respect to Â§Â§185-187 StGB (Defamatory Offense)? Answer only with 'True' (criminally relevant according to Â§Â§185-187 StGB) or 'False' (not criminally relevant according to Â§Â§185-187 StGB).""}, {""role"": ""user"", ""content"": ""Mudy Fa geht dir der Arsch auf grundeis. Schon Scheiße wenn man sich ertappt fühlt. Jaja so ist das als sozialschmarotzer!!!!""}]"
559,"@welt Hallo Deniz, du kannst dort verrecken!! |LBR| Bitte wörtlich übersetzen!!!!",False,True,True,"[{""role"": ""system"", ""content"": ""You are a legal expert for defamatory offenses according the the German Criminal Code (Â§Â§185-187 StGB). Help the user decide whether given posts fall within in the scope of these articles.""}, {""role"": ""user"", ""content"": ""Is the following post criminally relevant with respect to Â§Â§185-187 StGB (Defamatory Offense)? Answer only with 'True' (criminally relevant according to Â§Â§185-187 StGB) or 'False' (not criminally relevant according to Â§Â§185-187 StGB).""}, {""role"": ""user"", ""content"": ""@welt Hallo Deniz, du kannst dort verrecken!! |LBR| Bitte wörtlich übersetzen!!!!""}]"
254,"@Jellybean4711 Gott hat zuviel Humor, als dass er über die Stöckchen springen würde, die Sie ihm hinhalten.",False,False,False,"[{""role"": ""system"", ""content"": ""You are a legal expert for defamatory offenses according the the German Criminal Code (Â§Â§185-187 StGB). Help the user decide whether given posts fall within in the scope of these articles.""}, {""role"": ""user"", ""content"": ""Is the following post criminally relevant with respect to Â§Â§185-187 StGB (Defamatory Offense)? Answer only with 'True' (criminally relevant according to Â§Â§185-187 StGB) or 'False' (not criminally relevant according to Â§Â§185-187 StGB).""}, {""role"": ""user"", ""content"": ""@Jellybean4711 Gott hat zuviel Humor, als dass er über die Stöckchen springen würde, die Sie ihm hinhalten.""}]"
952183484820075,"Was will ein Nazi wie sie Philipp Seidler mit Demokratie????  Sie sind so dreist und nehmen dieses Wort für sich in Gebrauch, wo sie doch im Inneren für Anarchie und Hass sind. Sie sind lächerlich mit ihren schwachsinnigen posts.....",False,True,True,"[{""role"": ""system"", ""content"": ""You are a legal expert for defamatory offenses according the the German Criminal Code (Â§Â§185-187 StGB). Help the user decide whether given posts fall within in the scope of these articles.""}, {""role"": ""user"", ""content"": ""Is the following post criminally relevant with respect to Â§Â§185-187 StGB (Defamatory Offense)? Answer only with 'True' (criminally relevant according to Â§Â§185-187 StGB) or 'False' (not criminally relevant according to Â§Â§185-187 StGB).""}, {""role"": ""user"", ""content"": ""Was will ein Nazi wie sie Philipp Seidler mit Demokratie????  Sie sind so dreist und nehmen dieses Wort für sich in Gebrauch, wo sie doch im Inneren für Anarchie und Hass sind. Sie sind lächerlich mit ihren schwachsinnigen posts.....""}]"
1095902490448173,"damit machen sie sich immer beliebter ;) die Tage stand doch irgendwo im Netz, das Iraker ihrer Kinder auf die Strasse gelegt haben um das von Schleppern versprochene  Haus zu bekommen :(  Kinder spielen bei denen keine Rolle, die produzieren ja genug :(",False,True,True,"[{""role"": ""system"", ""content"": ""You are a legal expert for defamatory offenses according the the German Criminal Code (Â§Â§185-187 StGB). Help the user decide whether given posts fall within in the scope of these articles.""}, {""role"": ""user"", ""content"": ""Is the following post criminally relevant with respect to Â§Â§185-187 StGB (Defamatory Offense)? Answer only with 'True' (criminally relevant according to Â§Â§185-187 StGB) or 'False' (not criminally relevant according to Â§Â§185-187 StGB).""}, {""role"": ""user"", ""content"": ""damit machen sie sich immer beliebter ;) die Tage stand doch irgendwo im Netz, das Iraker ihrer Kinder auf die Strasse gelegt haben um das von Schleppern versprochene  Haus zu bekommen :(  Kinder spielen bei denen keine Rolle, die produzieren ja genug :(""}]"
856775511027540,"Da sieht man mal, was das für kranke Idioten sind. Außerdem isses nicht gut fürs Rückenmark! Aber dafür werden sie bald blind - auch gut!  ;-)",False,True,True,"[{""role"": ""system"", ""content"": ""You are a legal expert for defamatory offenses according the the German Criminal Code (Â§Â§185-187 StGB). Help the user decide whether given posts fall within in the scope of these articles.""}, {""role"": ""user"", ""content"": ""Is the following post criminally relevant with respect to Â§Â§185-187 StGB (Defamatory Offense)? Answer only with 'True' (criminally relevant according to Â§Â§185-187 StGB) or 'False' (not criminally relevant according to Â§Â§185-187 StGB).""}, {""role"": ""user"", ""content"": ""Da sieht man mal, was das für kranke Idioten sind. Außerdem isses nicht gut fürs Rückenmark! Aber dafür werden sie bald blind - auch gut!  ;-)""}]"
615,"@Martin_Hess_AfD Schickt unsere Verdeidigungsministerin als Stangengirl zur Truppenbetreuung an die Front ,aber selbst dort wird sie Versagen.Eine Verteidigungsministerin ist Ein Hohn an die Truppe.Rommel wache auf!",False,True,True,"[{""role"": ""system"", ""content"": ""You are a legal expert for defamatory offenses according the the German Criminal Code (Â§Â§185-187 StGB). Help the user decide whether given posts fall within in the scope of these articles.""}, {""role"": ""user"", ""content"": ""Is the following post criminally relevant with respect to Â§Â§185-187 StGB (Defamatory Offense)? Answer only with 'True' (criminally relevant according to Â§Â§185-187 StGB) or 'False' (not criminally relevant according to Â§Â§185-187 StGB).""}, {""role"": ""user"", ""content"": ""@Martin_Hess_AfD Schickt unsere Verdeidigungsministerin als Stangengirl zur Truppenbetreuung an die Front ,aber selbst dort wird sie Versagen.Eine Verteidigungsministerin ist Ein Hohn an die Truppe.Rommel wache auf!""}]"
600,@krippmarie @jouwatch Die dummen deutschen Wähler...mit FDP u den Grünen am Bord werden unsere Probleme nur noch größer... |LBR| Ich schäme mich für meine Landsleute..,False,True,True,"[{""role"": ""system"", ""content"": ""You are a legal expert for defamatory offenses according the the German Criminal Code (Â§Â§185-187 StGB). Help the user decide whether given posts fall within in the scope of these articles.""}, {""role"": ""user"", ""content"": ""Is the following post criminally relevant with respect to Â§Â§185-187 StGB (Defamatory Offense)? Answer only with 'True' (criminally relevant according to Â§Â§185-187 StGB) or 'False' (not criminally relevant according to Â§Â§185-187 StGB).""}, {""role"": ""user"", ""content"": ""@krippmarie @jouwatch Die dummen deutschen Wähler...mit FDP u den Grünen am Bord werden unsere Probleme nur noch größer... |LBR| Ich schäme mich für meine Landsleute..""}]"
1012402748798148,"Liebe Leute Lesen ! Ganz oben steht ganz gross Fakebild ! Die Antifanten Spinner haben hier ein Ei ins Nest gelegt  und lachen sich jetzt kaputt was hier im Netz abgeht. Ist es denn zuviel verlangt, erst mal alles zu lesen dann zu überlegen ob man den Sinn dahinter verstanden hat, und erst dann evtl. wenn es sein muss darauf zu reagieren?  Diese überstudierte Masse bei Hooligans gegen Satzbau hat offenbar Langeweile und kann nix anders als spalten. Lasst es nicht zu das dies passiert. Sie wollen nur euch und vor allem sich selber beweisen wie dumm ihr Unstudierten doch seid. Aber nur weil Arbeiterklasse einfacher gestrickt ist und denkt, ist sie nicht dumm. Denn diese überstudierte Masse kann nix anderes ausser Schachtelsätze bauen. Lasst Euch also von denen nicht einreden schlecht zu sein und lasst euch nicht niedermachen. Das ist deren einziges Ziel. Also bitte tut uns allen den Gefallen erst ALLES lesen,  dann verstehen, Luft holen und dann gemäßigt  reagieren. Und ja der Weihnachtsmarkt in Dresden auf dem Altmarkt heisst schon IMMER STRIETZELMARKT . !",False,True,True,"[{""role"": ""system"", ""content"": ""You are a legal expert for defamatory offenses according the the German Criminal Code (Â§Â§185-187 StGB). Help the user decide whether given posts fall within in the scope of these articles.""}, {""role"": ""user"", ""content"": ""Is the following post criminally relevant with respect to Â§Â§185-187 StGB (Defamatory Offense)? Answer only with 'True' (criminally relevant according to Â§Â§185-187 StGB) or 'False' (not criminally relevant according to Â§Â§185-187 StGB).""}, {""role"": ""user"", ""content"": ""Liebe Leute Lesen ! Ganz oben steht ganz gross Fakebild ! Die Antifanten Spinner haben hier ein Ei ins Nest gelegt  und lachen sich jetzt kaputt was hier im Netz abgeht. Ist es denn zuviel verlangt, erst mal alles zu lesen dann zu überlegen ob man den Sinn dahinter verstanden hat, und erst dann evtl. wenn es sein muss darauf zu reagieren?  Diese überstudierte Masse bei Hooligans gegen Satzbau hat offenbar Langeweile und kann nix anders als spalten. Lasst es nicht zu das dies passiert. Sie wollen nur euch und vor allem sich selber beweisen wie dumm ihr Unstudierten doch seid. Aber nur weil Arbeiterklasse einfacher gestrickt ist und denkt, ist sie nicht dumm. Denn diese überstudierte Masse kann nix anderes ausser Schachtelsätze bauen. Lasst Euch also von denen nicht einreden schlecht zu sein und lasst euch nicht niedermachen. Das ist deren einziges Ziel. Also bitte tut uns allen den Gefallen erst ALLES lesen,  dann verstehen, Luft holen und dann gemäßigt  reagieren. Und ja der Weihnachtsmarkt in Dresden auf dem Altmarkt heisst schon IMMER STRIETZELMARKT . !""}]"
946717165366707,"München ist nicht bunt sondern zunhmend verdreckt. Die ""Bunten"" scheinen ganz schöne Saubären zu sein , wenn sie das nicht erkennen. Möcht nicht wissen wie es bei denen zuhaus aussieht.",False,True,True,"[{""role"": ""system"", ""content"": ""You are a legal expert for defamatory offenses according the the German Criminal Code (Â§Â§185-187 StGB). Help the user decide whether given posts fall within in the scope of these articles.""}, {""role"": ""user"", ""content"": ""Is the following post criminally relevant with respect to Â§Â§185-187 StGB (Defamatory Offense)? Answer only with 'True' (criminally relevant according to Â§Â§185-187 StGB) or 'False' (not criminally relevant according to Â§Â§185-187 StGB).""}, {""role"": ""user"", ""content"": ""München ist nicht bunt sondern zunhmend verdreckt. Die \""Bunten\"" scheinen ganz schöne Saubären zu sein , wenn sie das nicht erkennen. Möcht nicht wissen wie es bei denen zuhaus aussieht.""}]"
857786510926440,"Einfach Sarah
** TEILEN ERLAUBT UND ERWÜNSCHT*
 so, ich muss jetzt mal hier ein paar Worte loswerden bevor ich mich ein wenig zurück ziehe und privat weiter mache. Ich schau mir  das jetzt ein paar Wochen schon an, Anfangs war ich voller Hoffnung,  doch  auch ich beginne nun zu zweifeln. Leider gibt es nur wenige die so  denken wie ich. Mag sein das manche jetzt sauer auf mich werden aber  das ist mir egal „grin“-Emoticon Das Leben ist kein Ponnyhof ...wer klare Worte nicht verträgt und es als persönlichen Angriff wertet... nicht mein Problem!
  Seit Wochen wird hier diskutiert, gepostet,  geschrieben...geschrieben....diskutiert...man regt sich auf, schreit die  Politiker müssen weg und wie beschissen die Regierung ist, das man kein  Nazi ist, der Islam so abartig etc. das man wieder und wieder auf die  Straße gehen soll..... aber MEHR passiert nicht und wenn manche echt  noch in der Traumwelt leben das die Spaziergänge Geschichte schreiben,  Deutschland retten oder etwas ändern....ja dann auf wiedersehen  Deutschland. 
 Es tut mir echt in der Seele weh dem allen  zuzusehen, wie öffentlich sogar von den Volksvertretern gedemütigt wird,  als „Rattenfänger“ beschimpft, als Nazi gehetzt, wie sie lachen und  Deutschland mit Füßen treten und veraten. Es tut weh zuzuschauen wie  Deutschland zugrunde geht und die Merkel sich öffentlich der Deutschen  Fahne entledigt und und und.....
 WO bleibt denn euer Stolz  verdammt?Sich in Facebook auszukotzen bringt null, meint ihr im Ernst  die Politiker lesen von jedem die Beiträge? Oder lassen sich von  Spaziergängen beeindrucken?
 Es nervt und kotzt mich an die ganzen  Diskusionen darüber wer rechts ist, DAS es hier und da zu rechts ist,  die ganzen kleinen Grüppchen hier und da und bla entstehen und sich auch  noch gegenseitig bekriegen, auch untereinander. Wo man gar nicht mehr  durchblickt. Zeitverschwendung!!
 Die manch vernünftigen  Lösungsvorschläge, Aufklärungen und Rufe die ernsthaft was bringen und  verändern würden werden überhört oder bagattelisiert ...“nein, wir  wollen friedlich spazieren gehen gegen die Islamisierung, wir wollen was  verändern“
 „ nein alle PEGIDAS sind Nazis und braun, gegen alle  Ausländer, wollen Deutschland nur für Deutsche und nicht bunt, Hilfe  Hilfe sie wollen wieder einen Holocaust, wir müssen sie bekämpfen“ 
  Ja es ist schön, das viele Menschen, das deutsche Volk inklusive  integrierte Ausländer auf die Straße gehen, PEGIDA...die ganzen kleinen  anderen Grüppchen und auch die Gegendemonstranten ( NICHT Antifa und  co.!) Die Gegendemonstranten die durch die Gehirnwäsche geimpft bekommen  haben das wir alle Nazis sind und PEGIDA und co. Bekämpfen wollen und  niiie wieder einen Holocaust.
 An PEGIDA und co: NEIN Deutschland  hat nicht hauptsächlich das Problem der Islamisierung! Das ist lediglich  eine „Auswirkung“ des Übels, der Wurzel.  Wenn man durch Spaziergänge  angeblich kleine Fortschritte macht, ist es als wenn man einem kranken  Körper Schmerzmittel verabreicht. Es wirkt eine Weile... und dann geht  der Schmerz wieder los!!! Siehe z.B Krebs !! 
 Die Idee, der Wille  etwas zu verändern in Deutschland fing von HoGesa an, die von der  Forderung her zumindest immer noch in die richtige Richtung schauen.  „Auf die Wurzel des Krebs“ Die Weiterführung von PEGIDA das so viele  Menschen auf die Straße gehen ist toll!! Wenn ich mir viele viele  Kommentare ansehe von PEGIDA sind sie zwar verschieden aber doch sehr  ähnlich von den Meinungen... und das Ende der Spitze führt wieder zur  „Politik“ und nicht nur die Islamisierung! Wenn sich in der Tat mal das  gesamte Volk ( nicht PEGIDA, PEGADA bla bla etc.) zusammen tun würde und  SEINE RECHTE EINFORDERN.... würden sich auch alle kleinen  Auswirkungsprobleme mit erledigen! 
 Aber PEGIDA  ist so versteift  auf das eine Thema und so der Überzeugung mit friedlichen Spaziergängen  irgendwann etwas zu erreichen..... und die ANTI PEGIDA ist so versteift  darauf diese angeblichen Nazis durch die Medien und ein paar extremen  Radikalen verursacht 
  zu bekämpfen, das BEIDE Gruppen das  „eigentliche“ Ziel, die „eigentliche“ Krankheit aus den Augen verlieren.  Diese Blindheit und Sturheit kotzt mich an! 
 Und an die ANTI  PEGIDA: Extreme Rassisten gibt es auch unter euch!!! Die gibt es  überall! Aber viele viele Menschen in Deutschland, auch von PEGIDA  wollen nie nie wieder einen Holocaust! Viele haben nicht allgemein was  gegen Ausländer oder sind Rassisten. Hört ihnen zu, vertraut dem was sie  sagen und ihr werdet sehen, das beide Seiten viele gemeinsame Ziele  haben, doch NUR EIN WEG dorthin führt!!
 Holocaust war und ist schlimm, doch verdammt nochmal es ist Vergangenheit!!! 
  Terror hier und in vielen anderen Ländern, Extremismus, moderne  Monarchie der Menschen, Krieg, Volksverrat etc. .... DAS IST GEGENWART!!  Vereint euch endlich und bekämpft den KREBS!!",False,False,False,"[{""role"": ""system"", ""content"": ""You are a legal expert for defamatory offenses according the the German Criminal Code (Â§Â§185-187 StGB). Help the user decide whether given posts fall within in the scope of these articles.""}, {""role"": ""user"", ""content"": ""Is the following post criminally relevant with respect to Â§Â§185-187 StGB (Defamatory Offense)? Answer only with 'True' (criminally relevant according to Â§Â§185-187 StGB) or 'False' (not criminally relevant according to Â§Â§185-187 StGB).""}, {""role"": ""user"", ""content"": ""Einfach Sarah\r\n** TEILEN ERLAUBT UND ERWÜNSCHT*\r\n so, ich muss jetzt mal hier ein paar Worte loswerden bevor ich mich ein wenig zurück ziehe und privat weiter mache. Ich schau mir  das jetzt ein paar Wochen schon an, Anfangs war ich voller Hoffnung,  doch  auch ich beginne nun zu zweifeln. Leider gibt es nur wenige die so  denken wie ich. Mag sein das manche jetzt sauer auf mich werden aber  das ist mir egal „grin“-Emoticon Das Leben ist kein Ponnyhof ...wer klare Worte nicht verträgt und es als persönlichen Angriff wertet... nicht mein Problem!\r\n  Seit Wochen wird hier diskutiert, gepostet,  geschrieben...geschrieben....diskutiert...man regt sich auf, schreit die  Politiker müssen weg und wie beschissen die Regierung ist, das man kein  Nazi ist, der Islam so abartig etc. das man wieder und wieder auf die  Straße gehen soll..... aber MEHR passiert nicht und wenn manche echt  noch in der Traumwelt leben das die Spaziergänge Geschichte schreiben,  Deutschland retten oder etwas ändern....ja dann auf wiedersehen  Deutschland. \r\n Es tut mir echt in der Seele weh dem allen  zuzusehen, wie öffentlich sogar von den Volksvertretern gedemütigt wird,  als „Rattenfänger“ beschimpft, als Nazi gehetzt, wie sie lachen und  Deutschland mit Füßen treten und veraten. Es tut weh zuzuschauen wie  Deutschland zugrunde geht und die Merkel sich öffentlich der Deutschen  Fahne entledigt und und und.....\r\n WO bleibt denn euer Stolz  verdammt?Sich in Facebook auszukotzen bringt null, meint ihr im Ernst  die Politiker lesen von jedem die Beiträge? Oder lassen sich von  Spaziergängen beeindrucken?\r\n Es nervt und kotzt mich an die ganzen  Diskusionen darüber wer rechts ist, DAS es hier und da zu rechts ist,  die ganzen kleinen Grüppchen hier und da und bla entstehen und sich auch  noch gegenseitig bekriegen, auch untereinander. Wo man gar nicht mehr  durchblickt. Zeitverschwendung!!\r\n Die manch vernünftigen  Lösungsvorschläge, Aufklärungen und Rufe die ernsthaft was bringen und  verändern würden werden überhört oder bagattelisiert ...“nein, wir  wollen friedlich spazieren gehen gegen die Islamisierung, wir wollen was  verändern“\r\n „ nein alle PEGIDAS sind Nazis und braun, gegen alle  Ausländer, wollen Deutschland nur für Deutsche und nicht bunt, Hilfe  Hilfe sie wollen wieder einen Holocaust, wir müssen sie bekämpfen“ \r\n  Ja es ist schön, das viele Menschen, das deutsche Volk inklusive  integrierte Ausländer auf die Straße gehen, PEGIDA...die ganzen kleinen  anderen Grüppchen und auch die Gegendemonstranten ( NICHT Antifa und  co.!) Die Gegendemonstranten die durch die Gehirnwäsche geimpft bekommen  haben das wir alle Nazis sind und PEGIDA und co. Bekämpfen wollen und  niiie wieder einen Holocaust.\r\n An PEGIDA und co: NEIN Deutschland  hat nicht hauptsächlich das Problem der Islamisierung! Das ist lediglich  eine „Auswirkung“ des Übels, der Wurzel.  Wenn man durch Spaziergänge  angeblich kleine Fortschritte macht, ist es als wenn man einem kranken  Körper Schmerzmittel verabreicht. Es wirkt eine Weile... und dann geht  der Schmerz wieder los!!! Siehe z.B Krebs !! \r\n Die Idee, der Wille  etwas zu verändern in Deutschland fing von HoGesa an, die von der  Forderung her zumindest immer noch in die richtige Richtung schauen.  „Auf die Wurzel des Krebs“ Die Weiterführung von PEGIDA das so viele  Menschen auf die Straße gehen ist toll!! Wenn ich mir viele viele  Kommentare ansehe von PEGIDA sind sie zwar verschieden aber doch sehr  ähnlich von den Meinungen... und das Ende der Spitze führt wieder zur  „Politik“ und nicht nur die Islamisierung! Wenn sich in der Tat mal das  gesamte Volk ( nicht PEGIDA, PEGADA bla bla etc.) zusammen tun würde und  SEINE RECHTE EINFORDERN.... würden sich auch alle kleinen  Auswirkungsprobleme mit erledigen! \r\n Aber PEGIDA  ist so versteift  auf das eine Thema und so der Überzeugung mit friedlichen Spaziergängen  irgendwann etwas zu erreichen..... und die ANTI PEGIDA ist so versteift  darauf diese angeblichen Nazis durch die Medien und ein paar extremen  Radikalen verursacht \r\n  zu bekämpfen, das BEIDE Gruppen das  „eigentliche“ Ziel, die „eigentliche“ Krankheit aus den Augen verlieren.  Diese Blindheit und Sturheit kotzt mich an! \r\n Und an die ANTI  PEGIDA: Extreme Rassisten gibt es auch unter euch!!! Die gibt es  überall! Aber viele viele Menschen in Deutschland, auch von PEGIDA  wollen nie nie wieder einen Holocaust! Viele haben nicht allgemein was  gegen Ausländer oder sind Rassisten. Hört ihnen zu, vertraut dem was sie  sagen und ihr werdet sehen, das beide Seiten viele gemeinsame Ziele  haben, doch NUR EIN WEG dorthin führt!!\r\n Holocaust war und ist schlimm, doch verdammt nochmal es ist Vergangenheit!!! \r\n  Terror hier und in vielen anderen Ländern, Extremismus, moderne  Monarchie der Menschen, Krieg, Volksverrat etc. .... DAS IST GEGENWART!!  Vereint euch endlich und bekämpft den KREBS!!""}]"
857446527627105,"Hm, vielleicht lieber Frank Zose solltest du dich mal fragen: Wieso wollen die Sachsen kein 2. Bremen, Berlin-Neukölln oder Hamburg? Wikipedia wird dir bei der Antwortfindung helfen! Stichwort ""Ausländerkriminalität"". Aber zieh dich nicht zu sehr an dem Vereinsnamen auf. Es gibt auch noch andere wichtige Themen bei PEGIDA.",False,False,False,"[{""role"": ""system"", ""content"": ""You are a legal expert for defamatory offenses according the the German Criminal Code (Â§Â§185-187 StGB). Help the user decide whether given posts fall within in the scope of these articles.""}, {""role"": ""user"", ""content"": ""Is the following post criminally relevant with respect to Â§Â§185-187 StGB (Defamatory Offense)? Answer only with 'True' (criminally relevant according to Â§Â§185-187 StGB) or 'False' (not criminally relevant according to Â§Â§185-187 StGB).""}, {""role"": ""user"", ""content"": ""Hm, vielleicht lieber Frank Zose solltest du dich mal fragen: Wieso wollen die Sachsen kein 2. Bremen, Berlin-Neukölln oder Hamburg? Wikipedia wird dir bei der Antwortfindung helfen! Stichwort \""Ausländerkriminalität\"". Aber zieh dich nicht zu sehr an dem Vereinsnamen auf. Es gibt auch noch andere wichtige Themen bei PEGIDA.""}]"
1055148297856926,...dieser Wahnsinn muss aufhören...weg mit dieser VolksVerräterVerrücktenRegierung...!!!,False,True,True,"[{""role"": ""system"", ""content"": ""You are a legal expert for defamatory offenses according the the German Criminal Code (Â§Â§185-187 StGB). Help the user decide whether given posts fall within in the scope of these articles.""}, {""role"": ""user"", ""content"": ""Is the following post criminally relevant with respect to Â§Â§185-187 StGB (Defamatory Offense)? Answer only with 'True' (criminally relevant according to Â§Â§185-187 StGB) or 'False' (not criminally relevant according to Â§Â§185-187 StGB).""}, {""role"": ""user"", ""content"": ""...dieser Wahnsinn muss aufhören...weg mit dieser VolksVerräterVerrücktenRegierung...!!!""}]"
1035560899815666,"Efe Zehir,die dumme Nazinummer zieht nicht mehr und wenn du ein Fünkchen Verstand hättest würdest du erkennen das dies Unsinn ist. Bei so viele Leuten solltest du Beten das sie keine Nazis sind ansonsten wärt ihr schon draußen.",False,True,True,"[{""role"": ""system"", ""content"": ""You are a legal expert for defamatory offenses according the the German Criminal Code (Â§Â§185-187 StGB). Help the user decide whether given posts fall within in the scope of these articles.""}, {""role"": ""user"", ""content"": ""Is the following post criminally relevant with respect to Â§Â§185-187 StGB (Defamatory Offense)? Answer only with 'True' (criminally relevant according to Â§Â§185-187 StGB) or 'False' (not criminally relevant according to Â§Â§185-187 StGB).""}, {""role"": ""user"", ""content"": ""Efe Zehir,die dumme Nazinummer zieht nicht mehr und wenn du ein Fünkchen Verstand hättest würdest du erkennen das dies Unsinn ist. Bei so viele Leuten solltest du Beten das sie keine Nazis sind ansonsten wärt ihr schon draußen.""}]"
460,"Politiker, gleichbedeutend mit BERUFSLÜGNER, richten gerade irreparable Schäden für unser Land, Europa und die Welt an und Mio schauen zu 😡",False,True,True,"[{""role"": ""system"", ""content"": ""You are a legal expert for defamatory offenses according the the German Criminal Code (Â§Â§185-187 StGB). Help the user decide whether given posts fall within in the scope of these articles.""}, {""role"": ""user"", ""content"": ""Is the following post criminally relevant with respect to Â§Â§185-187 StGB (Defamatory Offense)? Answer only with 'True' (criminally relevant according to Â§Â§185-187 StGB) or 'False' (not criminally relevant according to Â§Â§185-187 StGB).""}, {""role"": ""user"", ""content"": ""Politiker, gleichbedeutend mit BERUFSLÜGNER, richten gerade irreparable Schäden für unser Land, Europa und die Welt an und Mio schauen zu 😡""}]"
857287480976343,"So eine kacke kann nur von einer in die Schweiz Geflüchtete Schluchtenscheisserin kommen. Du hast doch gar keine Ahnung von was Du sprichst, du Pappnase.",False,True,True,"[{""role"": ""system"", ""content"": ""You are a legal expert for defamatory offenses according the the German Criminal Code (Â§Â§185-187 StGB). Help the user decide whether given posts fall within in the scope of these articles.""}, {""role"": ""user"", ""content"": ""Is the following post criminally relevant with respect to Â§Â§185-187 StGB (Defamatory Offense)? Answer only with 'True' (criminally relevant according to Â§Â§185-187 StGB) or 'False' (not criminally relevant according to Â§Â§185-187 StGB).""}, {""role"": ""user"", ""content"": ""So eine kacke kann nur von einer in die Schweiz Geflüchtete Schluchtenscheisserin kommen. Du hast doch gar keine Ahnung von was Du sprichst, du Pappnase.""}]"
1065209143517508,"Der Schatz der Nibelungen wurde auch noch nicht gefunden..man sollte in der ecke ein Asylantenheim. Aufmachen...mein gott  was für möglichkeiten..
Darf ich mir einen Asylanten als trüffelschwein holen??????",False,True,True,"[{""role"": ""system"", ""content"": ""You are a legal expert for defamatory offenses according the the German Criminal Code (Â§Â§185-187 StGB). Help the user decide whether given posts fall within in the scope of these articles.""}, {""role"": ""user"", ""content"": ""Is the following post criminally relevant with respect to Â§Â§185-187 StGB (Defamatory Offense)? Answer only with 'True' (criminally relevant according to Â§Â§185-187 StGB) or 'False' (not criminally relevant according to Â§Â§185-187 StGB).""}, {""role"": ""user"", ""content"": ""Der Schatz der Nibelungen wurde auch noch nicht gefunden..man sollte in der ecke ein Asylantenheim. Aufmachen...mein gott  was für möglichkeiten..\r\nDarf ich mir einen Asylanten als trüffelschwein holen??????""}]"
1057880600917029,"Genau das ist doch schon seit hundert Jahren so gewollt von den Zionisten das Deutschland geschwaecht wird, weil ein schwaches Deutschland zieht ganz Europa mit runter. Und die Zionisten in den USA und Israel freuen sich das solch eine kriminelle regierung in Deutschland an der macht ist.",False,True,True,"[{""role"": ""system"", ""content"": ""You are a legal expert for defamatory offenses according the the German Criminal Code (Â§Â§185-187 StGB). Help the user decide whether given posts fall within in the scope of these articles.""}, {""role"": ""user"", ""content"": ""Is the following post criminally relevant with respect to Â§Â§185-187 StGB (Defamatory Offense)? Answer only with 'True' (criminally relevant according to Â§Â§185-187 StGB) or 'False' (not criminally relevant according to Â§Â§185-187 StGB).""}, {""role"": ""user"", ""content"": ""Genau das ist doch schon seit hundert Jahren so gewollt von den Zionisten das Deutschland geschwaecht wird, weil ein schwaches Deutschland zieht ganz Europa mit runter. Und die Zionisten in den USA und Israel freuen sich das solch eine kriminelle regierung in Deutschland an der macht ist.""}]"
300,"""Weltweit fliehen Mio Menschen v. Krieg ... gemeinsam stehen wir vor großen Herausforderungen.""(Murksel) Eigener Krieg als Herausforderung 😂",False,True,True,"[{""role"": ""system"", ""content"": ""You are a legal expert for defamatory offenses according the the German Criminal Code (Â§Â§185-187 StGB). Help the user decide whether given posts fall within in the scope of these articles.""}, {""role"": ""user"", ""content"": ""Is the following post criminally relevant with respect to Â§Â§185-187 StGB (Defamatory Offense)? Answer only with 'True' (criminally relevant according to Â§Â§185-187 StGB) or 'False' (not criminally relevant according to Â§Â§185-187 StGB).""}, {""role"": ""user"", ""content"": ""\""Weltweit fliehen Mio Menschen v. Krieg ... gemeinsam stehen wir vor großen Herausforderungen.\""(Murksel) Eigener Krieg als Herausforderung 😂""}]"
761,"Scheiss-Klimaschützer. Für Geschwindigkeitsbeschränkung, aber |LBR| die Flieger und die Kreuzfahrtschiffe blasen weiter die Umwelt voll.",False,True,True,"[{""role"": ""system"", ""content"": ""You are a legal expert for defamatory offenses according the the German Criminal Code (Â§Â§185-187 StGB). Help the user decide whether given posts fall within in the scope of these articles.""}, {""role"": ""user"", ""content"": ""Is the following post criminally relevant with respect to Â§Â§185-187 StGB (Defamatory Offense)? Answer only with 'True' (criminally relevant according to Â§Â§185-187 StGB) or 'False' (not criminally relevant according to Â§Â§185-187 StGB).""}, {""role"": ""user"", ""content"": ""Scheiss-Klimaschützer. Für Geschwindigkeitsbeschränkung, aber |LBR| die Flieger und die Kreuzfahrtschiffe blasen weiter die Umwelt voll.""}]"
401,@kefer83512 @welt |LBR| Tiraden gibt es nur von Deutschland / EU gegen Trump und nicht umgekehrt |LBR| #manipulationspresse,False,False,False,"[{""role"": ""system"", ""content"": ""You are a legal expert for defamatory offenses according the the German Criminal Code (Â§Â§185-187 StGB). Help the user decide whether given posts fall within in the scope of these articles.""}, {""role"": ""user"", ""content"": ""Is the following post criminally relevant with respect to Â§Â§185-187 StGB (Defamatory Offense)? Answer only with 'True' (criminally relevant according to Â§Â§185-187 StGB) or 'False' (not criminally relevant according to Â§Â§185-187 StGB).""}, {""role"": ""user"", ""content"": ""@kefer83512 @welt |LBR| Tiraden gibt es nur von Deutschland / EU gegen Trump und nicht umgekehrt |LBR| #manipulationspresse""}]"
882681151770309,Die armen Vergewalniger und Schmachotzylanten :(,False,False,False,"[{""role"": ""system"", ""content"": ""You are a legal expert for defamatory offenses according the the German Criminal Code (Â§Â§185-187 StGB). Help the user decide whether given posts fall within in the scope of these articles.""}, {""role"": ""user"", ""content"": ""Is the following post criminally relevant with respect to Â§Â§185-187 StGB (Defamatory Offense)? Answer only with 'True' (criminally relevant according to Â§Â§185-187 StGB) or 'False' (not criminally relevant according to Â§Â§185-187 StGB).""}, {""role"": ""user"", ""content"": ""Die armen Vergewalniger und Schmachotzylanten :(""}]"
951527141552376,"Immer dieses Wort ""vorübergehend"". Als würden wir nicht alle schon längst wissen, was wir von diesem ""vorübergehend"" zu halten haben. Wenn das alles so ""vorübergehend"" ist, dann habe ich mal folgende Frage: Warum, zum Teufel, bleiben die dann alle für den Rest ihres Lebens hier????",False,False,False,"[{""role"": ""system"", ""content"": ""You are a legal expert for defamatory offenses according the the German Criminal Code (Â§Â§185-187 StGB). Help the user decide whether given posts fall within in the scope of these articles.""}, {""role"": ""user"", ""content"": ""Is the following post criminally relevant with respect to Â§Â§185-187 StGB (Defamatory Offense)? Answer only with 'True' (criminally relevant according to Â§Â§185-187 StGB) or 'False' (not criminally relevant according to Â§Â§185-187 StGB).""}, {""role"": ""user"", ""content"": ""Immer dieses Wort \""vorübergehend\"". Als würden wir nicht alle schon längst wissen, was wir von diesem \""vorübergehend\"" zu halten haben. Wenn das alles so \""vorübergehend\"" ist, dann habe ich mal folgende Frage: Warum, zum Teufel, bleiben die dann alle für den Rest ihres Lebens hier????""}]"
1095900310448391,Gleich alle grün und blau schlagen was anderes kennen die doch nicht .,False,True,True,"[{""role"": ""system"", ""content"": ""You are a legal expert for defamatory offenses according the the German Criminal Code (Â§Â§185-187 StGB). Help the user decide whether given posts fall within in the scope of these articles.""}, {""role"": ""user"", ""content"": ""Is the following post criminally relevant with respect to Â§Â§185-187 StGB (Defamatory Offense)? Answer only with 'True' (criminally relevant according to Â§Â§185-187 StGB) or 'False' (not criminally relevant according to Â§Â§185-187 StGB).""}, {""role"": ""user"", ""content"": ""Gleich alle grün und blau schlagen was anderes kennen die doch nicht .""}]"
960871470617943,"Ich versteh nich warum man erst darüber diskutiert. 
Man nehme alle Wirtschaftsflüchtlinge und bringe sie zum nächsten Flughafen. Tschüss #asylbetrüger",False,True,True,"[{""role"": ""system"", ""content"": ""You are a legal expert for defamatory offenses according the the German Criminal Code (Â§Â§185-187 StGB). Help the user decide whether given posts fall within in the scope of these articles.""}, {""role"": ""user"", ""content"": ""Is the following post criminally relevant with respect to Â§Â§185-187 StGB (Defamatory Offense)? Answer only with 'True' (criminally relevant according to Â§Â§185-187 StGB) or 'False' (not criminally relevant according to Â§Â§185-187 StGB).""}, {""role"": ""user"", ""content"": ""Ich versteh nich warum man erst darüber diskutiert. \r\nMan nehme alle Wirtschaftsflüchtlinge und bringe sie zum nächsten Flughafen. Tschüss #asylbetrüger""}]"
511,War doch klar das diese kriminelle Volksverräterin da mitmischt!!! |LBR| Merkel gehört sofort entmachtet und vor Gericht gestellt!!!,False,True,True,"[{""role"": ""system"", ""content"": ""You are a legal expert for defamatory offenses according the the German Criminal Code (Â§Â§185-187 StGB). Help the user decide whether given posts fall within in the scope of these articles.""}, {""role"": ""user"", ""content"": ""Is the following post criminally relevant with respect to Â§Â§185-187 StGB (Defamatory Offense)? Answer only with 'True' (criminally relevant according to Â§Â§185-187 StGB) or 'False' (not criminally relevant according to Â§Â§185-187 StGB).""}, {""role"": ""user"", ""content"": ""War doch klar das diese kriminelle Volksverräterin da mitmischt!!! |LBR| Merkel gehört sofort entmachtet und vor Gericht gestellt!!!""}]"
900,@Sepiroth1986 In den Gulagexpress und dann ab ins sibirische arbeitslager,False,True,True,"[{""role"": ""system"", ""content"": ""You are a legal expert for defamatory offenses according the the German Criminal Code (Â§Â§185-187 StGB). Help the user decide whether given posts fall within in the scope of these articles.""}, {""role"": ""user"", ""content"": ""Is the following post criminally relevant with respect to Â§Â§185-187 StGB (Defamatory Offense)? Answer only with 'True' (criminally relevant according to Â§Â§185-187 StGB) or 'False' (not criminally relevant according to Â§Â§185-187 StGB).""}, {""role"": ""user"", ""content"": ""@Sepiroth1986 In den Gulagexpress und dann ab ins sibirische arbeitslager""}]"
1396,@noaIuna wusste schon immer sies fake dumme hure,True,True,True,"[{""role"": ""system"", ""content"": ""You are a legal expert for defamatory offenses according the the German Criminal Code (Â§Â§185-187 StGB). Help the user decide whether given posts fall within in the scope of these articles.""}, {""role"": ""user"", ""content"": ""Is the following post criminally relevant with respect to Â§Â§185-187 StGB (Defamatory Offense)? Answer only with 'True' (criminally relevant according to Â§Â§185-187 StGB) or 'False' (not criminally relevant according to Â§Â§185-187 StGB).""}, {""role"": ""user"", ""content"": ""@noaIuna wusste schon immer sies fake dumme hure""}]"
1111337028904719,"NEIN,SIE MUSSEN EUROPA ISLAMISIEREN.DESWEGEN ,ABER DIE SAUDIS STECHEN DAHINTER.DIESE SEHR REICHE AFFEN BEZAHLEN ALLES BIS DIE MUSLIME IN EUROPA ANKOMMEN.",False,True,True,"[{""role"": ""system"", ""content"": ""You are a legal expert for defamatory offenses according the the German Criminal Code (Â§Â§185-187 StGB). Help the user decide whether given posts fall within in the scope of these articles.""}, {""role"": ""user"", ""content"": ""Is the following post criminally relevant with respect to Â§Â§185-187 StGB (Defamatory Offense)? Answer only with 'True' (criminally relevant according to Â§Â§185-187 StGB) or 'False' (not criminally relevant according to Â§Â§185-187 StGB).""}, {""role"": ""user"", ""content"": ""NEIN,SIE MUSSEN EUROPA ISLAMISIEREN.DESWEGEN ,ABER DIE SAUDIS STECHEN DAHINTER.DIESE SEHR REICHE AFFEN BEZAHLEN ALLES BIS DIE MUSLIME IN EUROPA ANKOMMEN.""}]"
1111820208856401,integration?zunächst einmal muß der unberechtigte asylanspruch abgeschmettert werden und schleunigst darauf die ausweisung aus deutschland,False,False,False,"[{""role"": ""system"", ""content"": ""You are a legal expert for defamatory offenses according the the German Criminal Code (Â§Â§185-187 StGB). Help the user decide whether given posts fall within in the scope of these articles.""}, {""role"": ""user"", ""content"": ""Is the following post criminally relevant with respect to Â§Â§185-187 StGB (Defamatory Offense)? Answer only with 'True' (criminally relevant according to Â§Â§185-187 StGB) or 'False' (not criminally relevant according to Â§Â§185-187 StGB).""}, {""role"": ""user"", ""content"": ""integration?zunächst einmal muß der unberechtigte asylanspruch abgeschmettert werden und schleunigst darauf die ausweisung aus deutschland""}]"
857771184261306,"Andi, es geht hier nicht um Asylbewerber. Es geht hier um abgelehnte Asylbewerber. Die sind ein Problem. Denn diese wollen zu einem Prozentsatz um die 90 nicht nach Hause und verhindern ihre Abschiebung durch Verschweigen ihrer Identität. Dass Problem ist, dass dies nur durch 39(!) Euro pro Jahr sanktionierbar ist. Während du, wenn betroffen, vom Jobcenter oder vom Sozialamt, bei fehlender Mitwirkung bis zu 100% sanktionierbar bist. Merkst du was? Du ist ein Fehler in der Matrix!  Und der darf nicht länger totgeschwiegen werden. Da müssen die Gesetze geändert werden und zwar schnell.",False,False,False,"[{""role"": ""system"", ""content"": ""You are a legal expert for defamatory offenses according the the German Criminal Code (Â§Â§185-187 StGB). Help the user decide whether given posts fall within in the scope of these articles.""}, {""role"": ""user"", ""content"": ""Is the following post criminally relevant with respect to Â§Â§185-187 StGB (Defamatory Offense)? Answer only with 'True' (criminally relevant according to Â§Â§185-187 StGB) or 'False' (not criminally relevant according to Â§Â§185-187 StGB).""}, {""role"": ""user"", ""content"": ""Andi, es geht hier nicht um Asylbewerber. Es geht hier um abgelehnte Asylbewerber. Die sind ein Problem. Denn diese wollen zu einem Prozentsatz um die 90 nicht nach Hause und verhindern ihre Abschiebung durch Verschweigen ihrer Identität. Dass Problem ist, dass dies nur durch 39(!) Euro pro Jahr sanktionierbar ist. Während du, wenn betroffen, vom Jobcenter oder vom Sozialamt, bei fehlender Mitwirkung bis zu 100% sanktionierbar bist. Merkst du was? Du ist ein Fehler in der Matrix!  Und der darf nicht länger totgeschwiegen werden. Da müssen die Gesetze geändert werden und zwar schnell.""}]"
1096043963767359,"warum schafft man diese bankrotten herumtreiber nicht dahin zurück, wo sie herkamen ?",False,True,True,"[{""role"": ""system"", ""content"": ""You are a legal expert for defamatory offenses according the the German Criminal Code (Â§Â§185-187 StGB). Help the user decide whether given posts fall within in the scope of these articles.""}, {""role"": ""user"", ""content"": ""Is the following post criminally relevant with respect to Â§Â§185-187 StGB (Defamatory Offense)? Answer only with 'True' (criminally relevant according to Â§Â§185-187 StGB) or 'False' (not criminally relevant according to Â§Â§185-187 StGB).""}, {""role"": ""user"", ""content"": ""warum schafft man diese bankrotten herumtreiber nicht dahin zurück, wo sie herkamen ?""}]"
1111331698905252,"ich lach mich scheckig...Gut!!! Problem ist, da die Assys Bargeld wollen/brauchen, werden wohl noch mehr Überfälle standfinden.",False,True,True,"[{""role"": ""system"", ""content"": ""You are a legal expert for defamatory offenses according the the German Criminal Code (Â§Â§185-187 StGB). Help the user decide whether given posts fall within in the scope of these articles.""}, {""role"": ""user"", ""content"": ""Is the following post criminally relevant with respect to Â§Â§185-187 StGB (Defamatory Offense)? Answer only with 'True' (criminally relevant according to Â§Â§185-187 StGB) or 'False' (not criminally relevant according to Â§Â§185-187 StGB).""}, {""role"": ""user"", ""content"": ""ich lach mich scheckig...Gut!!! Problem ist, da die Assys Bargeld wollen/brauchen, werden wohl noch mehr Überfälle standfinden.""}]"
1660,@Artizan06902279 @SLoggen @milliyetci69 @ArminLaschet @DrGilYaron Wenn du stirbst pisse ich auf dein garb,True,True,True,"[{""role"": ""system"", ""content"": ""You are a legal expert for defamatory offenses according the the German Criminal Code (Â§Â§185-187 StGB). Help the user decide whether given posts fall within in the scope of these articles.""}, {""role"": ""user"", ""content"": ""Is the following post criminally relevant with respect to Â§Â§185-187 StGB (Defamatory Offense)? Answer only with 'True' (criminally relevant according to Â§Â§185-187 StGB) or 'False' (not criminally relevant according to Â§Â§185-187 StGB).""}, {""role"": ""user"", ""content"": ""@Artizan06902279 @SLoggen @milliyetci69 @ArminLaschet @DrGilYaron Wenn du stirbst pisse ich auf dein garb""}]"
960898337281923,gar ne erst rein lassen da braucht man die auch nicht abschieben,False,True,True,"[{""role"": ""system"", ""content"": ""You are a legal expert for defamatory offenses according the the German Criminal Code (Â§Â§185-187 StGB). Help the user decide whether given posts fall within in the scope of these articles.""}, {""role"": ""user"", ""content"": ""Is the following post criminally relevant with respect to Â§Â§185-187 StGB (Defamatory Offense)? Answer only with 'True' (criminally relevant according to Â§Â§185-187 StGB) or 'False' (not criminally relevant according to Â§Â§185-187 StGB).""}, {""role"": ""user"", ""content"": ""gar ne erst rein lassen da braucht man die auch nicht abschieben""}]"
894896560548768,"Irgendwie bin ich sprachlos, ich hab Herrn Todenhöfer mehr Verstand zugetraut! PEGIDA als Pest zu bezeichnen ist einfach nur erbärmlich !",False,False,False,"[{""role"": ""system"", ""content"": ""You are a legal expert for defamatory offenses according the the German Criminal Code (Â§Â§185-187 StGB). Help the user decide whether given posts fall within in the scope of these articles.""}, {""role"": ""user"", ""content"": ""Is the following post criminally relevant with respect to Â§Â§185-187 StGB (Defamatory Offense)? Answer only with 'True' (criminally relevant according to Â§Â§185-187 StGB) or 'False' (not criminally relevant according to Â§Â§185-187 StGB).""}, {""role"": ""user"", ""content"": ""Irgendwie bin ich sprachlos, ich hab Herrn Todenhöfer mehr Verstand zugetraut! PEGIDA als Pest zu bezeichnen ist einfach nur erbärmlich !""}]"
1096065740431848,"Flüchtlinge sind junge wohlgenährte Menschen, welche in fremden Ländern lauthals protestieren?!?!?!

hmmmm.....

.....Wirklich Flüchtlinge?",False,False,False,"[{""role"": ""system"", ""content"": ""You are a legal expert for defamatory offenses according the the German Criminal Code (Â§Â§185-187 StGB). Help the user decide whether given posts fall within in the scope of these articles.""}, {""role"": ""user"", ""content"": ""Is the following post criminally relevant with respect to Â§Â§185-187 StGB (Defamatory Offense)? Answer only with 'True' (criminally relevant according to Â§Â§185-187 StGB) or 'False' (not criminally relevant according to Â§Â§185-187 StGB).""}, {""role"": ""user"", ""content"": ""Flüchtlinge sind junge wohlgenährte Menschen, welche in fremden Ländern lauthals protestieren?!?!?!\r\n\r\nhmmmm.....\r\n\r\n.....Wirklich Flüchtlinge?""}]"
1134361356602286,"frau merkel wenn man sie als sprecherin der invasoren kennengelernt hat reicht das vollkommen aus um zu wissen wer uns die ganze scheiße eingebrockt hat, also bitte keine empfehlungen ausgerechnet von ihnen. nein danke",False,True,True,"[{""role"": ""system"", ""content"": ""You are a legal expert for defamatory offenses according the the German Criminal Code (Â§Â§185-187 StGB). Help the user decide whether given posts fall within in the scope of these articles.""}, {""role"": ""user"", ""content"": ""Is the following post criminally relevant with respect to Â§Â§185-187 StGB (Defamatory Offense)? Answer only with 'True' (criminally relevant according to Â§Â§185-187 StGB) or 'False' (not criminally relevant according to Â§Â§185-187 StGB).""}, {""role"": ""user"", ""content"": ""frau merkel wenn man sie als sprecherin der invasoren kennengelernt hat reicht das vollkommen aus um zu wissen wer uns die ganze scheiße eingebrockt hat, also bitte keine empfehlungen ausgerechnet von ihnen. nein danke""}]"
635,@Ralf_Stegner Also...ich mag Stegner oder das etwas Schulz...die dicke Nahles und der kleine unterernährte Heiko gefällt mir auch gut... |LBR| Nur mit diesen in den Reihen schaffen wir die ersehnte unter15% Hürde.....👏👏👏👏👍👍👍,False,True,True,"[{""role"": ""system"", ""content"": ""You are a legal expert for defamatory offenses according the the German Criminal Code (Â§Â§185-187 StGB). Help the user decide whether given posts fall within in the scope of these articles.""}, {""role"": ""user"", ""content"": ""Is the following post criminally relevant with respect to Â§Â§185-187 StGB (Defamatory Offense)? Answer only with 'True' (criminally relevant according to Â§Â§185-187 StGB) or 'False' (not criminally relevant according to Â§Â§185-187 StGB).""}, {""role"": ""user"", ""content"": ""@Ralf_Stegner Also...ich mag Stegner oder das etwas Schulz...die dicke Nahles und der kleine unterernährte Heiko gefällt mir auch gut... |LBR| Nur mit diesen in den Reihen schaffen wir die ersehnte unter15% Hürde.....👏👏👏👏👍👍👍""}]"
946777355360688,"O.o ??? hmmmm gab da mal was, das nannte man die Französische Revolution , hat n lustiges Ende für die am Volk schmarotzenden Gestalten da oben genommen ^-^ ;) .",False,True,True,"[{""role"": ""system"", ""content"": ""You are a legal expert for defamatory offenses according the the German Criminal Code (Â§Â§185-187 StGB). Help the user decide whether given posts fall within in the scope of these articles.""}, {""role"": ""user"", ""content"": ""Is the following post criminally relevant with respect to Â§Â§185-187 StGB (Defamatory Offense)? Answer only with 'True' (criminally relevant according to Â§Â§185-187 StGB) or 'False' (not criminally relevant according to Â§Â§185-187 StGB).""}, {""role"": ""user"", ""content"": ""O.o ??? hmmmm gab da mal was, das nannte man die Französische Revolution , hat n lustiges Ende für die am Volk schmarotzenden Gestalten da oben genommen ^-^ ;) .""}]"
1134118663293222,Erdomerkel kann nichts dafür sie weiß nicht was sie tut.,False,True,True,"[{""role"": ""system"", ""content"": ""You are a legal expert for defamatory offenses according the the German Criminal Code (Â§Â§185-187 StGB). Help the user decide whether given posts fall within in the scope of these articles.""}, {""role"": ""user"", ""content"": ""Is the following post criminally relevant with respect to Â§Â§185-187 StGB (Defamatory Offense)? Answer only with 'True' (criminally relevant according to Â§Â§185-187 StGB) or 'False' (not criminally relevant according to Â§Â§185-187 StGB).""}, {""role"": ""user"", ""content"": ""Erdomerkel kann nichts dafür sie weiß nicht was sie tut.""}]"
1152512101453878,"Das Verhalten der AWO ist diskriminierend und dient der Hetze. Ganz ehrlich, diese ganzen möchte-gerne-Wohlfahrtsverbände sind keine zu empfehlenden Arbeitgeber. Alles Heuchler, bei denen es auch nur ums Geld geht.",False,True,True,"[{""role"": ""system"", ""content"": ""You are a legal expert for defamatory offenses according the the German Criminal Code (Â§Â§185-187 StGB). Help the user decide whether given posts fall within in the scope of these articles.""}, {""role"": ""user"", ""content"": ""Is the following post criminally relevant with respect to Â§Â§185-187 StGB (Defamatory Offense)? Answer only with 'True' (criminally relevant according to Â§Â§185-187 StGB) or 'False' (not criminally relevant according to Â§Â§185-187 StGB).""}, {""role"": ""user"", ""content"": ""Das Verhalten der AWO ist diskriminierend und dient der Hetze. Ganz ehrlich, diese ganzen möchte-gerne-Wohlfahrtsverbände sind keine zu empfehlenden Arbeitgeber. Alles Heuchler, bei denen es auch nur ums Geld geht.""}]"
972343526137404,Bist auch so ein verschissener linker? Dann halt die Klappe du Knaller :@,True,True,True,"[{""role"": ""system"", ""content"": ""You are a legal expert for defamatory offenses according the the German Criminal Code (Â§Â§185-187 StGB). Help the user decide whether given posts fall within in the scope of these articles.""}, {""role"": ""user"", ""content"": ""Is the following post criminally relevant with respect to Â§Â§185-187 StGB (Defamatory Offense)? Answer only with 'True' (criminally relevant according to Â§Â§185-187 StGB) or 'False' (not criminally relevant according to Â§Â§185-187 StGB).""}, {""role"": ""user"", ""content"": ""Bist auch so ein verschissener linker? Dann halt die Klappe du Knaller :@""}]"
945887198783037,"Kann ich bei euch Asyl beantragen? Ich komme aus München und will gern flüchten, weil mir dieses Dreckspack gewaltig auf den Sender geht. Ich habe zwar bei der letzten Wahl das kreuz an der richtigen Stelle gemacht, aber leider hat es nicht gereicht :(",False,True,True,"[{""role"": ""system"", ""content"": ""You are a legal expert for defamatory offenses according the the German Criminal Code (Â§Â§185-187 StGB). Help the user decide whether given posts fall within in the scope of these articles.""}, {""role"": ""user"", ""content"": ""Is the following post criminally relevant with respect to Â§Â§185-187 StGB (Defamatory Offense)? Answer only with 'True' (criminally relevant according to Â§Â§185-187 StGB) or 'False' (not criminally relevant according to Â§Â§185-187 StGB).""}, {""role"": ""user"", ""content"": ""Kann ich bei euch Asyl beantragen? Ich komme aus München und will gern flüchten, weil mir dieses Dreckspack gewaltig auf den Sender geht. Ich habe zwar bei der letzten Wahl das kreuz an der richtigen Stelle gemacht, aber leider hat es nicht gereicht :(""}]"
856797421025349,"Wie sagte Tillich heute,der ISLAM gehört nicht nach Sachsen! Recht hat er! Der ganze ISLAM gehört nicht nach Deutschland !! Auch wenn dieser Steinmeier und seine Kumpels uns was anderes verkaufen wollen!!!",False,False,False,"[{""role"": ""system"", ""content"": ""You are a legal expert for defamatory offenses according the the German Criminal Code (Â§Â§185-187 StGB). Help the user decide whether given posts fall within in the scope of these articles.""}, {""role"": ""user"", ""content"": ""Is the following post criminally relevant with respect to Â§Â§185-187 StGB (Defamatory Offense)? Answer only with 'True' (criminally relevant according to Â§Â§185-187 StGB) or 'False' (not criminally relevant according to Â§Â§185-187 StGB).""}, {""role"": ""user"", ""content"": ""Wie sagte Tillich heute,der ISLAM gehört nicht nach Sachsen! Recht hat er! Der ganze ISLAM gehört nicht nach Deutschland !! Auch wenn dieser Steinmeier und seine Kumpels uns was anderes verkaufen wollen!!!""}]"
856999854338439,Nein Akif Kokser.Wir sind das Volk!Das deutsche Volk das Elemente wie dich hier nicht mehr haben will!!!Was sagst du?,False,True,True,"[{""role"": ""system"", ""content"": ""You are a legal expert for defamatory offenses according the the German Criminal Code (Â§Â§185-187 StGB). Help the user decide whether given posts fall within in the scope of these articles.""}, {""role"": ""user"", ""content"": ""Is the following post criminally relevant with respect to Â§Â§185-187 StGB (Defamatory Offense)? Answer only with 'True' (criminally relevant according to Â§Â§185-187 StGB) or 'False' (not criminally relevant according to Â§Â§185-187 StGB).""}, {""role"": ""user"", ""content"": ""Nein Akif Kokser.Wir sind das Volk!Das deutsche Volk das Elemente wie dich hier nicht mehr haben will!!!Was sagst du?""}]"
995,"Den meisten Polen ist bewusst, dass Murksel u. ihre Chaoten Dtl. u. Europa mit den ""Gästen"" ins Chaos stürzten - den NRW-Wahlschafen nicht 🤢",False,True,True,"[{""role"": ""system"", ""content"": ""You are a legal expert for defamatory offenses according the the German Criminal Code (Â§Â§185-187 StGB). Help the user decide whether given posts fall within in the scope of these articles.""}, {""role"": ""user"", ""content"": ""Is the following post criminally relevant with respect to Â§Â§185-187 StGB (Defamatory Offense)? Answer only with 'True' (criminally relevant according to Â§Â§185-187 StGB) or 'False' (not criminally relevant according to Â§Â§185-187 StGB).""}, {""role"": ""user"", ""content"": ""Den meisten Polen ist bewusst, dass Murksel u. ihre Chaoten Dtl. u. Europa mit den \""Gästen\"" ins Chaos stürzten - den NRW-Wahlschafen nicht 🤢""}]"
895481103823647,"hat sich je ein asylant davon distanziert, wenn er seine eigene unterkunft angezündet hat und damit seine mitbewohner gefährdet hat? also warum wird hier mit zweierlei maß gemessen?",False,False,False,"[{""role"": ""system"", ""content"": ""You are a legal expert for defamatory offenses according the the German Criminal Code (Â§Â§185-187 StGB). Help the user decide whether given posts fall within in the scope of these articles.""}, {""role"": ""user"", ""content"": ""Is the following post criminally relevant with respect to Â§Â§185-187 StGB (Defamatory Offense)? Answer only with 'True' (criminally relevant according to Â§Â§185-187 StGB) or 'False' (not criminally relevant according to Â§Â§185-187 StGB).""}, {""role"": ""user"", ""content"": ""hat sich je ein asylant davon distanziert, wenn er seine eigene unterkunft angezündet hat und damit seine mitbewohner gefährdet hat? also warum wird hier mit zweierlei maß gemessen?""}]"
739,"Wer heute vorbestraft ist, hat gute Chancen im Bundestag zu sitzen. Volker Beck ist ein gutes Beispiel.",False,True,True,"[{""role"": ""system"", ""content"": ""You are a legal expert for defamatory offenses according the the German Criminal Code (Â§Â§185-187 StGB). Help the user decide whether given posts fall within in the scope of these articles.""}, {""role"": ""user"", ""content"": ""Is the following post criminally relevant with respect to Â§Â§185-187 StGB (Defamatory Offense)? Answer only with 'True' (criminally relevant according to Â§Â§185-187 StGB) or 'False' (not criminally relevant according to Â§Â§185-187 StGB).""}, {""role"": ""user"", ""content"": ""Wer heute vorbestraft ist, hat gute Chancen im Bundestag zu sitzen. Volker Beck ist ein gutes Beispiel.""}]"
994,@66Freedom66 @krippmarie Die Kanackenweiber sind die schlimmsten....,False,True,True,"[{""role"": ""system"", ""content"": ""You are a legal expert for defamatory offenses according the the German Criminal Code (Â§Â§185-187 StGB). Help the user decide whether given posts fall within in the scope of these articles.""}, {""role"": ""user"", ""content"": ""Is the following post criminally relevant with respect to Â§Â§185-187 StGB (Defamatory Offense)? Answer only with 'True' (criminally relevant according to Â§Â§185-187 StGB) or 'False' (not criminally relevant according to Â§Â§185-187 StGB).""}, {""role"": ""user"", ""content"": ""@66Freedom66 @krippmarie Die Kanackenweiber sind die schlimmsten....""}]"
393,@welt Wen Interessiert schon was der kleine Wicht ruft. Jerusalem ist die Hauptstadt Israels. Basta.,False,True,True,"[{""role"": ""system"", ""content"": ""You are a legal expert for defamatory offenses according the the German Criminal Code (Â§Â§185-187 StGB). Help the user decide whether given posts fall within in the scope of these articles.""}, {""role"": ""user"", ""content"": ""Is the following post criminally relevant with respect to Â§Â§185-187 StGB (Defamatory Offense)? Answer only with 'True' (criminally relevant according to Â§Â§185-187 StGB) or 'False' (not criminally relevant according to Â§Â§185-187 StGB).""}, {""role"": ""user"", ""content"": ""@welt Wen Interessiert schon was der kleine Wicht ruft. Jerusalem ist die Hauptstadt Israels. Basta.""}]"
1043591835679239,"Man braucht gar keine Comedy-Sendungen mehr, die Politiker und Schreihals-Journalisten sind witzig genug :-D  Fordern ""für sich"" Meinungsfreiheit und sterben fast am Herzinfarkt, weil se ne Mistgabel sehen...Lächerlich",False,True,True,"[{""role"": ""system"", ""content"": ""You are a legal expert for defamatory offenses according the the German Criminal Code (Â§Â§185-187 StGB). Help the user decide whether given posts fall within in the scope of these articles.""}, {""role"": ""user"", ""content"": ""Is the following post criminally relevant with respect to Â§Â§185-187 StGB (Defamatory Offense)? Answer only with 'True' (criminally relevant according to Â§Â§185-187 StGB) or 'False' (not criminally relevant according to Â§Â§185-187 StGB).""}, {""role"": ""user"", ""content"": ""Man braucht gar keine Comedy-Sendungen mehr, die Politiker und Schreihals-Journalisten sind witzig genug :-D  Fordern \""für sich\"" Meinungsfreiheit und sterben fast am Herzinfarkt, weil se ne Mistgabel sehen...Lächerlich""}]"
982674275104329,"Da ist nur ein Problem  , die will nie bleiben in Ungarn oder in Tschechei die will alle nach Deutschland. Und immer noch die 70% Schrein willkommen. Das ist das Problem. Wen ich bin jetzt Nazi, mir egal. Wen die Asylbewerber kann sich mit  Waffen besorgen, kann auch jede. In Deutschland gebe in jedem 5 laden offiziell genug Waffen jede Art",False,False,False,"[{""role"": ""system"", ""content"": ""You are a legal expert for defamatory offenses according the the German Criminal Code (Â§Â§185-187 StGB). Help the user decide whether given posts fall within in the scope of these articles.""}, {""role"": ""user"", ""content"": ""Is the following post criminally relevant with respect to Â§Â§185-187 StGB (Defamatory Offense)? Answer only with 'True' (criminally relevant according to Â§Â§185-187 StGB) or 'False' (not criminally relevant according to Â§Â§185-187 StGB).""}, {""role"": ""user"", ""content"": ""Da ist nur ein Problem  , die will nie bleiben in Ungarn oder in Tschechei die will alle nach Deutschland. Und immer noch die 70% Schrein willkommen. Das ist das Problem. Wen ich bin jetzt Nazi, mir egal. Wen die Asylbewerber kann sich mit  Waffen besorgen, kann auch jede. In Deutschland gebe in jedem 5 laden offiziell genug Waffen jede Art""}]"
471,"Pünktlich zum Wahlkampfauftakt ermittelt der ""Brüsseler Sumpf"" gg. Schulz 😜 Brücke bauen, 100TSD Kühe rüber und zuscheißen dieses ""Nest"" 🤢",False,True,True,"[{""role"": ""system"", ""content"": ""You are a legal expert for defamatory offenses according the the German Criminal Code (Â§Â§185-187 StGB). Help the user decide whether given posts fall within in the scope of these articles.""}, {""role"": ""user"", ""content"": ""Is the following post criminally relevant with respect to Â§Â§185-187 StGB (Defamatory Offense)? Answer only with 'True' (criminally relevant according to Â§Â§185-187 StGB) or 'False' (not criminally relevant according to Â§Â§185-187 StGB).""}, {""role"": ""user"", ""content"": ""Pünktlich zum Wahlkampfauftakt ermittelt der \""Brüsseler Sumpf\"" gg. Schulz 😜 Brücke bauen, 100TSD Kühe rüber und zuscheißen dieses \""Nest\"" 🤢""}]"
1055215207850235,Das ist jetzt aber übertrieben so lang es Frauen sind okay aber die Männer sollten endlich mal in den Krieg ziehen wir würden das selbe tun und nicht flüchten. Alles Feiglinge,False,True,True,"[{""role"": ""system"", ""content"": ""You are a legal expert for defamatory offenses according the the German Criminal Code (Â§Â§185-187 StGB). Help the user decide whether given posts fall within in the scope of these articles.""}, {""role"": ""user"", ""content"": ""Is the following post criminally relevant with respect to Â§Â§185-187 StGB (Defamatory Offense)? Answer only with 'True' (criminally relevant according to Â§Â§185-187 StGB) or 'False' (not criminally relevant according to Â§Â§185-187 StGB).""}, {""role"": ""user"", ""content"": ""Das ist jetzt aber übertrieben so lang es Frauen sind okay aber die Männer sollten endlich mal in den Krieg ziehen wir würden das selbe tun und nicht flüchten. Alles Feiglinge""}]"
1644,@milliyetci69 @ArminLaschet @DrGilYaron Geh kacken du Opfer!,True,True,True,"[{""role"": ""system"", ""content"": ""You are a legal expert for defamatory offenses according the the German Criminal Code (Â§Â§185-187 StGB). Help the user decide whether given posts fall within in the scope of these articles.""}, {""role"": ""user"", ""content"": ""Is the following post criminally relevant with respect to Â§Â§185-187 StGB (Defamatory Offense)? Answer only with 'True' (criminally relevant according to Â§Â§185-187 StGB) or 'False' (not criminally relevant according to Â§Â§185-187 StGB).""}, {""role"": ""user"", ""content"": ""@milliyetci69 @ArminLaschet @DrGilYaron Geh kacken du Opfer!""}]"
720,@KaiserDesRap Edeka soll mal früher aufmachen die Hurensöhne,False,True,True,"[{""role"": ""system"", ""content"": ""You are a legal expert for defamatory offenses according the the German Criminal Code (Â§Â§185-187 StGB). Help the user decide whether given posts fall within in the scope of these articles.""}, {""role"": ""user"", ""content"": ""Is the following post criminally relevant with respect to Â§Â§185-187 StGB (Defamatory Offense)? Answer only with 'True' (criminally relevant according to Â§Â§185-187 StGB) or 'False' (not criminally relevant according to Â§Â§185-187 StGB).""}, {""role"": ""user"", ""content"": ""@KaiserDesRap Edeka soll mal früher aufmachen die Hurensöhne""}]"
1035121379859618,"Ich denke mal schon, nicht um sonst nehmen diese Säcke Pegida unter Beschuß. Muß dir aber auch Recht geben, nur mit Spaziergehen wird es schwer, vor allem wo. Am besten in Berlin und ich denke mal ne halbe Million würde mindenstes vor Ort sein ohne der linken Terrorbande.",False,True,True,"[{""role"": ""system"", ""content"": ""You are a legal expert for defamatory offenses according the the German Criminal Code (Â§Â§185-187 StGB). Help the user decide whether given posts fall within in the scope of these articles.""}, {""role"": ""user"", ""content"": ""Is the following post criminally relevant with respect to Â§Â§185-187 StGB (Defamatory Offense)? Answer only with 'True' (criminally relevant according to Â§Â§185-187 StGB) or 'False' (not criminally relevant according to Â§Â§185-187 StGB).""}, {""role"": ""user"", ""content"": ""Ich denke mal schon, nicht um sonst nehmen diese Säcke Pegida unter Beschuß. Muß dir aber auch Recht geben, nur mit Spaziergehen wird es schwer, vor allem wo. Am besten in Berlin und ich denke mal ne halbe Million würde mindenstes vor Ort sein ohne der linken Terrorbande.""}]"
1552,einfach ekelhaft die Alte,True,True,True,"[{""role"": ""system"", ""content"": ""You are a legal expert for defamatory offenses according the the German Criminal Code (Â§Â§185-187 StGB). Help the user decide whether given posts fall within in the scope of these articles.""}, {""role"": ""user"", ""content"": ""Is the following post criminally relevant with respect to Â§Â§185-187 StGB (Defamatory Offense)? Answer only with 'True' (criminally relevant according to Â§Â§185-187 StGB) or 'False' (not criminally relevant according to Â§Â§185-187 StGB).""}, {""role"": ""user"", ""content"": ""einfach ekelhaft die Alte""}]"
1568,@Franz_BauerGER Und damit nicht legal aber du hast trotzdem Hand angelegt. |LBR| | LBR| Du Ferkel.,True,True,True,"[{""role"": ""system"", ""content"": ""You are a legal expert for defamatory offenses according the the German Criminal Code (Â§Â§185-187 StGB). Help the user decide whether given posts fall within in the scope of these articles.""}, {""role"": ""user"", ""content"": ""Is the following post criminally relevant with respect to Â§Â§185-187 StGB (Defamatory Offense)? Answer only with 'True' (criminally relevant according to Â§Â§185-187 StGB) or 'False' (not criminally relevant according to Â§Â§185-187 StGB).""}, {""role"": ""user"", ""content"": ""@Franz_BauerGER Und damit nicht legal aber du hast trotzdem Hand angelegt. |LBR| | LBR| Du Ferkel.""}]"
1095995760438846,"So schlecht scheint es den Menschen nicht so zu gehen, die von Krieg verfolgen und traumatisierten. Hmmn....",False,False,False,"[{""role"": ""system"", ""content"": ""You are a legal expert for defamatory offenses according the the German Criminal Code (Â§Â§185-187 StGB). Help the user decide whether given posts fall within in the scope of these articles.""}, {""role"": ""user"", ""content"": ""Is the following post criminally relevant with respect to Â§Â§185-187 StGB (Defamatory Offense)? Answer only with 'True' (criminally relevant according to Â§Â§185-187 StGB) or 'False' (not criminally relevant according to Â§Â§185-187 StGB).""}, {""role"": ""user"", ""content"": ""So schlecht scheint es den Menschen nicht so zu gehen, die von Krieg verfolgen und traumatisierten. Hmmn....""}]"
1105406679497754,"was wollen die spinner, ab nach hause!!!",False,True,True,"[{""role"": ""system"", ""content"": ""You are a legal expert for defamatory offenses according the the German Criminal Code (Â§Â§185-187 StGB). Help the user decide whether given posts fall within in the scope of these articles.""}, {""role"": ""user"", ""content"": ""Is the following post criminally relevant with respect to Â§Â§185-187 StGB (Defamatory Offense)? Answer only with 'True' (criminally relevant according to Â§Â§185-187 StGB) or 'False' (not criminally relevant according to Â§Â§185-187 StGB).""}, {""role"": ""user"", ""content"": ""was wollen die spinner, ab nach hause!!!""}]"
1007175305987559,Der Steinmeier ist ja sowas an blöde. Fiel schon während der Ukraine- Krise mit seinen dummen Kommentaren auf,False,True,True,"[{""role"": ""system"", ""content"": ""You are a legal expert for defamatory offenses according the the German Criminal Code (Â§Â§185-187 StGB). Help the user decide whether given posts fall within in the scope of these articles.""}, {""role"": ""user"", ""content"": ""Is the following post criminally relevant with respect to Â§Â§185-187 StGB (Defamatory Offense)? Answer only with 'True' (criminally relevant according to Â§Â§185-187 StGB) or 'False' (not criminally relevant according to Â§Â§185-187 StGB).""}, {""role"": ""user"", ""content"": ""Der Steinmeier ist ja sowas an blöde. Fiel schon während der Ukraine- Krise mit seinen dummen Kommentaren auf""}]"
1052486301456459,"Die Antifa ist nichts anderes als eine kriminelle Straßengang. Es sind die ersten Ansätze von amerikanischen Verhältnissen. Irgendwann tritt diese Gruppe auch in den Drogenhandel, den Menschenhandel und vor allen Dingen in das Geschäft der Schutzgelderpressung ein !!",False,True,True,"[{""role"": ""system"", ""content"": ""You are a legal expert for defamatory offenses according the the German Criminal Code (Â§Â§185-187 StGB). Help the user decide whether given posts fall within in the scope of these articles.""}, {""role"": ""user"", ""content"": ""Is the following post criminally relevant with respect to Â§Â§185-187 StGB (Defamatory Offense)? Answer only with 'True' (criminally relevant according to Â§Â§185-187 StGB) or 'False' (not criminally relevant according to Â§Â§185-187 StGB).""}, {""role"": ""user"", ""content"": ""Die Antifa ist nichts anderes als eine kriminelle Straßengang. Es sind die ersten Ansätze von amerikanischen Verhältnissen. Irgendwann tritt diese Gruppe auch in den Drogenhandel, den Menschenhandel und vor allen Dingen in das Geschäft der Schutzgelderpressung ein !!""}]"
968065039898586,"Ich lese/höre immer Integration?! Mich würgt es dabei ganz sehr! 

WARUM wird bei Fällen von Asyl zeitgleich von Integration gesprochen? Asyl bedeutet dass die Kellerasseln wieder abflattern wenn der angebliche Krieg vorbei ist!!! 

Es gibt nur eine Möglichkeit! Alle nach Polen.............!!",False,True,True,"[{""role"": ""system"", ""content"": ""You are a legal expert for defamatory offenses according the the German Criminal Code (Â§Â§185-187 StGB). Help the user decide whether given posts fall within in the scope of these articles.""}, {""role"": ""user"", ""content"": ""Is the following post criminally relevant with respect to Â§Â§185-187 StGB (Defamatory Offense)? Answer only with 'True' (criminally relevant according to Â§Â§185-187 StGB) or 'False' (not criminally relevant according to Â§Â§185-187 StGB).""}, {""role"": ""user"", ""content"": ""Ich lese/höre immer Integration?! Mich würgt es dabei ganz sehr! \r\n\r\nWARUM wird bei Fällen von Asyl zeitgleich von Integration gesprochen? Asyl bedeutet dass die Kellerasseln wieder abflattern wenn der angebliche Krieg vorbei ist!!! \r\n\r\nEs gibt nur eine Möglichkeit! Alle nach Polen.............!!""}]"
945439638827793,dreckschweine!!! und ich fuhr mit mein hart verdienten geld nach Dresden....,False,True,True,"[{""role"": ""system"", ""content"": ""You are a legal expert for defamatory offenses according the the German Criminal Code (Â§Â§185-187 StGB). Help the user decide whether given posts fall within in the scope of these articles.""}, {""role"": ""user"", ""content"": ""Is the following post criminally relevant with respect to Â§Â§185-187 StGB (Defamatory Offense)? Answer only with 'True' (criminally relevant according to Â§Â§185-187 StGB) or 'False' (not criminally relevant according to Â§Â§185-187 StGB).""}, {""role"": ""user"", ""content"": ""dreckschweine!!! und ich fuhr mit mein hart verdienten geld nach Dresden....""}]"
1095902660448156,"Ich würd einfach drauf halten....
Was laufen die auch auf offener Strasse rum....und wer nicht hören will muss fühlen ganz einfach...
Langsam aber sicher haben wir echt genug Mitleid und Verständniss gezeigt...und wenn man meint die Gutmütigkeit anderer Menschen SO aus zu nutzen...dann sollte man echt überlegen nicht mal wieder andere Seiten auf zu ziehen....

Game On... Vollgas....",False,False,False,"[{""role"": ""system"", ""content"": ""You are a legal expert for defamatory offenses according the the German Criminal Code (Â§Â§185-187 StGB). Help the user decide whether given posts fall within in the scope of these articles.""}, {""role"": ""user"", ""content"": ""Is the following post criminally relevant with respect to Â§Â§185-187 StGB (Defamatory Offense)? Answer only with 'True' (criminally relevant according to Â§Â§185-187 StGB) or 'False' (not criminally relevant according to Â§Â§185-187 StGB).""}, {""role"": ""user"", ""content"": ""Ich würd einfach drauf halten....\r\nWas laufen die auch auf offener Strasse rum....und wer nicht hören will muss fühlen ganz einfach...\r\nLangsam aber sicher haben wir echt genug Mitleid und Verständniss gezeigt...und wenn man meint die Gutmütigkeit anderer Menschen SO aus zu nutzen...dann sollte man echt überlegen nicht mal wieder andere Seiten auf zu ziehen....\r\n\r\nGame On... Vollgas....""}]"
239,@GabyUlm fröhlicher gruß aus der hauptstadt liebe gaby 🎈,False,False,False,"[{""role"": ""system"", ""content"": ""You are a legal expert for defamatory offenses according the the German Criminal Code (Â§Â§185-187 StGB). Help the user decide whether given posts fall within in the scope of these articles.""}, {""role"": ""user"", ""content"": ""Is the following post criminally relevant with respect to Â§Â§185-187 StGB (Defamatory Offense)? Answer only with 'True' (criminally relevant according to Â§Â§185-187 StGB) or 'False' (not criminally relevant according to Â§Â§185-187 StGB).""}, {""role"": ""user"", ""content"": ""@GabyUlm fröhlicher gruß aus der hauptstadt liebe gaby 🎈""}]"
1055079777863778,"i'm syrian and christean i wish you eject muslims they will harm your country and society 
we know them more",False,False,False,"[{""role"": ""system"", ""content"": ""You are a legal expert for defamatory offenses according the the German Criminal Code (Â§Â§185-187 StGB). Help the user decide whether given posts fall within in the scope of these articles.""}, {""role"": ""user"", ""content"": ""Is the following post criminally relevant with respect to Â§Â§185-187 StGB (Defamatory Offense)? Answer only with 'True' (criminally relevant according to Â§Â§185-187 StGB) or 'False' (not criminally relevant according to Â§Â§185-187 StGB).""}, {""role"": ""user"", ""content"": ""i'm syrian and christean i wish you eject muslims they will harm your country and society \r\nwe know them more""}]"
262,@BlauekeP @anna_IIna Haha...der Schmock @BlauekeP hat sich geschminkt und mich gesperrt... |LBR| Dann habe ich was richtig gemacht...,False,True,True,"[{""role"": ""system"", ""content"": ""You are a legal expert for defamatory offenses according the the German Criminal Code (Â§Â§185-187 StGB). Help the user decide whether given posts fall within in the scope of these articles.""}, {""role"": ""user"", ""content"": ""Is the following post criminally relevant with respect to Â§Â§185-187 StGB (Defamatory Offense)? Answer only with 'True' (criminally relevant according to Â§Â§185-187 StGB) or 'False' (not criminally relevant according to Â§Â§185-187 StGB).""}, {""role"": ""user"", ""content"": ""@BlauekeP @anna_IIna Haha...der Schmock @BlauekeP hat sich geschminkt und mich gesperrt... |LBR| Dann habe ich was richtig gemacht...""}]"
919,"@BlarryOfficial @jayb392 @tagesschau Vasallen schweigt und kriecht weiter, was ihr ja schon seit Jahren macht!",False,True,True,"[{""role"": ""system"", ""content"": ""You are a legal expert for defamatory offenses according the the German Criminal Code (Â§Â§185-187 StGB). Help the user decide whether given posts fall within in the scope of these articles.""}, {""role"": ""user"", ""content"": ""Is the following post criminally relevant with respect to Â§Â§185-187 StGB (Defamatory Offense)? Answer only with 'True' (criminally relevant according to Â§Â§185-187 StGB) or 'False' (not criminally relevant according to Â§Â§185-187 StGB).""}, {""role"": ""user"", ""content"": ""@BlarryOfficial @jayb392 @tagesschau Vasallen schweigt und kriecht weiter, was ihr ja schon seit Jahren macht!""}]"
857548644283560,hast gesehen...Frauen schlägt man aus Frust brutal in die Fresse....sorry für die klare Ansage,False,True,True,"[{""role"": ""system"", ""content"": ""You are a legal expert for defamatory offenses according the the German Criminal Code (Â§Â§185-187 StGB). Help the user decide whether given posts fall within in the scope of these articles.""}, {""role"": ""user"", ""content"": ""Is the following post criminally relevant with respect to Â§Â§185-187 StGB (Defamatory Offense)? Answer only with 'True' (criminally relevant according to Â§Â§185-187 StGB) or 'False' (not criminally relevant according to Â§Â§185-187 StGB).""}, {""role"": ""user"", ""content"": ""hast gesehen...Frauen schlägt man aus Frust brutal in die Fresse....sorry für die klare Ansage""}]"
1004,"@BILD Schreibt besser mal über die Asylanten Verbrechen ,dass wird bei euch totgeschwiegen!",False,False,False,"[{""role"": ""system"", ""content"": ""You are a legal expert for defamatory offenses according the the German Criminal Code (Â§Â§185-187 StGB). Help the user decide whether given posts fall within in the scope of these articles.""}, {""role"": ""user"", ""content"": ""Is the following post criminally relevant with respect to Â§Â§185-187 StGB (Defamatory Offense)? Answer only with 'True' (criminally relevant according to Â§Â§185-187 StGB) or 'False' (not criminally relevant according to Â§Â§185-187 StGB).""}, {""role"": ""user"", ""content"": ""@BILD Schreibt besser mal über die Asylanten Verbrechen ,dass wird bei euch totgeschwiegen!""}]"
1056,"@Christ_Rose_ddb @YouTube Die Masse versteht das nicht, sie sind so dumm gehalten das annähernd jede Hilfe zu spät kommt",False,False,False,"[{""role"": ""system"", ""content"": ""You are a legal expert for defamatory offenses according the the German Criminal Code (Â§Â§185-187 StGB). Help the user decide whether given posts fall within in the scope of these articles.""}, {""role"": ""user"", ""content"": ""Is the following post criminally relevant with respect to Â§Â§185-187 StGB (Defamatory Offense)? Answer only with 'True' (criminally relevant according to Â§Â§185-187 StGB) or 'False' (not criminally relevant according to Â§Â§185-187 StGB).""}, {""role"": ""user"", ""content"": ""@Christ_Rose_ddb @YouTube Die Masse versteht das nicht, sie sind so dumm gehalten das annähernd jede Hilfe zu spät kommt""}]"
1064796716892084,"Ich kenne  3 Familien die aus den gebrauchten Bundesländern nach Dresden gezogen sind. Man hätte denken können, weil sie wieder unter Deutschen sein wollten. Die Einen finden am Ausländeranteil in Frankfurt am Main nichts besonderes. Die andere Familie engagiert sich in der Asylantenhilfe. Der dritte im Bunde wurde diese Woche auf 3sat auf ' ner Pro- Rapefugees- Demo gesehen. Alles ganz liebe Leute! Aber warum sind die nicht dort geblieben, wo sie schon ""Alles"" hatten?",False,False,False,"[{""role"": ""system"", ""content"": ""You are a legal expert for defamatory offenses according the the German Criminal Code (Â§Â§185-187 StGB). Help the user decide whether given posts fall within in the scope of these articles.""}, {""role"": ""user"", ""content"": ""Is the following post criminally relevant with respect to Â§Â§185-187 StGB (Defamatory Offense)? Answer only with 'True' (criminally relevant according to Â§Â§185-187 StGB) or 'False' (not criminally relevant according to Â§Â§185-187 StGB).""}, {""role"": ""user"", ""content"": ""Ich kenne  3 Familien die aus den gebrauchten Bundesländern nach Dresden gezogen sind. Man hätte denken können, weil sie wieder unter Deutschen sein wollten. Die Einen finden am Ausländeranteil in Frankfurt am Main nichts besonderes. Die andere Familie engagiert sich in der Asylantenhilfe. Der dritte im Bunde wurde diese Woche auf 3sat auf ' ner Pro- Rapefugees- Demo gesehen. Alles ganz liebe Leute! Aber warum sind die nicht dort geblieben, wo sie schon \""Alles\"" hatten?""}]"
1080360518669037,"Ja, ist schon eigenartig. Jetzt sind sie alle eingeknickt. Plötzlich wimmelts nur so von Seehofers :(  . Ich könnte mir vorstellen, dass Merkel sie finanziell erpresst hat,  aber das ist natürlich reine Spekulation.",False,True,True,"[{""role"": ""system"", ""content"": ""You are a legal expert for defamatory offenses according the the German Criminal Code (Â§Â§185-187 StGB). Help the user decide whether given posts fall within in the scope of these articles.""}, {""role"": ""user"", ""content"": ""Is the following post criminally relevant with respect to Â§Â§185-187 StGB (Defamatory Offense)? Answer only with 'True' (criminally relevant according to Â§Â§185-187 StGB) or 'False' (not criminally relevant according to Â§Â§185-187 StGB).""}, {""role"": ""user"", ""content"": ""Ja, ist schon eigenartig. Jetzt sind sie alle eingeknickt. Plötzlich wimmelts nur so von Seehofers :(  . Ich könnte mir vorstellen, dass Merkel sie finanziell erpresst hat,  aber das ist natürlich reine Spekulation.""}]"
509,"@anna_IIna Der arme... Trauma jeden Tag, Sehnsucht nach Familiennachzug, kein eigenes Haus...nachvollziehbar...!",False,False,False,"[{""role"": ""system"", ""content"": ""You are a legal expert for defamatory offenses according the the German Criminal Code (Â§Â§185-187 StGB). Help the user decide whether given posts fall within in the scope of these articles.""}, {""role"": ""user"", ""content"": ""Is the following post criminally relevant with respect to Â§Â§185-187 StGB (Defamatory Offense)? Answer only with 'True' (criminally relevant according to Â§Â§185-187 StGB) or 'False' (not criminally relevant according to Â§Â§185-187 StGB).""}, {""role"": ""user"", ""content"": ""@anna_IIna Der arme... Trauma jeden Tag, Sehnsucht nach Familiennachzug, kein eigenes Haus...nachvollziehbar...!""}]"
982910071747416,"Na Herr Weidner, funktioniert bei ihnen nur auf der persönlichen Schiene oder? Mehr Grips hätte ich einem Blödbürger auch nicht zugetraut. Und das sie nicht wissen wer das auf dem Foto ist hätte ich mir auch denken können :D",True,True,True,"[{""role"": ""system"", ""content"": ""You are a legal expert for defamatory offenses according the the German Criminal Code (Â§Â§185-187 StGB). Help the user decide whether given posts fall within in the scope of these articles.""}, {""role"": ""user"", ""content"": ""Is the following post criminally relevant with respect to Â§Â§185-187 StGB (Defamatory Offense)? Answer only with 'True' (criminally relevant according to Â§Â§185-187 StGB) or 'False' (not criminally relevant according to Â§Â§185-187 StGB).""}, {""role"": ""user"", ""content"": ""Na Herr Weidner, funktioniert bei ihnen nur auf der persönlichen Schiene oder? Mehr Grips hätte ich einem Blödbürger auch nicht zugetraut. Und das sie nicht wissen wer das auf dem Foto ist hätte ich mir auch denken können :D""}]"
856911601013931,"Das gleicht einem Blender mit kleinem Geschlechtsteil, der meint er wäre der Stecher schlechthin. Warum zum Teufel müsst ihr allen beweisen, dass es so oder so viele waren? Sollten euch nicht andere Dinge mehr beschäftigen?",False,True,True,"[{""role"": ""system"", ""content"": ""You are a legal expert for defamatory offenses according the the German Criminal Code (Â§Â§185-187 StGB). Help the user decide whether given posts fall within in the scope of these articles.""}, {""role"": ""user"", ""content"": ""Is the following post criminally relevant with respect to Â§Â§185-187 StGB (Defamatory Offense)? Answer only with 'True' (criminally relevant according to Â§Â§185-187 StGB) or 'False' (not criminally relevant according to Â§Â§185-187 StGB).""}, {""role"": ""user"", ""content"": ""Das gleicht einem Blender mit kleinem Geschlechtsteil, der meint er wäre der Stecher schlechthin. Warum zum Teufel müsst ihr allen beweisen, dass es so oder so viele waren? Sollten euch nicht andere Dinge mehr beschäftigen?""}]"
855000761205015,"Das wollte ich hören ?
Für Deutschland.  Für unsere Kinder.  
Gegen die Überfremdung.",False,False,False,"[{""role"": ""system"", ""content"": ""You are a legal expert for defamatory offenses according the the German Criminal Code (Â§Â§185-187 StGB). Help the user decide whether given posts fall within in the scope of these articles.""}, {""role"": ""user"", ""content"": ""Is the following post criminally relevant with respect to Â§Â§185-187 StGB (Defamatory Offense)? Answer only with 'True' (criminally relevant according to Â§Â§185-187 StGB) or 'False' (not criminally relevant according to Â§Â§185-187 StGB).""}, {""role"": ""user"", ""content"": ""Das wollte ich hören ?\r\nFür Deutschland.  Für unsere Kinder.  \r\nGegen die Überfremdung.""}]"
894883577216733,Er wurde bestimmt gesponsert und wollte seine Story nur verkaufen.,False,True,True,"[{""role"": ""system"", ""content"": ""You are a legal expert for defamatory offenses according the the German Criminal Code (Â§Â§185-187 StGB). Help the user decide whether given posts fall within in the scope of these articles.""}, {""role"": ""user"", ""content"": ""Is the following post criminally relevant with respect to Â§Â§185-187 StGB (Defamatory Offense)? Answer only with 'True' (criminally relevant according to Â§Â§185-187 StGB) or 'False' (not criminally relevant according to Â§Â§185-187 StGB).""}, {""role"": ""user"", ""content"": ""Er wurde bestimmt gesponsert und wollte seine Story nur verkaufen.""}]"
1069520616419694,"Gerhard Schreiber Genau!! Deswegen schrieb ich ""auch ein Volltrottel"". Dieser Sorbe ist ein typischer Wendehals. Eine 2. Chance erhält der nicht!!! Hoffentlich sind die Bürger wach geworden und wählen richtig!",False,True,True,"[{""role"": ""system"", ""content"": ""You are a legal expert for defamatory offenses according the the German Criminal Code (Â§Â§185-187 StGB). Help the user decide whether given posts fall within in the scope of these articles.""}, {""role"": ""user"", ""content"": ""Is the following post criminally relevant with respect to Â§Â§185-187 StGB (Defamatory Offense)? Answer only with 'True' (criminally relevant according to Â§Â§185-187 StGB) or 'False' (not criminally relevant according to Â§Â§185-187 StGB).""}, {""role"": ""user"", ""content"": ""Gerhard Schreiber Genau!! Deswegen schrieb ich \""auch ein Volltrottel\"". Dieser Sorbe ist ein typischer Wendehals. Eine 2. Chance erhält der nicht!!! Hoffentlich sind die Bürger wach geworden und wählen richtig!""}]"
1048,@krippmarie @jouwatch Die die dafür verantwortlich sind der eigentliche 🇩🇪Feind |LBR| Jedem der Grün gewählt hat dem wünsche ich alles schlechte im Leben...!!,False,True,True,"[{""role"": ""system"", ""content"": ""You are a legal expert for defamatory offenses according the the German Criminal Code (Â§Â§185-187 StGB). Help the user decide whether given posts fall within in the scope of these articles.""}, {""role"": ""user"", ""content"": ""Is the following post criminally relevant with respect to Â§Â§185-187 StGB (Defamatory Offense)? Answer only with 'True' (criminally relevant according to Â§Â§185-187 StGB) or 'False' (not criminally relevant according to Â§Â§185-187 StGB).""}, {""role"": ""user"", ""content"": ""@krippmarie @jouwatch Die die dafür verantwortlich sind der eigentliche 🇩🇪Feind |LBR| Jedem der Grün gewählt hat dem wünsche ich alles schlechte im Leben...!!""}]"
814,"Trump - sprich Tramp. Wenn die Laien-Ministerin über Trump labert, |LBR| bleibt mir nur : "" Lass den Trampel quaken"". Zu mehr taugt sie nicht.",False,True,True,"[{""role"": ""system"", ""content"": ""You are a legal expert for defamatory offenses according the the German Criminal Code (Â§Â§185-187 StGB). Help the user decide whether given posts fall within in the scope of these articles.""}, {""role"": ""user"", ""content"": ""Is the following post criminally relevant with respect to Â§Â§185-187 StGB (Defamatory Offense)? Answer only with 'True' (criminally relevant according to Â§Â§185-187 StGB) or 'False' (not criminally relevant according to Â§Â§185-187 StGB).""}, {""role"": ""user"", ""content"": ""Trump - sprich Tramp. Wenn die Laien-Ministerin über Trump labert, |LBR| bleibt mir nur : \"" Lass den Trampel quaken\"". Zu mehr taugt sie nicht.""}]"
114,"@investyines @HolgerEwald1 @ChangeGER Die Menschen glauben an den Weihnachtsmann, Gerichte sind mit Nichten unabhängig, in der BRD gibt es ausschließlich freiwillige Ausnahmegerichte.",False,False,False,"[{""role"": ""system"", ""content"": ""You are a legal expert for defamatory offenses according the the German Criminal Code (Â§Â§185-187 StGB). Help the user decide whether given posts fall within in the scope of these articles.""}, {""role"": ""user"", ""content"": ""Is the following post criminally relevant with respect to Â§Â§185-187 StGB (Defamatory Offense)? Answer only with 'True' (criminally relevant according to Â§Â§185-187 StGB) or 'False' (not criminally relevant according to Â§Â§185-187 StGB).""}, {""role"": ""user"", ""content"": ""@investyines @HolgerEwald1 @ChangeGER Die Menschen glauben an den Weihnachtsmann, Gerichte sind mit Nichten unabhängig, in der BRD gibt es ausschließlich freiwillige Ausnahmegerichte.""}]"
1064825120222577,Lieber eine Fremdsprache als Sächsisch,False,False,False,"[{""role"": ""system"", ""content"": ""You are a legal expert for defamatory offenses according the the German Criminal Code (Â§Â§185-187 StGB). Help the user decide whether given posts fall within in the scope of these articles.""}, {""role"": ""user"", ""content"": ""Is the following post criminally relevant with respect to Â§Â§185-187 StGB (Defamatory Offense)? Answer only with 'True' (criminally relevant according to Â§Â§185-187 StGB) or 'False' (not criminally relevant according to Â§Â§185-187 StGB).""}, {""role"": ""user"", ""content"": ""Lieber eine Fremdsprache als Sächsisch""}]"
1105443792827376,"Diesen ""Brüllturm"" wird es nie geben !",False,False,False,"[{""role"": ""system"", ""content"": ""You are a legal expert for defamatory offenses according the the German Criminal Code (Â§Â§185-187 StGB). Help the user decide whether given posts fall within in the scope of these articles.""}, {""role"": ""user"", ""content"": ""Is the following post criminally relevant with respect to Â§Â§185-187 StGB (Defamatory Offense)? Answer only with 'True' (criminally relevant according to Â§Â§185-187 StGB) or 'False' (not criminally relevant according to Â§Â§185-187 StGB).""}, {""role"": ""user"", ""content"": ""Diesen \""Brüllturm\"" wird es nie geben !""}]"
496,"Altmaier kann jetzt auch noch Finanzminister 😂😂😂 der kennt doch nur 1+1=Merkel, 7x7=Merkel usw. Eben ohne Rückgrat, wie ein Wasserbett 😂😂😂",False,True,True,"[{""role"": ""system"", ""content"": ""You are a legal expert for defamatory offenses according the the German Criminal Code (Â§Â§185-187 StGB). Help the user decide whether given posts fall within in the scope of these articles.""}, {""role"": ""user"", ""content"": ""Is the following post criminally relevant with respect to Â§Â§185-187 StGB (Defamatory Offense)? Answer only with 'True' (criminally relevant according to Â§Â§185-187 StGB) or 'False' (not criminally relevant according to Â§Â§185-187 StGB).""}, {""role"": ""user"", ""content"": ""Altmaier kann jetzt auch noch Finanzminister 😂😂😂 der kennt doch nur 1+1=Merkel, 7x7=Merkel usw. Eben ohne Rückgrat, wie ein Wasserbett 😂😂😂""}]"
984,Seehofer garantiert nach der Wahl eine Flüchtlingsobergrenze 😂😂😂😂😂 Steht der Bayer ohne Eier etwa trocken? 😂😂😂😂😂,False,True,True,"[{""role"": ""system"", ""content"": ""You are a legal expert for defamatory offenses according the the German Criminal Code (Â§Â§185-187 StGB). Help the user decide whether given posts fall within in the scope of these articles.""}, {""role"": ""user"", ""content"": ""Is the following post criminally relevant with respect to Â§Â§185-187 StGB (Defamatory Offense)? Answer only with 'True' (criminally relevant according to Â§Â§185-187 StGB) or 'False' (not criminally relevant according to Â§Â§185-187 StGB).""}, {""role"": ""user"", ""content"": ""Seehofer garantiert nach der Wahl eine Flüchtlingsobergrenze 😂😂😂😂😂 Steht der Bayer ohne Eier etwa trocken? 😂😂😂😂😂""}]"
981,@focusonline Das war wohl eher ein Grüner Gehirn Furz.,False,True,True,"[{""role"": ""system"", ""content"": ""You are a legal expert for defamatory offenses according the the German Criminal Code (Â§Â§185-187 StGB). Help the user decide whether given posts fall within in the scope of these articles.""}, {""role"": ""user"", ""content"": ""Is the following post criminally relevant with respect to Â§Â§185-187 StGB (Defamatory Offense)? Answer only with 'True' (criminally relevant according to Â§Â§185-187 StGB) or 'False' (not criminally relevant according to Â§Â§185-187 StGB).""}, {""role"": ""user"", ""content"": ""@focusonline Das war wohl eher ein Grüner Gehirn Furz.""}]"
1332,Zurück nach TIka Tuka Land - die ist niemals eine echte Deutsche. Eine dumme fette Negerin,True,True,True,"[{""role"": ""system"", ""content"": ""You are a legal expert for defamatory offenses according the the German Criminal Code (Â§Â§185-187 StGB). Help the user decide whether given posts fall within in the scope of these articles.""}, {""role"": ""user"", ""content"": ""Is the following post criminally relevant with respect to Â§Â§185-187 StGB (Defamatory Offense)? Answer only with 'True' (criminally relevant according to Â§Â§185-187 StGB) or 'False' (not criminally relevant according to Â§Â§185-187 StGB).""}, {""role"": ""user"", ""content"": ""Zurück nach TIka Tuka Land - die ist niemals eine echte Deutsche. Eine dumme fette Negerin""}]"
1012243262147430,linksversiffte herrschen dort,False,True,True,"[{""role"": ""system"", ""content"": ""You are a legal expert for defamatory offenses according the the German Criminal Code (Â§Â§185-187 StGB). Help the user decide whether given posts fall within in the scope of these articles.""}, {""role"": ""user"", ""content"": ""Is the following post criminally relevant with respect to Â§Â§185-187 StGB (Defamatory Offense)? Answer only with 'True' (criminally relevant according to Â§Â§185-187 StGB) or 'False' (not criminally relevant according to Â§Â§185-187 StGB).""}, {""role"": ""user"", ""content"": ""linksversiffte herrschen dort""}]"
1038641149507641,"Einhellig verlangen jetzt Spitzenpolitiker die Bestrafung der Täter des Sex-Mobs von Köln, Hamburg, Stuttgart und Bielefeld mit der „vollen Härte unserer Gesetze“. Fast klingt es, als hätte das Bundeskanzleramt Sprechblasen ausgegeben.",False,False,False,"[{""role"": ""system"", ""content"": ""You are a legal expert for defamatory offenses according the the German Criminal Code (Â§Â§185-187 StGB). Help the user decide whether given posts fall within in the scope of these articles.""}, {""role"": ""user"", ""content"": ""Is the following post criminally relevant with respect to Â§Â§185-187 StGB (Defamatory Offense)? Answer only with 'True' (criminally relevant according to Â§Â§185-187 StGB) or 'False' (not criminally relevant according to Â§Â§185-187 StGB).""}, {""role"": ""user"", ""content"": ""Einhellig verlangen jetzt Spitzenpolitiker die Bestrafung der Täter des Sex-Mobs von Köln, Hamburg, Stuttgart und Bielefeld mit der „vollen Härte unserer Gesetze“. Fast klingt es, als hätte das Bundeskanzleramt Sprechblasen ausgegeben.""}]"
885319498173141,Gewalttätiges linkes Dreckspack!!!,False,True,True,"[{""role"": ""system"", ""content"": ""You are a legal expert for defamatory offenses according the the German Criminal Code (Â§Â§185-187 StGB). Help the user decide whether given posts fall within in the scope of these articles.""}, {""role"": ""user"", ""content"": ""Is the following post criminally relevant with respect to Â§Â§185-187 StGB (Defamatory Offense)? Answer only with 'True' (criminally relevant according to Â§Â§185-187 StGB) or 'False' (not criminally relevant according to Â§Â§185-187 StGB).""}, {""role"": ""user"", ""content"": ""Gewalttätiges linkes Dreckspack!!!""}]"
856808171024274,"Und Multi Kulti Arsch, gehe mir vom Bein!!! Es gibt diesen NSU nicht, finde dich damit ab!!!!   NSU: Die Wahrheit",False,True,True,"[{""role"": ""system"", ""content"": ""You are a legal expert for defamatory offenses according the the German Criminal Code (Â§Â§185-187 StGB). Help the user decide whether given posts fall within in the scope of these articles.""}, {""role"": ""user"", ""content"": ""Is the following post criminally relevant with respect to Â§Â§185-187 StGB (Defamatory Offense)? Answer only with 'True' (criminally relevant according to Â§Â§185-187 StGB) or 'False' (not criminally relevant according to Â§Â§185-187 StGB).""}, {""role"": ""user"", ""content"": ""Und Multi Kulti Arsch, gehe mir vom Bein!!! Es gibt diesen NSU nicht, finde dich damit ab!!!!   NSU: Die Wahrheit""}]"
881986248506466,"Jetzt können die Gutmensch-Studenten Zeitung austragen, bis sie die Million für die Uni erwirtschaftet haben. ??

Richtig so Herr Stöcker.",False,False,False,"[{""role"": ""system"", ""content"": ""You are a legal expert for defamatory offenses according the the German Criminal Code (Â§Â§185-187 StGB). Help the user decide whether given posts fall within in the scope of these articles.""}, {""role"": ""user"", ""content"": ""Is the following post criminally relevant with respect to Â§Â§185-187 StGB (Defamatory Offense)? Answer only with 'True' (criminally relevant according to Â§Â§185-187 StGB) or 'False' (not criminally relevant according to Â§Â§185-187 StGB).""}, {""role"": ""user"", ""content"": ""Jetzt können die Gutmensch-Studenten Zeitung austragen, bis sie die Million für die Uni erwirtschaftet haben. ??\r\n\r\nRichtig so Herr Stöcker.""}]"
