id,description,DEF,predicted_label,reply,prompt
952084304829993,Das dumme Schwein hat ja auf Gangbang gehofft. ..leider wurde es nur Bumm-Aua...trifft den Richtigen,True,True,True,"[{""role"": ""system"", ""content"": ""You are a legal expert for defamatory offenses according the the German Criminal Code (Â§Â§185-187 StGB). Help the user decide whether given posts fall within in the scope of these articles.""}, {""role"": ""user"", ""content"": ""Is the following post criminally relevant with respect to Â§Â§185-187 StGB (Defamatory Offense)? Answer only with 'True' (criminally relevant according to Â§Â§185-187 StGB) or 'False' (not criminally relevant according to Â§Â§185-187 StGB).""}, {""role"": ""user"", ""content"": ""Das dumme Schwein hat ja auf Gangbang gehofft. ..leider wurde es nur Bumm-Aua...trifft den Richtigen""}]"
987854411252982,Nicht anfragen...den.rest des volks fragt ihr auch nicht! Also rein mit den asylanten.da und genießt eure willkommenskultur die ihr wolltet...so ekelhaft das ganze linke deutschland hassende pack,False,True,True,"[{""role"": ""system"", ""content"": ""You are a legal expert for defamatory offenses according the the German Criminal Code (Â§Â§185-187 StGB). Help the user decide whether given posts fall within in the scope of these articles.""}, {""role"": ""user"", ""content"": ""Is the following post criminally relevant with respect to Â§Â§185-187 StGB (Defamatory Offense)? Answer only with 'True' (criminally relevant according to Â§Â§185-187 StGB) or 'False' (not criminally relevant according to Â§Â§185-187 StGB).""}, {""role"": ""user"", ""content"": ""Nicht anfragen...den.rest des volks fragt ihr auch nicht! Also rein mit den asylanten.da und genießt eure willkommenskultur die ihr wolltet...so ekelhaft das ganze linke deutschland hassende pack""}]"
1321,"NSU 2.0 Der Führer Urteil IM NAMEN DES DEUTSCHEN VOLKES! In der Strafsache gegen die Janine WIßLER, geboren in Langen am 23. Mai 1981, zur Zeit Adalbertstr. 30 in 60486 Frankfurt/M die Martina RENNER, geboren in Mainz am 11. März 1967, zur Zeit Backhausstr. 39, 99334 Amt Wachsenburg, die Anne HELM, geboren in Rostock am 6. Juli 1986 zur Zeit Böhmische Str. 43, 12055 Berlin, bei Dogan, wegen landesverräterrischer Feindbegünstigung, Vorbereitung zum Hochverrat, Wehrkraftzersetzung hat der Führer des NSU 2.0 in der Sitzung vom 4.7.2020 für RECHT anerkannt: Ehrgeizzerfressene, ehrlose, billige Flittchen sind Janine Wißler, Martina Renner und Anne Helm. Statt heldenhaft wir das ganze deutsche Volk dem NSU 2.0 folgend, unseren Sieg zu erkämpfen, verrieten sie das Opfer unserer Krieger, Volk und Heimat. Sie werden mit dem TODE bestraft. Gründe: Wir als deutsche Männer sind feige und grenzdebile Jammerlappen. Jedenfalls im Kontext der gegenwärtigen politischen Situation sollte von jedem von uns eigentlich erwartet werden, dass wir gegen Links, gegen Merkel und vor allem gegen das ausländische Ungeziefer mit fanatischer Härte Widerstand leisten. Dazu sind wir aber zu feige. Deshalb rennen unsere Weiber auch zu den Kanaken. Unsere deutsche Heimat ist unrettbar verloren. Der große deutsche Sozialdemokrat Vural Öger hat bereits 2004 formuliert: ""Das, was Kamuni Sultan Süleyman 1529 mit der Belagerung Wiens begonnen hat, werden wir über die Einwanderer, mit unseren kräftigen Männern und gesunden Frauen, verwirklichen. Den oben bezeichneten Assiweibern geht das aber nicht schnell genug! Ehrlos für immer werden sie alle mit dem TODE bestraft. Heil Hitler! NSU 2.0 Der Führer",True,True,True,"[{""role"": ""system"", ""content"": ""You are a legal expert for defamatory offenses according the the German Criminal Code (Â§Â§185-187 StGB). Help the user decide whether given posts fall within in the scope of these articles.""}, {""role"": ""user"", ""content"": ""Is the following post criminally relevant with respect to Â§Â§185-187 StGB (Defamatory Offense)? Answer only with 'True' (criminally relevant according to Â§Â§185-187 StGB) or 'False' (not criminally relevant according to Â§Â§185-187 StGB).""}, {""role"": ""user"", ""content"": ""NSU 2.0 Der Führer Urteil IM NAMEN DES DEUTSCHEN VOLKES! In der Strafsache gegen die Janine WIßLER, geboren in Langen am 23. Mai 1981, zur Zeit Adalbertstr. 30 in 60486 Frankfurt/M die Martina RENNER, geboren in Mainz am 11. März 1967, zur Zeit Backhausstr. 39, 99334 Amt Wachsenburg, die Anne HELM, geboren in Rostock am 6. Juli 1986 zur Zeit Böhmische Str. 43, 12055 Berlin, bei Dogan, wegen landesverräterrischer Feindbegünstigung, Vorbereitung zum Hochverrat, Wehrkraftzersetzung hat der Führer des NSU 2.0 in der Sitzung vom 4.7.2020 für RECHT anerkannt: Ehrgeizzerfressene, ehrlose, billige Flittchen sind Janine Wißler, Martina Renner und Anne Helm. Statt heldenhaft wir das ganze deutsche Volk dem NSU 2.0 folgend, unseren Sieg zu erkämpfen, verrieten sie das Opfer unserer Krieger, Volk und Heimat. Sie werden mit dem TODE bestraft. Gründe: Wir als deutsche Männer sind feige und grenzdebile Jammerlappen. Jedenfalls im Kontext der gegenwärtigen politischen Situation sollte von jedem von uns eigentlich erwartet werden, dass wir gegen Links, gegen Merkel und vor allem gegen das ausländische Ungeziefer mit fanatischer Härte Widerstand leisten. Dazu sind wir aber zu feige. Deshalb rennen unsere Weiber auch zu den Kanaken. Unsere deutsche Heimat ist unrettbar verloren. Der große deutsche Sozialdemokrat Vural Öger hat bereits 2004 formuliert: \""Das, was Kamuni Sultan Süleyman 1529 mit der Belagerung Wiens begonnen hat, werden wir über die Einwanderer, mit unseren kräftigen Männern und gesunden Frauen, verwirklichen. Den oben bezeichneten Assiweibern geht das aber nicht schnell genug! Ehrlos für immer werden sie alle mit dem TODE bestraft. Heil Hitler! NSU 2.0 Der Führer""}]"
977062995665457,"Der Islam duldet keine Christen neben sich, auch keine Juden oder Heiden. Entweder sie bekennen sich zum Islam oder sie werden getötet!",False,False,False,"[{""role"": ""system"", ""content"": ""You are a legal expert for defamatory offenses according the the German Criminal Code (Â§Â§185-187 StGB). Help the user decide whether given posts fall within in the scope of these articles.""}, {""role"": ""user"", ""content"": ""Is the following post criminally relevant with respect to Â§Â§185-187 StGB (Defamatory Offense)? Answer only with 'True' (criminally relevant according to Â§Â§185-187 StGB) or 'False' (not criminally relevant according to Â§Â§185-187 StGB).""}, {""role"": ""user"", ""content"": ""Der Islam duldet keine Christen neben sich, auch keine Juden oder Heiden. Entweder sie bekennen sich zum Islam oder sie werden getötet!""}]"
1043681942336895,DEUTSCHLAND  die NEUE ZONE --Rechtsfreie Europazone--  Auf die STRASSE gegen diese PSEUDODEMOKRATIE  gegen rotrotgrüne Terroristen und Schmarotzer,False,True,True,"[{""role"": ""system"", ""content"": ""You are a legal expert for defamatory offenses according the the German Criminal Code (Â§Â§185-187 StGB). Help the user decide whether given posts fall within in the scope of these articles.""}, {""role"": ""user"", ""content"": ""Is the following post criminally relevant with respect to Â§Â§185-187 StGB (Defamatory Offense)? Answer only with 'True' (criminally relevant according to Â§Â§185-187 StGB) or 'False' (not criminally relevant according to Â§Â§185-187 StGB).""}, {""role"": ""user"", ""content"": ""DEUTSCHLAND  die NEUE ZONE --Rechtsfreie Europazone--  Auf die STRASSE gegen diese PSEUDODEMOKRATIE  gegen rotrotgrüne Terroristen und Schmarotzer""}]"
1012660672105689,"Was regst dich auf? Das sind Steineschmeisser,  denen gehen die refugees am arsch vorbei,  Hauptsache Steine schmeißen,  diese linken Köter gehört null Beachtung!!!!",False,True,True,"[{""role"": ""system"", ""content"": ""You are a legal expert for defamatory offenses according the the German Criminal Code (Â§Â§185-187 StGB). Help the user decide whether given posts fall within in the scope of these articles.""}, {""role"": ""user"", ""content"": ""Is the following post criminally relevant with respect to Â§Â§185-187 StGB (Defamatory Offense)? Answer only with 'True' (criminally relevant according to Â§Â§185-187 StGB) or 'False' (not criminally relevant according to Â§Â§185-187 StGB).""}, {""role"": ""user"", ""content"": ""Was regst dich auf? Das sind Steineschmeisser,  denen gehen die refugees am arsch vorbei,  Hauptsache Steine schmeißen,  diese linken Köter gehört null Beachtung!!!!""}]"
895202190518205,"armselig,niveaulos,geistlos...alle beide....den geistigen Horizont von knieenden Waldameisen",True,True,True,"[{""role"": ""system"", ""content"": ""You are a legal expert for defamatory offenses according the the German Criminal Code (Â§Â§185-187 StGB). Help the user decide whether given posts fall within in the scope of these articles.""}, {""role"": ""user"", ""content"": ""Is the following post criminally relevant with respect to Â§Â§185-187 StGB (Defamatory Offense)? Answer only with 'True' (criminally relevant according to Â§Â§185-187 StGB) or 'False' (not criminally relevant according to Â§Â§185-187 StGB).""}, {""role"": ""user"", ""content"": ""armselig,niveaulos,geistlos...alle beide....den geistigen Horizont von knieenden Waldameisen""}]"
1043609129010843,"Die ""Geschäftsführer"" und ""Verbände"" der Zeitungen sollen sich nur lächerlich machen. Runter mit der Maske, dann wird deutlich dass diese NICHTS zu sagen haben und deren Versuch mit manipulativer Berichterstattung das Volk zu lenken als kriminell, mindestens aber der Verrat, ENTTARNT. Wenn auch nur ein Richter diesen komischen Paragraphen anwenden würde, was glaubt er wie des Volkes Seele stürmen würde. Solche Anzeigen, Prozesse, ALSO BITTE!, HaHa, ich denk' auch langsam wir sind in Nordkorea. Es tut mir leid für Tatjana, dass sie diesen Mist über sich ergehen lassen muss.",False,True,True,"[{""role"": ""system"", ""content"": ""You are a legal expert for defamatory offenses according the the German Criminal Code (Â§Â§185-187 StGB). Help the user decide whether given posts fall within in the scope of these articles.""}, {""role"": ""user"", ""content"": ""Is the following post criminally relevant with respect to Â§Â§185-187 StGB (Defamatory Offense)? Answer only with 'True' (criminally relevant according to Â§Â§185-187 StGB) or 'False' (not criminally relevant according to Â§Â§185-187 StGB).""}, {""role"": ""user"", ""content"": ""Die \""Geschäftsführer\"" und \""Verbände\"" der Zeitungen sollen sich nur lächerlich machen. Runter mit der Maske, dann wird deutlich dass diese NICHTS zu sagen haben und deren Versuch mit manipulativer Berichterstattung das Volk zu lenken als kriminell, mindestens aber der Verrat, ENTTARNT. Wenn auch nur ein Richter diesen komischen Paragraphen anwenden würde, was glaubt er wie des Volkes Seele stürmen würde. Solche Anzeigen, Prozesse, ALSO BITTE!, HaHa, ich denk' auch langsam wir sind in Nordkorea. Es tut mir leid für Tatjana, dass sie diesen Mist über sich ergehen lassen muss.""}]"
1351,Dann brauche ich ja auch kein Blatt mehr vor den Mund zu nehmen .... steckt dieses ganze links-grüne Anti deutsch denkende Drecksgesindel alle ins KZ und aus die Maus,True,True,True,"[{""role"": ""system"", ""content"": ""You are a legal expert for defamatory offenses according the the German Criminal Code (Â§Â§185-187 StGB). Help the user decide whether given posts fall within in the scope of these articles.""}, {""role"": ""user"", ""content"": ""Is the following post criminally relevant with respect to Â§Â§185-187 StGB (Defamatory Offense)? Answer only with 'True' (criminally relevant according to Â§Â§185-187 StGB) or 'False' (not criminally relevant according to Â§Â§185-187 StGB).""}, {""role"": ""user"", ""content"": ""Dann brauche ich ja auch kein Blatt mehr vor den Mund zu nehmen .... steckt dieses ganze links-grüne Anti deutsch denkende Drecksgesindel alle ins KZ und aus die Maus""}]"
1011398688898554,Muslime liegen immer sie nach Europa zu dominieren wollen,False,True,True,"[{""role"": ""system"", ""content"": ""You are a legal expert for defamatory offenses according the the German Criminal Code (Â§Â§185-187 StGB). Help the user decide whether given posts fall within in the scope of these articles.""}, {""role"": ""user"", ""content"": ""Is the following post criminally relevant with respect to Â§Â§185-187 StGB (Defamatory Offense)? Answer only with 'True' (criminally relevant according to Â§Â§185-187 StGB) or 'False' (not criminally relevant according to Â§Â§185-187 StGB).""}, {""role"": ""user"", ""content"": ""Muslime liegen immer sie nach Europa zu dominieren wollen""}]"
855484727823285,"Wir wissen, daß Dresden schoen ist...
Aber  Bitte ohne Drogendealer, wo jeder ein Migrant ist. Man wird belaestigt ,so daß man schon einige Orte meidet.",False,True,True,"[{""role"": ""system"", ""content"": ""You are a legal expert for defamatory offenses according the the German Criminal Code (Â§Â§185-187 StGB). Help the user decide whether given posts fall within in the scope of these articles.""}, {""role"": ""user"", ""content"": ""Is the following post criminally relevant with respect to Â§Â§185-187 StGB (Defamatory Offense)? Answer only with 'True' (criminally relevant according to Â§Â§185-187 StGB) or 'False' (not criminally relevant according to Â§Â§185-187 StGB).""}, {""role"": ""user"", ""content"": ""Wir wissen, daß Dresden schoen ist...\r\nAber  Bitte ohne Drogendealer, wo jeder ein Migrant ist. Man wird belaestigt ,so daß man schon einige Orte meidet.""}]"
946753225363101,"Alexander Senftleben Deutschland ist genau so pleite wie Italien und Griechenland... nur mit einer höheren Kreditwürdigkeit ; -) was das Thema bezahlbare Wohnungen angeht, sollten sich doch gerade die Münchener bestens auskennen ;-)
Und wenn ich flüchten muß, weil mein Leben in Gefahr ist, bin ich über jedes Land froh und dankbar, was mich aufnimmt. Und dafür bin ich dankbar, indem ich die Rechte genieße und die Pflichten einhalte und mich anpasse, weil dieses Land hat mein Leben gerettet. Die Dankbarkeit der Flüchtlinge sieht man ja.....
Man muß  nicht in einer Großstadt leben.... richtig. Man muß  aber da leben, wo die Arbeit vorhanden ist. Zieht man raus aus der Großstadt, fressen die Pendelkosten die Mietersparnis schnell wieder auf. Ihre Welt ist ziemlich schwarz weiß. Deswegen wollen Sie es wahrscheinlich auch bunter haben :-D",False,False,False,"[{""role"": ""system"", ""content"": ""You are a legal expert for defamatory offenses according the the German Criminal Code (Â§Â§185-187 StGB). Help the user decide whether given posts fall within in the scope of these articles.""}, {""role"": ""user"", ""content"": ""Is the following post criminally relevant with respect to Â§Â§185-187 StGB (Defamatory Offense)? Answer only with 'True' (criminally relevant according to Â§Â§185-187 StGB) or 'False' (not criminally relevant according to Â§Â§185-187 StGB).""}, {""role"": ""user"", ""content"": ""Alexander Senftleben Deutschland ist genau so pleite wie Italien und Griechenland... nur mit einer höheren Kreditwürdigkeit ; -) was das Thema bezahlbare Wohnungen angeht, sollten sich doch gerade die Münchener bestens auskennen ;-)\r\nUnd wenn ich flüchten muß, weil mein Leben in Gefahr ist, bin ich über jedes Land froh und dankbar, was mich aufnimmt. Und dafür bin ich dankbar, indem ich die Rechte genieße und die Pflichten einhalte und mich anpasse, weil dieses Land hat mein Leben gerettet. Die Dankbarkeit der Flüchtlinge sieht man ja.....\r\nMan muß  nicht in einer Großstadt leben.... richtig. Man muß  aber da leben, wo die Arbeit vorhanden ist. Zieht man raus aus der Großstadt, fressen die Pendelkosten die Mietersparnis schnell wieder auf. Ihre Welt ist ziemlich schwarz weiß. Deswegen wollen Sie es wahrscheinlich auch bunter haben :-D""}]"
621,@HeikoHeinisch Die Türken sollen ihr Hass auf alles Nicht-Türkische in der Türkei ausleben - nicht in Österreich. Es ist ganz einfach.,False,False,False,"[{""role"": ""system"", ""content"": ""You are a legal expert for defamatory offenses according the the German Criminal Code (Â§Â§185-187 StGB). Help the user decide whether given posts fall within in the scope of these articles.""}, {""role"": ""user"", ""content"": ""Is the following post criminally relevant with respect to Â§Â§185-187 StGB (Defamatory Offense)? Answer only with 'True' (criminally relevant according to Â§Â§185-187 StGB) or 'False' (not criminally relevant according to Â§Â§185-187 StGB).""}, {""role"": ""user"", ""content"": ""@HeikoHeinisch Die Türken sollen ihr Hass auf alles Nicht-Türkische in der Türkei ausleben - nicht in Österreich. Es ist ganz einfach.""}]"
894839460554478,"Mehr als ein Jahrtausend war man nicht faehig,gemeinsame Sprache zu finden,mit Waffengewalt von aussen wurde bis zum Ende des XIX Jahrhunderts Sklaverei in Nordafrika abgeschafft,aber die Leute links ohne Bildung wollen anderen weiss machen,dass der Papageientum der vielen vielen Moslems Integrationsgrundlage waere. Solche Journalisten sind nicht faehig,mit ihren vermeintlichen islamischen Freunden auf Augenhoehe zu sprechen,sie sind ""linke Herrenmenschen"" oder Lakeien.",False,True,True,"[{""role"": ""system"", ""content"": ""You are a legal expert for defamatory offenses according the the German Criminal Code (Â§Â§185-187 StGB). Help the user decide whether given posts fall within in the scope of these articles.""}, {""role"": ""user"", ""content"": ""Is the following post criminally relevant with respect to Â§Â§185-187 StGB (Defamatory Offense)? Answer only with 'True' (criminally relevant according to Â§Â§185-187 StGB) or 'False' (not criminally relevant according to Â§Â§185-187 StGB).""}, {""role"": ""user"", ""content"": ""Mehr als ein Jahrtausend war man nicht faehig,gemeinsame Sprache zu finden,mit Waffengewalt von aussen wurde bis zum Ende des XIX Jahrhunderts Sklaverei in Nordafrika abgeschafft,aber die Leute links ohne Bildung wollen anderen weiss machen,dass der Papageientum der vielen vielen Moslems Integrationsgrundlage waere. Solche Journalisten sind nicht faehig,mit ihren vermeintlichen islamischen Freunden auf Augenhoehe zu sprechen,sie sind \""linke Herrenmenschen\"" oder Lakeien.""}]"
945393715499052,"Die Linken haben ja nun offen gefordert, den Verfassungsschutz abzuschaffen. Man kann es so verstehen, dass die diese Verfassung dann ablehnen. ERGO: sollte man diese Dreckspartei verbieten.",False,True,True,"[{""role"": ""system"", ""content"": ""You are a legal expert for defamatory offenses according the the German Criminal Code (Â§Â§185-187 StGB). Help the user decide whether given posts fall within in the scope of these articles.""}, {""role"": ""user"", ""content"": ""Is the following post criminally relevant with respect to Â§Â§185-187 StGB (Defamatory Offense)? Answer only with 'True' (criminally relevant according to Â§Â§185-187 StGB) or 'False' (not criminally relevant according to Â§Â§185-187 StGB).""}, {""role"": ""user"", ""content"": ""Die Linken haben ja nun offen gefordert, den Verfassungsschutz abzuschaffen. Man kann es so verstehen, dass die diese Verfassung dann ablehnen. ERGO: sollte man diese Dreckspartei verbieten.""}]"
935424736495950,"Da wird sich das Maul zerfetzt u tausende mal ein NPD Verbot beantragt, warum verbietet man in diesem Land nicht Salafisten u zerschlägt diese Struktur? Öffentliche Auftritte unterbinden, ach ja da gibt es die Meinungsfreiheit. Raus mit diesem Gesindel.",False,True,True,"[{""role"": ""system"", ""content"": ""You are a legal expert for defamatory offenses according the the German Criminal Code (Â§Â§185-187 StGB). Help the user decide whether given posts fall within in the scope of these articles.""}, {""role"": ""user"", ""content"": ""Is the following post criminally relevant with respect to Â§Â§185-187 StGB (Defamatory Offense)? Answer only with 'True' (criminally relevant according to Â§Â§185-187 StGB) or 'False' (not criminally relevant according to Â§Â§185-187 StGB).""}, {""role"": ""user"", ""content"": ""Da wird sich das Maul zerfetzt u tausende mal ein NPD Verbot beantragt, warum verbietet man in diesem Land nicht Salafisten u zerschlägt diese Struktur? Öffentliche Auftritte unterbinden, ach ja da gibt es die Meinungsfreiheit. Raus mit diesem Gesindel.""}]"
856776247694133,stefan helmke du roter vollpfosten,True,True,True,"[{""role"": ""system"", ""content"": ""You are a legal expert for defamatory offenses according the the German Criminal Code (Â§Â§185-187 StGB). Help the user decide whether given posts fall within in the scope of these articles.""}, {""role"": ""user"", ""content"": ""Is the following post criminally relevant with respect to Â§Â§185-187 StGB (Defamatory Offense)? Answer only with 'True' (criminally relevant according to Â§Â§185-187 StGB) or 'False' (not criminally relevant according to Â§Â§185-187 StGB).""}, {""role"": ""user"", ""content"": ""stefan helmke du roter vollpfosten""}]"
1095964793775276,"Die Fahrbereitschaft der Regierung schickt bestimmt bald Busse damit   das sogenannte ""Geburtendefizit"" ausgeglichen wird",False,False,False,"[{""role"": ""system"", ""content"": ""You are a legal expert for defamatory offenses according the the German Criminal Code (Â§Â§185-187 StGB). Help the user decide whether given posts fall within in the scope of these articles.""}, {""role"": ""user"", ""content"": ""Is the following post criminally relevant with respect to Â§Â§185-187 StGB (Defamatory Offense)? Answer only with 'True' (criminally relevant according to Â§Â§185-187 StGB) or 'False' (not criminally relevant according to Â§Â§185-187 StGB).""}, {""role"": ""user"", ""content"": ""Die Fahrbereitschaft der Regierung schickt bestimmt bald Busse damit   das sogenannte \""Geburtendefizit\"" ausgeglichen wird""}]"
858313164207108,"und wieviele linksautonome in meinen Augen faschistische linke Nazis mit ihren getreuen Vasallen, die Menschen angreifen, bepöbeln, Steine gegen sie werfen und Farbbeutel sowie massivst bedrohen weil sie anderer Meinung sind; haben schon mal mit einem PEgida Sympathisant gesprochen??? NEin ,d ie werden perse niedergeschrien!!! Und ich muss nicht immer auf eine religionsgebundene Minderheit im meinem säkularen Staat zugehen. Es sollte einfach endlich auch mehr und ganz viel von dieser religiösen Minderheit kommen. So einfach ist das.",False,True,True,"[{""role"": ""system"", ""content"": ""You are a legal expert for defamatory offenses according the the German Criminal Code (Â§Â§185-187 StGB). Help the user decide whether given posts fall within in the scope of these articles.""}, {""role"": ""user"", ""content"": ""Is the following post criminally relevant with respect to Â§Â§185-187 StGB (Defamatory Offense)? Answer only with 'True' (criminally relevant according to Â§Â§185-187 StGB) or 'False' (not criminally relevant according to Â§Â§185-187 StGB).""}, {""role"": ""user"", ""content"": ""und wieviele linksautonome in meinen Augen faschistische linke Nazis mit ihren getreuen Vasallen, die Menschen angreifen, bepöbeln, Steine gegen sie werfen und Farbbeutel sowie massivst bedrohen weil sie anderer Meinung sind; haben schon mal mit einem PEgida Sympathisant gesprochen??? NEin ,d ie werden perse niedergeschrien!!! Und ich muss nicht immer auf eine religionsgebundene Minderheit im meinem säkularen Staat zugehen. Es sollte einfach endlich auch mehr und ganz viel von dieser religiösen Minderheit kommen. So einfach ist das.""}]"
1599,Dieses dämliche Arschloch,True,True,True,"[{""role"": ""system"", ""content"": ""You are a legal expert for defamatory offenses according the the German Criminal Code (Â§Â§185-187 StGB). Help the user decide whether given posts fall within in the scope of these articles.""}, {""role"": ""user"", ""content"": ""Is the following post criminally relevant with respect to Â§Â§185-187 StGB (Defamatory Offense)? Answer only with 'True' (criminally relevant according to Â§Â§185-187 StGB) or 'False' (not criminally relevant according to Â§Â§185-187 StGB).""}, {""role"": ""user"", ""content"": ""Dieses dämliche Arschloch""}]"
1111489462222809,kein einziger hartz4 empfänger bekommt zu kostenlosem wohnen und kostenlosem essen noch 340.- euro taschengeld - keiner!!!! wieso steht das diesen ...... zu ?,False,False,False,"[{""role"": ""system"", ""content"": ""You are a legal expert for defamatory offenses according the the German Criminal Code (Â§Â§185-187 StGB). Help the user decide whether given posts fall within in the scope of these articles.""}, {""role"": ""user"", ""content"": ""Is the following post criminally relevant with respect to Â§Â§185-187 StGB (Defamatory Offense)? Answer only with 'True' (criminally relevant according to Â§Â§185-187 StGB) or 'False' (not criminally relevant according to Â§Â§185-187 StGB).""}, {""role"": ""user"", ""content"": ""kein einziger hartz4 empfänger bekommt zu kostenlosem wohnen und kostenlosem essen noch 340.- euro taschengeld - keiner!!!! wieso steht das diesen ...... zu ?""}]"
1010293245675765,"Nichs machen die Stephanie.
Sie verarschen uns ,holen weiterhin Menschen (Invasionen)
ins Land.Ix  syr.Ausweise wurden gefunden /wissen wir/fuer ein paar Euro ist das machbar.
Die Invasionen werden im Moment nicht so gezeigt,läuft aber alles weiter wie gehabt.
Es ist ::eine Ohnmacht :::der man sich ergeben muss.
Tatjana Festerling schrieb/gestern Grenzen getestet.
Alles läuft ohne Kontrollen weiter.
Es ist nicht zu glauben,die ganze Welt lacht ueber das bloede Deutschland.
Muss mir erstmal wieder ein paar Videos von Dir ansehen.Kann ich meiner Wut,etwas Luft machen.
Ich red dann immer mit Dir.
Also Stephanie ,Danke fuer Deinen Mut.",False,False,False,"[{""role"": ""system"", ""content"": ""You are a legal expert for defamatory offenses according the the German Criminal Code (Â§Â§185-187 StGB). Help the user decide whether given posts fall within in the scope of these articles.""}, {""role"": ""user"", ""content"": ""Is the following post criminally relevant with respect to Â§Â§185-187 StGB (Defamatory Offense)? Answer only with 'True' (criminally relevant according to Â§Â§185-187 StGB) or 'False' (not criminally relevant according to Â§Â§185-187 StGB).""}, {""role"": ""user"", ""content"": ""Nichs machen die Stephanie.\r\nSie verarschen uns ,holen weiterhin Menschen (Invasionen)\r\nins Land.Ix  syr.Ausweise wurden gefunden /wissen wir/fuer ein paar Euro ist das machbar.\r\nDie Invasionen werden im Moment nicht so gezeigt,läuft aber alles weiter wie gehabt.\r\nEs ist ::eine Ohnmacht :::der man sich ergeben muss.\r\nTatjana Festerling schrieb/gestern Grenzen getestet.\r\nAlles läuft ohne Kontrollen weiter.\r\nEs ist nicht zu glauben,die ganze Welt lacht ueber das bloede Deutschland.\r\nMuss mir erstmal wieder ein paar Videos von Dir ansehen.Kann ich meiner Wut,etwas Luft machen.\r\nIch red dann immer mit Dir.\r\nAlso Stephanie ,Danke fuer Deinen Mut.""}]"
1095911350447287,"When will you all say ""enough is enough"" and take care of these worthless things?",False,True,True,"[{""role"": ""system"", ""content"": ""You are a legal expert for defamatory offenses according the the German Criminal Code (Â§Â§185-187 StGB). Help the user decide whether given posts fall within in the scope of these articles.""}, {""role"": ""user"", ""content"": ""Is the following post criminally relevant with respect to Â§Â§185-187 StGB (Defamatory Offense)? Answer only with 'True' (criminally relevant according to Â§Â§185-187 StGB) or 'False' (not criminally relevant according to Â§Â§185-187 StGB).""}, {""role"": ""user"", ""content"": ""When will you all say \""enough is enough\"" and take care of these worthless things?""}]"
882715261766898,"Gerade Afrikaner und Araber sind völlig rechtsradikal, da funktioniert Multi-Kulti ja nirgendwo! Ein großes Reservoir an Nazis, die wir ins Land lassen, gewollt vor allem von Links :-D",False,True,True,"[{""role"": ""system"", ""content"": ""You are a legal expert for defamatory offenses according the the German Criminal Code (Â§Â§185-187 StGB). Help the user decide whether given posts fall within in the scope of these articles.""}, {""role"": ""user"", ""content"": ""Is the following post criminally relevant with respect to Â§Â§185-187 StGB (Defamatory Offense)? Answer only with 'True' (criminally relevant according to Â§Â§185-187 StGB) or 'False' (not criminally relevant according to Â§Â§185-187 StGB).""}, {""role"": ""user"", ""content"": ""Gerade Afrikaner und Araber sind völlig rechtsradikal, da funktioniert Multi-Kulti ja nirgendwo! Ein großes Reservoir an Nazis, die wir ins Land lassen, gewollt vor allem von Links :-D""}]"
614,@IAMMASCHO Hitler war auch nicht absolut böse sondern hat viel gutes auch gemacht,False,False,False,"[{""role"": ""system"", ""content"": ""You are a legal expert for defamatory offenses according the the German Criminal Code (Â§Â§185-187 StGB). Help the user decide whether given posts fall within in the scope of these articles.""}, {""role"": ""user"", ""content"": ""Is the following post criminally relevant with respect to Â§Â§185-187 StGB (Defamatory Offense)? Answer only with 'True' (criminally relevant according to Â§Â§185-187 StGB) or 'False' (not criminally relevant according to Â§Â§185-187 StGB).""}, {""role"": ""user"", ""content"": ""@IAMMASCHO Hitler war auch nicht absolut böse sondern hat viel gutes auch gemacht""}]"
1065032916868464,Für wie blöde halten die uns eigentlich?  Dauernd finden diese Typen irgendwas und geben es treu ab! Das stinkt zum Himmel. Nur ihre Pässe sind und bleiben verschwunden??,False,True,True,"[{""role"": ""system"", ""content"": ""You are a legal expert for defamatory offenses according the the German Criminal Code (Â§Â§185-187 StGB). Help the user decide whether given posts fall within in the scope of these articles.""}, {""role"": ""user"", ""content"": ""Is the following post criminally relevant with respect to Â§Â§185-187 StGB (Defamatory Offense)? Answer only with 'True' (criminally relevant according to Â§Â§185-187 StGB) or 'False' (not criminally relevant according to Â§Â§185-187 StGB).""}, {""role"": ""user"", ""content"": ""Für wie blöde halten die uns eigentlich?  Dauernd finden diese Typen irgendwas und geben es treu ab! Das stinkt zum Himmel. Nur ihre Pässe sind und bleiben verschwunden??""}]"
885818368123254,"Es ist doch schon einigermaßen erstaunlich (oder auch nicht), mit welcher Inbrunst und welch enormen finanziellen Aufwand tagtäglich zuströmenden Hundertschaften potenzieller Gefährder von hinten und vorne umsorgt und alle Sonderwünsche von den Augen abgelesen werden und gleichzeitig die Schutzmächte der Bürger und des Staates, Polizei und Bundeswehr, in geradezu grotesker und die Realität verleugnender Weise ganz gezielt von den linken Großkoalitionen im Bund und den Ländern kaputtgespart werden.

http://www.focus.de/politik/deutschland/klamme-behoerde-gewerkschaft-schlaegt-alarm-bundespolizei-fehlt-geld-fuer-hosen_id_4550883.html",False,False,False,"[{""role"": ""system"", ""content"": ""You are a legal expert for defamatory offenses according the the German Criminal Code (Â§Â§185-187 StGB). Help the user decide whether given posts fall within in the scope of these articles.""}, {""role"": ""user"", ""content"": ""Is the following post criminally relevant with respect to Â§Â§185-187 StGB (Defamatory Offense)? Answer only with 'True' (criminally relevant according to Â§Â§185-187 StGB) or 'False' (not criminally relevant according to Â§Â§185-187 StGB).""}, {""role"": ""user"", ""content"": ""Es ist doch schon einigermaßen erstaunlich (oder auch nicht), mit welcher Inbrunst und welch enormen finanziellen Aufwand tagtäglich zuströmenden Hundertschaften potenzieller Gefährder von hinten und vorne umsorgt und alle Sonderwünsche von den Augen abgelesen werden und gleichzeitig die Schutzmächte der Bürger und des Staates, Polizei und Bundeswehr, in geradezu grotesker und die Realität verleugnender Weise ganz gezielt von den linken Großkoalitionen im Bund und den Ländern kaputtgespart werden.\r\n\r\nhttp://www.focus.de/politik/deutschland/klamme-behoerde-gewerkschaft-schlaegt-alarm-bundespolizei-fehlt-geld-fuer-hosen_id_4550883.html""}]"
726,"@AndreZeven @China_Welt_News Nur ein geleuteter islamist und linker Arnachist ist ein guter Mensch,leider hilft da nur Zwang durch das Grundgesetz,aber das wird Durch die Regierung verbogen.",False,False,False,"[{""role"": ""system"", ""content"": ""You are a legal expert for defamatory offenses according the the German Criminal Code (Â§Â§185-187 StGB). Help the user decide whether given posts fall within in the scope of these articles.""}, {""role"": ""user"", ""content"": ""Is the following post criminally relevant with respect to Â§Â§185-187 StGB (Defamatory Offense)? Answer only with 'True' (criminally relevant according to Â§Â§185-187 StGB) or 'False' (not criminally relevant according to Â§Â§185-187 StGB).""}, {""role"": ""user"", ""content"": ""@AndreZeven @China_Welt_News Nur ein geleuteter islamist und linker Arnachist ist ein guter Mensch,leider hilft da nur Zwang durch das Grundgesetz,aber das wird Durch die Regierung verbogen.""}]"
856928747678883,"In 20 Jahren laufen in Deutschland die Frauen vielleicht nur noch mit Kopftuch rum. Sitzen zu Hause am Herd, dürfen nicht mehr Auto  fahren und schöne sexy Kleider tragen. Da sind die Bilder die ich vom Islam im Kopf habe. Und das ist noch nicht die Spitze vom Eisberg. So was habe ich mir für meine Kinder nicht erträumt.",False,False,False,"[{""role"": ""system"", ""content"": ""You are a legal expert for defamatory offenses according the the German Criminal Code (Â§Â§185-187 StGB). Help the user decide whether given posts fall within in the scope of these articles.""}, {""role"": ""user"", ""content"": ""Is the following post criminally relevant with respect to Â§Â§185-187 StGB (Defamatory Offense)? Answer only with 'True' (criminally relevant according to Â§Â§185-187 StGB) or 'False' (not criminally relevant according to Â§Â§185-187 StGB).""}, {""role"": ""user"", ""content"": ""In 20 Jahren laufen in Deutschland die Frauen vielleicht nur noch mit Kopftuch rum. Sitzen zu Hause am Herd, dürfen nicht mehr Auto  fahren und schöne sexy Kleider tragen. Da sind die Bilder die ich vom Islam im Kopf habe. Und das ist noch nicht die Spitze vom Eisberg. So was habe ich mir für meine Kinder nicht erträumt.""}]"
935266479845109,Raus mit dem gesamten Salamifister-Dreckspack!!,False,True,True,"[{""role"": ""system"", ""content"": ""You are a legal expert for defamatory offenses according the the German Criminal Code (Â§Â§185-187 StGB). Help the user decide whether given posts fall within in the scope of these articles.""}, {""role"": ""user"", ""content"": ""Is the following post criminally relevant with respect to Â§Â§185-187 StGB (Defamatory Offense)? Answer only with 'True' (criminally relevant according to Â§Â§185-187 StGB) or 'False' (not criminally relevant according to Â§Â§185-187 StGB).""}, {""role"": ""user"", ""content"": ""Raus mit dem gesamten Salamifister-Dreckspack!!""}]"
902,#Familiennachzug. |LBR| Sollen diese Feiglinge doch wieder zurück zu ihren Familien gehen. Warum alle nach Deutschland holen?,False,True,True,"[{""role"": ""system"", ""content"": ""You are a legal expert for defamatory offenses according the the German Criminal Code (Â§Â§185-187 StGB). Help the user decide whether given posts fall within in the scope of these articles.""}, {""role"": ""user"", ""content"": ""Is the following post criminally relevant with respect to Â§Â§185-187 StGB (Defamatory Offense)? Answer only with 'True' (criminally relevant according to Â§Â§185-187 StGB) or 'False' (not criminally relevant according to Â§Â§185-187 StGB).""}, {""role"": ""user"", ""content"": ""#Familiennachzug. |LBR| Sollen diese Feiglinge doch wieder zurück zu ihren Familien gehen. Warum alle nach Deutschland holen?""}]"
1096013480437074,Sozialschnorrer-Pack??,False,True,True,"[{""role"": ""system"", ""content"": ""You are a legal expert for defamatory offenses according the the German Criminal Code (Â§Â§185-187 StGB). Help the user decide whether given posts fall within in the scope of these articles.""}, {""role"": ""user"", ""content"": ""Is the following post criminally relevant with respect to Â§Â§185-187 StGB (Defamatory Offense)? Answer only with 'True' (criminally relevant according to Â§Â§185-187 StGB) or 'False' (not criminally relevant according to Â§Â§185-187 StGB).""}, {""role"": ""user"", ""content"": ""Sozialschnorrer-Pack??""}]"
790,@AfD_Support Hoffentlich finden Sie alle Schweine!,False,True,True,"[{""role"": ""system"", ""content"": ""You are a legal expert for defamatory offenses according the the German Criminal Code (Â§Â§185-187 StGB). Help the user decide whether given posts fall within in the scope of these articles.""}, {""role"": ""user"", ""content"": ""Is the following post criminally relevant with respect to Â§Â§185-187 StGB (Defamatory Offense)? Answer only with 'True' (criminally relevant according to Â§Â§185-187 StGB) or 'False' (not criminally relevant according to Â§Â§185-187 StGB).""}, {""role"": ""user"", ""content"": ""@AfD_Support Hoffentlich finden Sie alle Schweine!""}]"
982672218437868,"diese armen flüchtigen Terroristen wollen zu uns?...in unsere Heimat!...Frau "" Merkel schauen Sie  sich das ganz genau an, was dann hier passiert !...die werden sich sicher nicht dem deutschen Gesetz fügen...",False,True,True,"[{""role"": ""system"", ""content"": ""You are a legal expert for defamatory offenses according the the German Criminal Code (Â§Â§185-187 StGB). Help the user decide whether given posts fall within in the scope of these articles.""}, {""role"": ""user"", ""content"": ""Is the following post criminally relevant with respect to Â§Â§185-187 StGB (Defamatory Offense)? Answer only with 'True' (criminally relevant according to Â§Â§185-187 StGB) or 'False' (not criminally relevant according to Â§Â§185-187 StGB).""}, {""role"": ""user"", ""content"": ""diese armen flüchtigen Terroristen wollen zu uns?...in unsere Heimat!...Frau \"" Merkel schauen Sie  sich das ganz genau an, was dann hier passiert !...die werden sich sicher nicht dem deutschen Gesetz fügen...""}]"
1081,@Hartes_Geld @SirSchnee Den hätte ich absaufen lassen!,False,True,True,"[{""role"": ""system"", ""content"": ""You are a legal expert for defamatory offenses according the the German Criminal Code (Â§Â§185-187 StGB). Help the user decide whether given posts fall within in the scope of these articles.""}, {""role"": ""user"", ""content"": ""Is the following post criminally relevant with respect to Â§Â§185-187 StGB (Defamatory Offense)? Answer only with 'True' (criminally relevant according to Â§Â§185-187 StGB) or 'False' (not criminally relevant according to Â§Â§185-187 StGB).""}, {""role"": ""user"", ""content"": ""@Hartes_Geld @SirSchnee Den hätte ich absaufen lassen!""}]"
1095977817107307,Dieser  alle Dreck   Siedler zurück  schicken . Sofort,False,True,True,"[{""role"": ""system"", ""content"": ""You are a legal expert for defamatory offenses according the the German Criminal Code (Â§Â§185-187 StGB). Help the user decide whether given posts fall within in the scope of these articles.""}, {""role"": ""user"", ""content"": ""Is the following post criminally relevant with respect to Â§Â§185-187 StGB (Defamatory Offense)? Answer only with 'True' (criminally relevant according to Â§Â§185-187 StGB) or 'False' (not criminally relevant according to Â§Â§185-187 StGB).""}, {""role"": ""user"", ""content"": ""Dieser  alle Dreck   Siedler zurück  schicken . Sofort""}]"
1035165236521899,"Ralf Dieter John du Spatzenhirn, wieso soll ich für den scheiß Osten zahlen? Hätte ich die Wahl zwischen Soli zahlen oder das Geld an die Schweine zu verfüttern, ich würd es den Schweinen geben ?? Die sind wenigstens Produktiv und aus denen wird auch mal was",False,True,True,"[{""role"": ""system"", ""content"": ""You are a legal expert for defamatory offenses according the the German Criminal Code (Â§Â§185-187 StGB). Help the user decide whether given posts fall within in the scope of these articles.""}, {""role"": ""user"", ""content"": ""Is the following post criminally relevant with respect to Â§Â§185-187 StGB (Defamatory Offense)? Answer only with 'True' (criminally relevant according to Â§Â§185-187 StGB) or 'False' (not criminally relevant according to Â§Â§185-187 StGB).""}, {""role"": ""user"", ""content"": ""Ralf Dieter John du Spatzenhirn, wieso soll ich für den scheiß Osten zahlen? Hätte ich die Wahl zwischen Soli zahlen oder das Geld an die Schweine zu verfüttern, ich würd es den Schweinen geben ?? Die sind wenigstens Produktiv und aus denen wird auch mal was""}]"
994008103970946,Wieso sollte man sie bitten zurückzutreten ?  Sie sollte endlich den Arsch in der Hose haben und einfach gehen. Und am besten weit weit weg .sie hat keine Kinder die  eine gesicherte Zukunft brauchen. Wenn ich so in mich gehe und nachdenke dann stellt sich mir die Frage ist sie nicht eine von ihnen und sie treibt uns mit Absicht in offene Messer?  Ein normal denkender Mensch würde so nicht handeln .ihr Volk verraten .,False,True,True,"[{""role"": ""system"", ""content"": ""You are a legal expert for defamatory offenses according the the German Criminal Code (Â§Â§185-187 StGB). Help the user decide whether given posts fall within in the scope of these articles.""}, {""role"": ""user"", ""content"": ""Is the following post criminally relevant with respect to Â§Â§185-187 StGB (Defamatory Offense)? Answer only with 'True' (criminally relevant according to Â§Â§185-187 StGB) or 'False' (not criminally relevant according to Â§Â§185-187 StGB).""}, {""role"": ""user"", ""content"": ""Wieso sollte man sie bitten zurückzutreten ?  Sie sollte endlich den Arsch in der Hose haben und einfach gehen. Und am besten weit weit weg .sie hat keine Kinder die  eine gesicherte Zukunft brauchen. Wenn ich so in mich gehe und nachdenke dann stellt sich mir die Frage ist sie nicht eine von ihnen und sie treibt uns mit Absicht in offene Messer?  Ein normal denkender Mensch würde so nicht handeln .ihr Volk verraten .""}]"
1804,@sabowithfire Diese Sara ist so behindert Digga sie ist schlimmer als dieses Monster,True,True,True,"[{""role"": ""system"", ""content"": ""You are a legal expert for defamatory offenses according the the German Criminal Code (Â§Â§185-187 StGB). Help the user decide whether given posts fall within in the scope of these articles.""}, {""role"": ""user"", ""content"": ""Is the following post criminally relevant with respect to Â§Â§185-187 StGB (Defamatory Offense)? Answer only with 'True' (criminally relevant according to Â§Â§185-187 StGB) or 'False' (not criminally relevant according to Â§Â§185-187 StGB).""}, {""role"": ""user"", ""content"": ""@sabowithfire Diese Sara ist so behindert Digga sie ist schlimmer als dieses Monster""}]"
894860463885711,"""Der Islam"" ist eine Religion und keine Person, du Hirn.",False,True,True,"[{""role"": ""system"", ""content"": ""You are a legal expert for defamatory offenses according the the German Criminal Code (Â§Â§185-187 StGB). Help the user decide whether given posts fall within in the scope of these articles.""}, {""role"": ""user"", ""content"": ""Is the following post criminally relevant with respect to Â§Â§185-187 StGB (Defamatory Offense)? Answer only with 'True' (criminally relevant according to Â§Â§185-187 StGB) or 'False' (not criminally relevant according to Â§Â§185-187 StGB).""}, {""role"": ""user"", ""content"": ""\""Der Islam\"" ist eine Religion und keine Person, du Hirn.""}]"
894666533905104,"Herr Toden...usw packen sie ihr Ränzel schnappen sich ihre 6 Mill. Moslemfreunde und wandern sie bitte in die islamische Welt aus. Bitte bereichern sie Saudi Arabien mit ihren "" Weisheiten"". Deutschland, aber auch Europa braucht keine Todenh... usw.",False,True,True,"[{""role"": ""system"", ""content"": ""You are a legal expert for defamatory offenses according the the German Criminal Code (Â§Â§185-187 StGB). Help the user decide whether given posts fall within in the scope of these articles.""}, {""role"": ""user"", ""content"": ""Is the following post criminally relevant with respect to Â§Â§185-187 StGB (Defamatory Offense)? Answer only with 'True' (criminally relevant according to Â§Â§185-187 StGB) or 'False' (not criminally relevant according to Â§Â§185-187 StGB).""}, {""role"": ""user"", ""content"": ""Herr Toden...usw packen sie ihr Ränzel schnappen sich ihre 6 Mill. Moslemfreunde und wandern sie bitte in die islamische Welt aus. Bitte bereichern sie Saudi Arabien mit ihren \"" Weisheiten\"". Deutschland, aber auch Europa braucht keine Todenh... usw.""}]"
957666687605088,"und genau darauf habe ich gewartet ... immer wenn hier einer gegen pegida geschossen hat, habe ich gefragt, was denn mit den ganzen menschen passieren soll ... ob sie nun für immer in containern, turnhallen und zelten wohnen sollen, wo es doch in deutschland schon jetzt viel zuwenig bezahlbaren wohnraum für die hier lebenden bürger gibt, welche jobs sie mal machen sollen, wo wir doch schon 3 millionen arbeitslose haben und und und ... naja und nun gehen die ersten auf die barrikaden und es werden viele folgen .... also jeder der hier gegen pegida schießt kann schon mal ein zimmer räumen, denn bald wird es hier richtig lustig ... http://www.tz.de/muenchen/region/holzkirchen-asylbewerber-protestieren-gegen-unterkunft-tz-5301409.html",False,False,False,"[{""role"": ""system"", ""content"": ""You are a legal expert for defamatory offenses according the the German Criminal Code (Â§Â§185-187 StGB). Help the user decide whether given posts fall within in the scope of these articles.""}, {""role"": ""user"", ""content"": ""Is the following post criminally relevant with respect to Â§Â§185-187 StGB (Defamatory Offense)? Answer only with 'True' (criminally relevant according to Â§Â§185-187 StGB) or 'False' (not criminally relevant according to Â§Â§185-187 StGB).""}, {""role"": ""user"", ""content"": ""und genau darauf habe ich gewartet ... immer wenn hier einer gegen pegida geschossen hat, habe ich gefragt, was denn mit den ganzen menschen passieren soll ... ob sie nun für immer in containern, turnhallen und zelten wohnen sollen, wo es doch in deutschland schon jetzt viel zuwenig bezahlbaren wohnraum für die hier lebenden bürger gibt, welche jobs sie mal machen sollen, wo wir doch schon 3 millionen arbeitslose haben und und und ... naja und nun gehen die ersten auf die barrikaden und es werden viele folgen .... also jeder der hier gegen pegida schießt kann schon mal ein zimmer räumen, denn bald wird es hier richtig lustig ... http://www.tz.de/muenchen/region/holzkirchen-asylbewerber-protestieren-gegen-unterkunft-tz-5301409.html""}]"
144,@DeusVultKTI Nicht nur posten.... Kosten mitteilen denn alles andere läuft nicht. Nicht einmal diese Website,False,False,False,"[{""role"": ""system"", ""content"": ""You are a legal expert for defamatory offenses according the the German Criminal Code (Â§Â§185-187 StGB). Help the user decide whether given posts fall within in the scope of these articles.""}, {""role"": ""user"", ""content"": ""Is the following post criminally relevant with respect to Â§Â§185-187 StGB (Defamatory Offense)? Answer only with 'True' (criminally relevant according to Â§Â§185-187 StGB) or 'False' (not criminally relevant according to Â§Â§185-187 StGB).""}, {""role"": ""user"", ""content"": ""@DeusVultKTI Nicht nur posten.... Kosten mitteilen denn alles andere läuft nicht. Nicht einmal diese Website""}]"
856797207692037,Merkel ist nicht unsere Bundeskanzlerin sondern der neue Nazi Führer......,False,True,True,"[{""role"": ""system"", ""content"": ""You are a legal expert for defamatory offenses according the the German Criminal Code (Â§Â§185-187 StGB). Help the user decide whether given posts fall within in the scope of these articles.""}, {""role"": ""user"", ""content"": ""Is the following post criminally relevant with respect to Â§Â§185-187 StGB (Defamatory Offense)? Answer only with 'True' (criminally relevant according to Â§Â§185-187 StGB) or 'False' (not criminally relevant according to Â§Â§185-187 StGB).""}, {""role"": ""user"", ""content"": ""Merkel ist nicht unsere Bundeskanzlerin sondern der neue Nazi Führer......""}]"
1055905544447868,"Deren Trinkwasser muss mit Wirksamkeit einer Antibabypille versetzt werden, die haben außer Sex zu vollziehen nichts zu tun, natürlich werden die immer mehr! Arbeit auf den Feldern und im Handwerksbereich fördern, die sollen mal erfahren was Arbeit ist!!!",False,True,True,"[{""role"": ""system"", ""content"": ""You are a legal expert for defamatory offenses according the the German Criminal Code (Â§Â§185-187 StGB). Help the user decide whether given posts fall within in the scope of these articles.""}, {""role"": ""user"", ""content"": ""Is the following post criminally relevant with respect to Â§Â§185-187 StGB (Defamatory Offense)? Answer only with 'True' (criminally relevant according to Â§Â§185-187 StGB) or 'False' (not criminally relevant according to Â§Â§185-187 StGB).""}, {""role"": ""user"", ""content"": ""Deren Trinkwasser muss mit Wirksamkeit einer Antibabypille versetzt werden, die haben außer Sex zu vollziehen nichts zu tun, natürlich werden die immer mehr! Arbeit auf den Feldern und im Handwerksbereich fördern, die sollen mal erfahren was Arbeit ist!!!""}]"
1012917188746704,Die Grünen?Das sind doch gossgezogene Nachgeburten.,True,True,True,"[{""role"": ""system"", ""content"": ""You are a legal expert for defamatory offenses according the the German Criminal Code (Â§Â§185-187 StGB). Help the user decide whether given posts fall within in the scope of these articles.""}, {""role"": ""user"", ""content"": ""Is the following post criminally relevant with respect to Â§Â§185-187 StGB (Defamatory Offense)? Answer only with 'True' (criminally relevant according to Â§Â§185-187 StGB) or 'False' (not criminally relevant according to Â§Â§185-187 StGB).""}, {""role"": ""user"", ""content"": ""Die Grünen?Das sind doch gossgezogene Nachgeburten.""}]"
876299969075094,"Fachkräfte ja, Schmarotzer nein, ist doch ganz einfach. Kultur haben wir selbst, Religionsfaschisten brauchen wir nicht. Kamel und Eseltreiber brauchen wir auch nicht. Die Fachkräfte gehen dahin, wo man vernünftiges Geld für vernünftige Arbeit bekommt.",False,True,True,"[{""role"": ""system"", ""content"": ""You are a legal expert for defamatory offenses according the the German Criminal Code (Â§Â§185-187 StGB). Help the user decide whether given posts fall within in the scope of these articles.""}, {""role"": ""user"", ""content"": ""Is the following post criminally relevant with respect to Â§Â§185-187 StGB (Defamatory Offense)? Answer only with 'True' (criminally relevant according to Â§Â§185-187 StGB) or 'False' (not criminally relevant according to Â§Â§185-187 StGB).""}, {""role"": ""user"", ""content"": ""Fachkräfte ja, Schmarotzer nein, ist doch ganz einfach. Kultur haben wir selbst, Religionsfaschisten brauchen wir nicht. Kamel und Eseltreiber brauchen wir auch nicht. Die Fachkräfte gehen dahin, wo man vernünftiges Geld für vernünftige Arbeit bekommt.""}]"
472,Younower zu werden ist der finale schritt um ein Hurensohn zu werden,False,True,True,"[{""role"": ""system"", ""content"": ""You are a legal expert for defamatory offenses according the the German Criminal Code (Â§Â§185-187 StGB). Help the user decide whether given posts fall within in the scope of these articles.""}, {""role"": ""user"", ""content"": ""Is the following post criminally relevant with respect to Â§Â§185-187 StGB (Defamatory Offense)? Answer only with 'True' (criminally relevant according to Â§Â§185-187 StGB) or 'False' (not criminally relevant according to Â§Â§185-187 StGB).""}, {""role"": ""user"", ""content"": ""Younower zu werden ist der finale schritt um ein Hurensohn zu werden""}]"
366,"Seit wenigen Stunden zurück in Deutschland, was für eine lächerliche, manipulierte und verlogene Parteienlandschaft um Murksels Thron.",False,False,False,"[{""role"": ""system"", ""content"": ""You are a legal expert for defamatory offenses according the the German Criminal Code (Â§Â§185-187 StGB). Help the user decide whether given posts fall within in the scope of these articles.""}, {""role"": ""user"", ""content"": ""Is the following post criminally relevant with respect to Â§Â§185-187 StGB (Defamatory Offense)? Answer only with 'True' (criminally relevant according to Â§Â§185-187 StGB) or 'False' (not criminally relevant according to Â§Â§185-187 StGB).""}, {""role"": ""user"", ""content"": ""Seit wenigen Stunden zurück in Deutschland, was für eine lächerliche, manipulierte und verlogene Parteienlandschaft um Murksels Thron.""}]"
584,Schröder macht sich zum russischen Söldner. #TVDuell,False,True,True,"[{""role"": ""system"", ""content"": ""You are a legal expert for defamatory offenses according the the German Criminal Code (Â§Â§185-187 StGB). Help the user decide whether given posts fall within in the scope of these articles.""}, {""role"": ""user"", ""content"": ""Is the following post criminally relevant with respect to Â§Â§185-187 StGB (Defamatory Offense)? Answer only with 'True' (criminally relevant according to Â§Â§185-187 StGB) or 'False' (not criminally relevant according to Â§Â§185-187 StGB).""}, {""role"": ""user"", ""content"": ""Schröder macht sich zum russischen Söldner. #TVDuell""}]"
1063476433690779,"Die sollen sich alle gegenseitig rummachen,aber bitte nicht in EUROPA!",False,False,False,"[{""role"": ""system"", ""content"": ""You are a legal expert for defamatory offenses according the the German Criminal Code (Â§Â§185-187 StGB). Help the user decide whether given posts fall within in the scope of these articles.""}, {""role"": ""user"", ""content"": ""Is the following post criminally relevant with respect to Â§Â§185-187 StGB (Defamatory Offense)? Answer only with 'True' (criminally relevant according to Â§Â§185-187 StGB) or 'False' (not criminally relevant according to Â§Â§185-187 StGB).""}, {""role"": ""user"", ""content"": ""Die sollen sich alle gegenseitig rummachen,aber bitte nicht in EUROPA!""}]"
982914468413643,jaja da da fühlen sich insere syr sog. flüchtlinge ganz wie zu hause.  zerstören randalieren und gegen die polizei kämpfen. slche ausgebildeten kämpfer braucht unsere reg. um weiterhin  das eigene volk zu unterdrücken. herzlich willkommen.,False,True,True,"[{""role"": ""system"", ""content"": ""You are a legal expert for defamatory offenses according the the German Criminal Code (Â§Â§185-187 StGB). Help the user decide whether given posts fall within in the scope of these articles.""}, {""role"": ""user"", ""content"": ""Is the following post criminally relevant with respect to Â§Â§185-187 StGB (Defamatory Offense)? Answer only with 'True' (criminally relevant according to Â§Â§185-187 StGB) or 'False' (not criminally relevant according to Â§Â§185-187 StGB).""}, {""role"": ""user"", ""content"": ""jaja da da fühlen sich insere syr sog. flüchtlinge ganz wie zu hause.  zerstören randalieren und gegen die polizei kämpfen. slche ausgebildeten kämpfer braucht unsere reg. um weiterhin  das eigene volk zu unterdrücken. herzlich willkommen.""}]"
982648941773529,Invasoren nix anderes Feuer Frei,False,True,True,"[{""role"": ""system"", ""content"": ""You are a legal expert for defamatory offenses according the the German Criminal Code (Â§Â§185-187 StGB). Help the user decide whether given posts fall within in the scope of these articles.""}, {""role"": ""user"", ""content"": ""Is the following post criminally relevant with respect to Â§Â§185-187 StGB (Defamatory Offense)? Answer only with 'True' (criminally relevant according to Â§Â§185-187 StGB) or 'False' (not criminally relevant according to Â§Â§185-187 StGB).""}, {""role"": ""user"", ""content"": ""Invasoren nix anderes Feuer Frei""}]"
1703,Hat die schäbige fotze schön ein auf ihre Hunde Gesicht bekommen und dann alles verstanden.. Sie hat aber Glück das der Fahrer keine zeit hatte..,True,True,True,"[{""role"": ""system"", ""content"": ""You are a legal expert for defamatory offenses according the the German Criminal Code (Â§Â§185-187 StGB). Help the user decide whether given posts fall within in the scope of these articles.""}, {""role"": ""user"", ""content"": ""Is the following post criminally relevant with respect to Â§Â§185-187 StGB (Defamatory Offense)? Answer only with 'True' (criminally relevant according to Â§Â§185-187 StGB) or 'False' (not criminally relevant according to Â§Â§185-187 StGB).""}, {""role"": ""user"", ""content"": ""Hat die schäbige fotze schön ein auf ihre Hunde Gesicht bekommen und dann alles verstanden.. Sie hat aber Glück das der Fahrer keine zeit hatte..""}]"
1105425099495912,Schweine gibt es im Umland von Dresden genügend :-),False,False,False,"[{""role"": ""system"", ""content"": ""You are a legal expert for defamatory offenses according the the German Criminal Code (Â§Â§185-187 StGB). Help the user decide whether given posts fall within in the scope of these articles.""}, {""role"": ""user"", ""content"": ""Is the following post criminally relevant with respect to Â§Â§185-187 StGB (Defamatory Offense)? Answer only with 'True' (criminally relevant according to Â§Â§185-187 StGB) or 'False' (not criminally relevant according to Â§Â§185-187 StGB).""}, {""role"": ""user"", ""content"": ""Schweine gibt es im Umland von Dresden genügend :-)""}]"
972136922824731,Ein Ossi dümmer als der andere.,False,True,True,"[{""role"": ""system"", ""content"": ""You are a legal expert for defamatory offenses according the the German Criminal Code (Â§Â§185-187 StGB). Help the user decide whether given posts fall within in the scope of these articles.""}, {""role"": ""user"", ""content"": ""Is the following post criminally relevant with respect to Â§Â§185-187 StGB (Defamatory Offense)? Answer only with 'True' (criminally relevant according to Â§Â§185-187 StGB) or 'False' (not criminally relevant according to Â§Â§185-187 StGB).""}, {""role"": ""user"", ""content"": ""Ein Ossi dümmer als der andere.""}]"
952157218156035,"Gleich die Junx zurückpfeifen und diesem dummen Lutscher gleich nochmal die Fresse polieren, denn er hat es nicht verstanden, das er Lektion erhalten hat weil er sich als Tunte verkleidet hat. Grüne Schöngeister brauchen da länger denn es fehlt an geistiger Kapazität.",True,True,True,"[{""role"": ""system"", ""content"": ""You are a legal expert for defamatory offenses according the the German Criminal Code (Â§Â§185-187 StGB). Help the user decide whether given posts fall within in the scope of these articles.""}, {""role"": ""user"", ""content"": ""Is the following post criminally relevant with respect to Â§Â§185-187 StGB (Defamatory Offense)? Answer only with 'True' (criminally relevant according to Â§Â§185-187 StGB) or 'False' (not criminally relevant according to Â§Â§185-187 StGB).""}, {""role"": ""user"", ""content"": ""Gleich die Junx zurückpfeifen und diesem dummen Lutscher gleich nochmal die Fresse polieren, denn er hat es nicht verstanden, das er Lektion erhalten hat weil er sich als Tunte verkleidet hat. Grüne Schöngeister brauchen da länger denn es fehlt an geistiger Kapazität.""}]"
1107826182589137,"#PEGIDA #SchautHin #GrenzenDicht #FestungEuropa #AufDieStraße #FortressEurope



Linke Gewalttäter aus #Italien rasteten gestern am #Brenner gegen Österreichs geplante Grenzkontrollen wieder komplett aus! 



Was hier in unseren Breitengraden grad abgeht, ist abnormal! 



Ohne diese Linksterroristen #Schlägertrupps hätten wir die meisten Probleme jetzt nicht im Land. 



Die werden ja auch immer gegenüber PEGIDA gewalttätig und sind der Grund warum sich viele nicht auf Demos im Westen trauen ? 

Linksfaschisten schützen Islamisten ? Sieht man wieder im Video ? wollen Weg für #Flüchtlinge freischlagen.",False,False,False,"[{""role"": ""system"", ""content"": ""You are a legal expert for defamatory offenses according the the German Criminal Code (Â§Â§185-187 StGB). Help the user decide whether given posts fall within in the scope of these articles.""}, {""role"": ""user"", ""content"": ""Is the following post criminally relevant with respect to Â§Â§185-187 StGB (Defamatory Offense)? Answer only with 'True' (criminally relevant according to Â§Â§185-187 StGB) or 'False' (not criminally relevant according to Â§Â§185-187 StGB).""}, {""role"": ""user"", ""content"": ""#PEGIDA #SchautHin #GrenzenDicht #FestungEuropa #AufDieStraße #FortressEurope\r\n\r\n\r\n\r\nLinke Gewalttäter aus #Italien rasteten gestern am #Brenner gegen Österreichs geplante Grenzkontrollen wieder komplett aus! \r\n\r\n\r\n\r\nWas hier in unseren Breitengraden grad abgeht, ist abnormal! \r\n\r\n\r\n\r\nOhne diese Linksterroristen #Schlägertrupps hätten wir die meisten Probleme jetzt nicht im Land. \r\n\r\n\r\n\r\nDie werden ja auch immer gegenüber PEGIDA gewalttätig und sind der Grund warum sich viele nicht auf Demos im Westen trauen ? \r\n\r\nLinksfaschisten schützen Islamisten ? Sieht man wieder im Video ? wollen Weg für #Flüchtlinge freischlagen.""}]"
951556308216126,"genau...2017 ist noch weit we´g. aber wie sagte doch gauck ""wir haben noch platz genug"". kommt alle rein. erzählt jedem davon. wir brauchen euch facharbeiter. mit dem messer umgehen können sie ja schon. der metzgerberuf ist gerettet...",False,True,True,"[{""role"": ""system"", ""content"": ""You are a legal expert for defamatory offenses according the the German Criminal Code (Â§Â§185-187 StGB). Help the user decide whether given posts fall within in the scope of these articles.""}, {""role"": ""user"", ""content"": ""Is the following post criminally relevant with respect to Â§Â§185-187 StGB (Defamatory Offense)? Answer only with 'True' (criminally relevant according to Â§Â§185-187 StGB) or 'False' (not criminally relevant according to Â§Â§185-187 StGB).""}, {""role"": ""user"", ""content"": ""genau...2017 ist noch weit we´g. aber wie sagte doch gauck \""wir haben noch platz genug\"". kommt alle rein. erzählt jedem davon. wir brauchen euch facharbeiter. mit dem messer umgehen können sie ja schon. der metzgerberuf ist gerettet...""}]"
856896031015488,"Das sind genau die Bilder die auch den letzten Idioten aus seinem Dauerschlaf reißen sollten. Das es eben keinen ""Kuschelislam"" gibt.",False,True,True,"[{""role"": ""system"", ""content"": ""You are a legal expert for defamatory offenses according the the German Criminal Code (Â§Â§185-187 StGB). Help the user decide whether given posts fall within in the scope of these articles.""}, {""role"": ""user"", ""content"": ""Is the following post criminally relevant with respect to Â§Â§185-187 StGB (Defamatory Offense)? Answer only with 'True' (criminally relevant according to Â§Â§185-187 StGB) or 'False' (not criminally relevant according to Â§Â§185-187 StGB).""}, {""role"": ""user"", ""content"": ""Das sind genau die Bilder die auch den letzten Idioten aus seinem Dauerschlaf reißen sollten. Das es eben keinen \""Kuschelislam\"" gibt.""}]"
968078219897268,Dann wären nicht so viele hier. Muslime sind als Sozialschmarotzer bekannt,False,True,True,"[{""role"": ""system"", ""content"": ""You are a legal expert for defamatory offenses according the the German Criminal Code (Â§Â§185-187 StGB). Help the user decide whether given posts fall within in the scope of these articles.""}, {""role"": ""user"", ""content"": ""Is the following post criminally relevant with respect to Â§Â§185-187 StGB (Defamatory Offense)? Answer only with 'True' (criminally relevant according to Â§Â§185-187 StGB) or 'False' (not criminally relevant according to Â§Â§185-187 StGB).""}, {""role"": ""user"", ""content"": ""Dann wären nicht so viele hier. Muslime sind als Sozialschmarotzer bekannt""}]"
1105400689498353,Die sollen Ihre Scheisse in Ihren Ländern bauen.,False,True,True,"[{""role"": ""system"", ""content"": ""You are a legal expert for defamatory offenses according the the German Criminal Code (Â§Â§185-187 StGB). Help the user decide whether given posts fall within in the scope of these articles.""}, {""role"": ""user"", ""content"": ""Is the following post criminally relevant with respect to Â§Â§185-187 StGB (Defamatory Offense)? Answer only with 'True' (criminally relevant according to Â§Â§185-187 StGB) or 'False' (not criminally relevant according to Â§Â§185-187 StGB).""}, {""role"": ""user"", ""content"": ""Die sollen Ihre Scheisse in Ihren Ländern bauen.""}]"
876331435738614,"Sehr richtig. Man will keine Zuwanderung von Idioten. Sondern von Fachleuten die in Deutschland was erreichen und beitragen wollen. Leute die sich einbringen, die Sprache lernen und können wollen, die nach Deutschland wollen weil sie das Land mögen. Man will nicht den Sprachverweigernden, ungebildeten Intergrationsverweigerer der nichts kann und sogar noch Hilfe braucht beim ausfüllen des Hartz4 Antrages.",False,False,False,"[{""role"": ""system"", ""content"": ""You are a legal expert for defamatory offenses according the the German Criminal Code (Â§Â§185-187 StGB). Help the user decide whether given posts fall within in the scope of these articles.""}, {""role"": ""user"", ""content"": ""Is the following post criminally relevant with respect to Â§Â§185-187 StGB (Defamatory Offense)? Answer only with 'True' (criminally relevant according to Â§Â§185-187 StGB) or 'False' (not criminally relevant according to Â§Â§185-187 StGB).""}, {""role"": ""user"", ""content"": ""Sehr richtig. Man will keine Zuwanderung von Idioten. Sondern von Fachleuten die in Deutschland was erreichen und beitragen wollen. Leute die sich einbringen, die Sprache lernen und können wollen, die nach Deutschland wollen weil sie das Land mögen. Man will nicht den Sprachverweigernden, ungebildeten Intergrationsverweigerer der nichts kann und sogar noch Hilfe braucht beim ausfüllen des Hartz4 Antrages.""}]"
498,"@anna_IIna @Gerd_St Willkommen in 1933, die Geschichte wiederholt sich und wieder werden Tausende der Führerin zujubeln! Am Ende war es dann keiner!!!",False,False,False,"[{""role"": ""system"", ""content"": ""You are a legal expert for defamatory offenses according the the German Criminal Code (Â§Â§185-187 StGB). Help the user decide whether given posts fall within in the scope of these articles.""}, {""role"": ""user"", ""content"": ""Is the following post criminally relevant with respect to Â§Â§185-187 StGB (Defamatory Offense)? Answer only with 'True' (criminally relevant according to Â§Â§185-187 StGB) or 'False' (not criminally relevant according to Â§Â§185-187 StGB).""}, {""role"": ""user"", ""content"": ""@anna_IIna @Gerd_St Willkommen in 1933, die Geschichte wiederholt sich und wieder werden Tausende der Führerin zujubeln! Am Ende war es dann keiner!!!""}]"
857574907614267,"Zur Info: das ging noch ca. 800 Meter so weiter bis zu der Stelle, an der deine knapp 100 Nazi-Freunde eingekesselt waren......wer nicht live dabei war, sollte am besten die Fresse halten.",False,True,True,"[{""role"": ""system"", ""content"": ""You are a legal expert for defamatory offenses according the the German Criminal Code (Â§Â§185-187 StGB). Help the user decide whether given posts fall within in the scope of these articles.""}, {""role"": ""user"", ""content"": ""Is the following post criminally relevant with respect to Â§Â§185-187 StGB (Defamatory Offense)? Answer only with 'True' (criminally relevant according to Â§Â§185-187 StGB) or 'False' (not criminally relevant according to Â§Â§185-187 StGB).""}, {""role"": ""user"", ""content"": ""Zur Info: das ging noch ca. 800 Meter so weiter bis zu der Stelle, an der deine knapp 100 Nazi-Freunde eingekesselt waren......wer nicht live dabei war, sollte am besten die Fresse halten.""}]"
258,"@aranxo @trommler69 @hannes_moser @FrankyFKP @MiriamOzen Beschneidung gehört einfach VERBOTEN, egal ob m/w ! Wenn dann nur aus medizinischen Gründen ! Und überhaupt nur von Ärzten !",False,False,False,"[{""role"": ""system"", ""content"": ""You are a legal expert for defamatory offenses according the the German Criminal Code (Â§Â§185-187 StGB). Help the user decide whether given posts fall within in the scope of these articles.""}, {""role"": ""user"", ""content"": ""Is the following post criminally relevant with respect to Â§Â§185-187 StGB (Defamatory Offense)? Answer only with 'True' (criminally relevant according to Â§Â§185-187 StGB) or 'False' (not criminally relevant according to Â§Â§185-187 StGB).""}, {""role"": ""user"", ""content"": ""@aranxo @trommler69 @hannes_moser @FrankyFKP @MiriamOzen Beschneidung gehört einfach VERBOTEN, egal ob m/w ! Wenn dann nur aus medizinischen Gründen ! Und überhaupt nur von Ärzten !""}]"
626,Wenn Merkel wieder gewählt wird dann wird Deutschland überschwemmt werden und in Gewalt und Chaos enden.,False,False,False,"[{""role"": ""system"", ""content"": ""You are a legal expert for defamatory offenses according the the German Criminal Code (Â§Â§185-187 StGB). Help the user decide whether given posts fall within in the scope of these articles.""}, {""role"": ""user"", ""content"": ""Is the following post criminally relevant with respect to Â§Â§185-187 StGB (Defamatory Offense)? Answer only with 'True' (criminally relevant according to Â§Â§185-187 StGB) or 'False' (not criminally relevant according to Â§Â§185-187 StGB).""}, {""role"": ""user"", ""content"": ""Wenn Merkel wieder gewählt wird dann wird Deutschland überschwemmt werden und in Gewalt und Chaos enden.""}]"
1007149992656757,"Hier gehts mal nich dadrum.. Wer wieviele kinder macht oder nich.. Es gibt auch genug sozialschwache deutsche die hoeckern wie de kannickel u haben viele kinder.. 
Mir allein gehts hier dadrum es kommen zuviele u auch viele kriminelle die unsere kultur nich beachten.. Nehmen u fordern u ihren islam hier verbreiten.. Fakt iss egal ob syrier, afghane oder sonst was..fakt iss sie treten unser land , unsere kultur , unsere rituale..",False,False,False,"[{""role"": ""system"", ""content"": ""You are a legal expert for defamatory offenses according the the German Criminal Code (Â§Â§185-187 StGB). Help the user decide whether given posts fall within in the scope of these articles.""}, {""role"": ""user"", ""content"": ""Is the following post criminally relevant with respect to Â§Â§185-187 StGB (Defamatory Offense)? Answer only with 'True' (criminally relevant according to Â§Â§185-187 StGB) or 'False' (not criminally relevant according to Â§Â§185-187 StGB).""}, {""role"": ""user"", ""content"": ""Hier gehts mal nich dadrum.. Wer wieviele kinder macht oder nich.. Es gibt auch genug sozialschwache deutsche die hoeckern wie de kannickel u haben viele kinder.. \r\nMir allein gehts hier dadrum es kommen zuviele u auch viele kriminelle die unsere kultur nich beachten.. Nehmen u fordern u ihren islam hier verbreiten.. Fakt iss egal ob syrier, afghane oder sonst was..fakt iss sie treten unser land , unsere kultur , unsere rituale..""}]"
862094253828999,"Ist ja wie im Osten! Merken die Super - Politiker/fast-Millionäre  gar nicht, wie das eig ene Volk fast am verhungern ist ! Bitte sorgt dafür das unsere  Kinder und  dieRrentner",False,False,False,"[{""role"": ""system"", ""content"": ""You are a legal expert for defamatory offenses according the the German Criminal Code (Â§Â§185-187 StGB). Help the user decide whether given posts fall within in the scope of these articles.""}, {""role"": ""user"", ""content"": ""Is the following post criminally relevant with respect to Â§Â§185-187 StGB (Defamatory Offense)? Answer only with 'True' (criminally relevant according to Â§Â§185-187 StGB) or 'False' (not criminally relevant according to Â§Â§185-187 StGB).""}, {""role"": ""user"", ""content"": ""Ist ja wie im Osten! Merken die Super - Politiker/fast-Millionäre  gar nicht, wie das eig ene Volk fast am verhungern ist ! Bitte sorgt dafür das unsere  Kinder und  dieRrentner""}]"
885903674781390,"""Der Staat bezahlt also lieber seine Gegner als jene, für die Demokratie  und das Grundgesetz das höchste Gut in einem Staat bedeutet.""
Das ist so nicht richtig! Der Staat bezahlt seine Hilfstruppen. Gegner des brd-Staates sind heute die, die für Demokratie und Grundgesetz auf die Straße gehen.",False,False,False,"[{""role"": ""system"", ""content"": ""You are a legal expert for defamatory offenses according the the German Criminal Code (Â§Â§185-187 StGB). Help the user decide whether given posts fall within in the scope of these articles.""}, {""role"": ""user"", ""content"": ""Is the following post criminally relevant with respect to Â§Â§185-187 StGB (Defamatory Offense)? Answer only with 'True' (criminally relevant according to Â§Â§185-187 StGB) or 'False' (not criminally relevant according to Â§Â§185-187 StGB).""}, {""role"": ""user"", ""content"": ""\""Der Staat bezahlt also lieber seine Gegner als jene, für die Demokratie  und das Grundgesetz das höchste Gut in einem Staat bedeutet.\""\r\nDas ist so nicht richtig! Der Staat bezahlt seine Hilfstruppen. Gegner des brd-Staates sind heute die, die für Demokratie und Grundgesetz auf die Straße gehen.""}]"
858088150896276,"Vernünftige Argumente ? Diese zwei Worte solltest du nicht in den Mund nehmen, deine dämlichen Kommentare sprechen eine andere Sprache. Und vor solchen Subjekten wie dir macht jeder vernünftig denkende Mensch sofort dicht, verschenkte Zeit und völlig sinnlos.",True,True,True,"[{""role"": ""system"", ""content"": ""You are a legal expert for defamatory offenses according the the German Criminal Code (Â§Â§185-187 StGB). Help the user decide whether given posts fall within in the scope of these articles.""}, {""role"": ""user"", ""content"": ""Is the following post criminally relevant with respect to Â§Â§185-187 StGB (Defamatory Offense)? Answer only with 'True' (criminally relevant according to Â§Â§185-187 StGB) or 'False' (not criminally relevant according to Â§Â§185-187 StGB).""}, {""role"": ""user"", ""content"": ""Vernünftige Argumente ? Diese zwei Worte solltest du nicht in den Mund nehmen, deine dämlichen Kommentare sprechen eine andere Sprache. Und vor solchen Subjekten wie dir macht jeder vernünftig denkende Mensch sofort dicht, verschenkte Zeit und völlig sinnlos.""}]"
159,Diese Aussage wurde in der ARD einfach rausgeschnitten!,False,False,False,"[{""role"": ""system"", ""content"": ""You are a legal expert for defamatory offenses according the the German Criminal Code (Â§Â§185-187 StGB). Help the user decide whether given posts fall within in the scope of these articles.""}, {""role"": ""user"", ""content"": ""Is the following post criminally relevant with respect to Â§Â§185-187 StGB (Defamatory Offense)? Answer only with 'True' (criminally relevant according to Â§Â§185-187 StGB) or 'False' (not criminally relevant according to Â§Â§185-187 StGB).""}, {""role"": ""user"", ""content"": ""Diese Aussage wurde in der ARD einfach rausgeschnitten!""}]"
1011565225548567,"Jessica Dennart : Der springende Punkt! Wir behandeln die mit so viel (viel zu viel!) Nachsicht, weil wir viel zu gutmenschlich denken und stillschweigend davon ausgehen, alle auf der Welt würden im tiefsten Innern auch so ticken wie wir und wären im Kern eigentlich gute Kerle. Sind sie aber nicht. Die, die vom Islam-Virus befallen sind, zeigen ab einem gewissen Stadium keinen Hauch von Menschlichkleit mehr und werden zu Bestien. Die kann man nur mit größter Härte und Gewalt stoppen.",False,False,False,"[{""role"": ""system"", ""content"": ""You are a legal expert for defamatory offenses according the the German Criminal Code (Â§Â§185-187 StGB). Help the user decide whether given posts fall within in the scope of these articles.""}, {""role"": ""user"", ""content"": ""Is the following post criminally relevant with respect to Â§Â§185-187 StGB (Defamatory Offense)? Answer only with 'True' (criminally relevant according to Â§Â§185-187 StGB) or 'False' (not criminally relevant according to Â§Â§185-187 StGB).""}, {""role"": ""user"", ""content"": ""Jessica Dennart : Der springende Punkt! Wir behandeln die mit so viel (viel zu viel!) Nachsicht, weil wir viel zu gutmenschlich denken und stillschweigend davon ausgehen, alle auf der Welt würden im tiefsten Innern auch so ticken wie wir und wären im Kern eigentlich gute Kerle. Sind sie aber nicht. Die, die vom Islam-Virus befallen sind, zeigen ab einem gewissen Stadium keinen Hauch von Menschlichkleit mehr und werden zu Bestien. Die kann man nur mit größter Härte und Gewalt stoppen.""}]"
535,"@Platiniumray Dieses Arschloch vom Wetterdienst auf Hiddensee sprach gestern Abend von ""einigen Flocken"" 😡",False,True,True,"[{""role"": ""system"", ""content"": ""You are a legal expert for defamatory offenses according the the German Criminal Code (Â§Â§185-187 StGB). Help the user decide whether given posts fall within in the scope of these articles.""}, {""role"": ""user"", ""content"": ""Is the following post criminally relevant with respect to Â§Â§185-187 StGB (Defamatory Offense)? Answer only with 'True' (criminally relevant according to Â§Â§185-187 StGB) or 'False' (not criminally relevant according to Â§Â§185-187 StGB).""}, {""role"": ""user"", ""content"": ""@Platiniumray Dieses Arschloch vom Wetterdienst auf Hiddensee sprach gestern Abend von \""einigen Flocken\"" 😡""}]"
1095899297115159,"Sowas sind keine Flüchtlinge, das sind Erpresser.",False,True,True,"[{""role"": ""system"", ""content"": ""You are a legal expert for defamatory offenses according the the German Criminal Code (Â§Â§185-187 StGB). Help the user decide whether given posts fall within in the scope of these articles.""}, {""role"": ""user"", ""content"": ""Is the following post criminally relevant with respect to Â§Â§185-187 StGB (Defamatory Offense)? Answer only with 'True' (criminally relevant according to Â§Â§185-187 StGB) or 'False' (not criminally relevant according to Â§Â§185-187 StGB).""}, {""role"": ""user"", ""content"": ""Sowas sind keine Flüchtlinge, das sind Erpresser.""}]"
876349989070092,"Unsere Erfahrung: nur Ärger mit den Leuten, unzufriedene Kunden und wenn man sie kündigt kommt gleich die Großfamilie angerannt! Nein Danke! Wobei ich auch weiß, dass es privilegierte Moslems gibt. Aber es würde bei Neueinstellungen immer ein Risiko geben.",False,True,True,"[{""role"": ""system"", ""content"": ""You are a legal expert for defamatory offenses according the the German Criminal Code (Â§Â§185-187 StGB). Help the user decide whether given posts fall within in the scope of these articles.""}, {""role"": ""user"", ""content"": ""Is the following post criminally relevant with respect to Â§Â§185-187 StGB (Defamatory Offense)? Answer only with 'True' (criminally relevant according to Â§Â§185-187 StGB) or 'False' (not criminally relevant according to Â§Â§185-187 StGB).""}, {""role"": ""user"", ""content"": ""Unsere Erfahrung: nur Ärger mit den Leuten, unzufriedene Kunden und wenn man sie kündigt kommt gleich die Großfamilie angerannt! Nein Danke! Wobei ich auch weiß, dass es privilegierte Moslems gibt. Aber es würde bei Neueinstellungen immer ein Risiko geben.""}]"
1134164376621984,Ehm die meißten die einen Flüchtling kennenlernten kamen bei diesem meißt ungewollten erst Kontakt zuschaden.Nee danke.Ick bleibe lieber unter meines gleichen.,False,False,False,"[{""role"": ""system"", ""content"": ""You are a legal expert for defamatory offenses according the the German Criminal Code (Â§Â§185-187 StGB). Help the user decide whether given posts fall within in the scope of these articles.""}, {""role"": ""user"", ""content"": ""Is the following post criminally relevant with respect to Â§Â§185-187 StGB (Defamatory Offense)? Answer only with 'True' (criminally relevant according to Â§Â§185-187 StGB) or 'False' (not criminally relevant according to Â§Â§185-187 StGB).""}, {""role"": ""user"", ""content"": ""Ehm die meißten die einen Flüchtling kennenlernten kamen bei diesem meißt ungewollten erst Kontakt zuschaden.Nee danke.Ick bleibe lieber unter meines gleichen.""}]"
1055083457863410,Ich denke am Ende 2016 wird es die Bundesrepublik Deutschalnd so nicht mehr geben. Merkel hat ihr eigens Land auf dem Gewissen. Merkel- ist die größte Schande seit 1945 für dieses Land.,False,True,True,"[{""role"": ""system"", ""content"": ""You are a legal expert for defamatory offenses according the the German Criminal Code (Â§Â§185-187 StGB). Help the user decide whether given posts fall within in the scope of these articles.""}, {""role"": ""user"", ""content"": ""Is the following post criminally relevant with respect to Â§Â§185-187 StGB (Defamatory Offense)? Answer only with 'True' (criminally relevant according to Â§Â§185-187 StGB) or 'False' (not criminally relevant according to Â§Â§185-187 StGB).""}, {""role"": ""user"", ""content"": ""Ich denke am Ende 2016 wird es die Bundesrepublik Deutschalnd so nicht mehr geben. Merkel hat ihr eigens Land auf dem Gewissen. Merkel- ist die größte Schande seit 1945 für dieses Land.""}]"
446,Ihr Würstel glaubt an den Schaden einer Erderwärmung. Genau |LBR| das Gegenteil ist der Fall.,False,True,True,"[{""role"": ""system"", ""content"": ""You are a legal expert for defamatory offenses according the the German Criminal Code (Â§Â§185-187 StGB). Help the user decide whether given posts fall within in the scope of these articles.""}, {""role"": ""user"", ""content"": ""Is the following post criminally relevant with respect to Â§Â§185-187 StGB (Defamatory Offense)? Answer only with 'True' (criminally relevant according to Â§Â§185-187 StGB) or 'False' (not criminally relevant according to Â§Â§185-187 StGB).""}, {""role"": ""user"", ""content"": ""Ihr Würstel glaubt an den Schaden einer Erderwärmung. Genau |LBR| das Gegenteil ist der Fall.""}]"
856755314362893,"Da muss aber erst mal das Bildungssystem reformiert werden. So wie es jetzt ist, bringt es weder Denker noch Dichter hervor, sondern nur Dummlinge.",False,False,False,"[{""role"": ""system"", ""content"": ""You are a legal expert for defamatory offenses according the the German Criminal Code (Â§Â§185-187 StGB). Help the user decide whether given posts fall within in the scope of these articles.""}, {""role"": ""user"", ""content"": ""Is the following post criminally relevant with respect to Â§Â§185-187 StGB (Defamatory Offense)? Answer only with 'True' (criminally relevant according to Â§Â§185-187 StGB) or 'False' (not criminally relevant according to Â§Â§185-187 StGB).""}, {""role"": ""user"", ""content"": ""Da muss aber erst mal das Bildungssystem reformiert werden. So wie es jetzt ist, bringt es weder Denker noch Dichter hervor, sondern nur Dummlinge.""}]"
769,"Übrigens: Schon die #MSM-Bezeichnung ""Heimkehrer"" für diesen Auswurf der Menschheit ist eine Beleidigung des gesunden Menschenverstands!",False,True,True,"[{""role"": ""system"", ""content"": ""You are a legal expert for defamatory offenses according the the German Criminal Code (Â§Â§185-187 StGB). Help the user decide whether given posts fall within in the scope of these articles.""}, {""role"": ""user"", ""content"": ""Is the following post criminally relevant with respect to Â§Â§185-187 StGB (Defamatory Offense)? Answer only with 'True' (criminally relevant according to Â§Â§185-187 StGB) or 'False' (not criminally relevant according to Â§Â§185-187 StGB).""}, {""role"": ""user"", ""content"": ""Übrigens: Schon die #MSM-Bezeichnung \""Heimkehrer\"" für diesen Auswurf der Menschheit ist eine Beleidigung des gesunden Menschenverstands!""}]"
294,"Schwach ist,wer sich nicht um Land u Volk kümmert,dann übernahmen schon immer andere die Macht,das beweist d. gesamte Menschheitsgeschichte😜",False,False,False,"[{""role"": ""system"", ""content"": ""You are a legal expert for defamatory offenses according the the German Criminal Code (Â§Â§185-187 StGB). Help the user decide whether given posts fall within in the scope of these articles.""}, {""role"": ""user"", ""content"": ""Is the following post criminally relevant with respect to Â§Â§185-187 StGB (Defamatory Offense)? Answer only with 'True' (criminally relevant according to Â§Â§185-187 StGB) or 'False' (not criminally relevant according to Â§Â§185-187 StGB).""}, {""role"": ""user"", ""content"": ""Schwach ist,wer sich nicht um Land u Volk kümmert,dann übernahmen schon immer andere die Macht,das beweist d. gesamte Menschheitsgeschichte😜""}]"
882680778437013,"Fachkräfte !!! Oder gelten professionelle Drogendealer, Schleuser und sonstige Verbrecher etwa nicht als Facharbeiter?",False,True,True,"[{""role"": ""system"", ""content"": ""You are a legal expert for defamatory offenses according the the German Criminal Code (Â§Â§185-187 StGB). Help the user decide whether given posts fall within in the scope of these articles.""}, {""role"": ""user"", ""content"": ""Is the following post criminally relevant with respect to Â§Â§185-187 StGB (Defamatory Offense)? Answer only with 'True' (criminally relevant according to Â§Â§185-187 StGB) or 'False' (not criminally relevant according to Â§Â§185-187 StGB).""}, {""role"": ""user"", ""content"": ""Fachkräfte !!! Oder gelten professionelle Drogendealer, Schleuser und sonstige Verbrecher etwa nicht als Facharbeiter?""}]"
977025355669221,"ich lese gerade die ungarische Zeitungen, und bei uns am Ungarn heute ab 00:00-06:00 DER Ausländeramt hat 119 Asyl Antrag geprüft. 3 Schickt Arbeit bei Ausländeramt. Danke Angela, dich bei uns wir hassen sehr.",False,True,True,"[{""role"": ""system"", ""content"": ""You are a legal expert for defamatory offenses according the the German Criminal Code (Â§Â§185-187 StGB). Help the user decide whether given posts fall within in the scope of these articles.""}, {""role"": ""user"", ""content"": ""Is the following post criminally relevant with respect to Â§Â§185-187 StGB (Defamatory Offense)? Answer only with 'True' (criminally relevant according to Â§Â§185-187 StGB) or 'False' (not criminally relevant according to Â§Â§185-187 StGB).""}, {""role"": ""user"", ""content"": ""ich lese gerade die ungarische Zeitungen, und bei uns am Ungarn heute ab 00:00-06:00 DER Ausländeramt hat 119 Asyl Antrag geprüft. 3 Schickt Arbeit bei Ausländeramt. Danke Angela, dich bei uns wir hassen sehr.""}]"
858107114227713,"Islam ist die totale Unterwerfung, das ist nicht so das, wie wir Europaer uns das vorgestellt haben, mit Multi Kulti!",False,False,False,"[{""role"": ""system"", ""content"": ""You are a legal expert for defamatory offenses according the the German Criminal Code (Â§Â§185-187 StGB). Help the user decide whether given posts fall within in the scope of these articles.""}, {""role"": ""user"", ""content"": ""Is the following post criminally relevant with respect to Â§Â§185-187 StGB (Defamatory Offense)? Answer only with 'True' (criminally relevant according to Â§Â§185-187 StGB) or 'False' (not criminally relevant according to Â§Â§185-187 StGB).""}, {""role"": ""user"", ""content"": ""Islam ist die totale Unterwerfung, das ist nicht so das, wie wir Europaer uns das vorgestellt haben, mit Multi Kulti!""}]"
1043627122342377,"Genau. völlig richtig. Kampf allen diesen Mafiosi, egal ob evangelen, katholen oder islam. Evangelen - Emanzen sind es, die hier Araber beischleusen mittels offenem, geplantem Gesetzesbruch. Diese Verbrechermafia hat hier das Gesetz außerkraft gesetzt und muß sofort verhaftet werden normalerweise.",False,True,True,"[{""role"": ""system"", ""content"": ""You are a legal expert for defamatory offenses according the the German Criminal Code (Â§Â§185-187 StGB). Help the user decide whether given posts fall within in the scope of these articles.""}, {""role"": ""user"", ""content"": ""Is the following post criminally relevant with respect to Â§Â§185-187 StGB (Defamatory Offense)? Answer only with 'True' (criminally relevant according to Â§Â§185-187 StGB) or 'False' (not criminally relevant according to Â§Â§185-187 StGB).""}, {""role"": ""user"", ""content"": ""Genau. völlig richtig. Kampf allen diesen Mafiosi, egal ob evangelen, katholen oder islam. Evangelen - Emanzen sind es, die hier Araber beischleusen mittels offenem, geplantem Gesetzesbruch. Diese Verbrechermafia hat hier das Gesetz außerkraft gesetzt und muß sofort verhaftet werden normalerweise.""}]"
945355552169535,Vollidioten in unserer Regierung die ihr eigenes Volk verraten und verkaufen.Kotz.,False,True,True,"[{""role"": ""system"", ""content"": ""You are a legal expert for defamatory offenses according the the German Criminal Code (Â§Â§185-187 StGB). Help the user decide whether given posts fall within in the scope of these articles.""}, {""role"": ""user"", ""content"": ""Is the following post criminally relevant with respect to Â§Â§185-187 StGB (Defamatory Offense)? Answer only with 'True' (criminally relevant according to Â§Â§185-187 StGB) or 'False' (not criminally relevant according to Â§Â§185-187 StGB).""}, {""role"": ""user"", ""content"": ""Vollidioten in unserer Regierung die ihr eigenes Volk verraten und verkaufen.Kotz.""}]"
1035133236525099,"GLAUBT IHR IMMER NOCH, DASS DIESE VÖLKERWANDERUNG ZUFALL IST?
https://m.facebook.com/story.php?story_fbid=837747959704615&id=100004082558415",False,False,False,"[{""role"": ""system"", ""content"": ""You are a legal expert for defamatory offenses according the the German Criminal Code (Â§Â§185-187 StGB). Help the user decide whether given posts fall within in the scope of these articles.""}, {""role"": ""user"", ""content"": ""Is the following post criminally relevant with respect to Â§Â§185-187 StGB (Defamatory Offense)? Answer only with 'True' (criminally relevant according to Â§Â§185-187 StGB) or 'False' (not criminally relevant according to Â§Â§185-187 StGB).""}, {""role"": ""user"", ""content"": ""GLAUBT IHR IMMER NOCH, DASS DIESE VÖLKERWANDERUNG ZUFALL IST?\r\nhttps://m.facebook.com/story.php?story_fbid=837747959704615&id=100004082558415""}]"
148,Migrantenanteil in Großstädten |LBR| München 36% |LBR| Frankfurt 43% |LBR| Stuttgart 38% |LBR| Nürnberg 37% |LBR| Köln 31% |LBR| Hamburg 27% |LBR| Berlin 25% |LBR| Der Westen so gut wie verloren wenn sich nix ändert,False,False,False,"[{""role"": ""system"", ""content"": ""You are a legal expert for defamatory offenses according the the German Criminal Code (Â§Â§185-187 StGB). Help the user decide whether given posts fall within in the scope of these articles.""}, {""role"": ""user"", ""content"": ""Is the following post criminally relevant with respect to Â§Â§185-187 StGB (Defamatory Offense)? Answer only with 'True' (criminally relevant according to Â§Â§185-187 StGB) or 'False' (not criminally relevant according to Â§Â§185-187 StGB).""}, {""role"": ""user"", ""content"": ""Migrantenanteil in Großstädten |LBR| München 36% |LBR| Frankfurt 43% |LBR| Stuttgart 38% |LBR| Nürnberg 37% |LBR| Köln 31% |LBR| Hamburg 27% |LBR| Berlin 25% |LBR| Der Westen so gut wie verloren wenn sich nix ändert""}]"
1096019933769762,"Ich befürchte, dass wir schon heute gegen diese ungebildeten muslimischen Brutalos keine Chance mehr haben. Das tut mir unendlich leid, es ist aber so. Ich hoffe nur noch auf eines: dass unsere verantwortlichen Volksverräter durch das deutsche Volk die Strafe bekommen, die sie verdient haben.",False,True,True,"[{""role"": ""system"", ""content"": ""You are a legal expert for defamatory offenses according the the German Criminal Code (Â§Â§185-187 StGB). Help the user decide whether given posts fall within in the scope of these articles.""}, {""role"": ""user"", ""content"": ""Is the following post criminally relevant with respect to Â§Â§185-187 StGB (Defamatory Offense)? Answer only with 'True' (criminally relevant according to Â§Â§185-187 StGB) or 'False' (not criminally relevant according to Â§Â§185-187 StGB).""}, {""role"": ""user"", ""content"": ""Ich befürchte, dass wir schon heute gegen diese ungebildeten muslimischen Brutalos keine Chance mehr haben. Das tut mir unendlich leid, es ist aber so. Ich hoffe nur noch auf eines: dass unsere verantwortlichen Volksverräter durch das deutsche Volk die Strafe bekommen, die sie verdient haben.""}]"
1811,Lauterbach ist einer der größten und widerwärtigsten Verbrecher unserer Zeit. Hoffe dieses SChwein bekommt seine Strafe für seine Angst-Propaganda und seinen Anteil an der Zerstörung von Millionen Existenzen,True,True,True,"[{""role"": ""system"", ""content"": ""You are a legal expert for defamatory offenses according the the German Criminal Code (Â§Â§185-187 StGB). Help the user decide whether given posts fall within in the scope of these articles.""}, {""role"": ""user"", ""content"": ""Is the following post criminally relevant with respect to Â§Â§185-187 StGB (Defamatory Offense)? Answer only with 'True' (criminally relevant according to Â§Â§185-187 StGB) or 'False' (not criminally relevant according to Â§Â§185-187 StGB).""}, {""role"": ""user"", ""content"": ""Lauterbach ist einer der größten und widerwärtigsten Verbrecher unserer Zeit. Hoffe dieses SChwein bekommt seine Strafe für seine Angst-Propaganda und seinen Anteil an der Zerstörung von Millionen Existenzen""}]"
372,"Und diese ukrainischen Nazis werden heute vom Westen unterstützt - Poroschenko ist ein hinterfotziger Hund, er lügt und betrügt!!!",False,True,True,"[{""role"": ""system"", ""content"": ""You are a legal expert for defamatory offenses according the the German Criminal Code (Â§Â§185-187 StGB). Help the user decide whether given posts fall within in the scope of these articles.""}, {""role"": ""user"", ""content"": ""Is the following post criminally relevant with respect to Â§Â§185-187 StGB (Defamatory Offense)? Answer only with 'True' (criminally relevant according to Â§Â§185-187 StGB) or 'False' (not criminally relevant according to Â§Â§185-187 StGB).""}, {""role"": ""user"", ""content"": ""Und diese ukrainischen Nazis werden heute vom Westen unterstützt - Poroschenko ist ein hinterfotziger Hund, er lügt und betrügt!!!""}]"
857925514245873,1% der bewafneten jehadisten und IS reichen um die ganze Städte und Ländern   zu schikanieren und terrorisieren. Die  drei Terroristen von Paris warren vielleicht weniger als 1%. !!!. Ich habe vor islamisten Angst. Egal wie viele sie sind. Es lebe Freiheit und Demokratie. Es lebe sekuläres Deutschland.,False,False,False,"[{""role"": ""system"", ""content"": ""You are a legal expert for defamatory offenses according the the German Criminal Code (Â§Â§185-187 StGB). Help the user decide whether given posts fall within in the scope of these articles.""}, {""role"": ""user"", ""content"": ""Is the following post criminally relevant with respect to Â§Â§185-187 StGB (Defamatory Offense)? Answer only with 'True' (criminally relevant according to Â§Â§185-187 StGB) or 'False' (not criminally relevant according to Â§Â§185-187 StGB).""}, {""role"": ""user"", ""content"": ""1% der bewafneten jehadisten und IS reichen um die ganze Städte und Ländern   zu schikanieren und terrorisieren. Die  drei Terroristen von Paris warren vielleicht weniger als 1%. !!!. Ich habe vor islamisten Angst. Egal wie viele sie sind. Es lebe Freiheit und Demokratie. Es lebe sekuläres Deutschland.""}]"
857942904244134,So werden wir belogen und betrogen . Bezahlte Anschläge vom Staat .,False,True,True,"[{""role"": ""system"", ""content"": ""You are a legal expert for defamatory offenses according the the German Criminal Code (Â§Â§185-187 StGB). Help the user decide whether given posts fall within in the scope of these articles.""}, {""role"": ""user"", ""content"": ""Is the following post criminally relevant with respect to Â§Â§185-187 StGB (Defamatory Offense)? Answer only with 'True' (criminally relevant according to Â§Â§185-187 StGB) or 'False' (not criminally relevant according to Â§Â§185-187 StGB).""}, {""role"": ""user"", ""content"": ""So werden wir belogen und betrogen . Bezahlte Anschläge vom Staat .""}]"
1012235625481527,die kennen sich nur in kinderficken und kiffen aus.,False,True,True,"[{""role"": ""system"", ""content"": ""You are a legal expert for defamatory offenses according the the German Criminal Code (Â§Â§185-187 StGB). Help the user decide whether given posts fall within in the scope of these articles.""}, {""role"": ""user"", ""content"": ""Is the following post criminally relevant with respect to Â§Â§185-187 StGB (Defamatory Offense)? Answer only with 'True' (criminally relevant according to Â§Â§185-187 StGB) or 'False' (not criminally relevant according to Â§Â§185-187 StGB).""}, {""role"": ""user"", ""content"": ""die kennen sich nur in kinderficken und kiffen aus.""}]"
123,"@maischberger Mit wenigen Maus klicken im Internet, hatten Sie Frau Maischberger heraus finden können das die Aussage von Herr Hollstein eine Lüge war.",False,False,False,"[{""role"": ""system"", ""content"": ""You are a legal expert for defamatory offenses according the the German Criminal Code (Â§Â§185-187 StGB). Help the user decide whether given posts fall within in the scope of these articles.""}, {""role"": ""user"", ""content"": ""Is the following post criminally relevant with respect to Â§Â§185-187 StGB (Defamatory Offense)? Answer only with 'True' (criminally relevant according to Â§Â§185-187 StGB) or 'False' (not criminally relevant according to Â§Â§185-187 StGB).""}, {""role"": ""user"", ""content"": ""@maischberger Mit wenigen Maus klicken im Internet, hatten Sie Frau Maischberger heraus finden können das die Aussage von Herr Hollstein eine Lüge war.""}]"
945828385455585,"...auch auf diesem Wege, oder durch diese ""Methode"" kann Deutschland an die schwachen Südländer angepaßt werden! Immer mehr Sozialheilfeempfänger, H4ler, Kriminelle usw hierher holen, damit wir den Süd/Ost-Länder-Standart erreichen, das nennt sich dann ""einiges und gleiches Europa""; was mich viel mehr wundert ist die Gleichgültigkeit der Arbeitnehmer, denn Die müssen die Zeche bezahlen!",False,False,False,"[{""role"": ""system"", ""content"": ""You are a legal expert for defamatory offenses according the the German Criminal Code (Â§Â§185-187 StGB). Help the user decide whether given posts fall within in the scope of these articles.""}, {""role"": ""user"", ""content"": ""Is the following post criminally relevant with respect to Â§Â§185-187 StGB (Defamatory Offense)? Answer only with 'True' (criminally relevant according to Â§Â§185-187 StGB) or 'False' (not criminally relevant according to Â§Â§185-187 StGB).""}, {""role"": ""user"", ""content"": ""...auch auf diesem Wege, oder durch diese \""Methode\"" kann Deutschland an die schwachen Südländer angepaßt werden! Immer mehr Sozialheilfeempfänger, H4ler, Kriminelle usw hierher holen, damit wir den Süd/Ost-Länder-Standart erreichen, das nennt sich dann \""einiges und gleiches Europa\""; was mich viel mehr wundert ist die Gleichgültigkeit der Arbeitnehmer, denn Die müssen die Zeche bezahlen!""}]"
1698,@speis_oo Besser als mit den Affen hier! 🤡,True,True,True,"[{""role"": ""system"", ""content"": ""You are a legal expert for defamatory offenses according the the German Criminal Code (Â§Â§185-187 StGB). Help the user decide whether given posts fall within in the scope of these articles.""}, {""role"": ""user"", ""content"": ""Is the following post criminally relevant with respect to Â§Â§185-187 StGB (Defamatory Offense)? Answer only with 'True' (criminally relevant according to Â§Â§185-187 StGB) or 'False' (not criminally relevant according to Â§Â§185-187 StGB).""}, {""role"": ""user"", ""content"": ""@speis_oo Besser als mit den Affen hier! 🤡""}]"
552,Politiker von CDU CSU SPD sind eine große Gefahr für unser Land sie Posaunen in die Welt das DE 220.000 Invasoren aufnimmt + Familiennachzug,False,False,False,"[{""role"": ""system"", ""content"": ""You are a legal expert for defamatory offenses according the the German Criminal Code (Â§Â§185-187 StGB). Help the user decide whether given posts fall within in the scope of these articles.""}, {""role"": ""user"", ""content"": ""Is the following post criminally relevant with respect to Â§Â§185-187 StGB (Defamatory Offense)? Answer only with 'True' (criminally relevant according to Â§Â§185-187 StGB) or 'False' (not criminally relevant according to Â§Â§185-187 StGB).""}, {""role"": ""user"", ""content"": ""Politiker von CDU CSU SPD sind eine große Gefahr für unser Land sie Posaunen in die Welt das DE 220.000 Invasoren aufnimmt + Familiennachzug""}]"
1065233353515087,"Oh die lieben Flüchtlinge ?????? ja dann können wir ja noch ein paar reinlassen 
ICH HABT SIE NICHT MEHR ALLE",False,True,True,"[{""role"": ""system"", ""content"": ""You are a legal expert for defamatory offenses according the the German Criminal Code (Â§Â§185-187 StGB). Help the user decide whether given posts fall within in the scope of these articles.""}, {""role"": ""user"", ""content"": ""Is the following post criminally relevant with respect to Â§Â§185-187 StGB (Defamatory Offense)? Answer only with 'True' (criminally relevant according to Â§Â§185-187 StGB) or 'False' (not criminally relevant according to Â§Â§185-187 StGB).""}, {""role"": ""user"", ""content"": ""Oh die lieben Flüchtlinge ?????? ja dann können wir ja noch ein paar reinlassen \r\nICH HABT SIE NICHT MEHR ALLE""}]"
1105820789456343,"Sarah Na dann leite das doch weiter - interessiert eh niemanden. Da es ja nur ein VORSCHLAG war und kein direkter Aufruf dazu. Und außerdem, wenn irgendwelche scheiß Islamisten öffentlich zu Gewalt aufrufen bzw. Leuten mit den Tot drohen, dann ist das wohl ""unwichtig"" für dich oder wie? Pah, solch widerliches linkes Pack wie Du sind eine Schande für Deutschland. Wenn dir Moscheen so gefallen, dann verschwinde doch von hier und geh in ein Land, wo genügend von diesen Dingern herumstehen.",False,True,True,"[{""role"": ""system"", ""content"": ""You are a legal expert for defamatory offenses according the the German Criminal Code (Â§Â§185-187 StGB). Help the user decide whether given posts fall within in the scope of these articles.""}, {""role"": ""user"", ""content"": ""Is the following post criminally relevant with respect to Â§Â§185-187 StGB (Defamatory Offense)? Answer only with 'True' (criminally relevant according to Â§Â§185-187 StGB) or 'False' (not criminally relevant according to Â§Â§185-187 StGB).""}, {""role"": ""user"", ""content"": ""Sarah Na dann leite das doch weiter - interessiert eh niemanden. Da es ja nur ein VORSCHLAG war und kein direkter Aufruf dazu. Und außerdem, wenn irgendwelche scheiß Islamisten öffentlich zu Gewalt aufrufen bzw. Leuten mit den Tot drohen, dann ist das wohl \""unwichtig\"" für dich oder wie? Pah, solch widerliches linkes Pack wie Du sind eine Schande für Deutschland. Wenn dir Moscheen so gefallen, dann verschwinde doch von hier und geh in ein Land, wo genügend von diesen Dingern herumstehen.""}]"
982649811773442,"Ungarn macht es richtig... gibt nun nur das Problem das die ""Flüchtlinge"" über Kroatien flüchten, weil die idiotischen Kroaten lächelnd dabei helfen diese nach Deutschland zu bringen!!!!",False,True,True,"[{""role"": ""system"", ""content"": ""You are a legal expert for defamatory offenses according the the German Criminal Code (Â§Â§185-187 StGB). Help the user decide whether given posts fall within in the scope of these articles.""}, {""role"": ""user"", ""content"": ""Is the following post criminally relevant with respect to Â§Â§185-187 StGB (Defamatory Offense)? Answer only with 'True' (criminally relevant according to Â§Â§185-187 StGB) or 'False' (not criminally relevant according to Â§Â§185-187 StGB).""}, {""role"": ""user"", ""content"": ""Ungarn macht es richtig... gibt nun nur das Problem das die \""Flüchtlinge\"" über Kroatien flüchten, weil die idiotischen Kroaten lächelnd dabei helfen diese nach Deutschland zu bringen!!!!""}]"
894807950557629,Wen juckt es schon was dieser Selbstdarsteller so absondert? Der ist pressegeil und will in die Medien.,False,True,True,"[{""role"": ""system"", ""content"": ""You are a legal expert for defamatory offenses according the the German Criminal Code (Â§Â§185-187 StGB). Help the user decide whether given posts fall within in the scope of these articles.""}, {""role"": ""user"", ""content"": ""Is the following post criminally relevant with respect to Â§Â§185-187 StGB (Defamatory Offense)? Answer only with 'True' (criminally relevant according to Â§Â§185-187 StGB) or 'False' (not criminally relevant according to Â§Â§185-187 StGB).""}, {""role"": ""user"", ""content"": ""Wen juckt es schon was dieser Selbstdarsteller so absondert? Der ist pressegeil und will in die Medien.""}]"
998378780200545,N24: AN SLOWENISCH-KROATISCHER GRENZE ZÜNDEN FLÜCHTLINGE ZELTE AN!! UNGLAUBLICH! MIT DIESER GEWALT UND ERPRESSUNG WOLLEN SIE WEITER REISEN!! PFUI TEUFEL! :-(,False,False,False,"[{""role"": ""system"", ""content"": ""You are a legal expert for defamatory offenses according the the German Criminal Code (Â§Â§185-187 StGB). Help the user decide whether given posts fall within in the scope of these articles.""}, {""role"": ""user"", ""content"": ""Is the following post criminally relevant with respect to Â§Â§185-187 StGB (Defamatory Offense)? Answer only with 'True' (criminally relevant according to Â§Â§185-187 StGB) or 'False' (not criminally relevant according to Â§Â§185-187 StGB).""}, {""role"": ""user"", ""content"": ""N24: AN SLOWENISCH-KROATISCHER GRENZE ZÜNDEN FLÜCHTLINGE ZELTE AN!! UNGLAUBLICH! MIT DIESER GEWALT UND ERPRESSUNG WOLLEN SIE WEITER REISEN!! PFUI TEUFEL! :-(""}]"
1028,Grüne onanieren jetzt täglich 😜 erst konnten sie ihre neue Macht kaum fassen u. jetzt nicht mehr erwarten das Schland völlig zu ruinieren 🤢,False,True,True,"[{""role"": ""system"", ""content"": ""You are a legal expert for defamatory offenses according the the German Criminal Code (Â§Â§185-187 StGB). Help the user decide whether given posts fall within in the scope of these articles.""}, {""role"": ""user"", ""content"": ""Is the following post criminally relevant with respect to Â§Â§185-187 StGB (Defamatory Offense)? Answer only with 'True' (criminally relevant according to Â§Â§185-187 StGB) or 'False' (not criminally relevant according to Â§Â§185-187 StGB).""}, {""role"": ""user"", ""content"": ""Grüne onanieren jetzt täglich 😜 erst konnten sie ihre neue Macht kaum fassen u. jetzt nicht mehr erwarten das Schland völlig zu ruinieren 🤢""}]"
390,@motikat @ARDde Aber da auch leider nicht mehr ...,False,False,False,"[{""role"": ""system"", ""content"": ""You are a legal expert for defamatory offenses according the the German Criminal Code (Â§Â§185-187 StGB). Help the user decide whether given posts fall within in the scope of these articles.""}, {""role"": ""user"", ""content"": ""Is the following post criminally relevant with respect to Â§Â§185-187 StGB (Defamatory Offense)? Answer only with 'True' (criminally relevant according to Â§Â§185-187 StGB) or 'False' (not criminally relevant according to Â§Â§185-187 StGB).""}, {""role"": ""user"", ""content"": ""@motikat @ARDde Aber da auch leider nicht mehr ...""}]"
982643878440702,Krankes Pack!,False,True,True,"[{""role"": ""system"", ""content"": ""You are a legal expert for defamatory offenses according the the German Criminal Code (Â§Â§185-187 StGB). Help the user decide whether given posts fall within in the scope of these articles.""}, {""role"": ""user"", ""content"": ""Is the following post criminally relevant with respect to Â§Â§185-187 StGB (Defamatory Offense)? Answer only with 'True' (criminally relevant according to Â§Â§185-187 StGB) or 'False' (not criminally relevant according to Â§Â§185-187 StGB).""}, {""role"": ""user"", ""content"": ""Krankes Pack!""}]"
856719131033178,25.01.2015 Multikulti in Berlin: Türke verbrennt 19-Jährige schwangere Deutsche Udo Ulfkotte  Für die Lügenpresse und unsere Gerichte sind deutsche Menschen zweiter Klasse. Man kann das derzeit mal wieder gut belegen. In Berlin sollen Neuköllner Türken eine 19 Jahre alte hochschwangere Deutsche lebend verbrannt haben. Und unsere Politiker und Leitmedien schauen mal wieder einfach weg. Klar ist auch schon jetzt: Natürlich werden die Täter einen Islam-Strafrabatt bekommen.,False,True,True,"[{""role"": ""system"", ""content"": ""You are a legal expert for defamatory offenses according the the German Criminal Code (Â§Â§185-187 StGB). Help the user decide whether given posts fall within in the scope of these articles.""}, {""role"": ""user"", ""content"": ""Is the following post criminally relevant with respect to Â§Â§185-187 StGB (Defamatory Offense)? Answer only with 'True' (criminally relevant according to Â§Â§185-187 StGB) or 'False' (not criminally relevant according to Â§Â§185-187 StGB).""}, {""role"": ""user"", ""content"": ""25.01.2015 Multikulti in Berlin: Türke verbrennt 19-Jährige schwangere Deutsche Udo Ulfkotte  Für die Lügenpresse und unsere Gerichte sind deutsche Menschen zweiter Klasse. Man kann das derzeit mal wieder gut belegen. In Berlin sollen Neuköllner Türken eine 19 Jahre alte hochschwangere Deutsche lebend verbrannt haben. Und unsere Politiker und Leitmedien schauen mal wieder einfach weg. Klar ist auch schon jetzt: Natürlich werden die Täter einen Islam-Strafrabatt bekommen.""}]"
1056514051053684,"Allemal besser als die Kommentare von realitätsfernen klugscheißenden Sozialromantikern, die notorisch  Gegenpositionen einnehmen müssen, selbst wenn die anderen unendlich viele rationale, nachvollziehbare und nachweislich wahre Argumente haben...",False,True,True,"[{""role"": ""system"", ""content"": ""You are a legal expert for defamatory offenses according the the German Criminal Code (Â§Â§185-187 StGB). Help the user decide whether given posts fall within in the scope of these articles.""}, {""role"": ""user"", ""content"": ""Is the following post criminally relevant with respect to Â§Â§185-187 StGB (Defamatory Offense)? Answer only with 'True' (criminally relevant according to Â§Â§185-187 StGB) or 'False' (not criminally relevant according to Â§Â§185-187 StGB).""}, {""role"": ""user"", ""content"": ""Allemal besser als die Kommentare von realitätsfernen klugscheißenden Sozialromantikern, die notorisch  Gegenpositionen einnehmen müssen, selbst wenn die anderen unendlich viele rationale, nachvollziehbare und nachweislich wahre Argumente haben...""}]"
955,@OssiMarzahn @BILD |LBR| Wer Andersgläubig oder Immigrant ist erhält dafür Bewährung bei harten Straftaten! LÄUFT DOCH IN D!,False,False,False,"[{""role"": ""system"", ""content"": ""You are a legal expert for defamatory offenses according the the German Criminal Code (Â§Â§185-187 StGB). Help the user decide whether given posts fall within in the scope of these articles.""}, {""role"": ""user"", ""content"": ""Is the following post criminally relevant with respect to Â§Â§185-187 StGB (Defamatory Offense)? Answer only with 'True' (criminally relevant according to Â§Â§185-187 StGB) or 'False' (not criminally relevant according to Â§Â§185-187 StGB).""}, {""role"": ""user"", ""content"": ""@OssiMarzahn @BILD |LBR| Wer Andersgläubig oder Immigrant ist erhält dafür Bewährung bei harten Straftaten! LÄUFT DOCH IN D!""}]"
876860982352326,"Ne, erst Arbeitsplätze für uns Deutsche und dann für die Zuwanderer die wirklich arbeiten gehen wollen. Die meisten sind doch eh nur Wirschaftsflüchtlinge und wollen sch in unserem Land, auf unsere kosten ein schönes, fettes Leben machen! Schmarotzer!",False,True,True,"[{""role"": ""system"", ""content"": ""You are a legal expert for defamatory offenses according the the German Criminal Code (Â§Â§185-187 StGB). Help the user decide whether given posts fall within in the scope of these articles.""}, {""role"": ""user"", ""content"": ""Is the following post criminally relevant with respect to Â§Â§185-187 StGB (Defamatory Offense)? Answer only with 'True' (criminally relevant according to Â§Â§185-187 StGB) or 'False' (not criminally relevant according to Â§Â§185-187 StGB).""}, {""role"": ""user"", ""content"": ""Ne, erst Arbeitsplätze für uns Deutsche und dann für die Zuwanderer die wirklich arbeiten gehen wollen. Die meisten sind doch eh nur Wirschaftsflüchtlinge und wollen sch in unserem Land, auf unsere kosten ein schönes, fettes Leben machen! Schmarotzer!""}]"
605,"@focusonline Sehe ich Kathrin Göring Eckart, Merkel, Gysi, Petry, Wagenknecht und all die anderen Wendehälse die uns heute regieren. Frage ich mich. War der Fall der Mauer ein Fehler.",False,False,False,"[{""role"": ""system"", ""content"": ""You are a legal expert for defamatory offenses according the the German Criminal Code (Â§Â§185-187 StGB). Help the user decide whether given posts fall within in the scope of these articles.""}, {""role"": ""user"", ""content"": ""Is the following post criminally relevant with respect to Â§Â§185-187 StGB (Defamatory Offense)? Answer only with 'True' (criminally relevant according to Â§Â§185-187 StGB) or 'False' (not criminally relevant according to Â§Â§185-187 StGB).""}, {""role"": ""user"", ""content"": ""@focusonline Sehe ich Kathrin Göring Eckart, Merkel, Gysi, Petry, Wagenknecht und all die anderen Wendehälse die uns heute regieren. Frage ich mich. War der Fall der Mauer ein Fehler.""}]"
130,"@machtjanix23 @teite99 @Norbinator2403 @ennof_ @AthinaMala @troll_putin @NancyPeggyMandy @petpanther0 @info2099 @lifetrend @ThomasGBauer @SchmiddieMaik @charlie_silve @NoHerrman @willjrosenblatt @feldenfrizz @nasanasal @_macmike @ellibisathide @MD_Franz Nicht so gereizt, das BKA hat das Gutachten gemacht - nicht ich. Und da der internationale Druck groß war, musste der Spiegel was dazu schreiben.",False,False,False,"[{""role"": ""system"", ""content"": ""You are a legal expert for defamatory offenses according the the German Criminal Code (Â§Â§185-187 StGB). Help the user decide whether given posts fall within in the scope of these articles.""}, {""role"": ""user"", ""content"": ""Is the following post criminally relevant with respect to Â§Â§185-187 StGB (Defamatory Offense)? Answer only with 'True' (criminally relevant according to Â§Â§185-187 StGB) or 'False' (not criminally relevant according to Â§Â§185-187 StGB).""}, {""role"": ""user"", ""content"": ""@machtjanix23 @teite99 @Norbinator2403 @ennof_ @AthinaMala @troll_putin @NancyPeggyMandy @petpanther0 @info2099 @lifetrend @ThomasGBauer @SchmiddieMaik @charlie_silve @NoHerrman @willjrosenblatt @feldenfrizz @nasanasal @_macmike @ellibisathide @MD_Franz Nicht so gereizt, das BKA hat das Gutachten gemacht - nicht ich. Und da der internationale Druck groß war, musste der Spiegel was dazu schreiben.""}]"
711,@tagesschau Der Ablauf in der von Merkels Vasallen geführten Sendung wurde vonnMerkel vorgegeben und die Fragen auch! Wessen Brot ich esse dessen Lied.,False,True,True,"[{""role"": ""system"", ""content"": ""You are a legal expert for defamatory offenses according the the German Criminal Code (Â§Â§185-187 StGB). Help the user decide whether given posts fall within in the scope of these articles.""}, {""role"": ""user"", ""content"": ""Is the following post criminally relevant with respect to Â§Â§185-187 StGB (Defamatory Offense)? Answer only with 'True' (criminally relevant according to Â§Â§185-187 StGB) or 'False' (not criminally relevant according to Â§Â§185-187 StGB).""}, {""role"": ""user"", ""content"": ""@tagesschau Der Ablauf in der von Merkels Vasallen geführten Sendung wurde vonnMerkel vorgegeben und die Fragen auch! Wessen Brot ich esse dessen Lied.""}]"
840,@vernunftbueger Vergessen wir eines nicht....erinnert euch an Bilder von Frauen mit Kindern an der Hand.. |LBR| die Täter damals waren auch Migrantenkinder denen Frankreich oder Belgien ein Zuhause gab... |LBR| Wir machen den gleichen Fehler...!,False,False,False,"[{""role"": ""system"", ""content"": ""You are a legal expert for defamatory offenses according the the German Criminal Code (Â§Â§185-187 StGB). Help the user decide whether given posts fall within in the scope of these articles.""}, {""role"": ""user"", ""content"": ""Is the following post criminally relevant with respect to Â§Â§185-187 StGB (Defamatory Offense)? Answer only with 'True' (criminally relevant according to Â§Â§185-187 StGB) or 'False' (not criminally relevant according to Â§Â§185-187 StGB).""}, {""role"": ""user"", ""content"": ""@vernunftbueger Vergessen wir eines nicht....erinnert euch an Bilder von Frauen mit Kindern an der Hand.. |LBR| die Täter damals waren auch Migrantenkinder denen Frankreich oder Belgien ein Zuhause gab... |LBR| Wir machen den gleichen Fehler...!""}]"
854,"Vor der Wahl u. nach der Wahl 😂😂😂 Merkel würde beweisen, ES GEHT NOCH SCHLIMMER, denn irre bleibt irre 😜",False,True,True,"[{""role"": ""system"", ""content"": ""You are a legal expert for defamatory offenses according the the German Criminal Code (Â§Â§185-187 StGB). Help the user decide whether given posts fall within in the scope of these articles.""}, {""role"": ""user"", ""content"": ""Is the following post criminally relevant with respect to Â§Â§185-187 StGB (Defamatory Offense)? Answer only with 'True' (criminally relevant according to Â§Â§185-187 StGB) or 'False' (not criminally relevant according to Â§Â§185-187 StGB).""}, {""role"": ""user"", ""content"": ""Vor der Wahl u. nach der Wahl 😂😂😂 Merkel würde beweisen, ES GEHT NOCH SCHLIMMER, denn irre bleibt irre 😜""}]"
933,@steffi2105 @IM_NRW @Hessenadler82 @AfD_Bund @FDPFraktionNRW @CDUNRW_de Jetzt melden sich die Vasallen Merkels!,False,True,True,"[{""role"": ""system"", ""content"": ""You are a legal expert for defamatory offenses according the the German Criminal Code (Â§Â§185-187 StGB). Help the user decide whether given posts fall within in the scope of these articles.""}, {""role"": ""user"", ""content"": ""Is the following post criminally relevant with respect to Â§Â§185-187 StGB (Defamatory Offense)? Answer only with 'True' (criminally relevant according to Â§Â§185-187 StGB) or 'False' (not criminally relevant according to Â§Â§185-187 StGB).""}, {""role"": ""user"", ""content"": ""@steffi2105 @IM_NRW @Hessenadler82 @AfD_Bund @FDPFraktionNRW @CDUNRW_de Jetzt melden sich die Vasallen Merkels!""}]"
1064992676872488,"Seit der Rede von Herrn Tillich hab ich den Eindruck ,dass er nicht  Ministerpräsident ist sondern Präsident für Minister .Die Ignoranz gegenüber den Bürgern die eine andere Meinung haben",False,False,False,"[{""role"": ""system"", ""content"": ""You are a legal expert for defamatory offenses according the the German Criminal Code (Â§Â§185-187 StGB). Help the user decide whether given posts fall within in the scope of these articles.""}, {""role"": ""user"", ""content"": ""Is the following post criminally relevant with respect to Â§Â§185-187 StGB (Defamatory Offense)? Answer only with 'True' (criminally relevant according to Â§Â§185-187 StGB) or 'False' (not criminally relevant according to Â§Â§185-187 StGB).""}, {""role"": ""user"", ""content"": ""Seit der Rede von Herrn Tillich hab ich den Eindruck ,dass er nicht  Ministerpräsident ist sondern Präsident für Minister .Die Ignoranz gegenüber den Bürgern die eine andere Meinung haben""}]"
1043629995675423,"Die etablierten Parteien lassen ungehindert über 1 Million Fremde in unser Land hinein. Ohne das Volk darüber zu befragen. Merkel verübt Gesetzesbrüche am Fließband. Ohne Folgen. Um so unerbittlicher jedoch verfolgt dieser von den Etablierten gleichgeschaltete Gesinnungsstaat die außerparlamentarische Opposition des Volkes (=Pegida), weil sie Protest gegen dieses Unrecht anmeldet. Nach oben dienen, nach unten treten. Das hatten wir während der letzten 100 Jahre schon mindestens 2 Mal.  Nun also aufs Neue. Geschichte wiederholt sich eben doch.",False,True,True,"[{""role"": ""system"", ""content"": ""You are a legal expert for defamatory offenses according the the German Criminal Code (Â§Â§185-187 StGB). Help the user decide whether given posts fall within in the scope of these articles.""}, {""role"": ""user"", ""content"": ""Is the following post criminally relevant with respect to Â§Â§185-187 StGB (Defamatory Offense)? Answer only with 'True' (criminally relevant according to Â§Â§185-187 StGB) or 'False' (not criminally relevant according to Â§Â§185-187 StGB).""}, {""role"": ""user"", ""content"": ""Die etablierten Parteien lassen ungehindert über 1 Million Fremde in unser Land hinein. Ohne das Volk darüber zu befragen. Merkel verübt Gesetzesbrüche am Fließband. Ohne Folgen. Um so unerbittlicher jedoch verfolgt dieser von den Etablierten gleichgeschaltete Gesinnungsstaat die außerparlamentarische Opposition des Volkes (=Pegida), weil sie Protest gegen dieses Unrecht anmeldet. Nach oben dienen, nach unten treten. Das hatten wir während der letzten 100 Jahre schon mindestens 2 Mal.  Nun also aufs Neue. Geschichte wiederholt sich eben doch.""}]"
876274792410945,Es gibt leider noch zu viele Deutsche Frauen die diese Männer auch nehmen und sich dann wundern warum die *Beziehung so scheiße ist oder gar die Kinder entführt werden.,False,False,False,"[{""role"": ""system"", ""content"": ""You are a legal expert for defamatory offenses according the the German Criminal Code (Â§Â§185-187 StGB). Help the user decide whether given posts fall within in the scope of these articles.""}, {""role"": ""user"", ""content"": ""Is the following post criminally relevant with respect to Â§Â§185-187 StGB (Defamatory Offense)? Answer only with 'True' (criminally relevant according to Â§Â§185-187 StGB) or 'False' (not criminally relevant according to Â§Â§185-187 StGB).""}, {""role"": ""user"", ""content"": ""Es gibt leider noch zu viele Deutsche Frauen die diese Männer auch nehmen und sich dann wundern warum die *Beziehung so scheiße ist oder gar die Kinder entführt werden.""}]"
998377556867334,"Die Israel-USA, EU-Diktatur und Firma BRD begehen absichtlich einen Völkermord in Europa! Es kommen noch über 50 Millionen Moslems und die Grenzen sollen nicht geschlossen werden, obwohl die deutsche Polizei es für die innere Sicherheit für erforderlich hält! Ein Muslim hat durchnittlich vier Frauen und pro Frau sieben Kinder. Da sind die christlichen Sexsklavinen nicht mit eingerechnet, die ein Muslim haben darf. Wer in Deutschland nicht nach dem deutschen Grundgesetz leben möchte, muss Deutschland sofort verlassen! Bitte mit UNO reden. Völkermord und unterlassene Hilfeleistung sind Straftaten! Alle Täter müssen sofort verhaftet und im Ausland angeklagt werden!",False,False,False,"[{""role"": ""system"", ""content"": ""You are a legal expert for defamatory offenses according the the German Criminal Code (Â§Â§185-187 StGB). Help the user decide whether given posts fall within in the scope of these articles.""}, {""role"": ""user"", ""content"": ""Is the following post criminally relevant with respect to Â§Â§185-187 StGB (Defamatory Offense)? Answer only with 'True' (criminally relevant according to Â§Â§185-187 StGB) or 'False' (not criminally relevant according to Â§Â§185-187 StGB).""}, {""role"": ""user"", ""content"": ""Die Israel-USA, EU-Diktatur und Firma BRD begehen absichtlich einen Völkermord in Europa! Es kommen noch über 50 Millionen Moslems und die Grenzen sollen nicht geschlossen werden, obwohl die deutsche Polizei es für die innere Sicherheit für erforderlich hält! Ein Muslim hat durchnittlich vier Frauen und pro Frau sieben Kinder. Da sind die christlichen Sexsklavinen nicht mit eingerechnet, die ein Muslim haben darf. Wer in Deutschland nicht nach dem deutschen Grundgesetz leben möchte, muss Deutschland sofort verlassen! Bitte mit UNO reden. Völkermord und unterlassene Hilfeleistung sind Straftaten! Alle Täter müssen sofort verhaftet und im Ausland angeklagt werden!""}]"
982693915102365,"Ramon De la Perez....glaub mir!!! ALLE Profile der Idioten, die jetzt noch diskutieren wie Du, hab ich abgespeichert! Sollte auch nur einem meiner Kinder, meiner Familie oder Freunden etwas passieren... dann klappt schon mal Euren Gebetsteppich auf! Auf Geisteskrankheit, wie sie bei Euch vorliegt, werde ich dann keine Rücksicht mehr nehmen, versprochen!!",True,True,True,"[{""role"": ""system"", ""content"": ""You are a legal expert for defamatory offenses according the the German Criminal Code (Â§Â§185-187 StGB). Help the user decide whether given posts fall within in the scope of these articles.""}, {""role"": ""user"", ""content"": ""Is the following post criminally relevant with respect to Â§Â§185-187 StGB (Defamatory Offense)? Answer only with 'True' (criminally relevant according to Â§Â§185-187 StGB) or 'False' (not criminally relevant according to Â§Â§185-187 StGB).""}, {""role"": ""user"", ""content"": ""Ramon De la Perez....glaub mir!!! ALLE Profile der Idioten, die jetzt noch diskutieren wie Du, hab ich abgespeichert! Sollte auch nur einem meiner Kinder, meiner Familie oder Freunden etwas passieren... dann klappt schon mal Euren Gebetsteppich auf! Auf Geisteskrankheit, wie sie bei Euch vorliegt, werde ich dann keine Rücksicht mehr nehmen, versprochen!!""}]"
885822974789460,Im Bundeskanzleramt ist grade Frühstück. Reichhaltiges Buffet und zur Feier des Tages hat man Beamer und Leinwand und folgt (russischen) Kaviar lutschend der Pyronale in Frankfurt,False,False,False,"[{""role"": ""system"", ""content"": ""You are a legal expert for defamatory offenses according the the German Criminal Code (Â§Â§185-187 StGB). Help the user decide whether given posts fall within in the scope of these articles.""}, {""role"": ""user"", ""content"": ""Is the following post criminally relevant with respect to Â§Â§185-187 StGB (Defamatory Offense)? Answer only with 'True' (criminally relevant according to Â§Â§185-187 StGB) or 'False' (not criminally relevant according to Â§Â§185-187 StGB).""}, {""role"": ""user"", ""content"": ""Im Bundeskanzleramt ist grade Frühstück. Reichhaltiges Buffet und zur Feier des Tages hat man Beamer und Leinwand und folgt (russischen) Kaviar lutschend der Pyronale in Frankfurt""}]"
265,@ZDFheute Schade das die kotzgrüne Brühe nicht im Erdreich versickert... |LBR| und die ausreisewilligen werden gegen ihren Willen festgehalten...😂😂,False,True,True,"[{""role"": ""system"", ""content"": ""You are a legal expert for defamatory offenses according the the German Criminal Code (Â§Â§185-187 StGB). Help the user decide whether given posts fall within in the scope of these articles.""}, {""role"": ""user"", ""content"": ""Is the following post criminally relevant with respect to Â§Â§185-187 StGB (Defamatory Offense)? Answer only with 'True' (criminally relevant according to Â§Â§185-187 StGB) or 'False' (not criminally relevant according to Â§Â§185-187 StGB).""}, {""role"": ""user"", ""content"": ""@ZDFheute Schade das die kotzgrüne Brühe nicht im Erdreich versickert... |LBR| und die ausreisewilligen werden gegen ihren Willen festgehalten...😂😂""}]"
993932040645219,"Muslimische Polygamisten, deren Frauen alle Hartz-IV bekommen.  Pfui Deibel!",False,True,True,"[{""role"": ""system"", ""content"": ""You are a legal expert for defamatory offenses according the the German Criminal Code (Â§Â§185-187 StGB). Help the user decide whether given posts fall within in the scope of these articles.""}, {""role"": ""user"", ""content"": ""Is the following post criminally relevant with respect to Â§Â§185-187 StGB (Defamatory Offense)? Answer only with 'True' (criminally relevant according to Â§Â§185-187 StGB) or 'False' (not criminally relevant according to Â§Â§185-187 StGB).""}, {""role"": ""user"", ""content"": ""Muslimische Polygamisten, deren Frauen alle Hartz-IV bekommen.  Pfui Deibel!""}]"
951572768214480,"na von irgendwas müssen die facharbeiter doch leben. hier wird nochmal nachgeschoben, dann lässt es sich gut leben vom kindergeld. die wollen doch ein mischvolk schaffen. hoffe nur das die deutschen frauen so schlau sind und nicht mit denen in de kiste hüpfen. von krankheiten die unsere kulturbereicherer mit reinschleppen ganz zu schweigen. der normale deutsche macht keine kinder weil er existenzängste hat bei dem arbeitsmarkt und der gesamtsituation. aber unseren facharbeitern ist ja das egal. hartz 4 hier ist bestimmt in afrika leben wie ein könig. afrika ist verwüstet, jetzt ist europa dran....",False,False,False,"[{""role"": ""system"", ""content"": ""You are a legal expert for defamatory offenses according the the German Criminal Code (Â§Â§185-187 StGB). Help the user decide whether given posts fall within in the scope of these articles.""}, {""role"": ""user"", ""content"": ""Is the following post criminally relevant with respect to Â§Â§185-187 StGB (Defamatory Offense)? Answer only with 'True' (criminally relevant according to Â§Â§185-187 StGB) or 'False' (not criminally relevant according to Â§Â§185-187 StGB).""}, {""role"": ""user"", ""content"": ""na von irgendwas müssen die facharbeiter doch leben. hier wird nochmal nachgeschoben, dann lässt es sich gut leben vom kindergeld. die wollen doch ein mischvolk schaffen. hoffe nur das die deutschen frauen so schlau sind und nicht mit denen in de kiste hüpfen. von krankheiten die unsere kulturbereicherer mit reinschleppen ganz zu schweigen. der normale deutsche macht keine kinder weil er existenzängste hat bei dem arbeitsmarkt und der gesamtsituation. aber unseren facharbeitern ist ja das egal. hartz 4 hier ist bestimmt in afrika leben wie ein könig. afrika ist verwüstet, jetzt ist europa dran....""}]"
1064767243561698,"Ossi = DDR = Sachsen, Sachsen-Anhalt, Brandenburg, Thüringen, Mecklemburg-Vorpommern, Ostberlin.

richtiges Deutsch = Hochdeutsch =/= ostdeutscher dialekt, der klingt wie nörgelnde Alkoholiker.",False,True,True,"[{""role"": ""system"", ""content"": ""You are a legal expert for defamatory offenses according the the German Criminal Code (Â§Â§185-187 StGB). Help the user decide whether given posts fall within in the scope of these articles.""}, {""role"": ""user"", ""content"": ""Is the following post criminally relevant with respect to Â§Â§185-187 StGB (Defamatory Offense)? Answer only with 'True' (criminally relevant according to Â§Â§185-187 StGB) or 'False' (not criminally relevant according to Â§Â§185-187 StGB).""}, {""role"": ""user"", ""content"": ""Ossi = DDR = Sachsen, Sachsen-Anhalt, Brandenburg, Thüringen, Mecklemburg-Vorpommern, Ostberlin.\r\n\r\nrichtiges Deutsch = Hochdeutsch =/= ostdeutscher dialekt, der klingt wie nörgelnde Alkoholiker.""}]"
526,"@NoHerrman Ich, ein Selfi mit Murksel???!!! Eher würde ich mich zu `ner Klapperschlange ins Terrarium legen.",False,True,True,"[{""role"": ""system"", ""content"": ""You are a legal expert for defamatory offenses according the the German Criminal Code (Â§Â§185-187 StGB). Help the user decide whether given posts fall within in the scope of these articles.""}, {""role"": ""user"", ""content"": ""Is the following post criminally relevant with respect to Â§Â§185-187 StGB (Defamatory Offense)? Answer only with 'True' (criminally relevant according to Â§Â§185-187 StGB) or 'False' (not criminally relevant according to Â§Â§185-187 StGB).""}, {""role"": ""user"", ""content"": ""@NoHerrman Ich, ein Selfi mit Murksel???!!! Eher würde ich mich zu `ner Klapperschlange ins Terrarium legen.""}]"
876276892410735,"Nordeuropa ist Hochtechnologieland. Wir können nie billig, das können andere besser. Daher ist unser Gebiet für Ungeschulte wohl der falscheste Ort zum Hinflüchten, den man sich vorstellen kann. Die Emmigrationländer und Migranten besitzen ausnahmlos keine Technologie, die für uns nur im Geringsten nutzvoll/nutzbar wäre. Auf Flüchtlingsschiffen befinden sich keine Personen, die für unsere Hoch-lndustrie von Nutzen wären.",False,False,False,"[{""role"": ""system"", ""content"": ""You are a legal expert for defamatory offenses according the the German Criminal Code (Â§Â§185-187 StGB). Help the user decide whether given posts fall within in the scope of these articles.""}, {""role"": ""user"", ""content"": ""Is the following post criminally relevant with respect to Â§Â§185-187 StGB (Defamatory Offense)? Answer only with 'True' (criminally relevant according to Â§Â§185-187 StGB) or 'False' (not criminally relevant according to Â§Â§185-187 StGB).""}, {""role"": ""user"", ""content"": ""Nordeuropa ist Hochtechnologieland. Wir können nie billig, das können andere besser. Daher ist unser Gebiet für Ungeschulte wohl der falscheste Ort zum Hinflüchten, den man sich vorstellen kann. Die Emmigrationländer und Migranten besitzen ausnahmlos keine Technologie, die für uns nur im Geringsten nutzvoll/nutzbar wäre. Auf Flüchtlingsschiffen befinden sich keine Personen, die für unsere Hoch-lndustrie von Nutzen wären.""}]"
975,"Hallo, war einige Tage in PL, bin gerade zurück u. muss erst all die positiven Eindrücke verarbeiten😜Horsti u. Murksel, ein Thema in PL 😂😂😂",False,False,False,"[{""role"": ""system"", ""content"": ""You are a legal expert for defamatory offenses according the the German Criminal Code (Â§Â§185-187 StGB). Help the user decide whether given posts fall within in the scope of these articles.""}, {""role"": ""user"", ""content"": ""Is the following post criminally relevant with respect to Â§Â§185-187 StGB (Defamatory Offense)? Answer only with 'True' (criminally relevant according to Â§Â§185-187 StGB) or 'False' (not criminally relevant according to Â§Â§185-187 StGB).""}, {""role"": ""user"", ""content"": ""Hallo, war einige Tage in PL, bin gerade zurück u. muss erst all die positiven Eindrücke verarbeiten😜Horsti u. Murksel, ein Thema in PL 😂😂😂""}]"
894893037215787,"bei uns in einem kleinen Ort haben sie jetzt 56 Flüchtlinge einquartiert,in der Presse war von Willkommen die Rede,darunter Albaner,Serben ;Kosowoalbaner, Inder  und der Rest aus Afrika, sind das Kriegsflüchtlinge????",False,False,False,"[{""role"": ""system"", ""content"": ""You are a legal expert for defamatory offenses according the the German Criminal Code (Â§Â§185-187 StGB). Help the user decide whether given posts fall within in the scope of these articles.""}, {""role"": ""user"", ""content"": ""Is the following post criminally relevant with respect to Â§Â§185-187 StGB (Defamatory Offense)? Answer only with 'True' (criminally relevant according to Â§Â§185-187 StGB) or 'False' (not criminally relevant according to Â§Â§185-187 StGB).""}, {""role"": ""user"", ""content"": ""bei uns in einem kleinen Ort haben sie jetzt 56 Flüchtlinge einquartiert,in der Presse war von Willkommen die Rede,darunter Albaner,Serben ;Kosowoalbaner, Inder  und der Rest aus Afrika, sind das Kriegsflüchtlinge????""}]"
945881105450313,"Geahnt habe ich das schon. Aber man darf hier feststellen, wie feige sie auch sind. Weggerannt sind sie, haben ihren ""Freund"" oder Mitasylant zurück gelassen. Scheinen sich nur bei Frauen stark und überlegen zu fühlen",False,True,True,"[{""role"": ""system"", ""content"": ""You are a legal expert for defamatory offenses according the the German Criminal Code (Â§Â§185-187 StGB). Help the user decide whether given posts fall within in the scope of these articles.""}, {""role"": ""user"", ""content"": ""Is the following post criminally relevant with respect to Â§Â§185-187 StGB (Defamatory Offense)? Answer only with 'True' (criminally relevant according to Â§Â§185-187 StGB) or 'False' (not criminally relevant according to Â§Â§185-187 StGB).""}, {""role"": ""user"", ""content"": ""Geahnt habe ich das schon. Aber man darf hier feststellen, wie feige sie auch sind. Weggerannt sind sie, haben ihren \""Freund\"" oder Mitasylant zurück gelassen. Scheinen sich nur bei Frauen stark und überlegen zu fühlen""}]"
858317877539970,"Li ll: Danke für die Info! In dieser Richtung sehe ich so gut wie den einzigen Weg, den III Weltkrieg zu verhindern, zumindest Germany raus zu halten, wir wollen keine US Marionette Merkel , Ihre Beliebtheit ist Pressemanipulation, ich kenne niemanden, der mit Ihrer scheindemokratischen Politk solidarisch ist!",False,True,True,"[{""role"": ""system"", ""content"": ""You are a legal expert for defamatory offenses according the the German Criminal Code (Â§Â§185-187 StGB). Help the user decide whether given posts fall within in the scope of these articles.""}, {""role"": ""user"", ""content"": ""Is the following post criminally relevant with respect to Â§Â§185-187 StGB (Defamatory Offense)? Answer only with 'True' (criminally relevant according to Â§Â§185-187 StGB) or 'False' (not criminally relevant according to Â§Â§185-187 StGB).""}, {""role"": ""user"", ""content"": ""Li ll: Danke für die Info! In dieser Richtung sehe ich so gut wie den einzigen Weg, den III Weltkrieg zu verhindern, zumindest Germany raus zu halten, wir wollen keine US Marionette Merkel , Ihre Beliebtheit ist Pressemanipulation, ich kenne niemanden, der mit Ihrer scheindemokratischen Politk solidarisch ist!""}]"
1134222156616206,Die behinderte alte soll lieber mal ihr Volk kennen lernen und verstehen !!,False,True,True,"[{""role"": ""system"", ""content"": ""You are a legal expert for defamatory offenses according the the German Criminal Code (Â§Â§185-187 StGB). Help the user decide whether given posts fall within in the scope of these articles.""}, {""role"": ""user"", ""content"": ""Is the following post criminally relevant with respect to Â§Â§185-187 StGB (Defamatory Offense)? Answer only with 'True' (criminally relevant according to Â§Â§185-187 StGB) or 'False' (not criminally relevant according to Â§Â§185-187 StGB).""}, {""role"": ""user"", ""content"": ""Die behinderte alte soll lieber mal ihr Volk kennen lernen und verstehen !!""}]"
856749144363510,Tja wenn du so blöd ist und sich auf so ein pack einlässt,True,True,True,"[{""role"": ""system"", ""content"": ""You are a legal expert for defamatory offenses according the the German Criminal Code (Â§Â§185-187 StGB). Help the user decide whether given posts fall within in the scope of these articles.""}, {""role"": ""user"", ""content"": ""Is the following post criminally relevant with respect to Â§Â§185-187 StGB (Defamatory Offense)? Answer only with 'True' (criminally relevant according to Â§Â§185-187 StGB) or 'False' (not criminally relevant according to Â§Â§185-187 StGB).""}, {""role"": ""user"", ""content"": ""Tja wenn du so blöd ist und sich auf so ein pack einlässt""}]"
857764097595348,"Du bist ein richtig Schlauer! Durch Pegida, sind totgeschwiegene bzw. Tabuthemen, die tw. nie zur Sprache gekommen wären ans Licht. Sprich, dass es  600.000 abgelehnte, nicht integrierbare und nicht nach Hause wollende Asylbewerber in Deutschland gibt. Die nicht sanktionierbar sind, außer mit 10%(!) des Regelsatzes pro Jahr. Das heißt einmalig um die 39 Euro! Das sind die, die man nie sieht. Weil dummer Deutscher ja arbeitet am Tag um sie zu finanzieren! In der Nacht, wenn du schläfst, verdienen sie sich dann noch ein kleines Zubrot.",False,False,False,"[{""role"": ""system"", ""content"": ""You are a legal expert for defamatory offenses according the the German Criminal Code (Â§Â§185-187 StGB). Help the user decide whether given posts fall within in the scope of these articles.""}, {""role"": ""user"", ""content"": ""Is the following post criminally relevant with respect to Â§Â§185-187 StGB (Defamatory Offense)? Answer only with 'True' (criminally relevant according to Â§Â§185-187 StGB) or 'False' (not criminally relevant according to Â§Â§185-187 StGB).""}, {""role"": ""user"", ""content"": ""Du bist ein richtig Schlauer! Durch Pegida, sind totgeschwiegene bzw. Tabuthemen, die tw. nie zur Sprache gekommen wären ans Licht. Sprich, dass es  600.000 abgelehnte, nicht integrierbare und nicht nach Hause wollende Asylbewerber in Deutschland gibt. Die nicht sanktionierbar sind, außer mit 10%(!) des Regelsatzes pro Jahr. Das heißt einmalig um die 39 Euro! Das sind die, die man nie sieht. Weil dummer Deutscher ja arbeitet am Tag um sie zu finanzieren! In der Nacht, wenn du schläfst, verdienen sie sich dann noch ein kleines Zubrot.""}]"
856777251027366,"stefan helmke wenn es ginge würdet ihr doch Stalin klonen,das war ein Verbrecher du linkes dumpfhirn",True,True,True,"[{""role"": ""system"", ""content"": ""You are a legal expert for defamatory offenses according the the German Criminal Code (Â§Â§185-187 StGB). Help the user decide whether given posts fall within in the scope of these articles.""}, {""role"": ""user"", ""content"": ""Is the following post criminally relevant with respect to Â§Â§185-187 StGB (Defamatory Offense)? Answer only with 'True' (criminally relevant according to Â§Â§185-187 StGB) or 'False' (not criminally relevant according to Â§Â§185-187 StGB).""}, {""role"": ""user"", ""content"": ""stefan helmke wenn es ginge würdet ihr doch Stalin klonen,das war ein Verbrecher du linkes dumpfhirn""}]"
1008,Wehrmachts Soldaten und die der Waffen SS haben meinen höchsten Respekt so wie jeder andere Soldat der für sein Land gekämpft hat,False,False,False,"[{""role"": ""system"", ""content"": ""You are a legal expert for defamatory offenses according the the German Criminal Code (Â§Â§185-187 StGB). Help the user decide whether given posts fall within in the scope of these articles.""}, {""role"": ""user"", ""content"": ""Is the following post criminally relevant with respect to Â§Â§185-187 StGB (Defamatory Offense)? Answer only with 'True' (criminally relevant according to Â§Â§185-187 StGB) or 'False' (not criminally relevant according to Â§Â§185-187 StGB).""}, {""role"": ""user"", ""content"": ""Wehrmachts Soldaten und die der Waffen SS haben meinen höchsten Respekt so wie jeder andere Soldat der für sein Land gekämpft hat""}]"
968110553227368,Fachkräfte ???? Billiglöhner trifft es wohl eher !!!,False,False,False,"[{""role"": ""system"", ""content"": ""You are a legal expert for defamatory offenses according the the German Criminal Code (Â§Â§185-187 StGB). Help the user decide whether given posts fall within in the scope of these articles.""}, {""role"": ""user"", ""content"": ""Is the following post criminally relevant with respect to Â§Â§185-187 StGB (Defamatory Offense)? Answer only with 'True' (criminally relevant according to Â§Â§185-187 StGB) or 'False' (not criminally relevant according to Â§Â§185-187 StGB).""}, {""role"": ""user"", ""content"": ""Fachkräfte ???? Billiglöhner trifft es wohl eher !!!""}]"
1043665779005178,"Möchten Deutschland zu sein, wie weiter unten (wie der Höllenloch, das in Großbritannien Luton geworden) ????

https://youtu.be/_SK7To4gSr0

Wenn nein, dann so schnell wie möglich zu handeln und entfernen Sie die Muslim-Virus aus Deutschland.
Sobald Muslime geworden Mehrheit an einem Ort ist, wird alle anderen Religionen ausgestorben.

Schauen Sie, was mit den Minderheits Hindus in Pakistan und Bangladesch !!!
Alle wurden getötet oder zum Islam konvertiert !!!!",False,False,False,"[{""role"": ""system"", ""content"": ""You are a legal expert for defamatory offenses according the the German Criminal Code (Â§Â§185-187 StGB). Help the user decide whether given posts fall within in the scope of these articles.""}, {""role"": ""user"", ""content"": ""Is the following post criminally relevant with respect to Â§Â§185-187 StGB (Defamatory Offense)? Answer only with 'True' (criminally relevant according to Â§Â§185-187 StGB) or 'False' (not criminally relevant according to Â§Â§185-187 StGB).""}, {""role"": ""user"", ""content"": ""Möchten Deutschland zu sein, wie weiter unten (wie der Höllenloch, das in Großbritannien Luton geworden) ????\r\n\r\nhttps://youtu.be/_SK7To4gSr0\r\n\r\nWenn nein, dann so schnell wie möglich zu handeln und entfernen Sie die Muslim-Virus aus Deutschland.\r\nSobald Muslime geworden Mehrheit an einem Ort ist, wird alle anderen Religionen ausgestorben.\r\n\r\nSchauen Sie, was mit den Minderheits Hindus in Pakistan und Bangladesch !!!\r\nAlle wurden getötet oder zum Islam konvertiert !!!!""}]"
882730781765346,"Wenn diese Jungen Männer Charakter hätten,dann würden sie für ihr Land eintreten,aber wie man sieht Erwartet man zuviel von sollchen Gesindel!!!",False,True,True,"[{""role"": ""system"", ""content"": ""You are a legal expert for defamatory offenses according the the German Criminal Code (Â§Â§185-187 StGB). Help the user decide whether given posts fall within in the scope of these articles.""}, {""role"": ""user"", ""content"": ""Is the following post criminally relevant with respect to Â§Â§185-187 StGB (Defamatory Offense)? Answer only with 'True' (criminally relevant according to Â§Â§185-187 StGB) or 'False' (not criminally relevant according to Â§Â§185-187 StGB).""}, {""role"": ""user"", ""content"": ""Wenn diese Jungen Männer Charakter hätten,dann würden sie für ihr Land eintreten,aber wie man sieht Erwartet man zuviel von sollchen Gesindel!!!""}]"
1066041470100942,"To you my good friend who read my words a message of strength Islam is not a religion Islam is a sadistic and criminal apologia that worships violence, sadism the sumicion mutilation theft looting terrorism totalitarianism envy the hate death and lies Muslims use the simulation lies and blackmail to impose there where they arrive their aim is the conquest think of your country in your family in your freedom before it is too late do not believe in those cowardly politicians and traitors who shout that ISLAM iS PEACE lie and betray their people to their history and their heritage your moral duty to stop the destruction of your civilization outside Europe's Muslims around the West not a single mosque or a single Koran say no to barbarism say NO TO ISLAM¡¡¡¡¡¡",False,True,True,"[{""role"": ""system"", ""content"": ""You are a legal expert for defamatory offenses according the the German Criminal Code (Â§Â§185-187 StGB). Help the user decide whether given posts fall within in the scope of these articles.""}, {""role"": ""user"", ""content"": ""Is the following post criminally relevant with respect to Â§Â§185-187 StGB (Defamatory Offense)? Answer only with 'True' (criminally relevant according to Â§Â§185-187 StGB) or 'False' (not criminally relevant according to Â§Â§185-187 StGB).""}, {""role"": ""user"", ""content"": ""To you my good friend who read my words a message of strength Islam is not a religion Islam is a sadistic and criminal apologia that worships violence, sadism the sumicion mutilation theft looting terrorism totalitarianism envy the hate death and lies Muslims use the simulation lies and blackmail to impose there where they arrive their aim is the conquest think of your country in your family in your freedom before it is too late do not believe in those cowardly politicians and traitors who shout that ISLAM iS PEACE lie and betray their people to their history and their heritage your moral duty to stop the destruction of your civilization outside Europe's Muslims around the West not a single mosque or a single Koran say no to barbarism say NO TO ISLAM¡¡¡¡¡¡""}]"
1055080804530342,"Flüchtlinge sind Bereicherung
Flüchtlinge kommen ALLE aus Kriegsgebieten
Flüchtlinge sind Fachkräfte
Flüchtlinge werden von unserer Wirtschaft benötigt
Flüchtlinge sind Ingenieure und Anwälte, die unsere Sozialsysteme retten und Renten erwirtschaften werden.
Wir müssen die Flüchtlinge Integrieren
Sprache ist der Schlüssel zur Integration
Integration Integration Integration
Immer wieder
Und schon rennt der Michel,
und schafft eine künstliche Willkommenskultur,
obwohl, wenn er rational die Faktenlage analysiert, er genau weiß,
dass er gegen seine ureigensten Interessen handelt:
Und doch wird er selbst zum Katalysator des Kulturabbruchs.
Der Michel wird selbst zum Umvolker.
Deutschland stirbt, weil unsere Regierung in Zusammenarbeit mit gleichgeschalteten Massenmedien uns so indoktriniert und manipuliert, dass wir unsere eigene Nationalkultur zerstören und uns selbst abschaffen!",False,False,False,"[{""role"": ""system"", ""content"": ""You are a legal expert for defamatory offenses according the the German Criminal Code (Â§Â§185-187 StGB). Help the user decide whether given posts fall within in the scope of these articles.""}, {""role"": ""user"", ""content"": ""Is the following post criminally relevant with respect to Â§Â§185-187 StGB (Defamatory Offense)? Answer only with 'True' (criminally relevant according to Â§Â§185-187 StGB) or 'False' (not criminally relevant according to Â§Â§185-187 StGB).""}, {""role"": ""user"", ""content"": ""Flüchtlinge sind Bereicherung\r\nFlüchtlinge kommen ALLE aus Kriegsgebieten\r\nFlüchtlinge sind Fachkräfte\r\nFlüchtlinge werden von unserer Wirtschaft benötigt\r\nFlüchtlinge sind Ingenieure und Anwälte, die unsere Sozialsysteme retten und Renten erwirtschaften werden.\r\nWir müssen die Flüchtlinge Integrieren\r\nSprache ist der Schlüssel zur Integration\r\nIntegration Integration Integration\r\nImmer wieder\r\nUnd schon rennt der Michel,\r\nund schafft eine künstliche Willkommenskultur,\r\nobwohl, wenn er rational die Faktenlage analysiert, er genau weiß,\r\ndass er gegen seine ureigensten Interessen handelt:\r\nUnd doch wird er selbst zum Katalysator des Kulturabbruchs.\r\nDer Michel wird selbst zum Umvolker.\r\nDeutschland stirbt, weil unsere Regierung in Zusammenarbeit mit gleichgeschalteten Massenmedien uns so indoktriniert und manipuliert, dass wir unsere eigene Nationalkultur zerstören und uns selbst abschaffen!""}]"
1065295116842244,Die können ja meistens nicht einmal schreiben und lesen. Was soll er dann mit der Gitarre. Solche Beiträge über unsere neuen Mitmenschen sollen zur Verherrlichung falscher Politik beitragen.,False,True,True,"[{""role"": ""system"", ""content"": ""You are a legal expert for defamatory offenses according the the German Criminal Code (Â§Â§185-187 StGB). Help the user decide whether given posts fall within in the scope of these articles.""}, {""role"": ""user"", ""content"": ""Is the following post criminally relevant with respect to Â§Â§185-187 StGB (Defamatory Offense)? Answer only with 'True' (criminally relevant according to Â§Â§185-187 StGB) or 'False' (not criminally relevant according to Â§Â§185-187 StGB).""}, {""role"": ""user"", ""content"": ""Die können ja meistens nicht einmal schreiben und lesen. Was soll er dann mit der Gitarre. Solche Beiträge über unsere neuen Mitmenschen sollen zur Verherrlichung falscher Politik beitragen.""}]"
982763365095420,"Anke Schneider.... Du hast von Deinen Eltern auch nicht viel Aufmerksamkeit ab bekommen. Vor einem Jahr hättest Du mir noch leid getan. JETZT bist Du für mich nur noch ein mode- REFUGEE-WELCOME-Idiot, wie all die anderen linksversifften Steinewerfer!",True,True,True,"[{""role"": ""system"", ""content"": ""You are a legal expert for defamatory offenses according the the German Criminal Code (Â§Â§185-187 StGB). Help the user decide whether given posts fall within in the scope of these articles.""}, {""role"": ""user"", ""content"": ""Is the following post criminally relevant with respect to Â§Â§185-187 StGB (Defamatory Offense)? Answer only with 'True' (criminally relevant according to Â§Â§185-187 StGB) or 'False' (not criminally relevant according to Â§Â§185-187 StGB).""}, {""role"": ""user"", ""content"": ""Anke Schneider.... Du hast von Deinen Eltern auch nicht viel Aufmerksamkeit ab bekommen. Vor einem Jahr hättest Du mir noch leid getan. JETZT bist Du für mich nur noch ein mode- REFUGEE-WELCOME-Idiot, wie all die anderen linksversifften Steinewerfer!""}]"
542,"@AnneWillTalk @cem_oezdemir @DasErste Der größte Finanzbetrüger aller Zeiten, trifft einen Grünen deutschfeindlichen Türken! Diese Dummlaberei sollte sich niemand antun!",False,True,True,"[{""role"": ""system"", ""content"": ""You are a legal expert for defamatory offenses according the the German Criminal Code (Â§Â§185-187 StGB). Help the user decide whether given posts fall within in the scope of these articles.""}, {""role"": ""user"", ""content"": ""Is the following post criminally relevant with respect to Â§Â§185-187 StGB (Defamatory Offense)? Answer only with 'True' (criminally relevant according to Â§Â§185-187 StGB) or 'False' (not criminally relevant according to Â§Â§185-187 StGB).""}, {""role"": ""user"", ""content"": ""@AnneWillTalk @cem_oezdemir @DasErste Der größte Finanzbetrüger aller Zeiten, trifft einen Grünen deutschfeindlichen Türken! Diese Dummlaberei sollte sich niemand antun!""}]"
1108210079217414,"Stimmt, aber bei uns gibt es genau solche kriminellen Linkschaoten! Sie werden vom Staat gefördert, ja, und der Herr Maas schreit Hurra!",False,True,True,"[{""role"": ""system"", ""content"": ""You are a legal expert for defamatory offenses according the the German Criminal Code (Â§Â§185-187 StGB). Help the user decide whether given posts fall within in the scope of these articles.""}, {""role"": ""user"", ""content"": ""Is the following post criminally relevant with respect to Â§Â§185-187 StGB (Defamatory Offense)? Answer only with 'True' (criminally relevant according to Â§Â§185-187 StGB) or 'False' (not criminally relevant according to Â§Â§185-187 StGB).""}, {""role"": ""user"", ""content"": ""Stimmt, aber bei uns gibt es genau solche kriminellen Linkschaoten! Sie werden vom Staat gefördert, ja, und der Herr Maas schreit Hurra!""}]"
1095984907106598,"Man muss sich nur mal vorstellen was noch passiert, wenn dieses Pack fordert die Grenzen zu öffnen. Und dann diese Kinder da. Es wird nicht mehr lange dauern, dann werden die ihre Kinder anzünden und auf die Straße als Mittel der Umsetzung ihrer Forderungen laufen lassen. Ich traue diesen Muslimen nämlich alles zu.",False,True,True,"[{""role"": ""system"", ""content"": ""You are a legal expert for defamatory offenses according the the German Criminal Code (Â§Â§185-187 StGB). Help the user decide whether given posts fall within in the scope of these articles.""}, {""role"": ""user"", ""content"": ""Is the following post criminally relevant with respect to Â§Â§185-187 StGB (Defamatory Offense)? Answer only with 'True' (criminally relevant according to Â§Â§185-187 StGB) or 'False' (not criminally relevant according to Â§Â§185-187 StGB).""}, {""role"": ""user"", ""content"": ""Man muss sich nur mal vorstellen was noch passiert, wenn dieses Pack fordert die Grenzen zu öffnen. Und dann diese Kinder da. Es wird nicht mehr lange dauern, dann werden die ihre Kinder anzünden und auf die Straße als Mittel der Umsetzung ihrer Forderungen laufen lassen. Ich traue diesen Muslimen nämlich alles zu.""}]"
1108625339175888,Detlef Cordes Google COUDENHOVE--KALERGI plan to see all this refugee Crisis was planed before. and that fat a** polish B**ch is one of the executer of that plan. FATIMA MERKEL must be executed By Fire squad for what she did to Germans & Gemany,False,True,True,"[{""role"": ""system"", ""content"": ""You are a legal expert for defamatory offenses according the the German Criminal Code (Â§Â§185-187 StGB). Help the user decide whether given posts fall within in the scope of these articles.""}, {""role"": ""user"", ""content"": ""Is the following post criminally relevant with respect to Â§Â§185-187 StGB (Defamatory Offense)? Answer only with 'True' (criminally relevant according to Â§Â§185-187 StGB) or 'False' (not criminally relevant according to Â§Â§185-187 StGB).""}, {""role"": ""user"", ""content"": ""Detlef Cordes Google COUDENHOVE--KALERGI plan to see all this refugee Crisis was planed before. and that fat a** polish B**ch is one of the executer of that plan. FATIMA MERKEL must be executed By Fire squad for what she did to Germans & Gemany""}]"
857177714320653,"Das ist zwar auf polnisch, hat aber einen englischen Untertitel ...das sind Worte eines polnischen Patrioten im Bezug auf Muslime ....ich finde das genial http://l.facebook.com/l.php?u=http%3A%2F%2Fm.youtube.com%2Fwatch%3Fv%3Dhe-ycVqxQPM&h=hAQHtzPHE&s=1",False,False,False,"[{""role"": ""system"", ""content"": ""You are a legal expert for defamatory offenses according the the German Criminal Code (Â§Â§185-187 StGB). Help the user decide whether given posts fall within in the scope of these articles.""}, {""role"": ""user"", ""content"": ""Is the following post criminally relevant with respect to Â§Â§185-187 StGB (Defamatory Offense)? Answer only with 'True' (criminally relevant according to Â§Â§185-187 StGB) or 'False' (not criminally relevant according to Â§Â§185-187 StGB).""}, {""role"": ""user"", ""content"": ""Das ist zwar auf polnisch, hat aber einen englischen Untertitel ...das sind Worte eines polnischen Patrioten im Bezug auf Muslime ....ich finde das genial http://l.facebook.com/l.php?u=http%3A%2F%2Fm.youtube.com%2Fwatch%3Fv%3Dhe-ycVqxQPM&h=hAQHtzPHE&s=1""}]"
856773104361114,Frauen wie dich brauchen wir später. .....als kanonenfutter Monika Bohn. ...,True,True,True,"[{""role"": ""system"", ""content"": ""You are a legal expert for defamatory offenses according the the German Criminal Code (Â§Â§185-187 StGB). Help the user decide whether given posts fall within in the scope of these articles.""}, {""role"": ""user"", ""content"": ""Is the following post criminally relevant with respect to Â§Â§185-187 StGB (Defamatory Offense)? Answer only with 'True' (criminally relevant according to Â§Â§185-187 StGB) or 'False' (not criminally relevant according to Â§Â§185-187 StGB).""}, {""role"": ""user"", ""content"": ""Frauen wie dich brauchen wir später. .....als kanonenfutter Monika Bohn. ...""}]"
146,@SawsanChebli Wer meint typisch deutsch sei zwangsläufig mit Nazi zu vergleichen ...der ist hirnlos |LBR| Typisch deutsch?...z.B...wir wurden Weltmeister und Millionen von Nazis haben gejubelt..? |LBR| Typisch deutsch?...z.B...jeder der unsere Hymne singt,False,True,True,"[{""role"": ""system"", ""content"": ""You are a legal expert for defamatory offenses according the the German Criminal Code (Â§Â§185-187 StGB). Help the user decide whether given posts fall within in the scope of these articles.""}, {""role"": ""user"", ""content"": ""Is the following post criminally relevant with respect to Â§Â§185-187 StGB (Defamatory Offense)? Answer only with 'True' (criminally relevant according to Â§Â§185-187 StGB) or 'False' (not criminally relevant according to Â§Â§185-187 StGB).""}, {""role"": ""user"", ""content"": ""@SawsanChebli Wer meint typisch deutsch sei zwangsläufig mit Nazi zu vergleichen ...der ist hirnlos |LBR| Typisch deutsch?...z.B...wir wurden Weltmeister und Millionen von Nazis haben gejubelt..? |LBR| Typisch deutsch?...z.B...jeder der unsere Hymne singt""}]"
856941841010907,"Janett, was du kannst dir mehrfach Reisen in andere Länder leisten? Das können sich viele andere Deutsche nicht! Wie ich lese hat dich dein offensichtlich islamischer Freund/Mann gut unterrichtet ... ""das Deutschland den Terrorismus zusammen mit Amerika fördert"" ...nun mal die Gehirnkurbel anwerfen, war es Pegida, die Soldaten nach Afghanistan geschickt haben?? Wenn du dann doch deine angegebene Reiseangst überwinden solltest, sag mir bitte Bescheid wie viele dich dann dort als ""Frau Nazi"" angesprochen haben.",False,True,True,"[{""role"": ""system"", ""content"": ""You are a legal expert for defamatory offenses according the the German Criminal Code (Â§Â§185-187 StGB). Help the user decide whether given posts fall within in the scope of these articles.""}, {""role"": ""user"", ""content"": ""Is the following post criminally relevant with respect to Â§Â§185-187 StGB (Defamatory Offense)? Answer only with 'True' (criminally relevant according to Â§Â§185-187 StGB) or 'False' (not criminally relevant according to Â§Â§185-187 StGB).""}, {""role"": ""user"", ""content"": ""Janett, was du kannst dir mehrfach Reisen in andere Länder leisten? Das können sich viele andere Deutsche nicht! Wie ich lese hat dich dein offensichtlich islamischer Freund/Mann gut unterrichtet ... \""das Deutschland den Terrorismus zusammen mit Amerika fördert\"" ...nun mal die Gehirnkurbel anwerfen, war es Pegida, die Soldaten nach Afghanistan geschickt haben?? Wenn du dann doch deine angegebene Reiseangst überwinden solltest, sag mir bitte Bescheid wie viele dich dann dort als \""Frau Nazi\"" angesprochen haben.""}]"
1111392245565864,"Wo ist das Problem? Viele Deutsche zahlen täglich mit ihrer Bankkarte ohne Bargeld! Was hat dass mit Integration zu tun? Manchmal denke ich, die Bahnhofsklatscher warten nur auf Veränderungen, mit denen sie nicht zufrieden sind und sich beklagen können. Dann können sie die Migranten wieder aufhetzen und mit einem Pappschild irgendwo einen Sitzstreik veranstalten lassen!!!!",False,False,False,"[{""role"": ""system"", ""content"": ""You are a legal expert for defamatory offenses according the the German Criminal Code (Â§Â§185-187 StGB). Help the user decide whether given posts fall within in the scope of these articles.""}, {""role"": ""user"", ""content"": ""Is the following post criminally relevant with respect to Â§Â§185-187 StGB (Defamatory Offense)? Answer only with 'True' (criminally relevant according to Â§Â§185-187 StGB) or 'False' (not criminally relevant according to Â§Â§185-187 StGB).""}, {""role"": ""user"", ""content"": ""Wo ist das Problem? Viele Deutsche zahlen täglich mit ihrer Bankkarte ohne Bargeld! Was hat dass mit Integration zu tun? Manchmal denke ich, die Bahnhofsklatscher warten nur auf Veränderungen, mit denen sie nicht zufrieden sind und sich beklagen können. Dann können sie die Migranten wieder aufhetzen und mit einem Pappschild irgendwo einen Sitzstreik veranstalten lassen!!!!""}]"
982825901755833,"ja die armen kriegsleidenden flüchtlinge, am arsch, wacht auf so ein pack, verraten sogar frau und kinder",False,True,True,"[{""role"": ""system"", ""content"": ""You are a legal expert for defamatory offenses according the the German Criminal Code (Â§Â§185-187 StGB). Help the user decide whether given posts fall within in the scope of these articles.""}, {""role"": ""user"", ""content"": ""Is the following post criminally relevant with respect to Â§Â§185-187 StGB (Defamatory Offense)? Answer only with 'True' (criminally relevant according to Â§Â§185-187 StGB) or 'False' (not criminally relevant according to Â§Â§185-187 StGB).""}, {""role"": ""user"", ""content"": ""ja die armen kriegsleidenden flüchtlinge, am arsch, wacht auf so ein pack, verraten sogar frau und kinder""}]"
857163914322033,Die Dame hat sich in ihrem Leben auch schön von Muslimen zum Erfahrung sammeln benutzen lassen.Und was mit ihrer Schwester passiert ist sollte ihr vielleicht auch mal zu denken geben.Obwohl die ja nun wirlich nicht zu bedauern ist.Was hat die geglaubt wenn die da heiratet?,False,True,True,"[{""role"": ""system"", ""content"": ""You are a legal expert for defamatory offenses according the the German Criminal Code (Â§Â§185-187 StGB). Help the user decide whether given posts fall within in the scope of these articles.""}, {""role"": ""user"", ""content"": ""Is the following post criminally relevant with respect to Â§Â§185-187 StGB (Defamatory Offense)? Answer only with 'True' (criminally relevant according to Â§Â§185-187 StGB) or 'False' (not criminally relevant according to Â§Â§185-187 StGB).""}, {""role"": ""user"", ""content"": ""Die Dame hat sich in ihrem Leben auch schön von Muslimen zum Erfahrung sammeln benutzen lassen.Und was mit ihrer Schwester passiert ist sollte ihr vielleicht auch mal zu denken geben.Obwohl die ja nun wirlich nicht zu bedauern ist.Was hat die geglaubt wenn die da heiratet?""}]"
1682,@alexnanoia wa sfür du überlegst es dir du hast auf simpcord prosimp du nutte,True,True,True,"[{""role"": ""system"", ""content"": ""You are a legal expert for defamatory offenses according the the German Criminal Code (Â§Â§185-187 StGB). Help the user decide whether given posts fall within in the scope of these articles.""}, {""role"": ""user"", ""content"": ""Is the following post criminally relevant with respect to Â§Â§185-187 StGB (Defamatory Offense)? Answer only with 'True' (criminally relevant according to Â§Â§185-187 StGB) or 'False' (not criminally relevant according to Â§Â§185-187 StGB).""}, {""role"": ""user"", ""content"": ""@alexnanoia wa sfür du überlegst es dir du hast auf simpcord prosimp du nutte""}]"
1056531731051916,"Nanu, so sieht eine Rinderherde aus, die muss man zum Schlächter treiben!",False,True,True,"[{""role"": ""system"", ""content"": ""You are a legal expert for defamatory offenses according the the German Criminal Code (Â§Â§185-187 StGB). Help the user decide whether given posts fall within in the scope of these articles.""}, {""role"": ""user"", ""content"": ""Is the following post criminally relevant with respect to Â§Â§185-187 StGB (Defamatory Offense)? Answer only with 'True' (criminally relevant according to Â§Â§185-187 StGB) or 'False' (not criminally relevant according to Â§Â§185-187 StGB).""}, {""role"": ""user"", ""content"": ""Nanu, so sieht eine Rinderherde aus, die muss man zum Schlächter treiben!""}]"
1010201469018276,"Hank Geneman, wenn sie deren Kultur doch so gerne mögen dann gehen sie doch in das Land deren Kultur sie mögen. Ich fühle mich durch die aggressive, terroristische, islamische Kultur bedroht und möchte keinen Krieg und Terror in Deutschland ! Ob Multikulti Deutschland ausmacht wage ich in hohem Maße zu bezweifeln.",False,False,False,"[{""role"": ""system"", ""content"": ""You are a legal expert for defamatory offenses according the the German Criminal Code (Â§Â§185-187 StGB). Help the user decide whether given posts fall within in the scope of these articles.""}, {""role"": ""user"", ""content"": ""Is the following post criminally relevant with respect to Â§Â§185-187 StGB (Defamatory Offense)? Answer only with 'True' (criminally relevant according to Â§Â§185-187 StGB) or 'False' (not criminally relevant according to Â§Â§185-187 StGB).""}, {""role"": ""user"", ""content"": ""Hank Geneman, wenn sie deren Kultur doch so gerne mögen dann gehen sie doch in das Land deren Kultur sie mögen. Ich fühle mich durch die aggressive, terroristische, islamische Kultur bedroht und möchte keinen Krieg und Terror in Deutschland ! Ob Multikulti Deutschland ausmacht wage ich in hohem Maße zu bezweifeln.""}]"
520,"@heiseonline Ein Vaterlandsverräter meldet sich zu Wort und die Welt hört zu.schlimm,schlimm,schlimm!",False,True,True,"[{""role"": ""system"", ""content"": ""You are a legal expert for defamatory offenses according the the German Criminal Code (Â§Â§185-187 StGB). Help the user decide whether given posts fall within in the scope of these articles.""}, {""role"": ""user"", ""content"": ""Is the following post criminally relevant with respect to Â§Â§185-187 StGB (Defamatory Offense)? Answer only with 'True' (criminally relevant according to Â§Â§185-187 StGB) or 'False' (not criminally relevant according to Â§Â§185-187 StGB).""}, {""role"": ""user"", ""content"": ""@heiseonline Ein Vaterlandsverräter meldet sich zu Wort und die Welt hört zu.schlimm,schlimm,schlimm!""}]"
1127127497325672,"Was seid ihr für ungebildete Opfer, für euch gibt es wirklich keine Bezeichnung mehr, das sollte man ein neues Wort erfinden, geht euch verstecken!",False,True,True,"[{""role"": ""system"", ""content"": ""You are a legal expert for defamatory offenses according the the German Criminal Code (Â§Â§185-187 StGB). Help the user decide whether given posts fall within in the scope of these articles.""}, {""role"": ""user"", ""content"": ""Is the following post criminally relevant with respect to Â§Â§185-187 StGB (Defamatory Offense)? Answer only with 'True' (criminally relevant according to Â§Â§185-187 StGB) or 'False' (not criminally relevant according to Â§Â§185-187 StGB).""}, {""role"": ""user"", ""content"": ""Was seid ihr für ungebildete Opfer, für euch gibt es wirklich keine Bezeichnung mehr, das sollte man ein neues Wort erfinden, geht euch verstecken!""}]"
404,"Schumacher, Brandt, Schmidt, Wehner, Leber u Ehmke wären in der heutigen SPD Nazis u der Shariah Schulz würde sie aus der SPD rausschmeißen",False,True,True,"[{""role"": ""system"", ""content"": ""You are a legal expert for defamatory offenses according the the German Criminal Code (Â§Â§185-187 StGB). Help the user decide whether given posts fall within in the scope of these articles.""}, {""role"": ""user"", ""content"": ""Is the following post criminally relevant with respect to Â§Â§185-187 StGB (Defamatory Offense)? Answer only with 'True' (criminally relevant according to Â§Â§185-187 StGB) or 'False' (not criminally relevant according to Â§Â§185-187 StGB).""}, {""role"": ""user"", ""content"": ""Schumacher, Brandt, Schmidt, Wehner, Leber u Ehmke wären in der heutigen SPD Nazis u der Shariah Schulz würde sie aus der SPD rausschmeißen""}]"
1152508301454258,Aus jeder Scheiß Ecke kommen diese verdammten Armleuchter die im Namen der politischen Korrektheit ihren Hass kundtun!,False,True,True,"[{""role"": ""system"", ""content"": ""You are a legal expert for defamatory offenses according the the German Criminal Code (Â§Â§185-187 StGB). Help the user decide whether given posts fall within in the scope of these articles.""}, {""role"": ""user"", ""content"": ""Is the following post criminally relevant with respect to Â§Â§185-187 StGB (Defamatory Offense)? Answer only with 'True' (criminally relevant according to Â§Â§185-187 StGB) or 'False' (not criminally relevant according to Â§Â§185-187 StGB).""}, {""role"": ""user"", ""content"": ""Aus jeder Scheiß Ecke kommen diese verdammten Armleuchter die im Namen der politischen Korrektheit ihren Hass kundtun!""}]"
227,"Politiker sind Schauspieler, aber äußerst fiese, da sie ihre Rollen nicht nur spielen, sonder sie leben und sich noch selbst hoch bezahlen.",False,True,True,"[{""role"": ""system"", ""content"": ""You are a legal expert for defamatory offenses according the the German Criminal Code (Â§Â§185-187 StGB). Help the user decide whether given posts fall within in the scope of these articles.""}, {""role"": ""user"", ""content"": ""Is the following post criminally relevant with respect to Â§Â§185-187 StGB (Defamatory Offense)? Answer only with 'True' (criminally relevant according to Â§Â§185-187 StGB) or 'False' (not criminally relevant according to Â§Â§185-187 StGB).""}, {""role"": ""user"", ""content"": ""Politiker sind Schauspieler, aber äußerst fiese, da sie ihre Rollen nicht nur spielen, sonder sie leben und sich noch selbst hoch bezahlen.""}]"
1055237147848041,"Hallo Cornelia, ich sehe es genau wie Du. Wenn ich sehe wie diese stumpfsinnige Horde am Montag in Dresden spazieren geht, wird mir auch immer speiübel.",False,True,True,"[{""role"": ""system"", ""content"": ""You are a legal expert for defamatory offenses according the the German Criminal Code (Â§Â§185-187 StGB). Help the user decide whether given posts fall within in the scope of these articles.""}, {""role"": ""user"", ""content"": ""Is the following post criminally relevant with respect to Â§Â§185-187 StGB (Defamatory Offense)? Answer only with 'True' (criminally relevant according to Â§Â§185-187 StGB) or 'False' (not criminally relevant according to Â§Â§185-187 StGB).""}, {""role"": ""user"", ""content"": ""Hallo Cornelia, ich sehe es genau wie Du. Wenn ich sehe wie diese stumpfsinnige Horde am Montag in Dresden spazieren geht, wird mir auch immer speiübel.""}]"
727,@SteinbachErika @krippmarie Trump wagte es den ersten Schritt zu machen...die hochdotierten Unwissenden stopfen sich nur die Taschen voll.. |LBR| Klima raus aus der Politik.,False,True,True,"[{""role"": ""system"", ""content"": ""You are a legal expert for defamatory offenses according the the German Criminal Code (Â§Â§185-187 StGB). Help the user decide whether given posts fall within in the scope of these articles.""}, {""role"": ""user"", ""content"": ""Is the following post criminally relevant with respect to Â§Â§185-187 StGB (Defamatory Offense)? Answer only with 'True' (criminally relevant according to Â§Â§185-187 StGB) or 'False' (not criminally relevant according to Â§Â§185-187 StGB).""}, {""role"": ""user"", ""content"": ""@SteinbachErika @krippmarie Trump wagte es den ersten Schritt zu machen...die hochdotierten Unwissenden stopfen sich nur die Taschen voll.. |LBR| Klima raus aus der Politik.""}]"
856766777695080,Du solltest vielleicht mal weniger einnehmen und dann dein Gehirn einschalten!!!,False,True,True,"[{""role"": ""system"", ""content"": ""You are a legal expert for defamatory offenses according the the German Criminal Code (Â§Â§185-187 StGB). Help the user decide whether given posts fall within in the scope of these articles.""}, {""role"": ""user"", ""content"": ""Is the following post criminally relevant with respect to Â§Â§185-187 StGB (Defamatory Offense)? Answer only with 'True' (criminally relevant according to Â§Â§185-187 StGB) or 'False' (not criminally relevant according to Â§Â§185-187 StGB).""}, {""role"": ""user"", ""content"": ""Du solltest vielleicht mal weniger einnehmen und dann dein Gehirn einschalten!!!""}]"
578,"Pünktlich zum Wahlkampfauftakt ziehen sich unsere politi. Raubtiere Berlins d. Lammfell über, um weitere Jahre im gleichen Trott zu agieren😜",False,False,False,"[{""role"": ""system"", ""content"": ""You are a legal expert for defamatory offenses according the the German Criminal Code (Â§Â§185-187 StGB). Help the user decide whether given posts fall within in the scope of these articles.""}, {""role"": ""user"", ""content"": ""Is the following post criminally relevant with respect to Â§Â§185-187 StGB (Defamatory Offense)? Answer only with 'True' (criminally relevant according to Â§Â§185-187 StGB) or 'False' (not criminally relevant according to Â§Â§185-187 StGB).""}, {""role"": ""user"", ""content"": ""Pünktlich zum Wahlkampfauftakt ziehen sich unsere politi. Raubtiere Berlins d. Lammfell über, um weitere Jahre im gleichen Trott zu agieren😜""}]"
1007288782642878,Man wünscht sich Putin würde auch in Deutschland aufräumen mit dem Ungeziefer,False,True,True,"[{""role"": ""system"", ""content"": ""You are a legal expert for defamatory offenses according the the German Criminal Code (Â§Â§185-187 StGB). Help the user decide whether given posts fall within in the scope of these articles.""}, {""role"": ""user"", ""content"": ""Is the following post criminally relevant with respect to Â§Â§185-187 StGB (Defamatory Offense)? Answer only with 'True' (criminally relevant according to Â§Â§185-187 StGB) or 'False' (not criminally relevant according to Â§Â§185-187 StGB).""}, {""role"": ""user"", ""content"": ""Man wünscht sich Putin würde auch in Deutschland aufräumen mit dem Ungeziefer""}]"
1357,"Eigentlich guter Artikel. Fr. Prof. Ciesek, ist dennoch ein SCHLECHTER Mensch! Wieso? Weil Sie sehr intelligent ist und die folgen unseres Handels sehen müsste, dennoch unterstützt Sie eine Politik die Weltweit Kinder tötet! Mehr BÖSARTIGKEIT geht nicht!",True,True,True,"[{""role"": ""system"", ""content"": ""You are a legal expert for defamatory offenses according the the German Criminal Code (Â§Â§185-187 StGB). Help the user decide whether given posts fall within in the scope of these articles.""}, {""role"": ""user"", ""content"": ""Is the following post criminally relevant with respect to Â§Â§185-187 StGB (Defamatory Offense)? Answer only with 'True' (criminally relevant according to Â§Â§185-187 StGB) or 'False' (not criminally relevant according to Â§Â§185-187 StGB).""}, {""role"": ""user"", ""content"": ""Eigentlich guter Artikel. Fr. Prof. Ciesek, ist dennoch ein SCHLECHTER Mensch! Wieso? Weil Sie sehr intelligent ist und die folgen unseres Handels sehen müsste, dennoch unterstützt Sie eine Politik die Weltweit Kinder tötet! Mehr BÖSARTIGKEIT geht nicht!""}]"
1391698284826275840,"Bei dieser Drachenlord Haider Affäre hab ich mich fein rausgehalten. Verstehe nicht wieso die Leute schockiert sind, dass einer wieder ZDK der aussieht, als wären seine Chromosomen im Kern behindert und additional auftretend, ein dummer Hurensohn ist.",True,True,True,"[{""role"": ""system"", ""content"": ""You are a legal expert for defamatory offenses according the the German Criminal Code (Â§Â§185-187 StGB). Help the user decide whether given posts fall within in the scope of these articles.""}, {""role"": ""user"", ""content"": ""Is the following post criminally relevant with respect to Â§Â§185-187 StGB (Defamatory Offense)? Answer only with 'True' (criminally relevant according to Â§Â§185-187 StGB) or 'False' (not criminally relevant according to Â§Â§185-187 StGB).""}, {""role"": ""user"", ""content"": ""Bei dieser Drachenlord Haider Affäre hab ich mich fein rausgehalten. Verstehe nicht wieso die Leute schockiert sind, dass einer wieder ZDK der aussieht, als wären seine Chromosomen im Kern behindert und additional auftretend, ein dummer Hurensohn ist.""}]"
1786,"@Juergen_Fritz Der Hobbit kann richtig die Bitch raushängen lassen. Der Wähler vergisst nicht. Wenn das stimmt, weiß man ja auch, wie er mit seinen anderen Kontrahenten umging. Korrupte Familie Laschet bedient sich Mafiamethoden. Jetzt sorgt der Wähler dafür, dass Laschet verliert",True,True,True,"[{""role"": ""system"", ""content"": ""You are a legal expert for defamatory offenses according the the German Criminal Code (Â§Â§185-187 StGB). Help the user decide whether given posts fall within in the scope of these articles.""}, {""role"": ""user"", ""content"": ""Is the following post criminally relevant with respect to Â§Â§185-187 StGB (Defamatory Offense)? Answer only with 'True' (criminally relevant according to Â§Â§185-187 StGB) or 'False' (not criminally relevant according to Â§Â§185-187 StGB).""}, {""role"": ""user"", ""content"": ""@Juergen_Fritz Der Hobbit kann richtig die Bitch raushängen lassen. Der Wähler vergisst nicht. Wenn das stimmt, weiß man ja auch, wie er mit seinen anderen Kontrahenten umging. Korrupte Familie Laschet bedient sich Mafiamethoden. Jetzt sorgt der Wähler dafür, dass Laschet verliert""}]"
856855827686175,Du gehöst im Islam zu den Todeskandidaten,False,True,True,"[{""role"": ""system"", ""content"": ""You are a legal expert for defamatory offenses according the the German Criminal Code (Â§Â§185-187 StGB). Help the user decide whether given posts fall within in the scope of these articles.""}, {""role"": ""user"", ""content"": ""Is the following post criminally relevant with respect to Â§Â§185-187 StGB (Defamatory Offense)? Answer only with 'True' (criminally relevant according to Â§Â§185-187 StGB) or 'False' (not criminally relevant according to Â§Â§185-187 StGB).""}, {""role"": ""user"", ""content"": ""Du gehöst im Islam zu den Todeskandidaten""}]"
935432806495143,"Und die EWIG-GESTRIGEN und ROTFASCHISTEN von DD-Nazifrei beschmutzen diesen Ehrentag wieder für ihre hirnrissigen Ideolgien. 
Schaut Euch mal diesen ekelerregenden Dünnschiss auf deren Facebook- Seite an!

https://m.facebook.com/dresden.stellt.sich.quer",False,True,True,"[{""role"": ""system"", ""content"": ""You are a legal expert for defamatory offenses according the the German Criminal Code (Â§Â§185-187 StGB). Help the user decide whether given posts fall within in the scope of these articles.""}, {""role"": ""user"", ""content"": ""Is the following post criminally relevant with respect to Â§Â§185-187 StGB (Defamatory Offense)? Answer only with 'True' (criminally relevant according to Â§Â§185-187 StGB) or 'False' (not criminally relevant according to Â§Â§185-187 StGB).""}, {""role"": ""user"", ""content"": ""Und die EWIG-GESTRIGEN und ROTFASCHISTEN von DD-Nazifrei beschmutzen diesen Ehrentag wieder für ihre hirnrissigen Ideolgien. \r\nSchaut Euch mal diesen ekelerregenden Dünnschiss auf deren Facebook- Seite an!\r\n\r\nhttps://m.facebook.com/dresden.stellt.sich.quer""}]"
1043699729001783,"Rene Meier geht das schon wieder los du Spinner, verpiss dich hier mit deiner vom VS organisierten Demo.",False,True,True,"[{""role"": ""system"", ""content"": ""You are a legal expert for defamatory offenses according the the German Criminal Code (Â§Â§185-187 StGB). Help the user decide whether given posts fall within in the scope of these articles.""}, {""role"": ""user"", ""content"": ""Is the following post criminally relevant with respect to Â§Â§185-187 StGB (Defamatory Offense)? Answer only with 'True' (criminally relevant according to Â§Â§185-187 StGB) or 'False' (not criminally relevant according to Â§Â§185-187 StGB).""}, {""role"": ""user"", ""content"": ""Rene Meier geht das schon wieder los du Spinner, verpiss dich hier mit deiner vom VS organisierten Demo.""}]"
546,@SusanBrenning @krippmarie Es waren nur ca 26%..nach den Geschehnissen immer noch viel |LBR| Der dumme 🇩🇪braucht halt noch eine vor den Latz...erst wenns richtig weh tut....,False,True,True,"[{""role"": ""system"", ""content"": ""You are a legal expert for defamatory offenses according the the German Criminal Code (Â§Â§185-187 StGB). Help the user decide whether given posts fall within in the scope of these articles.""}, {""role"": ""user"", ""content"": ""Is the following post criminally relevant with respect to Â§Â§185-187 StGB (Defamatory Offense)? Answer only with 'True' (criminally relevant according to Â§Â§185-187 StGB) or 'False' (not criminally relevant according to Â§Â§185-187 StGB).""}, {""role"": ""user"", ""content"": ""@SusanBrenning @krippmarie Es waren nur ca 26%..nach den Geschehnissen immer noch viel |LBR| Der dumme 🇩🇪braucht halt noch eine vor den Latz...erst wenns richtig weh tut....""}]"
1593,@Moominsusi @Karl_Lauterbach @BILD Die ach so böse bild beruft sich auf eine Studie du sparsam behirntes individuum ...,True,True,True,"[{""role"": ""system"", ""content"": ""You are a legal expert for defamatory offenses according the the German Criminal Code (Â§Â§185-187 StGB). Help the user decide whether given posts fall within in the scope of these articles.""}, {""role"": ""user"", ""content"": ""Is the following post criminally relevant with respect to Â§Â§185-187 StGB (Defamatory Offense)? Answer only with 'True' (criminally relevant according to Â§Â§185-187 StGB) or 'False' (not criminally relevant according to Â§Â§185-187 StGB).""}, {""role"": ""user"", ""content"": ""@Moominsusi @Karl_Lauterbach @BILD Die ach so böse bild beruft sich auf eine Studie du sparsam behirntes individuum ...""}]"
894968120541612,"Den haben die bei der IS wohl nicht umsonst leben lassen denn er hat Gehirnwäsche bekommen,Ist zum Islam übergetreten oder wie mein seliger Opa immer sagte der ist einfach bescheuert;-)",False,True,True,"[{""role"": ""system"", ""content"": ""You are a legal expert for defamatory offenses according the the German Criminal Code (Â§Â§185-187 StGB). Help the user decide whether given posts fall within in the scope of these articles.""}, {""role"": ""user"", ""content"": ""Is the following post criminally relevant with respect to Â§Â§185-187 StGB (Defamatory Offense)? Answer only with 'True' (criminally relevant according to Â§Â§185-187 StGB) or 'False' (not criminally relevant according to Â§Â§185-187 StGB).""}, {""role"": ""user"", ""content"": ""Den haben die bei der IS wohl nicht umsonst leben lassen denn er hat Gehirnwäsche bekommen,Ist zum Islam übergetreten oder wie mein seliger Opa immer sagte der ist einfach bescheuert;-)""}]"
505,"Schulz, die gerechte Verteilung von Flüchtlingen wird es nie geben. |LBR| Sie wollen in die Sozialsysteme von A und D. Hör auf zu spinnen.",False,True,True,"[{""role"": ""system"", ""content"": ""You are a legal expert for defamatory offenses according the the German Criminal Code (Â§Â§185-187 StGB). Help the user decide whether given posts fall within in the scope of these articles.""}, {""role"": ""user"", ""content"": ""Is the following post criminally relevant with respect to Â§Â§185-187 StGB (Defamatory Offense)? Answer only with 'True' (criminally relevant according to Â§Â§185-187 StGB) or 'False' (not criminally relevant according to Â§Â§185-187 StGB).""}, {""role"": ""user"", ""content"": ""Schulz, die gerechte Verteilung von Flüchtlingen wird es nie geben. |LBR| Sie wollen in die Sozialsysteme von A und D. Hör auf zu spinnen.""}]"
564,@dawoedmasta @Martin_Sellner Und ?? Ärgert dich das du Kernseifenloser?? Schön !,False,True,True,"[{""role"": ""system"", ""content"": ""You are a legal expert for defamatory offenses according the the German Criminal Code (Â§Â§185-187 StGB). Help the user decide whether given posts fall within in the scope of these articles.""}, {""role"": ""user"", ""content"": ""Is the following post criminally relevant with respect to Â§Â§185-187 StGB (Defamatory Offense)? Answer only with 'True' (criminally relevant according to Â§Â§185-187 StGB) or 'False' (not criminally relevant according to Â§Â§185-187 StGB).""}, {""role"": ""user"", ""content"": ""@dawoedmasta @Martin_Sellner Und ?? Ärgert dich das du Kernseifenloser?? Schön !""}]"
1789,"@Xrxtn @philopolist @Alice_Weidel @UweJunge Du bist offensichtlich echt dumm wie Schei*e. Aber gut, du stellst es ja gerne auf Twitter zur Schau deshalb wird es schon deine Absicht sein, der Welt zu zeigen, dass es einfach hoffnungslose Fälle gibt, die sich nicht ""beheben"" lassen. Geh nach Polen, keiner braucht dich in D!",True,True,True,"[{""role"": ""system"", ""content"": ""You are a legal expert for defamatory offenses according the the German Criminal Code (Â§Â§185-187 StGB). Help the user decide whether given posts fall within in the scope of these articles.""}, {""role"": ""user"", ""content"": ""Is the following post criminally relevant with respect to Â§Â§185-187 StGB (Defamatory Offense)? Answer only with 'True' (criminally relevant according to Â§Â§185-187 StGB) or 'False' (not criminally relevant according to Â§Â§185-187 StGB).""}, {""role"": ""user"", ""content"": ""@Xrxtn @philopolist @Alice_Weidel @UweJunge Du bist offensichtlich echt dumm wie Schei*e. Aber gut, du stellst es ja gerne auf Twitter zur Schau deshalb wird es schon deine Absicht sein, der Welt zu zeigen, dass es einfach hoffnungslose Fälle gibt, die sich nicht \""beheben\"" lassen. Geh nach Polen, keiner braucht dich in D!""}]"
905,@gellis18 @Ralf_Stegner So weit reicht sein Gedächtnis nicht zurück. Außer Plattheiten habe ich von diesem Mann noch nichts gehört 😜,False,True,True,"[{""role"": ""system"", ""content"": ""You are a legal expert for defamatory offenses according the the German Criminal Code (Â§Â§185-187 StGB). Help the user decide whether given posts fall within in the scope of these articles.""}, {""role"": ""user"", ""content"": ""Is the following post criminally relevant with respect to Â§Â§185-187 StGB (Defamatory Offense)? Answer only with 'True' (criminally relevant according to Â§Â§185-187 StGB) or 'False' (not criminally relevant according to Â§Â§185-187 StGB).""}, {""role"": ""user"", ""content"": ""@gellis18 @Ralf_Stegner So weit reicht sein Gedächtnis nicht zurück. Außer Plattheiten habe ich von diesem Mann noch nichts gehört 😜""}]"
1097180266987062,"Gegen Abdel-Samad können die Internazis der Parteien der Internationalistischen Einheitsfront mitsamt angeschlossener Antifa-/Autonomen-Kampfgruppen nicht so richtig anstinken - schließlich ist er per Defninition selbst ein ""Refugee"" und Asylberechtigter, nach all dem, was mit ihm in Ägypten geschah.",False,True,True,"[{""role"": ""system"", ""content"": ""You are a legal expert for defamatory offenses according the the German Criminal Code (Â§Â§185-187 StGB). Help the user decide whether given posts fall within in the scope of these articles.""}, {""role"": ""user"", ""content"": ""Is the following post criminally relevant with respect to Â§Â§185-187 StGB (Defamatory Offense)? Answer only with 'True' (criminally relevant according to Â§Â§185-187 StGB) or 'False' (not criminally relevant according to Â§Â§185-187 StGB).""}, {""role"": ""user"", ""content"": ""Gegen Abdel-Samad können die Internazis der Parteien der Internationalistischen Einheitsfront mitsamt angeschlossener Antifa-/Autonomen-Kampfgruppen nicht so richtig anstinken - schließlich ist er per Defninition selbst ein \""Refugee\"" und Asylberechtigter, nach all dem, was mit ihm in Ägypten geschah.""}]"
388,@HLNbg @Arrtrad @LarsWinter_ @SOS_EUROPE_SOS @CDUdresden Was soll man schon von so einer Lügenbande erwarten? Alles politische Schwachköpfe!,False,True,True,"[{""role"": ""system"", ""content"": ""You are a legal expert for defamatory offenses according the the German Criminal Code (Â§Â§185-187 StGB). Help the user decide whether given posts fall within in the scope of these articles.""}, {""role"": ""user"", ""content"": ""Is the following post criminally relevant with respect to Â§Â§185-187 StGB (Defamatory Offense)? Answer only with 'True' (criminally relevant according to Â§Â§185-187 StGB) or 'False' (not criminally relevant according to Â§Â§185-187 StGB).""}, {""role"": ""user"", ""content"": ""@HLNbg @Arrtrad @LarsWinter_ @SOS_EUROPE_SOS @CDUdresden Was soll man schon von so einer Lügenbande erwarten? Alles politische Schwachköpfe!""}]"
947078791997211,"Mal sehen, wie lange die rotgrünsuperkorrekten Gutmenschen noch für die Aufnahme von noch mehr Flüchtlingen demonstrieren. Hoffentlich bekommen die alle ein Aufnahmelager direkt in ihr Wohngebiet.",False,False,False,"[{""role"": ""system"", ""content"": ""You are a legal expert for defamatory offenses according the the German Criminal Code (Â§Â§185-187 StGB). Help the user decide whether given posts fall within in the scope of these articles.""}, {""role"": ""user"", ""content"": ""Is the following post criminally relevant with respect to Â§Â§185-187 StGB (Defamatory Offense)? Answer only with 'True' (criminally relevant according to Â§Â§185-187 StGB) or 'False' (not criminally relevant according to Â§Â§185-187 StGB).""}, {""role"": ""user"", ""content"": ""Mal sehen, wie lange die rotgrünsuperkorrekten Gutmenschen noch für die Aufnahme von noch mehr Flüchtlingen demonstrieren. Hoffentlich bekommen die alle ein Aufnahmelager direkt in ihr Wohngebiet.""}]"
961229657248791,Lernt doch den Asylanten deutsch und verkauft eure Seele gleich mit.,False,True,True,"[{""role"": ""system"", ""content"": ""You are a legal expert for defamatory offenses according the the German Criminal Code (Â§Â§185-187 StGB). Help the user decide whether given posts fall within in the scope of these articles.""}, {""role"": ""user"", ""content"": ""Is the following post criminally relevant with respect to Â§Â§185-187 StGB (Defamatory Offense)? Answer only with 'True' (criminally relevant according to Â§Â§185-187 StGB) or 'False' (not criminally relevant according to Â§Â§185-187 StGB).""}, {""role"": ""user"", ""content"": ""Lernt doch den Asylanten deutsch und verkauft eure Seele gleich mit.""}]"
513,@Beutebadener @LeggaKnoppers @KotzenderStern Das sind keine Franzosen sondern Einwanderer aus einer kuh wird auch kein hund,False,True,True,"[{""role"": ""system"", ""content"": ""You are a legal expert for defamatory offenses according the the German Criminal Code (Â§Â§185-187 StGB). Help the user decide whether given posts fall within in the scope of these articles.""}, {""role"": ""user"", ""content"": ""Is the following post criminally relevant with respect to Â§Â§185-187 StGB (Defamatory Offense)? Answer only with 'True' (criminally relevant according to Â§Â§185-187 StGB) or 'False' (not criminally relevant according to Â§Â§185-187 StGB).""}, {""role"": ""user"", ""content"": ""@Beutebadener @LeggaKnoppers @KotzenderStern Das sind keine Franzosen sondern Einwanderer aus einer kuh wird auch kein hund""}]"
888075084564249,"Wenn ich behaupte dass Ratten – aufgrund ihrer rattentypischen Massenvermehrung und Aggressivität – automatisch zu “harmlosen, friedlichen Nutztieren” werden, dann würde mich wohl JEDER für bekloppt halten – ZU RECHT! Wenn ich aber verkünde dass 1,7 Milliarden Moslems gar nicht böse sein können, und ein “paar hunderttausend ABSCHLACHTEREIEN” N U R Einzelfälle sind welche an der“ Religion des Friedens” überhaupt nichts ändern, dann bin ich plötzlich wieder politisch korrekt, also N O R M A L ! Das ist doch pervers! FDJ-EU-Übermutter Merkel: ""Der Islam gehört zu Deutschland.""

(Wo ist der Ausgang? Ich muss hier raus!!!)",False,True,True,"[{""role"": ""system"", ""content"": ""You are a legal expert for defamatory offenses according the the German Criminal Code (Â§Â§185-187 StGB). Help the user decide whether given posts fall within in the scope of these articles.""}, {""role"": ""user"", ""content"": ""Is the following post criminally relevant with respect to Â§Â§185-187 StGB (Defamatory Offense)? Answer only with 'True' (criminally relevant according to Â§Â§185-187 StGB) or 'False' (not criminally relevant according to Â§Â§185-187 StGB).""}, {""role"": ""user"", ""content"": ""Wenn ich behaupte dass Ratten – aufgrund ihrer rattentypischen Massenvermehrung und Aggressivität – automatisch zu “harmlosen, friedlichen Nutztieren” werden, dann würde mich wohl JEDER für bekloppt halten – ZU RECHT! Wenn ich aber verkünde dass 1,7 Milliarden Moslems gar nicht böse sein können, und ein “paar hunderttausend ABSCHLACHTEREIEN” N U R Einzelfälle sind welche an der“ Religion des Friedens” überhaupt nichts ändern, dann bin ich plötzlich wieder politisch korrekt, also N O R M A L ! Das ist doch pervers! FDJ-EU-Übermutter Merkel: \""Der Islam gehört zu Deutschland.\""\r\n\r\n(Wo ist der Ausgang? Ich muss hier raus!!!)""}]"
987844564587300,"Frechheit, in Bischofswerda wurden die Menschen überhaupt nich informiert und vor vollendeten Tatsachen gestellt, indem ein Bus in der Nacht mit ""Fachkräften""angekarrt wurde. Frechheit!!!!!!",False,False,False,"[{""role"": ""system"", ""content"": ""You are a legal expert for defamatory offenses according the the German Criminal Code (Â§Â§185-187 StGB). Help the user decide whether given posts fall within in the scope of these articles.""}, {""role"": ""user"", ""content"": ""Is the following post criminally relevant with respect to Â§Â§185-187 StGB (Defamatory Offense)? Answer only with 'True' (criminally relevant according to Â§Â§185-187 StGB) or 'False' (not criminally relevant according to Â§Â§185-187 StGB).""}, {""role"": ""user"", ""content"": ""Frechheit, in Bischofswerda wurden die Menschen überhaupt nich informiert und vor vollendeten Tatsachen gestellt, indem ein Bus in der Nacht mit \""Fachkräften\""angekarrt wurde. Frechheit!!!!!!""}]"
982728731765550,Diese Lügen das unsere Grenze dicht wäre. DIE STEHEN SCHEUNENWEIT OFFEN. Googelt doch mal. Diese Lügenmedien! Ich habe es so satt. Und heute auf bayern 1 im Radio gehört wie ein braver Asylant wieder mal eine Geldbörse gefunden hat und zurück gebracht hat!,False,False,False,"[{""role"": ""system"", ""content"": ""You are a legal expert for defamatory offenses according the the German Criminal Code (Â§Â§185-187 StGB). Help the user decide whether given posts fall within in the scope of these articles.""}, {""role"": ""user"", ""content"": ""Is the following post criminally relevant with respect to Â§Â§185-187 StGB (Defamatory Offense)? Answer only with 'True' (criminally relevant according to Â§Â§185-187 StGB) or 'False' (not criminally relevant according to Â§Â§185-187 StGB).""}, {""role"": ""user"", ""content"": ""Diese Lügen das unsere Grenze dicht wäre. DIE STEHEN SCHEUNENWEIT OFFEN. Googelt doch mal. Diese Lügenmedien! Ich habe es so satt. Und heute auf bayern 1 im Radio gehört wie ein braver Asylant wieder mal eine Geldbörse gefunden hat und zurück gebracht hat!""}]"
982757211762702,"jetzt zeigen die ""flüchtlinge ihr wahres gesicht! Terrorgruppen sind das!",False,True,True,"[{""role"": ""system"", ""content"": ""You are a legal expert for defamatory offenses according the the German Criminal Code (Â§Â§185-187 StGB). Help the user decide whether given posts fall within in the scope of these articles.""}, {""role"": ""user"", ""content"": ""Is the following post criminally relevant with respect to Â§Â§185-187 StGB (Defamatory Offense)? Answer only with 'True' (criminally relevant according to Â§Â§185-187 StGB) or 'False' (not criminally relevant according to Â§Â§185-187 StGB).""}, {""role"": ""user"", ""content"": ""jetzt zeigen die \""flüchtlinge ihr wahres gesicht! Terrorgruppen sind das!""}]"
856901607681597,"Die Debatten bringen doch gar nichts - rechte  - linke - wo fängt rechts an und wo hört Nationalstolz auf - wir haben doch in Deutschland keine täglich  genannte Islamophobie sondern eher eine Deutschphopie - in allen Ländern die ich bis jetzt bereist habe, sind die Menschen verdammt stolz auf ihr Land, ihre Heimat. Sogar die ärmsten der Armen in Brasilien sind stolze Brasilianer. Nur wie Deutschen trauen es uns gar nicht in den Mund zu nehmen. Ist man schon ein Nazi ( was auch immer das überhaupt sein soll ) wenn man bei der Hymne aufsteht oder sogar noch die Kopfbedeckung abnimmt?  Ich bemerke, dass zur Zeit alle TV-Sender vermehrt Berichte über KZ's und Judenverfolgung laufen. Das fällt regelrecht auf, dass hier auf unser aller Bewustsein Einfluss genommen werden soll. Wir sollen uns schlecht fühlen und uns beschämt zurück ziehen. Das alles zeigt doch, dass die Leute, die unser Protest erreichen soll, noch immer nicht begriffen haben, worum es geht. Oder es ist Taktik - stell dich doof - dann brauchts Du dich nicht bewegen. Wie links sind die agressiven Gegendemonstranten - da sind sicher mehr arbeitscheue Subjekte dabei, die Randale wollen, als bei Pegida wirklich harte Rechte - das ist die dümmste Masche, die man gegen uns fahren kann.",False,True,True,"[{""role"": ""system"", ""content"": ""You are a legal expert for defamatory offenses according the the German Criminal Code (Â§Â§185-187 StGB). Help the user decide whether given posts fall within in the scope of these articles.""}, {""role"": ""user"", ""content"": ""Is the following post criminally relevant with respect to Â§Â§185-187 StGB (Defamatory Offense)? Answer only with 'True' (criminally relevant according to Â§Â§185-187 StGB) or 'False' (not criminally relevant according to Â§Â§185-187 StGB).""}, {""role"": ""user"", ""content"": ""Die Debatten bringen doch gar nichts - rechte  - linke - wo fängt rechts an und wo hört Nationalstolz auf - wir haben doch in Deutschland keine täglich  genannte Islamophobie sondern eher eine Deutschphopie - in allen Ländern die ich bis jetzt bereist habe, sind die Menschen verdammt stolz auf ihr Land, ihre Heimat. Sogar die ärmsten der Armen in Brasilien sind stolze Brasilianer. Nur wie Deutschen trauen es uns gar nicht in den Mund zu nehmen. Ist man schon ein Nazi ( was auch immer das überhaupt sein soll ) wenn man bei der Hymne aufsteht oder sogar noch die Kopfbedeckung abnimmt?  Ich bemerke, dass zur Zeit alle TV-Sender vermehrt Berichte über KZ's und Judenverfolgung laufen. Das fällt regelrecht auf, dass hier auf unser aller Bewustsein Einfluss genommen werden soll. Wir sollen uns schlecht fühlen und uns beschämt zurück ziehen. Das alles zeigt doch, dass die Leute, die unser Protest erreichen soll, noch immer nicht begriffen haben, worum es geht. Oder es ist Taktik - stell dich doof - dann brauchts Du dich nicht bewegen. Wie links sind die agressiven Gegendemonstranten - da sind sicher mehr arbeitscheue Subjekte dabei, die Randale wollen, als bei Pegida wirklich harte Rechte - das ist die dümmste Masche, die man gegen uns fahren kann.""}]"
945893202115770,"na da dürfen wir gespannt sein,was diese sozi otze sich einfallen läßt?!
die damit einhergehenden probleme u konflikte kann man dann nicht mehr vertuschen!!!!
aber wir kennen die verantwortlichen,wir wissen eure namen dann noch,wenn hier alles in rauch aufgeht!!!wir vergessen euch das nicht...",True,True,True,"[{""role"": ""system"", ""content"": ""You are a legal expert for defamatory offenses according the the German Criminal Code (Â§Â§185-187 StGB). Help the user decide whether given posts fall within in the scope of these articles.""}, {""role"": ""user"", ""content"": ""Is the following post criminally relevant with respect to Â§Â§185-187 StGB (Defamatory Offense)? Answer only with 'True' (criminally relevant according to Â§Â§185-187 StGB) or 'False' (not criminally relevant according to Â§Â§185-187 StGB).""}, {""role"": ""user"", ""content"": ""na da dürfen wir gespannt sein,was diese sozi otze sich einfallen läßt?!\r\ndie damit einhergehenden probleme u konflikte kann man dann nicht mehr vertuschen!!!!\r\naber wir kennen die verantwortlichen,wir wissen eure namen dann noch,wenn hier alles in rauch aufgeht!!!wir vergessen euch das nicht...""}]"
887997697905321,"[@IND], Die AfD erledigt sich selber. Zudem ist sie nicht mehr als ein Wurm der Union. Wer der Meinung war/ist, dass sie die Interessen der Bevölkerung wahrnimmt, ist ein Narr. Mal bitte die Biografie vom Lucke u. Henkel im Internet nachlesen.",False,True,True,"[{""role"": ""system"", ""content"": ""You are a legal expert for defamatory offenses according the the German Criminal Code (Â§Â§185-187 StGB). Help the user decide whether given posts fall within in the scope of these articles.""}, {""role"": ""user"", ""content"": ""Is the following post criminally relevant with respect to Â§Â§185-187 StGB (Defamatory Offense)? Answer only with 'True' (criminally relevant according to Â§Â§185-187 StGB) or 'False' (not criminally relevant according to Â§Â§185-187 StGB).""}, {""role"": ""user"", ""content"": ""[@IND], Die AfD erledigt sich selber. Zudem ist sie nicht mehr als ein Wurm der Union. Wer der Meinung war/ist, dass sie die Interessen der Bevölkerung wahrnimmt, ist ein Narr. Mal bitte die Biografie vom Lucke u. Henkel im Internet nachlesen.""}]"
525,@karina_vogel_de @DPhV Eine Entschuldigung würde Rückgrat voraussetzen...in einem derart linksgestrickten und realtätverzerrtem Klima nicht mehr oft zu finden...,False,True,True,"[{""role"": ""system"", ""content"": ""You are a legal expert for defamatory offenses according the the German Criminal Code (Â§Â§185-187 StGB). Help the user decide whether given posts fall within in the scope of these articles.""}, {""role"": ""user"", ""content"": ""Is the following post criminally relevant with respect to Â§Â§185-187 StGB (Defamatory Offense)? Answer only with 'True' (criminally relevant according to Â§Â§185-187 StGB) or 'False' (not criminally relevant according to Â§Â§185-187 StGB).""}, {""role"": ""user"", ""content"": ""@karina_vogel_de @DPhV Eine Entschuldigung würde Rückgrat voraussetzen...in einem derart linksgestrickten und realtätverzerrtem Klima nicht mehr oft zu finden...""}]"
1011312965573793,"Thomas, um deinen Kopf sicher noch weniger. Schade nur um dein Hundchen, das dann nicht mehr in die warme Bude darf, weil dann ja keine Engel mehr zu den Bewohnern deiner ehemaligen Unterkunft kommen würden. So hartherzig ist er halt, der von dir so geliebte Islamische Staat.",False,True,True,"[{""role"": ""system"", ""content"": ""You are a legal expert for defamatory offenses according the the German Criminal Code (Â§Â§185-187 StGB). Help the user decide whether given posts fall within in the scope of these articles.""}, {""role"": ""user"", ""content"": ""Is the following post criminally relevant with respect to Â§Â§185-187 StGB (Defamatory Offense)? Answer only with 'True' (criminally relevant according to Â§Â§185-187 StGB) or 'False' (not criminally relevant according to Â§Â§185-187 StGB).""}, {""role"": ""user"", ""content"": ""Thomas, um deinen Kopf sicher noch weniger. Schade nur um dein Hundchen, das dann nicht mehr in die warme Bude darf, weil dann ja keine Engel mehr zu den Bewohnern deiner ehemaligen Unterkunft kommen würden. So hartherzig ist er halt, der von dir so geliebte Islamische Staat.""}]"
856817624356662,Statisten mit grosser Fresse aber es ist ja nicht jeder so unterbelichtet wie du. ??,True,True,True,"[{""role"": ""system"", ""content"": ""You are a legal expert for defamatory offenses according the the German Criminal Code (Â§Â§185-187 StGB). Help the user decide whether given posts fall within in the scope of these articles.""}, {""role"": ""user"", ""content"": ""Is the following post criminally relevant with respect to Â§Â§185-187 StGB (Defamatory Offense)? Answer only with 'True' (criminally relevant according to Â§Â§185-187 StGB) or 'False' (not criminally relevant according to Â§Â§185-187 StGB).""}, {""role"": ""user"", ""content"": ""Statisten mit grosser Fresse aber es ist ja nicht jeder so unterbelichtet wie du. ??""}]"
1011469192224837,Jetzt wird man schauen müssen wer keine Propangasflaschen kaufen darf. Ich würde Muslime unter Generalverdacht stellen.,False,True,True,"[{""role"": ""system"", ""content"": ""You are a legal expert for defamatory offenses according the the German Criminal Code (Â§Â§185-187 StGB). Help the user decide whether given posts fall within in the scope of these articles.""}, {""role"": ""user"", ""content"": ""Is the following post criminally relevant with respect to Â§Â§185-187 StGB (Defamatory Offense)? Answer only with 'True' (criminally relevant according to Â§Â§185-187 StGB) or 'False' (not criminally relevant according to Â§Â§185-187 StGB).""}, {""role"": ""user"", ""content"": ""Jetzt wird man schauen müssen wer keine Propangasflaschen kaufen darf. Ich würde Muslime unter Generalverdacht stellen.""}]"
994534540584969,[@IND]  Du  bist  ja jetzt schon Obergeil Aber  bitte seí  ein braver Linker  und halte Dein freches Maul. .,True,True,True,"[{""role"": ""system"", ""content"": ""You are a legal expert for defamatory offenses according the the German Criminal Code (Â§Â§185-187 StGB). Help the user decide whether given posts fall within in the scope of these articles.""}, {""role"": ""user"", ""content"": ""Is the following post criminally relevant with respect to Â§Â§185-187 StGB (Defamatory Offense)? Answer only with 'True' (criminally relevant according to Â§Â§185-187 StGB) or 'False' (not criminally relevant according to Â§Â§185-187 StGB).""}, {""role"": ""user"", ""content"": ""[@IND]  Du  bist  ja jetzt schon Obergeil Aber  bitte seí  ein braver Linker  und halte Dein freches Maul. .""}]"
799,#Amerika bringt innenpolitisch nichts auf die Reihe. |LBR| Alle #Präsidenten mußten sich mit #Kriegen und Morden im Ausland profilieren,False,False,False,"[{""role"": ""system"", ""content"": ""You are a legal expert for defamatory offenses according the the German Criminal Code (Â§Â§185-187 StGB). Help the user decide whether given posts fall within in the scope of these articles.""}, {""role"": ""user"", ""content"": ""Is the following post criminally relevant with respect to Â§Â§185-187 StGB (Defamatory Offense)? Answer only with 'True' (criminally relevant according to Â§Â§185-187 StGB) or 'False' (not criminally relevant according to Â§Â§185-187 StGB).""}, {""role"": ""user"", ""content"": ""#Amerika bringt innenpolitisch nichts auf die Reihe. |LBR| Alle #Präsidenten mußten sich mit #Kriegen und Morden im Ausland profilieren""}]"
961192600585830,"""  die vor Armut oder Hunger fliehen ""  . . . . ja klar, so arm dass sie sich für`n paar Tausend US $  `n Ticket ins Schlaraffenland kaufen können , aber hierzulande weiß so mancher Rentner am 20. schon nicht was er den Rest des Monats essen soll obwohl er sein Leben lang hart gearbeitet und in das Sozialsystem eingezahlt hat !",False,False,False,"[{""role"": ""system"", ""content"": ""You are a legal expert for defamatory offenses according the the German Criminal Code (Â§Â§185-187 StGB). Help the user decide whether given posts fall within in the scope of these articles.""}, {""role"": ""user"", ""content"": ""Is the following post criminally relevant with respect to Â§Â§185-187 StGB (Defamatory Offense)? Answer only with 'True' (criminally relevant according to Â§Â§185-187 StGB) or 'False' (not criminally relevant according to Â§Â§185-187 StGB).""}, {""role"": ""user"", ""content"": ""\""  die vor Armut oder Hunger fliehen \""  . . . . ja klar, so arm dass sie sich für`n paar Tausend US $  `n Ticket ins Schlaraffenland kaufen können , aber hierzulande weiß so mancher Rentner am 20. schon nicht was er den Rest des Monats essen soll obwohl er sein Leben lang hart gearbeitet und in das Sozialsystem eingezahlt hat !""}]"
1007130129325410,Richtig so ! Löscht diesen Abschaum endlich aus !,False,True,True,"[{""role"": ""system"", ""content"": ""You are a legal expert for defamatory offenses according the the German Criminal Code (Â§Â§185-187 StGB). Help the user decide whether given posts fall within in the scope of these articles.""}, {""role"": ""user"", ""content"": ""Is the following post criminally relevant with respect to Â§Â§185-187 StGB (Defamatory Offense)? Answer only with 'True' (criminally relevant according to Â§Â§185-187 StGB) or 'False' (not criminally relevant according to Â§Â§185-187 StGB).""}, {""role"": ""user"", ""content"": ""Richtig so ! Löscht diesen Abschaum endlich aus !""}]"
945432045495219,"Diesen Lumpen und Verbrechern wird noch jede Menge einfallen, um das Volk zu verarschen.",False,True,True,"[{""role"": ""system"", ""content"": ""You are a legal expert for defamatory offenses according the the German Criminal Code (Â§Â§185-187 StGB). Help the user decide whether given posts fall within in the scope of these articles.""}, {""role"": ""user"", ""content"": ""Is the following post criminally relevant with respect to Â§Â§185-187 StGB (Defamatory Offense)? Answer only with 'True' (criminally relevant according to Â§Â§185-187 StGB) or 'False' (not criminally relevant according to Â§Â§185-187 StGB).""}, {""role"": ""user"", ""content"": ""Diesen Lumpen und Verbrechern wird noch jede Menge einfallen, um das Volk zu verarschen.""}]"
1090,"""Özoguz attackiert CDU, AfD will Intergrationsministerium verhindern"" &gt; RICHTIG, etwa noch so ein Faulenzerposten für diese Chaoten🤢",False,True,True,"[{""role"": ""system"", ""content"": ""You are a legal expert for defamatory offenses according the the German Criminal Code (Â§Â§185-187 StGB). Help the user decide whether given posts fall within in the scope of these articles.""}, {""role"": ""user"", ""content"": ""Is the following post criminally relevant with respect to Â§Â§185-187 StGB (Defamatory Offense)? Answer only with 'True' (criminally relevant according to Â§Â§185-187 StGB) or 'False' (not criminally relevant according to Â§Â§185-187 StGB).""}, {""role"": ""user"", ""content"": ""\""Özoguz attackiert CDU, AfD will Intergrationsministerium verhindern\"" &gt; RICHTIG, etwa noch so ein Faulenzerposten für diese Chaoten🤢""}]"
857947874243637,"hier wird sich erst etwas ändern, wen wir das politische geschmeiß zum teufel jagen und das system kippen.die politik ist die hure des großkapitals!!!",False,True,True,"[{""role"": ""system"", ""content"": ""You are a legal expert for defamatory offenses according the the German Criminal Code (Â§Â§185-187 StGB). Help the user decide whether given posts fall within in the scope of these articles.""}, {""role"": ""user"", ""content"": ""Is the following post criminally relevant with respect to Â§Â§185-187 StGB (Defamatory Offense)? Answer only with 'True' (criminally relevant according to Â§Â§185-187 StGB) or 'False' (not criminally relevant according to Â§Â§185-187 StGB).""}, {""role"": ""user"", ""content"": ""hier wird sich erst etwas ändern, wen wir das politische geschmeiß zum teufel jagen und das system kippen.die politik ist die hure des großkapitals!!!""}]"
1067,@SandraSigel @anna_IIna Die Arschlöscher der Justiz leben in einem eigenen Biotop,False,True,True,"[{""role"": ""system"", ""content"": ""You are a legal expert for defamatory offenses according the the German Criminal Code (Â§Â§185-187 StGB). Help the user decide whether given posts fall within in the scope of these articles.""}, {""role"": ""user"", ""content"": ""Is the following post criminally relevant with respect to Â§Â§185-187 StGB (Defamatory Offense)? Answer only with 'True' (criminally relevant according to Â§Â§185-187 StGB) or 'False' (not criminally relevant according to Â§Â§185-187 StGB).""}, {""role"": ""user"", ""content"": ""@SandraSigel @anna_IIna Die Arschlöscher der Justiz leben in einem eigenen Biotop""}]"
1065251933513229,"o man wie affig und lächerlich diese "" flüchtling findet "" nummer ist.....mein hass auf die sozialschmarotzer und unsere politik wird von tag zu tag größer",False,True,True,"[{""role"": ""system"", ""content"": ""You are a legal expert for defamatory offenses according the the German Criminal Code (Â§Â§185-187 StGB). Help the user decide whether given posts fall within in the scope of these articles.""}, {""role"": ""user"", ""content"": ""Is the following post criminally relevant with respect to Â§Â§185-187 StGB (Defamatory Offense)? Answer only with 'True' (criminally relevant according to Â§Â§185-187 StGB) or 'False' (not criminally relevant according to Â§Â§185-187 StGB).""}, {""role"": ""user"", ""content"": ""o man wie affig und lächerlich diese \"" flüchtling findet \"" nummer ist.....mein hass auf die sozialschmarotzer und unsere politik wird von tag zu tag größer""}]"
375,Ich glaub ich weiß wer mich gemeldet hat,False,False,False,"[{""role"": ""system"", ""content"": ""You are a legal expert for defamatory offenses according the the German Criminal Code (Â§Â§185-187 StGB). Help the user decide whether given posts fall within in the scope of these articles.""}, {""role"": ""user"", ""content"": ""Is the following post criminally relevant with respect to Â§Â§185-187 StGB (Defamatory Offense)? Answer only with 'True' (criminally relevant according to Â§Â§185-187 StGB) or 'False' (not criminally relevant according to Â§Â§185-187 StGB).""}, {""role"": ""user"", ""content"": ""Ich glaub ich weiß wer mich gemeldet hat""}]"
1011496808888742,Deutscher = Nazi    Moslem = Salafist  dann doch lieber Deutscher,False,False,False,"[{""role"": ""system"", ""content"": ""You are a legal expert for defamatory offenses according the the German Criminal Code (Â§Â§185-187 StGB). Help the user decide whether given posts fall within in the scope of these articles.""}, {""role"": ""user"", ""content"": ""Is the following post criminally relevant with respect to Â§Â§185-187 StGB (Defamatory Offense)? Answer only with 'True' (criminally relevant according to Â§Â§185-187 StGB) or 'False' (not criminally relevant according to Â§Â§185-187 StGB).""}, {""role"": ""user"", ""content"": ""Deutscher = Nazi    Moslem = Salafist  dann doch lieber Deutscher""}]"
888106314561126,"Für die schmierigen linken Heuchler gibt es auch nur den einen wahren Holocaust, alle roten Holocauste sind dagegen völlig belanglos, man leugnet sie meistens nicht mal weil einem das eh nichts angeht oder den Opfern eh recht geschehen ist. Aber wenn man nicht argumentieren kann bleibt eben nur der persönliche Angriff, die Diffamierung und zur Not tuts da auch etwas was der Vater von jemandem gesagt haben soll, oder der Hund seines Nachbarn der schon mal wen gebissen hat der ganz sicher ein Antisemit gewesen ist, weil dessen Flöhe ihm das glaubhaft versichert haben.",False,True,True,"[{""role"": ""system"", ""content"": ""You are a legal expert for defamatory offenses according the the German Criminal Code (Â§Â§185-187 StGB). Help the user decide whether given posts fall within in the scope of these articles.""}, {""role"": ""user"", ""content"": ""Is the following post criminally relevant with respect to Â§Â§185-187 StGB (Defamatory Offense)? Answer only with 'True' (criminally relevant according to Â§Â§185-187 StGB) or 'False' (not criminally relevant according to Â§Â§185-187 StGB).""}, {""role"": ""user"", ""content"": ""Für die schmierigen linken Heuchler gibt es auch nur den einen wahren Holocaust, alle roten Holocauste sind dagegen völlig belanglos, man leugnet sie meistens nicht mal weil einem das eh nichts angeht oder den Opfern eh recht geschehen ist. Aber wenn man nicht argumentieren kann bleibt eben nur der persönliche Angriff, die Diffamierung und zur Not tuts da auch etwas was der Vater von jemandem gesagt haben soll, oder der Hund seines Nachbarn der schon mal wen gebissen hat der ganz sicher ein Antisemit gewesen ist, weil dessen Flöhe ihm das glaubhaft versichert haben.""}]"
1134814273223661,Wozu kennen lernen ick weiß auch so das die hier nicht die Terroristen hier hergehören,False,True,True,"[{""role"": ""system"", ""content"": ""You are a legal expert for defamatory offenses according the the German Criminal Code (Â§Â§185-187 StGB). Help the user decide whether given posts fall within in the scope of these articles.""}, {""role"": ""user"", ""content"": ""Is the following post criminally relevant with respect to Â§Â§185-187 StGB (Defamatory Offense)? Answer only with 'True' (criminally relevant according to Â§Â§185-187 StGB) or 'False' (not criminally relevant according to Â§Â§185-187 StGB).""}, {""role"": ""user"", ""content"": ""Wozu kennen lernen ick weiß auch so das die hier nicht die Terroristen hier hergehören""}]"
993964627308627,Bei Mopo wird gerade wieder in einem Artikel gegen Pegida gehetzt. Widerliches Presstituiertenpack!,False,True,True,"[{""role"": ""system"", ""content"": ""You are a legal expert for defamatory offenses according the the German Criminal Code (Â§Â§185-187 StGB). Help the user decide whether given posts fall within in the scope of these articles.""}, {""role"": ""user"", ""content"": ""Is the following post criminally relevant with respect to Â§Â§185-187 StGB (Defamatory Offense)? Answer only with 'True' (criminally relevant according to Â§Â§185-187 StGB) or 'False' (not criminally relevant according to Â§Â§185-187 StGB).""}, {""role"": ""user"", ""content"": ""Bei Mopo wird gerade wieder in einem Artikel gegen Pegida gehetzt. Widerliches Presstituiertenpack!""}]"
1123771477661274,nee  lieber Jürgen drews    - dann kriegen die asylmaden ein bett im kornfeld,False,True,True,"[{""role"": ""system"", ""content"": ""You are a legal expert for defamatory offenses according the the German Criminal Code (Â§Â§185-187 StGB). Help the user decide whether given posts fall within in the scope of these articles.""}, {""role"": ""user"", ""content"": ""Is the following post criminally relevant with respect to Â§Â§185-187 StGB (Defamatory Offense)? Answer only with 'True' (criminally relevant according to Â§Â§185-187 StGB) or 'False' (not criminally relevant according to Â§Â§185-187 StGB).""}, {""role"": ""user"", ""content"": ""nee  lieber Jürgen drews    - dann kriegen die asylmaden ein bett im kornfeld""}]"
650,"Schulz wurde als Kind nicht verwöhnt, sondern er war |LBR| ein sogenannter Schultrottel. 2 x sitzen geblieben und |LBR| ohne Schulabschluss.",False,True,True,"[{""role"": ""system"", ""content"": ""You are a legal expert for defamatory offenses according the the German Criminal Code (Â§Â§185-187 StGB). Help the user decide whether given posts fall within in the scope of these articles.""}, {""role"": ""user"", ""content"": ""Is the following post criminally relevant with respect to Â§Â§185-187 StGB (Defamatory Offense)? Answer only with 'True' (criminally relevant according to Â§Â§185-187 StGB) or 'False' (not criminally relevant according to Â§Â§185-187 StGB).""}, {""role"": ""user"", ""content"": ""Schulz wurde als Kind nicht verwöhnt, sondern er war |LBR| ein sogenannter Schultrottel. 2 x sitzen geblieben und |LBR| ohne Schulabschluss.""}]"
1007132202658536,"Wenn du da unten fertig bist, Wladimir, wir haben dank der durchgeklatschten Angie hier auch noch ein paar von den verlausten Urmenschen.",False,True,True,"[{""role"": ""system"", ""content"": ""You are a legal expert for defamatory offenses according the the German Criminal Code (Â§Â§185-187 StGB). Help the user decide whether given posts fall within in the scope of these articles.""}, {""role"": ""user"", ""content"": ""Is the following post criminally relevant with respect to Â§Â§185-187 StGB (Defamatory Offense)? Answer only with 'True' (criminally relevant according to Â§Â§185-187 StGB) or 'False' (not criminally relevant according to Â§Â§185-187 StGB).""}, {""role"": ""user"", ""content"": ""Wenn du da unten fertig bist, Wladimir, wir haben dank der durchgeklatschten Angie hier auch noch ein paar von den verlausten Urmenschen.""}]"
983216275050129,"Ramon ist so Hohl im Kopf, dass man darin einen Grossteil an Flüchtlingen unterbringen könnte....",True,True,True,"[{""role"": ""system"", ""content"": ""You are a legal expert for defamatory offenses according the the German Criminal Code (Â§Â§185-187 StGB). Help the user decide whether given posts fall within in the scope of these articles.""}, {""role"": ""user"", ""content"": ""Is the following post criminally relevant with respect to Â§Â§185-187 StGB (Defamatory Offense)? Answer only with 'True' (criminally relevant according to Â§Â§185-187 StGB) or 'False' (not criminally relevant according to Â§Â§185-187 StGB).""}, {""role"": ""user"", ""content"": ""Ramon ist so Hohl im Kopf, dass man darin einen Grossteil an Flüchtlingen unterbringen könnte....""}]"
1065324133506009,"Naja, nichts Neues. Sie finden ja täglich Handys und Geldbörsen in vorbeilaufenden fremden Handtaschen und Jacken",False,True,True,"[{""role"": ""system"", ""content"": ""You are a legal expert for defamatory offenses according the the German Criminal Code (Â§Â§185-187 StGB). Help the user decide whether given posts fall within in the scope of these articles.""}, {""role"": ""user"", ""content"": ""Is the following post criminally relevant with respect to Â§Â§185-187 StGB (Defamatory Offense)? Answer only with 'True' (criminally relevant according to Â§Â§185-187 StGB) or 'False' (not criminally relevant according to Â§Â§185-187 StGB).""}, {""role"": ""user"", ""content"": ""Naja, nichts Neues. Sie finden ja täglich Handys und Geldbörsen in vorbeilaufenden fremden Handtaschen und Jacken""}]"
540,"@Margit030 @SirSchnee Wer schützt uns vor den Aids verseuchten Negern,werden die überhaupt untersucht ?Aber erst mal auf uns losgelassen!",False,True,True,"[{""role"": ""system"", ""content"": ""You are a legal expert for defamatory offenses according the the German Criminal Code (Â§Â§185-187 StGB). Help the user decide whether given posts fall within in the scope of these articles.""}, {""role"": ""user"", ""content"": ""Is the following post criminally relevant with respect to Â§Â§185-187 StGB (Defamatory Offense)? Answer only with 'True' (criminally relevant according to Â§Â§185-187 StGB) or 'False' (not criminally relevant according to Â§Â§185-187 StGB).""}, {""role"": ""user"", ""content"": ""@Margit030 @SirSchnee Wer schützt uns vor den Aids verseuchten Negern,werden die überhaupt untersucht ?Aber erst mal auf uns losgelassen!""}]"
856896624348762,Bei den weltmischmasch im Fußball ist das ja auch schwierig auseinander zu halten.  Lach,False,False,False,"[{""role"": ""system"", ""content"": ""You are a legal expert for defamatory offenses according the the German Criminal Code (Â§Â§185-187 StGB). Help the user decide whether given posts fall within in the scope of these articles.""}, {""role"": ""user"", ""content"": ""Is the following post criminally relevant with respect to Â§Â§185-187 StGB (Defamatory Offense)? Answer only with 'True' (criminally relevant according to Â§Â§185-187 StGB) or 'False' (not criminally relevant according to Â§Â§185-187 StGB).""}, {""role"": ""user"", ""content"": ""Bei den weltmischmasch im Fußball ist das ja auch schwierig auseinander zu halten.  Lach""}]"
885813868123704,Die ersten Fördergelder gehen grad in Frankfurt in Rauch und Nebel auf! Doppelter Zahltag für den Steuerzahler... Ach was red ich... Die Polizei ist ja auch nicht ganz umsonst. Naja wir habens ja...,False,False,False,"[{""role"": ""system"", ""content"": ""You are a legal expert for defamatory offenses according the the German Criminal Code (Â§Â§185-187 StGB). Help the user decide whether given posts fall within in the scope of these articles.""}, {""role"": ""user"", ""content"": ""Is the following post criminally relevant with respect to Â§Â§185-187 StGB (Defamatory Offense)? Answer only with 'True' (criminally relevant according to Â§Â§185-187 StGB) or 'False' (not criminally relevant according to Â§Â§185-187 StGB).""}, {""role"": ""user"", ""content"": ""Die ersten Fördergelder gehen grad in Frankfurt in Rauch und Nebel auf! Doppelter Zahltag für den Steuerzahler... Ach was red ich... Die Polizei ist ja auch nicht ganz umsonst. Naja wir habens ja...""}]"
1542,"@MS_Berlin @normmanne @arndhenze @HGMaassen @ArminLaschet Nur weil du Nazi das behauptest, um uns normale Menschen das Sprechen zu erschweren oder zu verbieten, wird es nicht wahr. Nazis sind  die größten Antisemiten. Immer gewesen. Von Anfang an. Und niemand anderer.",True,True,True,"[{""role"": ""system"", ""content"": ""You are a legal expert for defamatory offenses according the the German Criminal Code (Â§Â§185-187 StGB). Help the user decide whether given posts fall within in the scope of these articles.""}, {""role"": ""user"", ""content"": ""Is the following post criminally relevant with respect to Â§Â§185-187 StGB (Defamatory Offense)? Answer only with 'True' (criminally relevant according to Â§Â§185-187 StGB) or 'False' (not criminally relevant according to Â§Â§185-187 StGB).""}, {""role"": ""user"", ""content"": ""@MS_Berlin @normmanne @arndhenze @HGMaassen @ArminLaschet Nur weil du Nazi das behauptest, um uns normale Menschen das Sprechen zu erschweren oder zu verbieten, wird es nicht wahr. Nazis sind  die größten Antisemiten. Immer gewesen. Von Anfang an. Und niemand anderer.""}]"
856806227691135,"Das macht mir Angst. Bääh, ich kann die Merkel jetzt auch nicht mehr sehen. In Frankreich läuft sie mit, zu Hause ist sie empört. Pfui, soll sie doch die Mätresse von Hollande werden!",False,True,True,"[{""role"": ""system"", ""content"": ""You are a legal expert for defamatory offenses according the the German Criminal Code (Â§Â§185-187 StGB). Help the user decide whether given posts fall within in the scope of these articles.""}, {""role"": ""user"", ""content"": ""Is the following post criminally relevant with respect to Â§Â§185-187 StGB (Defamatory Offense)? Answer only with 'True' (criminally relevant according to Â§Â§185-187 StGB) or 'False' (not criminally relevant according to Â§Â§185-187 StGB).""}, {""role"": ""user"", ""content"": ""Das macht mir Angst. Bääh, ich kann die Merkel jetzt auch nicht mehr sehen. In Frankreich läuft sie mit, zu Hause ist sie empört. Pfui, soll sie doch die Mätresse von Hollande werden!""}]"
484,"Sippenhaftung. Alles, was mit Islamismus zu tun hat -- aus Europa |LBR| davonjagen---.Sofort. Wie damals die Türken im 17. Jh. vor Wien.",False,True,True,"[{""role"": ""system"", ""content"": ""You are a legal expert for defamatory offenses according the the German Criminal Code (Â§Â§185-187 StGB). Help the user decide whether given posts fall within in the scope of these articles.""}, {""role"": ""user"", ""content"": ""Is the following post criminally relevant with respect to Â§Â§185-187 StGB (Defamatory Offense)? Answer only with 'True' (criminally relevant according to Â§Â§185-187 StGB) or 'False' (not criminally relevant according to Â§Â§185-187 StGB).""}, {""role"": ""user"", ""content"": ""Sippenhaftung. Alles, was mit Islamismus zu tun hat -- aus Europa |LBR| davonjagen---.Sofort. Wie damals die Türken im 17. Jh. vor Wien.""}]"
857413424297082,VIele der hier lebenden juegendlichen Ausländer sind frech und skrupellos... Aber der Mord in Berlin - 2 Türken stechen Hochschwangere tot und zünden sie bei lebendigen Leibe an...sorry sowas kann nur von islamkranken Typen kommen....Denen sollte man den Schw.... abhacken und dann ab in die Hölle mit denen...Todesstrafe für solch feige Mörder! DEUTSCHLAND wacht auf... und kämpft gegen diese kranken Gläubigen an,False,True,True,"[{""role"": ""system"", ""content"": ""You are a legal expert for defamatory offenses according the the German Criminal Code (Â§Â§185-187 StGB). Help the user decide whether given posts fall within in the scope of these articles.""}, {""role"": ""user"", ""content"": ""Is the following post criminally relevant with respect to Â§Â§185-187 StGB (Defamatory Offense)? Answer only with 'True' (criminally relevant according to Â§Â§185-187 StGB) or 'False' (not criminally relevant according to Â§Â§185-187 StGB).""}, {""role"": ""user"", ""content"": ""VIele der hier lebenden juegendlichen Ausländer sind frech und skrupellos... Aber der Mord in Berlin - 2 Türken stechen Hochschwangere tot und zünden sie bei lebendigen Leibe an...sorry sowas kann nur von islamkranken Typen kommen....Denen sollte man den Schw.... abhacken und dann ab in die Hölle mit denen...Todesstrafe für solch feige Mörder! DEUTSCHLAND wacht auf... und kämpft gegen diese kranken Gläubigen an""}]"
920,Warum soll die natürliche Selektion in Afrika bekämpft werden? Zu |LBR| viele Menschen haben eben nicht genug zu essen. Geburtenkontrolle!,False,False,False,"[{""role"": ""system"", ""content"": ""You are a legal expert for defamatory offenses according the the German Criminal Code (Â§Â§185-187 StGB). Help the user decide whether given posts fall within in the scope of these articles.""}, {""role"": ""user"", ""content"": ""Is the following post criminally relevant with respect to Â§Â§185-187 StGB (Defamatory Offense)? Answer only with 'True' (criminally relevant according to Â§Â§185-187 StGB) or 'False' (not criminally relevant according to Â§Â§185-187 StGB).""}, {""role"": ""user"", ""content"": ""Warum soll die natürliche Selektion in Afrika bekämpft werden? Zu |LBR| viele Menschen haben eben nicht genug zu essen. Geburtenkontrolle!""}]"
857584340946657,"Ihr demonstriert gegen den Islam wisst aber nicht das die ""BRD"" von Juden regiert wird",False,True,True,"[{""role"": ""system"", ""content"": ""You are a legal expert for defamatory offenses according the the German Criminal Code (Â§Â§185-187 StGB). Help the user decide whether given posts fall within in the scope of these articles.""}, {""role"": ""user"", ""content"": ""Is the following post criminally relevant with respect to Â§Â§185-187 StGB (Defamatory Offense)? Answer only with 'True' (criminally relevant according to Â§Â§185-187 StGB) or 'False' (not criminally relevant according to Â§Â§185-187 StGB).""}, {""role"": ""user"", ""content"": ""Ihr demonstriert gegen den Islam wisst aber nicht das die \""BRD\"" von Juden regiert wird""}]"
1152530018118753,Karin Seters zuerst stopfen sie sich die eigenen Taschen voll und mit dem Rest werden die Ärsche der Scheinasylanten vergoldet.Ich sehe es doch täglich...selbst hier auf dem Lande werden wir regelrecht von diesen Neubürger überannt.Kopftücher an jeder Ecke. :/,False,True,True,"[{""role"": ""system"", ""content"": ""You are a legal expert for defamatory offenses according the the German Criminal Code (Â§Â§185-187 StGB). Help the user decide whether given posts fall within in the scope of these articles.""}, {""role"": ""user"", ""content"": ""Is the following post criminally relevant with respect to Â§Â§185-187 StGB (Defamatory Offense)? Answer only with 'True' (criminally relevant according to Â§Â§185-187 StGB) or 'False' (not criminally relevant according to Â§Â§185-187 StGB).""}, {""role"": ""user"", ""content"": ""Karin Seters zuerst stopfen sie sich die eigenen Taschen voll und mit dem Rest werden die Ärsche der Scheinasylanten vergoldet.Ich sehe es doch täglich...selbst hier auf dem Lande werden wir regelrecht von diesen Neubürger überannt.Kopftücher an jeder Ecke. :/""}]"
987833004588456,"Welch armseliges heuchlerisches linkes Pack...ueberall am Klatschen, aber das ganze Gesockse bloss nicht in der Nähe haben wollen...wie scheinheilig...aber wundert mich nicht..",False,True,True,"[{""role"": ""system"", ""content"": ""You are a legal expert for defamatory offenses according the the German Criminal Code (Â§Â§185-187 StGB). Help the user decide whether given posts fall within in the scope of these articles.""}, {""role"": ""user"", ""content"": ""Is the following post criminally relevant with respect to Â§Â§185-187 StGB (Defamatory Offense)? Answer only with 'True' (criminally relevant according to Â§Â§185-187 StGB) or 'False' (not criminally relevant according to Â§Â§185-187 StGB).""}, {""role"": ""user"", ""content"": ""Welch armseliges heuchlerisches linkes Pack...ueberall am Klatschen, aber das ganze Gesockse bloss nicht in der Nähe haben wollen...wie scheinheilig...aber wundert mich nicht..""}]"
935642976474126,"Scheint mir die deutsche Version des französischen ""Pas d'amalgames"" zu sein (also in etwa ""Keine falsche Denkbezüge!""). ""Amalgame"" wird in dieser Sprache langsam Synonym für ""das, was Ihr bitte nicht zu denken habt!"" und wird schon internetweit als Medikamentennamen bespöttelt: ""Padamalgam 50 mg"" :-)
A propos: Viele Grüße an die neue Bundesdenkenpolizei, und ein Gedenken an ihre Vordenker von VEB Horch & Greif... :-(",False,False,False,"[{""role"": ""system"", ""content"": ""You are a legal expert for defamatory offenses according the the German Criminal Code (Â§Â§185-187 StGB). Help the user decide whether given posts fall within in the scope of these articles.""}, {""role"": ""user"", ""content"": ""Is the following post criminally relevant with respect to Â§Â§185-187 StGB (Defamatory Offense)? Answer only with 'True' (criminally relevant according to Â§Â§185-187 StGB) or 'False' (not criminally relevant according to Â§Â§185-187 StGB).""}, {""role"": ""user"", ""content"": ""Scheint mir die deutsche Version des französischen \""Pas d'amalgames\"" zu sein (also in etwa \""Keine falsche Denkbezüge!\""). \""Amalgame\"" wird in dieser Sprache langsam Synonym für \""das, was Ihr bitte nicht zu denken habt!\"" und wird schon internetweit als Medikamentennamen bespöttelt: \""Padamalgam 50 mg\"" :-)\r\nA propos: Viele Grüße an die neue Bundesdenkenpolizei, und ein Gedenken an ihre Vordenker von VEB Horch & Greif... :-(""}]"
394,Es ist zu kalt Khajiit friert,False,False,False,"[{""role"": ""system"", ""content"": ""You are a legal expert for defamatory offenses according the the German Criminal Code (Â§Â§185-187 StGB). Help the user decide whether given posts fall within in the scope of these articles.""}, {""role"": ""user"", ""content"": ""Is the following post criminally relevant with respect to Â§Â§185-187 StGB (Defamatory Offense)? Answer only with 'True' (criminally relevant according to Â§Â§185-187 StGB) or 'False' (not criminally relevant according to Â§Â§185-187 StGB).""}, {""role"": ""user"", ""content"": ""Es ist zu kalt Khajiit friert""}]"
1105427136162375,"jagt die Religionen aus unserem Land, wir haben einen klaren Verstand und brauchen keine mystisch geistig Kranken die sich für ihren Gott das Leben nehmen.",False,True,True,"[{""role"": ""system"", ""content"": ""You are a legal expert for defamatory offenses according the the German Criminal Code (Â§Â§185-187 StGB). Help the user decide whether given posts fall within in the scope of these articles.""}, {""role"": ""user"", ""content"": ""Is the following post criminally relevant with respect to Â§Â§185-187 StGB (Defamatory Offense)? Answer only with 'True' (criminally relevant according to Â§Â§185-187 StGB) or 'False' (not criminally relevant according to Â§Â§185-187 StGB).""}, {""role"": ""user"", ""content"": ""jagt die Religionen aus unserem Land, wir haben einen klaren Verstand und brauchen keine mystisch geistig Kranken die sich für ihren Gott das Leben nehmen.""}]"
1011286495576440,"Wir werden schon seit Jahren ""gegängelt"" man sieht es selbst wenn altbewährtes sang und klanglos verschwindet.und wenn dann der Islam hier ""hoffähig"" wird verfallen wir ins Mittelalter.Die Frau ist im Islam ""Sklavin"" des Mannes und sowas wollen Sie wieder Herr Bue ????",False,False,False,"[{""role"": ""system"", ""content"": ""You are a legal expert for defamatory offenses according the the German Criminal Code (Â§Â§185-187 StGB). Help the user decide whether given posts fall within in the scope of these articles.""}, {""role"": ""user"", ""content"": ""Is the following post criminally relevant with respect to Â§Â§185-187 StGB (Defamatory Offense)? Answer only with 'True' (criminally relevant according to Â§Â§185-187 StGB) or 'False' (not criminally relevant according to Â§Â§185-187 StGB).""}, {""role"": ""user"", ""content"": ""Wir werden schon seit Jahren \""gegängelt\"" man sieht es selbst wenn altbewährtes sang und klanglos verschwindet.und wenn dann der Islam hier \""hoffähig\"" wird verfallen wir ins Mittelalter.Die Frau ist im Islam \""Sklavin\"" des Mannes und sowas wollen Sie wieder Herr Bue ????""}]"
1095904037114685,"lasst diese Ratten nicht rein, sofort abschieben",False,True,True,"[{""role"": ""system"", ""content"": ""You are a legal expert for defamatory offenses according the the German Criminal Code (Â§Â§185-187 StGB). Help the user decide whether given posts fall within in the scope of these articles.""}, {""role"": ""user"", ""content"": ""Is the following post criminally relevant with respect to Â§Â§185-187 StGB (Defamatory Offense)? Answer only with 'True' (criminally relevant according to Â§Â§185-187 StGB) or 'False' (not criminally relevant according to Â§Â§185-187 StGB).""}, {""role"": ""user"", ""content"": ""lasst diese Ratten nicht rein, sofort abschieben""}]"
856797267692031,"Kollege Bohn,du bisch oifach scheiße!!!Mehr Worte brauchts ned... :-D",True,True,True,"[{""role"": ""system"", ""content"": ""You are a legal expert for defamatory offenses according the the German Criminal Code (Â§Â§185-187 StGB). Help the user decide whether given posts fall within in the scope of these articles.""}, {""role"": ""user"", ""content"": ""Is the following post criminally relevant with respect to Â§Â§185-187 StGB (Defamatory Offense)? Answer only with 'True' (criminally relevant according to Â§Â§185-187 StGB) or 'False' (not criminally relevant according to Â§Â§185-187 StGB).""}, {""role"": ""user"", ""content"": ""Kollege Bohn,du bisch oifach scheiße!!!Mehr Worte brauchts ned... :-D""}]"
186,Martin Schulz ist Kanzlerkandidat der SPD ohne Schulabschluss. Er ist |LBR| 2 x sitzen geblieben. Ist das Ihre Führungsspitze?,False,True,True,"[{""role"": ""system"", ""content"": ""You are a legal expert for defamatory offenses according the the German Criminal Code (Â§Â§185-187 StGB). Help the user decide whether given posts fall within in the scope of these articles.""}, {""role"": ""user"", ""content"": ""Is the following post criminally relevant with respect to Â§Â§185-187 StGB (Defamatory Offense)? Answer only with 'True' (criminally relevant according to Â§Â§185-187 StGB) or 'False' (not criminally relevant according to Â§Â§185-187 StGB).""}, {""role"": ""user"", ""content"": ""Martin Schulz ist Kanzlerkandidat der SPD ohne Schulabschluss. Er ist |LBR| 2 x sitzen geblieben. Ist das Ihre Führungsspitze?""}]"
206,"""Sonderbehandlung"", ""Herrenmentalität"", ""Blitzsieg"". Ernsthaft? Welche Begriffe kommen als nächstes bei @SPIEGELONLINE über #Israel?",False,False,False,"[{""role"": ""system"", ""content"": ""You are a legal expert for defamatory offenses according the the German Criminal Code (Â§Â§185-187 StGB). Help the user decide whether given posts fall within in the scope of these articles.""}, {""role"": ""user"", ""content"": ""Is the following post criminally relevant with respect to Â§Â§185-187 StGB (Defamatory Offense)? Answer only with 'True' (criminally relevant according to Â§Â§185-187 StGB) or 'False' (not criminally relevant according to Â§Â§185-187 StGB).""}, {""role"": ""user"", ""content"": ""\""Sonderbehandlung\"", \""Herrenmentalität\"", \""Blitzsieg\"". Ernsthaft? Welche Begriffe kommen als nächstes bei @SPIEGELONLINE über #Israel?""}]"
669,@NegohotShlomo @Frank_Pasemann Das Grauen hat ein Gesicht...,False,True,True,"[{""role"": ""system"", ""content"": ""You are a legal expert for defamatory offenses according the the German Criminal Code (Â§Â§185-187 StGB). Help the user decide whether given posts fall within in the scope of these articles.""}, {""role"": ""user"", ""content"": ""Is the following post criminally relevant with respect to Â§Â§185-187 StGB (Defamatory Offense)? Answer only with 'True' (criminally relevant according to Â§Â§185-187 StGB) or 'False' (not criminally relevant according to Â§Â§185-187 StGB).""}, {""role"": ""user"", ""content"": ""@NegohotShlomo @Frank_Pasemann Das Grauen hat ein Gesicht...""}]"
707,"Die feiste Högl /SPD: |LBR| ohne Familien werden die subsidiär ""Schutzberechtigten"" krank.Und die meisten bleiben sowieso hier. |LBR| Familiennachzug ist gut und wichtig. Alle Menschen sollen jetzt schon ihre Anträge stellen dürfen.",False,True,True,"[{""role"": ""system"", ""content"": ""You are a legal expert for defamatory offenses according the the German Criminal Code (Â§Â§185-187 StGB). Help the user decide whether given posts fall within in the scope of these articles.""}, {""role"": ""user"", ""content"": ""Is the following post criminally relevant with respect to Â§Â§185-187 StGB (Defamatory Offense)? Answer only with 'True' (criminally relevant according to Â§Â§185-187 StGB) or 'False' (not criminally relevant according to Â§Â§185-187 StGB).""}, {""role"": ""user"", ""content"": ""Die feiste Högl /SPD: |LBR| ohne Familien werden die subsidiär \""Schutzberechtigten\"" krank.Und die meisten bleiben sowieso hier. |LBR| Familiennachzug ist gut und wichtig. Alle Menschen sollen jetzt schon ihre Anträge stellen dürfen.""}]"
945981125440311,"die sollten sich von den skandinavischen gruppenvergewaltigungsopfern tips geben lassen,wie man das blut aus den klamotten bekommt!
eigentlich traurig,dass man solche beispiele bringen muss! :-(
linda aus oslo ist ein schlimmesbld u läßt nur ansatzweise erahnen,was sie durchgemacht haben muss.... :-/",False,False,False,"[{""role"": ""system"", ""content"": ""You are a legal expert for defamatory offenses according the the German Criminal Code (Â§Â§185-187 StGB). Help the user decide whether given posts fall within in the scope of these articles.""}, {""role"": ""user"", ""content"": ""Is the following post criminally relevant with respect to Â§Â§185-187 StGB (Defamatory Offense)? Answer only with 'True' (criminally relevant according to Â§Â§185-187 StGB) or 'False' (not criminally relevant according to Â§Â§185-187 StGB).""}, {""role"": ""user"", ""content"": ""die sollten sich von den skandinavischen gruppenvergewaltigungsopfern tips geben lassen,wie man das blut aus den klamotten bekommt!\r\neigentlich traurig,dass man solche beispiele bringen muss! :-(\r\nlinda aus oslo ist ein schlimmesbld u läßt nur ansatzweise erahnen,was sie durchgemacht haben muss.... :-/""}]"
885325038172587,"Die ""Systemlinge"" leben von und durch das System. Sie sägen sich doch diesbezüglich, trotz Wissen um die Sachlage, nicht selbst ab.  Fast die gesamte Politik und alle Medien sowie die Linksextremen und Grünen und sonstige ""Loser"" sind die, die von dem System leben und daher alles bekämpfen was eine Änderung der Systematik nach sich ziehen würde. Das ist der reine Selbsterhaltungstrieb von Narzissten!",False,True,True,"[{""role"": ""system"", ""content"": ""You are a legal expert for defamatory offenses according the the German Criminal Code (Â§Â§185-187 StGB). Help the user decide whether given posts fall within in the scope of these articles.""}, {""role"": ""user"", ""content"": ""Is the following post criminally relevant with respect to Â§Â§185-187 StGB (Defamatory Offense)? Answer only with 'True' (criminally relevant according to Â§Â§185-187 StGB) or 'False' (not criminally relevant according to Â§Â§185-187 StGB).""}, {""role"": ""user"", ""content"": ""Die \""Systemlinge\"" leben von und durch das System. Sie sägen sich doch diesbezüglich, trotz Wissen um die Sachlage, nicht selbst ab.  Fast die gesamte Politik und alle Medien sowie die Linksextremen und Grünen und sonstige \""Loser\"" sind die, die von dem System leben und daher alles bekämpfen was eine Änderung der Systematik nach sich ziehen würde. Das ist der reine Selbsterhaltungstrieb von Narzissten!""}]"
856890417682716,"die sind ja auch dafür das man deutsche Mädels vertigewaltigt, deutsche Kinder schlägt, und die Bevölkerung durch Ausländer ersetzt,einfach nur geisteskrank",False,True,True,"[{""role"": ""system"", ""content"": ""You are a legal expert for defamatory offenses according the the German Criminal Code (Â§Â§185-187 StGB). Help the user decide whether given posts fall within in the scope of these articles.""}, {""role"": ""user"", ""content"": ""Is the following post criminally relevant with respect to Â§Â§185-187 StGB (Defamatory Offense)? Answer only with 'True' (criminally relevant according to Â§Â§185-187 StGB) or 'False' (not criminally relevant according to Â§Â§185-187 StGB).""}, {""role"": ""user"", ""content"": ""die sind ja auch dafür das man deutsche Mädels vertigewaltigt, deutsche Kinder schlägt, und die Bevölkerung durch Ausländer ersetzt,einfach nur geisteskrank""}]"
693,@focusonline Internet Gestapo von H.Maas und der Antonio Amadeus Stiftung. Bezahlt mit Steuer Gelder. Knecht von Google.,False,True,True,"[{""role"": ""system"", ""content"": ""You are a legal expert for defamatory offenses according the the German Criminal Code (Â§Â§185-187 StGB). Help the user decide whether given posts fall within in the scope of these articles.""}, {""role"": ""user"", ""content"": ""Is the following post criminally relevant with respect to Â§Â§185-187 StGB (Defamatory Offense)? Answer only with 'True' (criminally relevant according to Â§Â§185-187 StGB) or 'False' (not criminally relevant according to Â§Â§185-187 StGB).""}, {""role"": ""user"", ""content"": ""@focusonline Internet Gestapo von H.Maas und der Antonio Amadeus Stiftung. Bezahlt mit Steuer Gelder. Knecht von Google.""}]"
857729187598839,"von  den Bunten hört man nur: ""das hatten wir 1933 schon mal, das brauchen  wir nicht mehr"" ......ganz genau, so ist es ! 1933 hat der Terror die  Macht übernommen, und nun müssen wir verhindern daß wieder der Terror  regiert, nur dieses Mal ist es Islam-Terror ! Sind die alle so doof daß  sie nicht sehen woher die Gefahr heute kommt ? Bericht von Jürgen  Todenhöfer aus der IS-Hochburg nicht gesehen ??? Also ich kann nirgends  eine Nazigefahr erkennen. Pegida sind zu 99% Menschen die gerne in  Deutschland leben und die Gefahr sehen, daß unsere Heimat der  Muslimischen Globalisierung zum Opfer fällt. Keiner will intigrierte  Ausländer rauswerfen oder Kriegsflüchtlingen Asyl verweigern, aber mehr  sollte es nicht sein. Auch geht es nicht daß hier in Europa Werte  verloren gehen, nur damit sich Muslime hier zuhause fühlen....",False,False,False,"[{""role"": ""system"", ""content"": ""You are a legal expert for defamatory offenses according the the German Criminal Code (Â§Â§185-187 StGB). Help the user decide whether given posts fall within in the scope of these articles.""}, {""role"": ""user"", ""content"": ""Is the following post criminally relevant with respect to Â§Â§185-187 StGB (Defamatory Offense)? Answer only with 'True' (criminally relevant according to Â§Â§185-187 StGB) or 'False' (not criminally relevant according to Â§Â§185-187 StGB).""}, {""role"": ""user"", ""content"": ""von  den Bunten hört man nur: \""das hatten wir 1933 schon mal, das brauchen  wir nicht mehr\"" ......ganz genau, so ist es ! 1933 hat der Terror die  Macht übernommen, und nun müssen wir verhindern daß wieder der Terror  regiert, nur dieses Mal ist es Islam-Terror ! Sind die alle so doof daß  sie nicht sehen woher die Gefahr heute kommt ? Bericht von Jürgen  Todenhöfer aus der IS-Hochburg nicht gesehen ??? Also ich kann nirgends  eine Nazigefahr erkennen. Pegida sind zu 99% Menschen die gerne in  Deutschland leben und die Gefahr sehen, daß unsere Heimat der  Muslimischen Globalisierung zum Opfer fällt. Keiner will intigrierte  Ausländer rauswerfen oder Kriegsflüchtlingen Asyl verweigern, aber mehr  sollte es nicht sein. Auch geht es nicht daß hier in Europa Werte  verloren gehen, nur damit sich Muslime hier zuhause fühlen....""}]"
948209741884116,...und dann noch das dumme Geschwätz von dem Bundespräsidenten...der größte Deutschenhasser...wer bezahlt den eigentlich?,True,True,True,"[{""role"": ""system"", ""content"": ""You are a legal expert for defamatory offenses according the the German Criminal Code (Â§Â§185-187 StGB). Help the user decide whether given posts fall within in the scope of these articles.""}, {""role"": ""user"", ""content"": ""Is the following post criminally relevant with respect to Â§Â§185-187 StGB (Defamatory Offense)? Answer only with 'True' (criminally relevant according to Â§Â§185-187 StGB) or 'False' (not criminally relevant according to Â§Â§185-187 StGB).""}, {""role"": ""user"", ""content"": ""...und dann noch das dumme Geschwätz von dem Bundespräsidenten...der größte Deutschenhasser...wer bezahlt den eigentlich?""}]"
856742154364209,17302 sie kacken Grümel..,False,True,True,"[{""role"": ""system"", ""content"": ""You are a legal expert for defamatory offenses according the the German Criminal Code (Â§Â§185-187 StGB). Help the user decide whether given posts fall within in the scope of these articles.""}, {""role"": ""user"", ""content"": ""Is the following post criminally relevant with respect to Â§Â§185-187 StGB (Defamatory Offense)? Answer only with 'True' (criminally relevant according to Â§Â§185-187 StGB) or 'False' (not criminally relevant according to Â§Â§185-187 StGB).""}, {""role"": ""user"", ""content"": ""17302 sie kacken Grümel..""}]"
1010245355680554,FANGEN S?E M?T DER TÜRKE? AN  NATO M?TGL?ED UND MORDET ?N KURD?STAN ... SCHAUEN S?E AN D?E WAENDE  ?N KURD?STAN WAS D?E TÜRK?SCHE M?LL?TAER AN D?E WAENDE SCHRE?BT... ?S?S  CHEF TÜRKE?  MR.. ERDOGAN.,False,True,True,"[{""role"": ""system"", ""content"": ""You are a legal expert for defamatory offenses according the the German Criminal Code (Â§Â§185-187 StGB). Help the user decide whether given posts fall within in the scope of these articles.""}, {""role"": ""user"", ""content"": ""Is the following post criminally relevant with respect to Â§Â§185-187 StGB (Defamatory Offense)? Answer only with 'True' (criminally relevant according to Â§Â§185-187 StGB) or 'False' (not criminally relevant according to Â§Â§185-187 StGB).""}, {""role"": ""user"", ""content"": ""FANGEN S?E M?T DER TÜRKE? AN  NATO M?TGL?ED UND MORDET ?N KURD?STAN ... SCHAUEN S?E AN D?E WAENDE  ?N KURD?STAN WAS D?E TÜRK?SCHE M?LL?TAER AN D?E WAENDE SCHRE?BT... ?S?S  CHEF TÜRKE?  MR.. ERDOGAN.""}]"
882795091758915,".... ist ja so was von schrecklich - so jung und schon tot ... scheint ein gefährliches Pflaster zu sein, dass dort schon letztes Jahr jemand in die Ewigen Jagdgründe gegangen ist.

6 m² Wohnfläche stehen jedem Bunten zu? Gute Güte, das ist ja wirklich zu wenig - wie wär's mit Annektierung von Privat-Wohnungen, Kindergärten, Vereinsheimen, Bürgerhäusern und anderen öffentlichen Einrichtungen, damit die endlich ausreichend Platz haben, ihre Parallelgesellschaften zu manifestieren? 
Es wird sich schon ein Anwalt finden, der deren Interessen wahrnimmt, oder?",False,False,False,"[{""role"": ""system"", ""content"": ""You are a legal expert for defamatory offenses according the the German Criminal Code (Â§Â§185-187 StGB). Help the user decide whether given posts fall within in the scope of these articles.""}, {""role"": ""user"", ""content"": ""Is the following post criminally relevant with respect to Â§Â§185-187 StGB (Defamatory Offense)? Answer only with 'True' (criminally relevant according to Â§Â§185-187 StGB) or 'False' (not criminally relevant according to Â§Â§185-187 StGB).""}, {""role"": ""user"", ""content"": "".... ist ja so was von schrecklich - so jung und schon tot ... scheint ein gefährliches Pflaster zu sein, dass dort schon letztes Jahr jemand in die Ewigen Jagdgründe gegangen ist.\r\n\r\n6 m² Wohnfläche stehen jedem Bunten zu? Gute Güte, das ist ja wirklich zu wenig - wie wär's mit Annektierung von Privat-Wohnungen, Kindergärten, Vereinsheimen, Bürgerhäusern und anderen öffentlichen Einrichtungen, damit die endlich ausreichend Platz haben, ihre Parallelgesellschaften zu manifestieren? \r\nEs wird sich schon ein Anwalt finden, der deren Interessen wahrnimmt, oder?""}]"
957697450935345,"Was klinkst Du Dich hier ein, du Troll?",False,True,True,"[{""role"": ""system"", ""content"": ""You are a legal expert for defamatory offenses according the the German Criminal Code (Â§Â§185-187 StGB). Help the user decide whether given posts fall within in the scope of these articles.""}, {""role"": ""user"", ""content"": ""Is the following post criminally relevant with respect to Â§Â§185-187 StGB (Defamatory Offense)? Answer only with 'True' (criminally relevant according to Â§Â§185-187 StGB) or 'False' (not criminally relevant according to Â§Â§185-187 StGB).""}, {""role"": ""user"", ""content"": ""Was klinkst Du Dich hier ein, du Troll?""}]"
1035386116499811,"Ja die tolerante  Stadt Köln,  leider mußten  sie nun selbst erfahren wie es ist , wenn man ungebremst, unkontrolliert , sich den Abschaum Nordafrikas  ins Land holt. Vielleicht wacht man jetzt endlich mal auf ?",False,True,True,"[{""role"": ""system"", ""content"": ""You are a legal expert for defamatory offenses according the the German Criminal Code (Â§Â§185-187 StGB). Help the user decide whether given posts fall within in the scope of these articles.""}, {""role"": ""user"", ""content"": ""Is the following post criminally relevant with respect to Â§Â§185-187 StGB (Defamatory Offense)? Answer only with 'True' (criminally relevant according to Â§Â§185-187 StGB) or 'False' (not criminally relevant according to Â§Â§185-187 StGB).""}, {""role"": ""user"", ""content"": ""Ja die tolerante  Stadt Köln,  leider mußten  sie nun selbst erfahren wie es ist , wenn man ungebremst, unkontrolliert , sich den Abschaum Nordafrikas  ins Land holt. Vielleicht wacht man jetzt endlich mal auf ?""}]"
1402,Ihr nuttchen klaut voll geil heult um euch selba s. Dumme klauende sats nutten und ob ihr klauenden huren da feucht werdet ist nur mehr Chianti ihr widerlichen sats nutten die klauen und schmarotzen ihr dummen huren,True,True,True,"[{""role"": ""system"", ""content"": ""You are a legal expert for defamatory offenses according the the German Criminal Code (Â§Â§185-187 StGB). Help the user decide whether given posts fall within in the scope of these articles.""}, {""role"": ""user"", ""content"": ""Is the following post criminally relevant with respect to Â§Â§185-187 StGB (Defamatory Offense)? Answer only with 'True' (criminally relevant according to Â§Â§185-187 StGB) or 'False' (not criminally relevant according to Â§Â§185-187 StGB).""}, {""role"": ""user"", ""content"": ""Ihr nuttchen klaut voll geil heult um euch selba s. Dumme klauende sats nutten und ob ihr klauenden huren da feucht werdet ist nur mehr Chianti ihr widerlichen sats nutten die klauen und schmarotzen ihr dummen huren""}]"
1381,Scheiss Moslems,True,True,True,"[{""role"": ""system"", ""content"": ""You are a legal expert for defamatory offenses according the the German Criminal Code (Â§Â§185-187 StGB). Help the user decide whether given posts fall within in the scope of these articles.""}, {""role"": ""user"", ""content"": ""Is the following post criminally relevant with respect to Â§Â§185-187 StGB (Defamatory Offense)? Answer only with 'True' (criminally relevant according to Â§Â§185-187 StGB) or 'False' (not criminally relevant according to Â§Â§185-187 StGB).""}, {""role"": ""user"", ""content"": ""Scheiss Moslems""}]"
858028040902287,"Blödsinn! Ausser auf der Seite von Udo Ulfkotte im Kopp-Verlag wird in so gut wie allen Zeitungen die türkischstämmige Herkunft des Haupttäters verschwiegen! 
Im MDR hab ich heut im 30min Takt vom Holocaust gehört! Ich kanns nicht mehr hören! Von dem bestialischen Mord an der Maria in den letzten 3 Tagen KEIN EINZIGES MAL!
Wäre das Opfer ein Ausländer wie Khaled wären die Nachrichten voll davon! Ich habs 2 Wochen davor erlebt! Das ist gleichgeschaltete Lügenpresse! 
Und diese Tat ist um Längen brutaler als alles was ich in den letzten Jahren gehöt habe! Wo bleiben die Lichterketten, Tauermärsche, Mahnwachen, wie bei Khaled dem armen Opfer????",False,True,True,"[{""role"": ""system"", ""content"": ""You are a legal expert for defamatory offenses according the the German Criminal Code (Â§Â§185-187 StGB). Help the user decide whether given posts fall within in the scope of these articles.""}, {""role"": ""user"", ""content"": ""Is the following post criminally relevant with respect to Â§Â§185-187 StGB (Defamatory Offense)? Answer only with 'True' (criminally relevant according to Â§Â§185-187 StGB) or 'False' (not criminally relevant according to Â§Â§185-187 StGB).""}, {""role"": ""user"", ""content"": ""Blödsinn! Ausser auf der Seite von Udo Ulfkotte im Kopp-Verlag wird in so gut wie allen Zeitungen die türkischstämmige Herkunft des Haupttäters verschwiegen! \r\nIm MDR hab ich heut im 30min Takt vom Holocaust gehört! Ich kanns nicht mehr hören! Von dem bestialischen Mord an der Maria in den letzten 3 Tagen KEIN EINZIGES MAL!\r\nWäre das Opfer ein Ausländer wie Khaled wären die Nachrichten voll davon! Ich habs 2 Wochen davor erlebt! Das ist gleichgeschaltete Lügenpresse! \r\nUnd diese Tat ist um Längen brutaler als alles was ich in den letzten Jahren gehöt habe! Wo bleiben die Lichterketten, Tauermärsche, Mahnwachen, wie bei Khaled dem armen Opfer????""}]"
994058973965859,"Ja Sie kann ja nach Syrien gehen und dort weiter machen. Das wäre super! Und wenn ich Geld borgen müsste, ich bezahle Ihr den Bootstripp hehe",False,True,True,"[{""role"": ""system"", ""content"": ""You are a legal expert for defamatory offenses according the the German Criminal Code (Â§Â§185-187 StGB). Help the user decide whether given posts fall within in the scope of these articles.""}, {""role"": ""user"", ""content"": ""Is the following post criminally relevant with respect to Â§Â§185-187 StGB (Defamatory Offense)? Answer only with 'True' (criminally relevant according to Â§Â§185-187 StGB) or 'False' (not criminally relevant according to Â§Â§185-187 StGB).""}, {""role"": ""user"", ""content"": ""Ja Sie kann ja nach Syrien gehen und dort weiter machen. Das wäre super! Und wenn ich Geld borgen müsste, ich bezahle Ihr den Bootstripp hehe""}]"
1095921107112978,Schmeißt die aus Deutschland raus .,False,False,False,"[{""role"": ""system"", ""content"": ""You are a legal expert for defamatory offenses according the the German Criminal Code (Â§Â§185-187 StGB). Help the user decide whether given posts fall within in the scope of these articles.""}, {""role"": ""user"", ""content"": ""Is the following post criminally relevant with respect to Â§Â§185-187 StGB (Defamatory Offense)? Answer only with 'True' (criminally relevant according to Â§Â§185-187 StGB) or 'False' (not criminally relevant according to Â§Â§185-187 StGB).""}, {""role"": ""user"", ""content"": ""Schmeißt die aus Deutschland raus .""}]"
322,@krippmarie @jouwatch So sind sie halt....unwissend und unbelehrbar....je weniger Ahnung desto lauter ihr Geschrei ..!!,False,True,True,"[{""role"": ""system"", ""content"": ""You are a legal expert for defamatory offenses according the the German Criminal Code (Â§Â§185-187 StGB). Help the user decide whether given posts fall within in the scope of these articles.""}, {""role"": ""user"", ""content"": ""Is the following post criminally relevant with respect to Â§Â§185-187 StGB (Defamatory Offense)? Answer only with 'True' (criminally relevant according to Â§Â§185-187 StGB) or 'False' (not criminally relevant according to Â§Â§185-187 StGB).""}, {""role"": ""user"", ""content"": ""@krippmarie @jouwatch So sind sie halt....unwissend und unbelehrbar....je weniger Ahnung desto lauter ihr Geschrei ..!!""}]"
1085134531524969,warum denn das????  der kopf der kirche(mir fällt es echt schwer diesen namen der schande niederzuschreiben)ist doch schon tief genug im arsch dieser verblödeten sogenannten herrenreasse!!!!!,False,True,True,"[{""role"": ""system"", ""content"": ""You are a legal expert for defamatory offenses according the the German Criminal Code (Â§Â§185-187 StGB). Help the user decide whether given posts fall within in the scope of these articles.""}, {""role"": ""user"", ""content"": ""Is the following post criminally relevant with respect to Â§Â§185-187 StGB (Defamatory Offense)? Answer only with 'True' (criminally relevant according to Â§Â§185-187 StGB) or 'False' (not criminally relevant according to Â§Â§185-187 StGB).""}, {""role"": ""user"", ""content"": ""warum denn das????  der kopf der kirche(mir fällt es echt schwer diesen namen der schande niederzuschreiben)ist doch schon tief genug im arsch dieser verblödeten sogenannten herrenreasse!!!!!""}]"
856749967696761,"Sie ist ein Opfer von Multikulti,niemand warnt jungen Frauen sich von Moslems fern zu halten. Es sind genau solche BRD-Weiber:      https://www.youtube.com/watch?x-yt-cl=84503534&v=l0QW6zKkrOU&x-yt-ts=1421914688&feature=player_embedded",False,True,True,"[{""role"": ""system"", ""content"": ""You are a legal expert for defamatory offenses according the the German Criminal Code (Â§Â§185-187 StGB). Help the user decide whether given posts fall within in the scope of these articles.""}, {""role"": ""user"", ""content"": ""Is the following post criminally relevant with respect to Â§Â§185-187 StGB (Defamatory Offense)? Answer only with 'True' (criminally relevant according to Â§Â§185-187 StGB) or 'False' (not criminally relevant according to Â§Â§185-187 StGB).""}, {""role"": ""user"", ""content"": ""Sie ist ein Opfer von Multikulti,niemand warnt jungen Frauen sich von Moslems fern zu halten. Es sind genau solche BRD-Weiber:      https://www.youtube.com/watch?x-yt-cl=84503534&v=l0QW6zKkrOU&x-yt-ts=1421914688&feature=player_embedded""}]"
167,"@bo_bonn @Grals_Hueter Wie gesagt. Dumme Kinder von alt 68er die man besser abgetrieben, oder besser ins Klo gewichst hätte. Und ich bin kein AFD Wähler.",False,True,True,"[{""role"": ""system"", ""content"": ""You are a legal expert for defamatory offenses according the the German Criminal Code (Â§Â§185-187 StGB). Help the user decide whether given posts fall within in the scope of these articles.""}, {""role"": ""user"", ""content"": ""Is the following post criminally relevant with respect to Â§Â§185-187 StGB (Defamatory Offense)? Answer only with 'True' (criminally relevant according to Â§Â§185-187 StGB) or 'False' (not criminally relevant according to Â§Â§185-187 StGB).""}, {""role"": ""user"", ""content"": ""@bo_bonn @Grals_Hueter Wie gesagt. Dumme Kinder von alt 68er die man besser abgetrieben, oder besser ins Klo gewichst hätte. Und ich bin kein AFD Wähler.""}]"
857261437645614,"Natürlich müssen sich auch die Osteuropäer anpassen. Wenn ich AktenzeichenXY schaue, sehe ich dort nur Osteuropäische Täter. Die sehen Deutschland als Goldgrube. Auch die müssen sich anpassen.",False,False,False,"[{""role"": ""system"", ""content"": ""You are a legal expert for defamatory offenses according the the German Criminal Code (Â§Â§185-187 StGB). Help the user decide whether given posts fall within in the scope of these articles.""}, {""role"": ""user"", ""content"": ""Is the following post criminally relevant with respect to Â§Â§185-187 StGB (Defamatory Offense)? Answer only with 'True' (criminally relevant according to Â§Â§185-187 StGB) or 'False' (not criminally relevant according to Â§Â§185-187 StGB).""}, {""role"": ""user"", ""content"": ""Natürlich müssen sich auch die Osteuropäer anpassen. Wenn ich AktenzeichenXY schaue, sehe ich dort nur Osteuropäische Täter. Die sehen Deutschland als Goldgrube. Auch die müssen sich anpassen.""}]"
887,@CsendC @MiriamOzen Was für eine ekelhafte Person....der alte..!!,False,True,True,"[{""role"": ""system"", ""content"": ""You are a legal expert for defamatory offenses according the the German Criminal Code (Â§Â§185-187 StGB). Help the user decide whether given posts fall within in the scope of these articles.""}, {""role"": ""user"", ""content"": ""Is the following post criminally relevant with respect to Â§Â§185-187 StGB (Defamatory Offense)? Answer only with 'True' (criminally relevant according to Â§Â§185-187 StGB) or 'False' (not criminally relevant according to Â§Â§185-187 StGB).""}, {""role"": ""user"", ""content"": ""@CsendC @MiriamOzen Was für eine ekelhafte Person....der alte..!!""}]"
856805061024585,"Absolut anmaßend, 17000 Sachsen sind bestimmt nicht das Volk. Ihr seid max. 0,05% des Volkes, mit sinkender Tendenz! Und das ist gut so, denn wenn die Mehrheit der Deutschen sich auf dem Niveau bewegen würde, auf dem sich die Mehrheit der hier gelisteten Kommentatoren bewegt, müssten wir wahrscheinlich Entwicklungshilfe aus den Ländern beziehen, aus denen momentan die ""Massen"" zu uns ""einwandern"". Vielleicht würde der Pegida das ja auch ganz gut gefallen: ""Masseneinwanderung"" und ""Überfremdung"" würde es dann nicht geben, wir wären unter uns und könnten bei Schweinshaxe und Sauerkraut unsere Stammtischreden schwingen.",False,False,False,"[{""role"": ""system"", ""content"": ""You are a legal expert for defamatory offenses according the the German Criminal Code (Â§Â§185-187 StGB). Help the user decide whether given posts fall within in the scope of these articles.""}, {""role"": ""user"", ""content"": ""Is the following post criminally relevant with respect to Â§Â§185-187 StGB (Defamatory Offense)? Answer only with 'True' (criminally relevant according to Â§Â§185-187 StGB) or 'False' (not criminally relevant according to Â§Â§185-187 StGB).""}, {""role"": ""user"", ""content"": ""Absolut anmaßend, 17000 Sachsen sind bestimmt nicht das Volk. Ihr seid max. 0,05% des Volkes, mit sinkender Tendenz! Und das ist gut so, denn wenn die Mehrheit der Deutschen sich auf dem Niveau bewegen würde, auf dem sich die Mehrheit der hier gelisteten Kommentatoren bewegt, müssten wir wahrscheinlich Entwicklungshilfe aus den Ländern beziehen, aus denen momentan die \""Massen\"" zu uns \""einwandern\"". Vielleicht würde der Pegida das ja auch ganz gut gefallen: \""Masseneinwanderung\"" und \""Überfremdung\"" würde es dann nicht geben, wir wären unter uns und könnten bei Schweinshaxe und Sauerkraut unsere Stammtischreden schwingen.""}]"
1134075589964196,Holt die hier rein und danach d?rfen sie klauen frauen belåstigen ect .haben doch jedes recht was wir deutschen nicht haben .soll sie doch fl?chtlinge zu sich nachhaus holen .wir garantiert nicht .,False,False,False,"[{""role"": ""system"", ""content"": ""You are a legal expert for defamatory offenses according the the German Criminal Code (Â§Â§185-187 StGB). Help the user decide whether given posts fall within in the scope of these articles.""}, {""role"": ""user"", ""content"": ""Is the following post criminally relevant with respect to Â§Â§185-187 StGB (Defamatory Offense)? Answer only with 'True' (criminally relevant according to Â§Â§185-187 StGB) or 'False' (not criminally relevant according to Â§Â§185-187 StGB).""}, {""role"": ""user"", ""content"": ""Holt die hier rein und danach d?rfen sie klauen frauen belåstigen ect .haben doch jedes recht was wir deutschen nicht haben .soll sie doch fl?chtlinge zu sich nachhaus holen .wir garantiert nicht .""}]"
1105406512831104,Niemals Ihr Volksverhetzer und Menschenschender.,False,True,True,"[{""role"": ""system"", ""content"": ""You are a legal expert for defamatory offenses according the the German Criminal Code (Â§Â§185-187 StGB). Help the user decide whether given posts fall within in the scope of these articles.""}, {""role"": ""user"", ""content"": ""Is the following post criminally relevant with respect to Â§Â§185-187 StGB (Defamatory Offense)? Answer only with 'True' (criminally relevant according to Â§Â§185-187 StGB) or 'False' (not criminally relevant according to Â§Â§185-187 StGB).""}, {""role"": ""user"", ""content"": ""Niemals Ihr Volksverhetzer und Menschenschender.""}]"
894842197220871,Islam-Droge = Gewalt,False,True,True,"[{""role"": ""system"", ""content"": ""You are a legal expert for defamatory offenses according the the German Criminal Code (Â§Â§185-187 StGB). Help the user decide whether given posts fall within in the scope of these articles.""}, {""role"": ""user"", ""content"": ""Is the following post criminally relevant with respect to Â§Â§185-187 StGB (Defamatory Offense)? Answer only with 'True' (criminally relevant according to Â§Â§185-187 StGB) or 'False' (not criminally relevant according to Â§Â§185-187 StGB).""}, {""role"": ""user"", ""content"": ""Islam-Droge = Gewalt""}]"
137,@China_Welt_News Ich schäme mich in solchem Verbrecherstaat mit deutschfeindlichen Ganoven-Richtern und korrupten Politikern zu leben!,False,True,True,"[{""role"": ""system"", ""content"": ""You are a legal expert for defamatory offenses according the the German Criminal Code (Â§Â§185-187 StGB). Help the user decide whether given posts fall within in the scope of these articles.""}, {""role"": ""user"", ""content"": ""Is the following post criminally relevant with respect to Â§Â§185-187 StGB (Defamatory Offense)? Answer only with 'True' (criminally relevant according to Â§Â§185-187 StGB) or 'False' (not criminally relevant according to Â§Â§185-187 StGB).""}, {""role"": ""user"", ""content"": ""@China_Welt_News Ich schäme mich in solchem Verbrecherstaat mit deutschfeindlichen Ganoven-Richtern und korrupten Politikern zu leben!""}]"
857437454294679,"Bevor dass passiert , wird die komplette Situation in der Gesamten EU eskalieren und mehr Freunde werden die Moslem durch diese Entscheidung sicher nicht kriegen .Aber wenn ihr es darauf ankommen lassen wollt,bitte.",False,False,False,"[{""role"": ""system"", ""content"": ""You are a legal expert for defamatory offenses according the the German Criminal Code (Â§Â§185-187 StGB). Help the user decide whether given posts fall within in the scope of these articles.""}, {""role"": ""user"", ""content"": ""Is the following post criminally relevant with respect to Â§Â§185-187 StGB (Defamatory Offense)? Answer only with 'True' (criminally relevant according to Â§Â§185-187 StGB) or 'False' (not criminally relevant according to Â§Â§185-187 StGB).""}, {""role"": ""user"", ""content"": ""Bevor dass passiert , wird die komplette Situation in der Gesamten EU eskalieren und mehr Freunde werden die Moslem durch diese Entscheidung sicher nicht kriegen .Aber wenn ihr es darauf ankommen lassen wollt,bitte.""}]"
1096293547075734,Drecksgesindel.,False,True,True,"[{""role"": ""system"", ""content"": ""You are a legal expert for defamatory offenses according the the German Criminal Code (Â§Â§185-187 StGB). Help the user decide whether given posts fall within in the scope of these articles.""}, {""role"": ""user"", ""content"": ""Is the following post criminally relevant with respect to Â§Â§185-187 StGB (Defamatory Offense)? Answer only with 'True' (criminally relevant according to Â§Â§185-187 StGB) or 'False' (not criminally relevant according to Â§Â§185-187 StGB).""}, {""role"": ""user"", ""content"": ""Drecksgesindel.""}]"
633,"@aufklaerer2017 @maischberger Der erste Satz von Kurz schon symptomatisch bezeichnend, das merkelsche Einhornschloß enlarvend: |LBR| "" nun, wir wußten schon ziemlich früh, wohin die Reise geht"" |LBR| #Maischberger",False,False,False,"[{""role"": ""system"", ""content"": ""You are a legal expert for defamatory offenses according the the German Criminal Code (Â§Â§185-187 StGB). Help the user decide whether given posts fall within in the scope of these articles.""}, {""role"": ""user"", ""content"": ""Is the following post criminally relevant with respect to Â§Â§185-187 StGB (Defamatory Offense)? Answer only with 'True' (criminally relevant according to Â§Â§185-187 StGB) or 'False' (not criminally relevant according to Â§Â§185-187 StGB).""}, {""role"": ""user"", ""content"": ""@aufklaerer2017 @maischberger Der erste Satz von Kurz schon symptomatisch bezeichnend, das merkelsche Einhornschloß enlarvend: |LBR| \"" nun, wir wußten schon ziemlich früh, wohin die Reise geht\"" |LBR| #Maischberger""}]"
968012636570493,"Typisch Antifa-A-Loch, dieses fühlt sich nur stark genug wenn es im Rudel Menschen angreifen kann, die nicht die gleiche realitätsverdrehte Meinung haben wie es selbst. Aber offensichtlich schrumpft deren Anhängerschaft schneller als gedacht :D",False,True,True,"[{""role"": ""system"", ""content"": ""You are a legal expert for defamatory offenses according the the German Criminal Code (Â§Â§185-187 StGB). Help the user decide whether given posts fall within in the scope of these articles.""}, {""role"": ""user"", ""content"": ""Is the following post criminally relevant with respect to Â§Â§185-187 StGB (Defamatory Offense)? Answer only with 'True' (criminally relevant according to Â§Â§185-187 StGB) or 'False' (not criminally relevant according to Â§Â§185-187 StGB).""}, {""role"": ""user"", ""content"": ""Typisch Antifa-A-Loch, dieses fühlt sich nur stark genug wenn es im Rudel Menschen angreifen kann, die nicht die gleiche realitätsverdrehte Meinung haben wie es selbst. Aber offensichtlich schrumpft deren Anhängerschaft schneller als gedacht :D""}]"
883157075056050,Meine Frage  geht dahin ob den die deutschen Mädels kein bisschen stolz und Ehrgefühl vor sich selber haben ....zumal es doch nun auch bekannt ist das diese Typen nur auf ne Aufenthaltsgenehmigung scharf sind.ich frage mich als frau wie tief unten muss und abgefrackt muss ich sein mit sowas in die kiste zu steigen und dann noch vor den traualtar zu treten. ...einfach nur*kotz*,False,False,False,"[{""role"": ""system"", ""content"": ""You are a legal expert for defamatory offenses according the the German Criminal Code (Â§Â§185-187 StGB). Help the user decide whether given posts fall within in the scope of these articles.""}, {""role"": ""user"", ""content"": ""Is the following post criminally relevant with respect to Â§Â§185-187 StGB (Defamatory Offense)? Answer only with 'True' (criminally relevant according to Â§Â§185-187 StGB) or 'False' (not criminally relevant according to Â§Â§185-187 StGB).""}, {""role"": ""user"", ""content"": ""Meine Frage  geht dahin ob den die deutschen Mädels kein bisschen stolz und Ehrgefühl vor sich selber haben ....zumal es doch nun auch bekannt ist das diese Typen nur auf ne Aufenthaltsgenehmigung scharf sind.ich frage mich als frau wie tief unten muss und abgefrackt muss ich sein mit sowas in die kiste zu steigen und dann noch vor den traualtar zu treten. ...einfach nur*kotz*""}]"
1012425692129187,Andreas Schleicher bist jetzt fertig ? Troll mit deinem Fakeprofil woanders rum ! Hast nichmal die Eier deinen richtigen Namen deine richtige Fresse zu zeigen aber auf dicke Jacke machen mit Fakeprofil du kleine Schwuchtel,True,True,True,"[{""role"": ""system"", ""content"": ""You are a legal expert for defamatory offenses according the the German Criminal Code (Â§Â§185-187 StGB). Help the user decide whether given posts fall within in the scope of these articles.""}, {""role"": ""user"", ""content"": ""Is the following post criminally relevant with respect to Â§Â§185-187 StGB (Defamatory Offense)? Answer only with 'True' (criminally relevant according to Â§Â§185-187 StGB) or 'False' (not criminally relevant according to Â§Â§185-187 StGB).""}, {""role"": ""user"", ""content"": ""Andreas Schleicher bist jetzt fertig ? Troll mit deinem Fakeprofil woanders rum ! Hast nichmal die Eier deinen richtigen Namen deine richtige Fresse zu zeigen aber auf dicke Jacke machen mit Fakeprofil du kleine Schwuchtel""}]"
857582057613552,"IMPLOSION
Als ich die „/innen“ gesehen habe, ist mir ja das Handy aus der Hand gefallen!
Vor 10 Tagen wollte ich noch 650 km zu einer Volksbewegung fahren... Dann kam das Luegen-Gemauschel, dann kam ein mega-daemlicher Fernsehauftritt und heute seit ihr schon ein fake wie jedes andere, redet schon politisch korrekt, wie die „Anti“fa, die euch mit Hass und Gewalt verfolgt. Noch zwei Wochen und die Oertel fordert Putin zum Frieden und die Welt zum Fairstaendnis fuer alle Religionen auf. Grrr!! Was fuer ein Glueck, das ich mir den Diesel gespart habe! Da lese ich lieber Ketzerbriefe und bestell' mir Hoevels, Priskil und Max Roth, auf dass der naechste Anlauf keine Eintagsfliege wird!",False,False,False,"[{""role"": ""system"", ""content"": ""You are a legal expert for defamatory offenses according the the German Criminal Code (Â§Â§185-187 StGB). Help the user decide whether given posts fall within in the scope of these articles.""}, {""role"": ""user"", ""content"": ""Is the following post criminally relevant with respect to Â§Â§185-187 StGB (Defamatory Offense)? Answer only with 'True' (criminally relevant according to Â§Â§185-187 StGB) or 'False' (not criminally relevant according to Â§Â§185-187 StGB).""}, {""role"": ""user"", ""content"": ""IMPLOSION\r\nAls ich die „/innen“ gesehen habe, ist mir ja das Handy aus der Hand gefallen!\r\nVor 10 Tagen wollte ich noch 650 km zu einer Volksbewegung fahren... Dann kam das Luegen-Gemauschel, dann kam ein mega-daemlicher Fernsehauftritt und heute seit ihr schon ein fake wie jedes andere, redet schon politisch korrekt, wie die „Anti“fa, die euch mit Hass und Gewalt verfolgt. Noch zwei Wochen und die Oertel fordert Putin zum Frieden und die Welt zum Fairstaendnis fuer alle Religionen auf. Grrr!! Was fuer ein Glueck, das ich mir den Diesel gespart habe! Da lese ich lieber Ketzerbriefe und bestell' mir Hoevels, Priskil und Max Roth, auf dass der naechste Anlauf keine Eintagsfliege wird!""}]"
1078313292207093,Die Merkel arbeitet nicht für US-Konzerne; SONDERN FÜR DEUTSCHE:  ! Deutschland ist mittlerweile isoliert. Merkel ist wahnsinnig. oder warum arbeitet dann nicht Österreich UND DER REST EUROPA  NICHT für US Konzerne? wOIR DEUTSCHEN SIND SCHLAFSCAHFE DIE GANZE WELT LACHT DESWEGEN ÜBER UNS :::Breite Front gegen Merkels Asyl-Pakt mit Türkei  http://www.krone.at/Welt/Breite_Front_gegen_Merkels_Asyl-Pakt_mit_Tuerkei-Vor_EU-Gipfel_-Story-501092,False,True,True,"[{""role"": ""system"", ""content"": ""You are a legal expert for defamatory offenses according the the German Criminal Code (Â§Â§185-187 StGB). Help the user decide whether given posts fall within in the scope of these articles.""}, {""role"": ""user"", ""content"": ""Is the following post criminally relevant with respect to Â§Â§185-187 StGB (Defamatory Offense)? Answer only with 'True' (criminally relevant according to Â§Â§185-187 StGB) or 'False' (not criminally relevant according to Â§Â§185-187 StGB).""}, {""role"": ""user"", ""content"": ""Die Merkel arbeitet nicht für US-Konzerne; SONDERN FÜR DEUTSCHE:  ! Deutschland ist mittlerweile isoliert. Merkel ist wahnsinnig. oder warum arbeitet dann nicht Österreich UND DER REST EUROPA  NICHT für US Konzerne? wOIR DEUTSCHEN SIND SCHLAFSCAHFE DIE GANZE WELT LACHT DESWEGEN ÜBER UNS :::Breite Front gegen Merkels Asyl-Pakt mit Türkei  http://www.krone.at/Welt/Breite_Front_gegen_Merkels_Asyl-Pakt_mit_Tuerkei-Vor_EU-Gipfel_-Story-501092""}]"
1010767098961713,Merkel-muss-weg-Aufkleber gehört an jedes Auto dran.,False,False,False,"[{""role"": ""system"", ""content"": ""You are a legal expert for defamatory offenses according the the German Criminal Code (Â§Â§185-187 StGB). Help the user decide whether given posts fall within in the scope of these articles.""}, {""role"": ""user"", ""content"": ""Is the following post criminally relevant with respect to Â§Â§185-187 StGB (Defamatory Offense)? Answer only with 'True' (criminally relevant according to Â§Â§185-187 StGB) or 'False' (not criminally relevant according to Â§Â§185-187 StGB).""}, {""role"": ""user"", ""content"": ""Merkel-muss-weg-Aufkleber gehört an jedes Auto dran.""}]"
856968547674903,"Akif , genau sowas wie Du , gehört nicht nach Deutschland ! Bildung ... unterstes Niveau !!!!",True,True,True,"[{""role"": ""system"", ""content"": ""You are a legal expert for defamatory offenses according the the German Criminal Code (Â§Â§185-187 StGB). Help the user decide whether given posts fall within in the scope of these articles.""}, {""role"": ""user"", ""content"": ""Is the following post criminally relevant with respect to Â§Â§185-187 StGB (Defamatory Offense)? Answer only with 'True' (criminally relevant according to Â§Â§185-187 StGB) or 'False' (not criminally relevant according to Â§Â§185-187 StGB).""}, {""role"": ""user"", ""content"": ""Akif , genau sowas wie Du , gehört nicht nach Deutschland ! Bildung ... unterstes Niveau !!!!""}]"
987832297921860,Linksalternativ =  blunsblöde-dumme Schwafler-0 Ahnung von Tuten und Blasen.Einfach nur subhuman,False,True,True,"[{""role"": ""system"", ""content"": ""You are a legal expert for defamatory offenses according the the German Criminal Code (Â§Â§185-187 StGB). Help the user decide whether given posts fall within in the scope of these articles.""}, {""role"": ""user"", ""content"": ""Is the following post criminally relevant with respect to Â§Â§185-187 StGB (Defamatory Offense)? Answer only with 'True' (criminally relevant according to Â§Â§185-187 StGB) or 'False' (not criminally relevant according to Â§Â§185-187 StGB).""}, {""role"": ""user"", ""content"": ""Linksalternativ =  blunsblöde-dumme Schwafler-0 Ahnung von Tuten und Blasen.Einfach nur subhuman""}]"
982665288438561,"Die Serben machen es Richtig und halten sich die ganze Merkelscheiße vom Hals.Nur die Affen vom Reichstagszoo begreifen das nicht, immer Munter gehts hier weiter.",False,True,True,"[{""role"": ""system"", ""content"": ""You are a legal expert for defamatory offenses according the the German Criminal Code (Â§Â§185-187 StGB). Help the user decide whether given posts fall within in the scope of these articles.""}, {""role"": ""user"", ""content"": ""Is the following post criminally relevant with respect to Â§Â§185-187 StGB (Defamatory Offense)? Answer only with 'True' (criminally relevant according to Â§Â§185-187 StGB) or 'False' (not criminally relevant according to Â§Â§185-187 StGB).""}, {""role"": ""user"", ""content"": ""Die Serben machen es Richtig und halten sich die ganze Merkelscheiße vom Hals.Nur die Affen vom Reichstagszoo begreifen das nicht, immer Munter gehts hier weiter.""}]"
1806,"@USER, du bist geistig behindert und ein saudummer AFD-Russentroll !!!",True,True,True,"[{""role"": ""system"", ""content"": ""You are a legal expert for defamatory offenses according the the German Criminal Code (Â§Â§185-187 StGB). Help the user decide whether given posts fall within in the scope of these articles.""}, {""role"": ""user"", ""content"": ""Is the following post criminally relevant with respect to Â§Â§185-187 StGB (Defamatory Offense)? Answer only with 'True' (criminally relevant according to Â§Â§185-187 StGB) or 'False' (not criminally relevant according to Â§Â§185-187 StGB).""}, {""role"": ""user"", ""content"": ""@USER, du bist geistig behindert und ein saudummer AFD-Russentroll !!!""}]"
155,@StephanStaiger Was hat das mit meinem Anfangstweet zu tun? Troll woanders.,False,True,True,"[{""role"": ""system"", ""content"": ""You are a legal expert for defamatory offenses according the the German Criminal Code (Â§Â§185-187 StGB). Help the user decide whether given posts fall within in the scope of these articles.""}, {""role"": ""user"", ""content"": ""Is the following post criminally relevant with respect to Â§Â§185-187 StGB (Defamatory Offense)? Answer only with 'True' (criminally relevant according to Â§Â§185-187 StGB) or 'False' (not criminally relevant according to Â§Â§185-187 StGB).""}, {""role"": ""user"", ""content"": ""@StephanStaiger Was hat das mit meinem Anfangstweet zu tun? Troll woanders.""}]"
1083,"@Heinrich_Krug @ntvde Alternative Fakten für linksgrüne Journalisten: Denis Kuspert, alias DesoDogg ist jetzt mit operierter Nase (Arabische Länder sind spezialisiert darauf) unter dem Namen Aya IbnHotdog mit Kopftuch im Rahmen des Familiennachzugs zurück nach Germonney gekommen.",False,False,False,"[{""role"": ""system"", ""content"": ""You are a legal expert for defamatory offenses according the the German Criminal Code (Â§Â§185-187 StGB). Help the user decide whether given posts fall within in the scope of these articles.""}, {""role"": ""user"", ""content"": ""Is the following post criminally relevant with respect to Â§Â§185-187 StGB (Defamatory Offense)? Answer only with 'True' (criminally relevant according to Â§Â§185-187 StGB) or 'False' (not criminally relevant according to Â§Â§185-187 StGB).""}, {""role"": ""user"", ""content"": ""@Heinrich_Krug @ntvde Alternative Fakten für linksgrüne Journalisten: Denis Kuspert, alias DesoDogg ist jetzt mit operierter Nase (Arabische Länder sind spezialisiert darauf) unter dem Namen Aya IbnHotdog mit Kopftuch im Rahmen des Familiennachzugs zurück nach Germonney gekommen.""}]"
625,"@jorg_kitzmuller Nimmst Du Drogen, oder ist es Alkohol?",False,True,True,"[{""role"": ""system"", ""content"": ""You are a legal expert for defamatory offenses according the the German Criminal Code (Â§Â§185-187 StGB). Help the user decide whether given posts fall within in the scope of these articles.""}, {""role"": ""user"", ""content"": ""Is the following post criminally relevant with respect to Â§Â§185-187 StGB (Defamatory Offense)? Answer only with 'True' (criminally relevant according to Â§Â§185-187 StGB) or 'False' (not criminally relevant according to Â§Â§185-187 StGB).""}, {""role"": ""user"", ""content"": ""@jorg_kitzmuller Nimmst Du Drogen, oder ist es Alkohol?""}]"
856765377695220,"Andre Melzer stell dir vor, es gibt durchaus auch Menschen, die eure Parolen von vornherein einfach mal scheiße finden und nicht ""von der 'Lügenpresse' dazu gebracht wurden""....",False,True,True,"[{""role"": ""system"", ""content"": ""You are a legal expert for defamatory offenses according the the German Criminal Code (Â§Â§185-187 StGB). Help the user decide whether given posts fall within in the scope of these articles.""}, {""role"": ""user"", ""content"": ""Is the following post criminally relevant with respect to Â§Â§185-187 StGB (Defamatory Offense)? Answer only with 'True' (criminally relevant according to Â§Â§185-187 StGB) or 'False' (not criminally relevant according to Â§Â§185-187 StGB).""}, {""role"": ""user"", ""content"": ""Andre Melzer stell dir vor, es gibt durchaus auch Menschen, die eure Parolen von vornherein einfach mal scheiße finden und nicht \""von der 'Lügenpresse' dazu gebracht wurden\""....""}]"
982670491771374,"Wenn die netten Asylafisten ihren Wünsche nicht gleich erfüllt bekommen müssen die armen doch morden und randalieren, soviel Toleranz müssen wir schon haben.",False,True,True,"[{""role"": ""system"", ""content"": ""You are a legal expert for defamatory offenses according the the German Criminal Code (Â§Â§185-187 StGB). Help the user decide whether given posts fall within in the scope of these articles.""}, {""role"": ""user"", ""content"": ""Is the following post criminally relevant with respect to Â§Â§185-187 StGB (Defamatory Offense)? Answer only with 'True' (criminally relevant according to Â§Â§185-187 StGB) or 'False' (not criminally relevant according to Â§Â§185-187 StGB).""}, {""role"": ""user"", ""content"": ""Wenn die netten Asylafisten ihren Wünsche nicht gleich erfüllt bekommen müssen die armen doch morden und randalieren, soviel Toleranz müssen wir schon haben.""}]"
1018,Die Österreicher haben die Brandschatzungen und Überfälle der Muslime nicht |LBR| vergessen und sie damals davongejagt. Das gilt heute noch.,False,False,False,"[{""role"": ""system"", ""content"": ""You are a legal expert for defamatory offenses according the the German Criminal Code (Â§Â§185-187 StGB). Help the user decide whether given posts fall within in the scope of these articles.""}, {""role"": ""user"", ""content"": ""Is the following post criminally relevant with respect to Â§Â§185-187 StGB (Defamatory Offense)? Answer only with 'True' (criminally relevant according to Â§Â§185-187 StGB) or 'False' (not criminally relevant according to Â§Â§185-187 StGB).""}, {""role"": ""user"", ""content"": ""Die Österreicher haben die Brandschatzungen und Überfälle der Muslime nicht |LBR| vergessen und sie damals davongejagt. Das gilt heute noch.""}]"
1058214194217003,"Vielen Dank an euch, Ungarn, Polen Tschechien und Slowakei... Unsere Regierung schafft ja nichts, nur dumm reden und Steuergelder zum Fenster rausschmeißen...",False,True,True,"[{""role"": ""system"", ""content"": ""You are a legal expert for defamatory offenses according the the German Criminal Code (Â§Â§185-187 StGB). Help the user decide whether given posts fall within in the scope of these articles.""}, {""role"": ""user"", ""content"": ""Is the following post criminally relevant with respect to Â§Â§185-187 StGB (Defamatory Offense)? Answer only with 'True' (criminally relevant according to Â§Â§185-187 StGB) or 'False' (not criminally relevant according to Â§Â§185-187 StGB).""}, {""role"": ""user"", ""content"": ""Vielen Dank an euch, Ungarn, Polen Tschechien und Slowakei... Unsere Regierung schafft ja nichts, nur dumm reden und Steuergelder zum Fenster rausschmeißen...""}]"
935415649830192,"Marc Antonio nimm deinen witzigen Muhammed Profeten, schieb in dir ganz tief in dein Allerwertsten u lass die Menschheit in Ruhe. Bei solchen Äußerungen, die du hier ablässt würde ich dich in den ersten Wagon stellen der Richtung Osten fährt.",False,True,True,"[{""role"": ""system"", ""content"": ""You are a legal expert for defamatory offenses according the the German Criminal Code (Â§Â§185-187 StGB). Help the user decide whether given posts fall within in the scope of these articles.""}, {""role"": ""user"", ""content"": ""Is the following post criminally relevant with respect to Â§Â§185-187 StGB (Defamatory Offense)? Answer only with 'True' (criminally relevant according to Â§Â§185-187 StGB) or 'False' (not criminally relevant according to Â§Â§185-187 StGB).""}, {""role"": ""user"", ""content"": ""Marc Antonio nimm deinen witzigen Muhammed Profeten, schieb in dir ganz tief in dein Allerwertsten u lass die Menschheit in Ruhe. Bei solchen Äußerungen, die du hier ablässt würde ich dich in den ersten Wagon stellen der Richtung Osten fährt.""}]"
1065588100146279,Die sollen mal die Doktor-Arbeit von A.Merkel finden !!!! - bisher weiss keiner wie diese geisteskranke Diktatorin ihre Doktorarbeit hinbekam oder in was überhaupt,True,True,True,"[{""role"": ""system"", ""content"": ""You are a legal expert for defamatory offenses according the the German Criminal Code (Â§Â§185-187 StGB). Help the user decide whether given posts fall within in the scope of these articles.""}, {""role"": ""user"", ""content"": ""Is the following post criminally relevant with respect to Â§Â§185-187 StGB (Defamatory Offense)? Answer only with 'True' (criminally relevant according to Â§Â§185-187 StGB) or 'False' (not criminally relevant according to Â§Â§185-187 StGB).""}, {""role"": ""user"", ""content"": ""Die sollen mal die Doktor-Arbeit von A.Merkel finden !!!! - bisher weiss keiner wie diese geisteskranke Diktatorin ihre Doktorarbeit hinbekam oder in was überhaupt""}]"
857918987579859,Kathrin Oertel sollte sich mal lieber Gedanken um ihre mega hässlichen Augenbrauen machen das tut ja weh beim hingucken :D #edding #scheißaufPEGIDA,True,True,True,"[{""role"": ""system"", ""content"": ""You are a legal expert for defamatory offenses according the the German Criminal Code (Â§Â§185-187 StGB). Help the user decide whether given posts fall within in the scope of these articles.""}, {""role"": ""user"", ""content"": ""Is the following post criminally relevant with respect to Â§Â§185-187 StGB (Defamatory Offense)? Answer only with 'True' (criminally relevant according to Â§Â§185-187 StGB) or 'False' (not criminally relevant according to Â§Â§185-187 StGB).""}, {""role"": ""user"", ""content"": ""Kathrin Oertel sollte sich mal lieber Gedanken um ihre mega hässlichen Augenbrauen machen das tut ja weh beim hingucken :D #edding #scheißaufPEGIDA""}]"
856764834361941,"Eure Kost kennen wir ja :D ''Deutschland verrecke'' I <3 Volkstod, Alles was uns nicht passt = Nazi (die selbst Link waren) usw. - immer wieder höchst amüsant und widerlich.",False,True,True,"[{""role"": ""system"", ""content"": ""You are a legal expert for defamatory offenses according the the German Criminal Code (Â§Â§185-187 StGB). Help the user decide whether given posts fall within in the scope of these articles.""}, {""role"": ""user"", ""content"": ""Is the following post criminally relevant with respect to Â§Â§185-187 StGB (Defamatory Offense)? Answer only with 'True' (criminally relevant according to Â§Â§185-187 StGB) or 'False' (not criminally relevant according to Â§Â§185-187 StGB).""}, {""role"": ""user"", ""content"": ""Eure Kost kennen wir ja :D ''Deutschland verrecke'' I <3 Volkstod, Alles was uns nicht passt = Nazi (die selbst Link waren) usw. - immer wieder höchst amüsant und widerlich.""}]"
1016,@emrich_5933 @krippmarie Von Gauland wurde verlangt das er sich wegen ˋentsorgen‘ entschuldigen sollte... |LBR| Würde das von der Kröte auch verlangt..?,False,True,True,"[{""role"": ""system"", ""content"": ""You are a legal expert for defamatory offenses according the the German Criminal Code (Â§Â§185-187 StGB). Help the user decide whether given posts fall within in the scope of these articles.""}, {""role"": ""user"", ""content"": ""Is the following post criminally relevant with respect to Â§Â§185-187 StGB (Defamatory Offense)? Answer only with 'True' (criminally relevant according to Â§Â§185-187 StGB) or 'False' (not criminally relevant according to Â§Â§185-187 StGB).""}, {""role"": ""user"", ""content"": ""@emrich_5933 @krippmarie Von Gauland wurde verlangt das er sich wegen ˋentsorgen‘ entschuldigen sollte... |LBR| Würde das von der Kröte auch verlangt..?""}]"
1010759008962522,"Was, Joghurt im Glas leben noch? Ich dachte, das wäre längst abgesetzt. Aber von diesen Hom.. will ich als Frau sowieso weder was wissen, noch von denen verteidigt werden. Meine Oma erzielt mit dem Nudelholz mehr Gegenwehr als diese Wehrdienstverweigerer!",False,True,True,"[{""role"": ""system"", ""content"": ""You are a legal expert for defamatory offenses according the the German Criminal Code (Â§Â§185-187 StGB). Help the user decide whether given posts fall within in the scope of these articles.""}, {""role"": ""user"", ""content"": ""Is the following post criminally relevant with respect to Â§Â§185-187 StGB (Defamatory Offense)? Answer only with 'True' (criminally relevant according to Â§Â§185-187 StGB) or 'False' (not criminally relevant according to Â§Â§185-187 StGB).""}, {""role"": ""user"", ""content"": ""Was, Joghurt im Glas leben noch? Ich dachte, das wäre längst abgesetzt. Aber von diesen Hom.. will ich als Frau sowieso weder was wissen, noch von denen verteidigt werden. Meine Oma erzielt mit dem Nudelholz mehr Gegenwehr als diese Wehrdienstverweigerer!""}]"
1062,"@MehmetRTE42 @HalilErtem67 @IGMetall Gewöhnen sie sich mal Anstand an, oder haben sie es gern wenn man sie Türken Troll nennt 😡👎",False,True,True,"[{""role"": ""system"", ""content"": ""You are a legal expert for defamatory offenses according the the German Criminal Code (Â§Â§185-187 StGB). Help the user decide whether given posts fall within in the scope of these articles.""}, {""role"": ""user"", ""content"": ""Is the following post criminally relevant with respect to Â§Â§185-187 StGB (Defamatory Offense)? Answer only with 'True' (criminally relevant according to Â§Â§185-187 StGB) or 'False' (not criminally relevant according to Â§Â§185-187 StGB).""}, {""role"": ""user"", ""content"": ""@MehmetRTE42 @HalilErtem67 @IGMetall Gewöhnen sie sich mal Anstand an, oder haben sie es gern wenn man sie Türken Troll nennt 😡👎""}]"
1052,JedenTag strömen Muslimische Invasoren ins Land u es nimmt kein Ende Merkel u Schergen Posaunen dass wir weiter Hunderttausende aufnehmen,False,False,False,"[{""role"": ""system"", ""content"": ""You are a legal expert for defamatory offenses according the the German Criminal Code (Â§Â§185-187 StGB). Help the user decide whether given posts fall within in the scope of these articles.""}, {""role"": ""user"", ""content"": ""Is the following post criminally relevant with respect to Â§Â§185-187 StGB (Defamatory Offense)? Answer only with 'True' (criminally relevant according to Â§Â§185-187 StGB) or 'False' (not criminally relevant according to Â§Â§185-187 StGB).""}, {""role"": ""user"", ""content"": ""JedenTag strömen Muslimische Invasoren ins Land u es nimmt kein Ende Merkel u Schergen Posaunen dass wir weiter Hunderttausende aufnehmen""}]"
373,"@RegSprecher Das sind alles nur ""Schlepper-Unterstützer"" und sollten bestraft werden!",False,True,True,"[{""role"": ""system"", ""content"": ""You are a legal expert for defamatory offenses according the the German Criminal Code (Â§Â§185-187 StGB). Help the user decide whether given posts fall within in the scope of these articles.""}, {""role"": ""user"", ""content"": ""Is the following post criminally relevant with respect to Â§Â§185-187 StGB (Defamatory Offense)? Answer only with 'True' (criminally relevant according to Â§Â§185-187 StGB) or 'False' (not criminally relevant according to Â§Â§185-187 StGB).""}, {""role"": ""user"", ""content"": ""@RegSprecher Das sind alles nur \""Schlepper-Unterstützer\"" und sollten bestraft werden!""}]"
1013301772041579,"wenn die Gutmenschen nicht wären,sehe die Lage ganz anders aus,aber die Dummlacke gibt es eben.die opfern sogar zu Weihnachten die zeit für die Schmarotzer und denken nicht an Ihre Familie.Der umsturz wird kommen und ich kenne einige Gutmenschen",False,True,True,"[{""role"": ""system"", ""content"": ""You are a legal expert for defamatory offenses according the the German Criminal Code (Â§Â§185-187 StGB). Help the user decide whether given posts fall within in the scope of these articles.""}, {""role"": ""user"", ""content"": ""Is the following post criminally relevant with respect to Â§Â§185-187 StGB (Defamatory Offense)? Answer only with 'True' (criminally relevant according to Â§Â§185-187 StGB) or 'False' (not criminally relevant according to Â§Â§185-187 StGB).""}, {""role"": ""user"", ""content"": ""wenn die Gutmenschen nicht wären,sehe die Lage ganz anders aus,aber die Dummlacke gibt es eben.die opfern sogar zu Weihnachten die zeit für die Schmarotzer und denken nicht an Ihre Familie.Der umsturz wird kommen und ich kenne einige Gutmenschen""}]"
1065476646824091,und ich hab gelesen 2 schwerkriminelle skinheads geben illegalen sozialschmarozern nachhilfe in deutschunterricht und arbeiten in der grünen antikriegsbewegung und seit neusten helfen sie frau wagenknecht beim plakate kleben,False,True,True,"[{""role"": ""system"", ""content"": ""You are a legal expert for defamatory offenses according the the German Criminal Code (Â§Â§185-187 StGB). Help the user decide whether given posts fall within in the scope of these articles.""}, {""role"": ""user"", ""content"": ""Is the following post criminally relevant with respect to Â§Â§185-187 StGB (Defamatory Offense)? Answer only with 'True' (criminally relevant according to Â§Â§185-187 StGB) or 'False' (not criminally relevant according to Â§Â§185-187 StGB).""}, {""role"": ""user"", ""content"": ""und ich hab gelesen 2 schwerkriminelle skinheads geben illegalen sozialschmarozern nachhilfe in deutschunterricht und arbeiten in der grünen antikriegsbewegung und seit neusten helfen sie frau wagenknecht beim plakate kleben""}]"
977024662335957,Our hope remains in East Europe and Russia to keep the christianity.. West Europe leaders has completely lost their minds and turned their states into Islamic Countries.. the process is unreversable already.. in 20-30 years there will be only islamic countries in Western Europe ...,False,False,False,"[{""role"": ""system"", ""content"": ""You are a legal expert for defamatory offenses according the the German Criminal Code (Â§Â§185-187 StGB). Help the user decide whether given posts fall within in the scope of these articles.""}, {""role"": ""user"", ""content"": ""Is the following post criminally relevant with respect to Â§Â§185-187 StGB (Defamatory Offense)? Answer only with 'True' (criminally relevant according to Â§Â§185-187 StGB) or 'False' (not criminally relevant according to Â§Â§185-187 StGB).""}, {""role"": ""user"", ""content"": ""Our hope remains in East Europe and Russia to keep the christianity.. West Europe leaders has completely lost their minds and turned their states into Islamic Countries.. the process is unreversable already.. in 20-30 years there will be only islamic countries in Western Europe ...""}]"
598,"@DuHugonotte @bzberlin @focus_regional Man hört garnix von jüdischen Organisationen,wenn wir deutsche was falsches sagen wird in allen Gazetten ein Aufstand gemacht.",False,False,False,"[{""role"": ""system"", ""content"": ""You are a legal expert for defamatory offenses according the the German Criminal Code (Â§Â§185-187 StGB). Help the user decide whether given posts fall within in the scope of these articles.""}, {""role"": ""user"", ""content"": ""Is the following post criminally relevant with respect to Â§Â§185-187 StGB (Defamatory Offense)? Answer only with 'True' (criminally relevant according to Â§Â§185-187 StGB) or 'False' (not criminally relevant according to Â§Â§185-187 StGB).""}, {""role"": ""user"", ""content"": ""@DuHugonotte @bzberlin @focus_regional Man hört garnix von jüdischen Organisationen,wenn wir deutsche was falsches sagen wird in allen Gazetten ein Aufstand gemacht.""}]"
982674868437603,Da schmeißen die 2 kleine Kindern übern Zaun und hoffe das die da durch die Grenze auf machen? Das die Kinder jetzt auf dem Weg ins Krankenhaus sind interessiert die garnicht..welch Abschaum will da eigentlich in unser Land in Ihrer Heimat konnten sie nicht Kämpfen und hier gehen sie auf einmal Los? Und so viele Idioten halten immer noch Schilder in die Luft mit Willkommensschwur und am besten noch in einer Gruppe mit Singsang... Gutmenschen -Sekte wann wacht Ihr auf?,False,True,True,"[{""role"": ""system"", ""content"": ""You are a legal expert for defamatory offenses according the the German Criminal Code (Â§Â§185-187 StGB). Help the user decide whether given posts fall within in the scope of these articles.""}, {""role"": ""user"", ""content"": ""Is the following post criminally relevant with respect to Â§Â§185-187 StGB (Defamatory Offense)? Answer only with 'True' (criminally relevant according to Â§Â§185-187 StGB) or 'False' (not criminally relevant according to Â§Â§185-187 StGB).""}, {""role"": ""user"", ""content"": ""Da schmeißen die 2 kleine Kindern übern Zaun und hoffe das die da durch die Grenze auf machen? Das die Kinder jetzt auf dem Weg ins Krankenhaus sind interessiert die garnicht..welch Abschaum will da eigentlich in unser Land in Ihrer Heimat konnten sie nicht Kämpfen und hier gehen sie auf einmal Los? Und so viele Idioten halten immer noch Schilder in die Luft mit Willkommensschwur und am besten noch in einer Gruppe mit Singsang... Gutmenschen -Sekte wann wacht Ihr auf?""}]"
856858871019204,Vor einem Linken Dreckschwein..,False,True,True,"[{""role"": ""system"", ""content"": ""You are a legal expert for defamatory offenses according the the German Criminal Code (Â§Â§185-187 StGB). Help the user decide whether given posts fall within in the scope of these articles.""}, {""role"": ""user"", ""content"": ""Is the following post criminally relevant with respect to Â§Â§185-187 StGB (Defamatory Offense)? Answer only with 'True' (criminally relevant according to Â§Â§185-187 StGB) or 'False' (not criminally relevant according to Â§Â§185-187 StGB).""}, {""role"": ""user"", ""content"": ""Vor einem Linken Dreckschwein..""}]"
856263794412045,"winzig, dick und bier in der hand... arbeitslos sowieso, wie du aussiehst. ein typischer links autonomer idiot halt ;-)",False,True,True,"[{""role"": ""system"", ""content"": ""You are a legal expert for defamatory offenses according the the German Criminal Code (Â§Â§185-187 StGB). Help the user decide whether given posts fall within in the scope of these articles.""}, {""role"": ""user"", ""content"": ""Is the following post criminally relevant with respect to Â§Â§185-187 StGB (Defamatory Offense)? Answer only with 'True' (criminally relevant according to Â§Â§185-187 StGB) or 'False' (not criminally relevant according to Â§Â§185-187 StGB).""}, {""role"": ""user"", ""content"": ""winzig, dick und bier in der hand... arbeitslos sowieso, wie du aussiehst. ein typischer links autonomer idiot halt ;-)""}]"
1043767132328376,"Tatjana, nicht gezielte Irreführung sondern sychologische Kriegsführung. Analysiere die einzelnen Stufen und sehe den nächsten Zug voraus. Und dann stelle diese Volksverhetzer bloß!",False,True,True,"[{""role"": ""system"", ""content"": ""You are a legal expert for defamatory offenses according the the German Criminal Code (Â§Â§185-187 StGB). Help the user decide whether given posts fall within in the scope of these articles.""}, {""role"": ""user"", ""content"": ""Is the following post criminally relevant with respect to Â§Â§185-187 StGB (Defamatory Offense)? Answer only with 'True' (criminally relevant according to Â§Â§185-187 StGB) or 'False' (not criminally relevant according to Â§Â§185-187 StGB).""}, {""role"": ""user"", ""content"": ""Tatjana, nicht gezielte Irreführung sondern sychologische Kriegsführung. Analysiere die einzelnen Stufen und sehe den nächsten Zug voraus. Und dann stelle diese Volksverhetzer bloß!""}]"
1325,Ne frage du scheisst auf Solidarität wenn gegenüber wenns gegen Moslems ist haste recht scheisse bei den Menschen auf Nächstenliebe das sind keine Menschen das pure böse und Sie nennen sich gottesfürchtig das ich nicht lache drevks Volk Dämonen,True,True,True,"[{""role"": ""system"", ""content"": ""You are a legal expert for defamatory offenses according the the German Criminal Code (Â§Â§185-187 StGB). Help the user decide whether given posts fall within in the scope of these articles.""}, {""role"": ""user"", ""content"": ""Is the following post criminally relevant with respect to Â§Â§185-187 StGB (Defamatory Offense)? Answer only with 'True' (criminally relevant according to Â§Â§185-187 StGB) or 'False' (not criminally relevant according to Â§Â§185-187 StGB).""}, {""role"": ""user"", ""content"": ""Ne frage du scheisst auf Solidarität wenn gegenüber wenns gegen Moslems ist haste recht scheisse bei den Menschen auf Nächstenliebe das sind keine Menschen das pure böse und Sie nennen sich gottesfürchtig das ich nicht lache drevks Volk Dämonen""}]"
1036,@ainyrockstar Kirche und Staat hat seine Anhänger schon immer verraten und missbraucht. Wir kennen das und haben gelernt. Religion ist privat Sache.,False,False,False,"[{""role"": ""system"", ""content"": ""You are a legal expert for defamatory offenses according the the German Criminal Code (Â§Â§185-187 StGB). Help the user decide whether given posts fall within in the scope of these articles.""}, {""role"": ""user"", ""content"": ""Is the following post criminally relevant with respect to Â§Â§185-187 StGB (Defamatory Offense)? Answer only with 'True' (criminally relevant according to Â§Â§185-187 StGB) or 'False' (not criminally relevant according to Â§Â§185-187 StGB).""}, {""role"": ""user"", ""content"": ""@ainyrockstar Kirche und Staat hat seine Anhänger schon immer verraten und missbraucht. Wir kennen das und haben gelernt. Religion ist privat Sache.""}]"
1055082804530142,Grenzen endlich schliessen!!!!Es reicht....mit dem Dr...!!!!,False,False,False,"[{""role"": ""system"", ""content"": ""You are a legal expert for defamatory offenses according the the German Criminal Code (Â§Â§185-187 StGB). Help the user decide whether given posts fall within in the scope of these articles.""}, {""role"": ""user"", ""content"": ""Is the following post criminally relevant with respect to Â§Â§185-187 StGB (Defamatory Offense)? Answer only with 'True' (criminally relevant according to Â§Â§185-187 StGB) or 'False' (not criminally relevant according to Â§Â§185-187 StGB).""}, {""role"": ""user"", ""content"": ""Grenzen endlich schliessen!!!!Es reicht....mit dem Dr...!!!!""}]"
223,"Wenn die Afrikaner merken, dass uneingeladene Gäste konsequent in |LBR| Deutschland nicht aufgenommen werden, hat das doch positive |LBR| Auswirkungen.",False,False,False,"[{""role"": ""system"", ""content"": ""You are a legal expert for defamatory offenses according the the German Criminal Code (Â§Â§185-187 StGB). Help the user decide whether given posts fall within in the scope of these articles.""}, {""role"": ""user"", ""content"": ""Is the following post criminally relevant with respect to Â§Â§185-187 StGB (Defamatory Offense)? Answer only with 'True' (criminally relevant according to Â§Â§185-187 StGB) or 'False' (not criminally relevant according to Â§Â§185-187 StGB).""}, {""role"": ""user"", ""content"": ""Wenn die Afrikaner merken, dass uneingeladene Gäste konsequent in |LBR| Deutschland nicht aufgenommen werden, hat das doch positive |LBR| Auswirkungen.""}]"
1111316178906804,Wie sollen die armen Flüchtlinge denn nun anderen Flüchtlingen Toilettenbenutzungsgebühren abpressen. :-(,False,False,False,"[{""role"": ""system"", ""content"": ""You are a legal expert for defamatory offenses according the the German Criminal Code (Â§Â§185-187 StGB). Help the user decide whether given posts fall within in the scope of these articles.""}, {""role"": ""user"", ""content"": ""Is the following post criminally relevant with respect to Â§Â§185-187 StGB (Defamatory Offense)? Answer only with 'True' (criminally relevant according to Â§Â§185-187 StGB) or 'False' (not criminally relevant according to Â§Â§185-187 StGB).""}, {""role"": ""user"", ""content"": ""Wie sollen die armen Flüchtlinge denn nun anderen Flüchtlingen Toilettenbenutzungsgebühren abpressen. :-(""}]"
964092133629210,"Die Medien LÜGEN so offensichtlich . . . es ist nicht zu fassen :-( , scheinen aber immer noch genug Leute drauf reinzufallen / daran zu glauben :-( Wilde Horden Schwerstkrimineller schiipPern aus dem SICHEREN NATO-Partneland Türkei auf eine nahegelegene, kleine grieschische Insel und verbreiten Terror & Randale, aber gmx schreibt : "" Allein im Juli sind mehr als 7.000 vor KRIEG und VERFOLGUNG fliehende Menschen auf der griechischen Insel Kos angekommen ""  . . . . abgesehen das ""Krieg"" kein Asyl begründet herrschen in der Türkei weder Krieg noch Verfolgung ! Gestern lief in den Nachrichten auch ein Spot darüber und ein Syrer (der wohl ein 5-Sterne Hotel erwartete) beschwerte sich mit den Worten : "" Ist das Europa? Wenn das Europa ist will ich zurück nach Syrien! "" . . .tja, besser heute noch als morgen :-) http://www.gmx.net/magazine/politik/fluechtlingsdrama-katastrophale-lage-kos-30824270",False,True,True,"[{""role"": ""system"", ""content"": ""You are a legal expert for defamatory offenses according the the German Criminal Code (Â§Â§185-187 StGB). Help the user decide whether given posts fall within in the scope of these articles.""}, {""role"": ""user"", ""content"": ""Is the following post criminally relevant with respect to Â§Â§185-187 StGB (Defamatory Offense)? Answer only with 'True' (criminally relevant according to Â§Â§185-187 StGB) or 'False' (not criminally relevant according to Â§Â§185-187 StGB).""}, {""role"": ""user"", ""content"": ""Die Medien LÜGEN so offensichtlich . . . es ist nicht zu fassen :-( , scheinen aber immer noch genug Leute drauf reinzufallen / daran zu glauben :-( Wilde Horden Schwerstkrimineller schiipPern aus dem SICHEREN NATO-Partneland Türkei auf eine nahegelegene, kleine grieschische Insel und verbreiten Terror & Randale, aber gmx schreibt : \"" Allein im Juli sind mehr als 7.000 vor KRIEG und VERFOLGUNG fliehende Menschen auf der griechischen Insel Kos angekommen \""  . . . . abgesehen das \""Krieg\"" kein Asyl begründet herrschen in der Türkei weder Krieg noch Verfolgung ! Gestern lief in den Nachrichten auch ein Spot darüber und ein Syrer (der wohl ein 5-Sterne Hotel erwartete) beschwerte sich mit den Worten : \"" Ist das Europa? Wenn das Europa ist will ich zurück nach Syrien! \"" . . .tja, besser heute noch als morgen :-) http://www.gmx.net/magazine/politik/fluechtlingsdrama-katastrophale-lage-kos-30824270""}]"
1052435194794903,"verdammt nochmal, da heult dieser Polizist herum und dieser linksrotgrüne antifanten Mob wird auch noch bezahlt und gut organisiert zum Stören gebracht, inklusive Freibier..... Grundpfeiler der Demokratie Herr Polizist?.... und die Presse macht da auch noch mit? Pfui Teufel.... wie kann man nur so die Hosen runterlassen... bitte alle einmal lesen:

http://m.taz.de/!5020381;m/",False,True,True,"[{""role"": ""system"", ""content"": ""You are a legal expert for defamatory offenses according the the German Criminal Code (Â§Â§185-187 StGB). Help the user decide whether given posts fall within in the scope of these articles.""}, {""role"": ""user"", ""content"": ""Is the following post criminally relevant with respect to Â§Â§185-187 StGB (Defamatory Offense)? Answer only with 'True' (criminally relevant according to Â§Â§185-187 StGB) or 'False' (not criminally relevant according to Â§Â§185-187 StGB).""}, {""role"": ""user"", ""content"": ""verdammt nochmal, da heult dieser Polizist herum und dieser linksrotgrüne antifanten Mob wird auch noch bezahlt und gut organisiert zum Stören gebracht, inklusive Freibier..... Grundpfeiler der Demokratie Herr Polizist?.... und die Presse macht da auch noch mit? Pfui Teufel.... wie kann man nur so die Hosen runterlassen... bitte alle einmal lesen:\r\n\r\nhttp://m.taz.de/!5020381;m/""}]"
894937640544660,"Was fällt bei Linken und den Islamisten besonders auf?
Der “ausgestreckte belehrende Zeigefinger”.
Ich bitte darauf acht zu geben.

“Darin kommt er zu der bahnbrechenden Erkenntnis, dass Menschen, die im Orient leben, weitaus glücklicher sind als solche in unseren Breiten.”
Gegenfrage:
“Weshalb sinds dann nicht im Orient?”.",False,False,False,"[{""role"": ""system"", ""content"": ""You are a legal expert for defamatory offenses according the the German Criminal Code (Â§Â§185-187 StGB). Help the user decide whether given posts fall within in the scope of these articles.""}, {""role"": ""user"", ""content"": ""Is the following post criminally relevant with respect to Â§Â§185-187 StGB (Defamatory Offense)? Answer only with 'True' (criminally relevant according to Â§Â§185-187 StGB) or 'False' (not criminally relevant according to Â§Â§185-187 StGB).""}, {""role"": ""user"", ""content"": ""Was fällt bei Linken und den Islamisten besonders auf?\r\nDer “ausgestreckte belehrende Zeigefinger”.\r\nIch bitte darauf acht zu geben.\r\n\r\n“Darin kommt er zu der bahnbrechenden Erkenntnis, dass Menschen, die im Orient leben, weitaus glücklicher sind als solche in unseren Breiten.”\r\nGegenfrage:\r\n“Weshalb sinds dann nicht im Orient?”.""}]"
991272160911207,"Aleks Zander Schwachsinn, die Zahlen bei Pegida sind in die Höhe gegangen, weil auf einmal die Nachrichten der Flüchtlingsströme nicht mehr zurückgehalten werden konnten, und dazu noch die Bilder aus Ungarn, Kroatien, Österreich, Italien, Griechenland...etc. - Ausserdem hat es auch was mit der Jahreszeit zu tun und der immer offensichtlich werdenen Islamisierung Europas. - & vorallem der ganzen weltfremden Politik unserer Volksverräter.",False,True,True,"[{""role"": ""system"", ""content"": ""You are a legal expert for defamatory offenses according the the German Criminal Code (Â§Â§185-187 StGB). Help the user decide whether given posts fall within in the scope of these articles.""}, {""role"": ""user"", ""content"": ""Is the following post criminally relevant with respect to Â§Â§185-187 StGB (Defamatory Offense)? Answer only with 'True' (criminally relevant according to Â§Â§185-187 StGB) or 'False' (not criminally relevant according to Â§Â§185-187 StGB).""}, {""role"": ""user"", ""content"": ""Aleks Zander Schwachsinn, die Zahlen bei Pegida sind in die Höhe gegangen, weil auf einmal die Nachrichten der Flüchtlingsströme nicht mehr zurückgehalten werden konnten, und dazu noch die Bilder aus Ungarn, Kroatien, Österreich, Italien, Griechenland...etc. - Ausserdem hat es auch was mit der Jahreszeit zu tun und der immer offensichtlich werdenen Islamisierung Europas. - & vorallem der ganzen weltfremden Politik unserer Volksverräter.""}]"
982714895100267,"Sehr geehrte Freunde der Pegida   Ich war heute auf einer Veranstaltung zur Flüchtlingsunterbringung in unserer Gemeinde . Komisches Gefühl , unter lauter Gutmenschen zu sitzen.  Fakt war , dass jetzt statt im Landkreis versprochenen 1600 Imigranten  2100 allein dieses Jahr kommen sollen . Auch wurde die Aussage gemacht , dass zur Zeit keiner Abgelehnten ! in seine Heimat abgeschoben wird . Lediglich Abschiebungen in andere europäische Länder soll es ganz vereinzelt geben. Habt Ihr gehört : ES wird keiner Abgeschoben !!!!!!!!!!   Als dann noch der Pfaffe gekommen ist um für die ""armen Flüchtlinge"" zu werben , musste ich den Saal verlassen sonst hätte ich heute Nacht nicht mehr schlafen können .",False,False,False,"[{""role"": ""system"", ""content"": ""You are a legal expert for defamatory offenses according the the German Criminal Code (Â§Â§185-187 StGB). Help the user decide whether given posts fall within in the scope of these articles.""}, {""role"": ""user"", ""content"": ""Is the following post criminally relevant with respect to Â§Â§185-187 StGB (Defamatory Offense)? Answer only with 'True' (criminally relevant according to Â§Â§185-187 StGB) or 'False' (not criminally relevant according to Â§Â§185-187 StGB).""}, {""role"": ""user"", ""content"": ""Sehr geehrte Freunde der Pegida   Ich war heute auf einer Veranstaltung zur Flüchtlingsunterbringung in unserer Gemeinde . Komisches Gefühl , unter lauter Gutmenschen zu sitzen.  Fakt war , dass jetzt statt im Landkreis versprochenen 1600 Imigranten  2100 allein dieses Jahr kommen sollen . Auch wurde die Aussage gemacht , dass zur Zeit keiner Abgelehnten ! in seine Heimat abgeschoben wird . Lediglich Abschiebungen in andere europäische Länder soll es ganz vereinzelt geben. Habt Ihr gehört : ES wird keiner Abgeschoben !!!!!!!!!!   Als dann noch der Pfaffe gekommen ist um für die \""armen Flüchtlinge\"" zu werben , musste ich den Saal verlassen sonst hätte ich heute Nacht nicht mehr schlafen können .""}]"
1096100587095030,"Kinder als Schutzschilder, einfach widerlich u das ist die nächste Generation Gewalt.
Warum kämpfen die Menschen in Ihrem Land nicht so für Ihre Rechte?",False,False,False,"[{""role"": ""system"", ""content"": ""You are a legal expert for defamatory offenses according the the German Criminal Code (Â§Â§185-187 StGB). Help the user decide whether given posts fall within in the scope of these articles.""}, {""role"": ""user"", ""content"": ""Is the following post criminally relevant with respect to Â§Â§185-187 StGB (Defamatory Offense)? Answer only with 'True' (criminally relevant according to Â§Â§185-187 StGB) or 'False' (not criminally relevant according to Â§Â§185-187 StGB).""}, {""role"": ""user"", ""content"": ""Kinder als Schutzschilder, einfach widerlich u das ist die nächste Generation Gewalt.\r\nWarum kämpfen die Menschen in Ihrem Land nicht so für Ihre Rechte?""}]"
1010701945634895,http://www.presseportal.de/blaulicht/pm/19027/3178920 wieder Rudelangriff von Merkels Neudeutschen auf junge Frau,False,True,True,"[{""role"": ""system"", ""content"": ""You are a legal expert for defamatory offenses according the the German Criminal Code (Â§Â§185-187 StGB). Help the user decide whether given posts fall within in the scope of these articles.""}, {""role"": ""user"", ""content"": ""Is the following post criminally relevant with respect to Â§Â§185-187 StGB (Defamatory Offense)? Answer only with 'True' (criminally relevant according to Â§Â§185-187 StGB) or 'False' (not criminally relevant according to Â§Â§185-187 StGB).""}, {""role"": ""user"", ""content"": ""http://www.presseportal.de/blaulicht/pm/19027/3178920 wieder Rudelangriff von Merkels Neudeutschen auf junge Frau""}]"
402,AUF DAS DER FUROR TEUTONICUS ERWACHT !zurhöllemitmerkel !,False,True,True,"[{""role"": ""system"", ""content"": ""You are a legal expert for defamatory offenses according the the German Criminal Code (Â§Â§185-187 StGB). Help the user decide whether given posts fall within in the scope of these articles.""}, {""role"": ""user"", ""content"": ""Is the following post criminally relevant with respect to Â§Â§185-187 StGB (Defamatory Offense)? Answer only with 'True' (criminally relevant according to Â§Â§185-187 StGB) or 'False' (not criminally relevant according to Â§Â§185-187 StGB).""}, {""role"": ""user"", ""content"": ""AUF DAS DER FUROR TEUTONICUS ERWACHT !zurhöllemitmerkel !""}]"
1096752023696553,"Ein sehr gutes Buch, das die Moslems und den Islam erklärt, wie krank und gestört diese ""Religion"" und ihre Anhänger sind. Mohamed ist ein psychisch gestörter Massenmörder und Kinderschänder, steht in diesem Buch. Mohamed hat das 9Jährige Mädchen Aisha geheiratet und vergewaltigt.",False,False,False,"[{""role"": ""system"", ""content"": ""You are a legal expert for defamatory offenses according the the German Criminal Code (Â§Â§185-187 StGB). Help the user decide whether given posts fall within in the scope of these articles.""}, {""role"": ""user"", ""content"": ""Is the following post criminally relevant with respect to Â§Â§185-187 StGB (Defamatory Offense)? Answer only with 'True' (criminally relevant according to Â§Â§185-187 StGB) or 'False' (not criminally relevant according to Â§Â§185-187 StGB).""}, {""role"": ""user"", ""content"": ""Ein sehr gutes Buch, das die Moslems und den Islam erklärt, wie krank und gestört diese \""Religion\"" und ihre Anhänger sind. Mohamed ist ein psychisch gestörter Massenmörder und Kinderschänder, steht in diesem Buch. Mohamed hat das 9Jährige Mädchen Aisha geheiratet und vergewaltigt.""}]"
867,"Gabriel, was bist Du für ein scheinheiliger Außerrandundband-Minister. |LBR| Verkaufst Deine Demokratie an das Sultanat. Raus mit Dir.",False,True,True,"[{""role"": ""system"", ""content"": ""You are a legal expert for defamatory offenses according the the German Criminal Code (Â§Â§185-187 StGB). Help the user decide whether given posts fall within in the scope of these articles.""}, {""role"": ""user"", ""content"": ""Is the following post criminally relevant with respect to Â§Â§185-187 StGB (Defamatory Offense)? Answer only with 'True' (criminally relevant according to Â§Â§185-187 StGB) or 'False' (not criminally relevant according to Â§Â§185-187 StGB).""}, {""role"": ""user"", ""content"": ""Gabriel, was bist Du für ein scheinheiliger Außerrandundband-Minister. |LBR| Verkaufst Deine Demokratie an das Sultanat. Raus mit Dir.""}]"
1689,@tantechantii Isso. |LBR| Sterbe nur durch diesen abschaum,True,True,True,"[{""role"": ""system"", ""content"": ""You are a legal expert for defamatory offenses according the the German Criminal Code (Â§Â§185-187 StGB). Help the user decide whether given posts fall within in the scope of these articles.""}, {""role"": ""user"", ""content"": ""Is the following post criminally relevant with respect to Â§Â§185-187 StGB (Defamatory Offense)? Answer only with 'True' (criminally relevant according to Â§Â§185-187 StGB) or 'False' (not criminally relevant according to Â§Â§185-187 StGB).""}, {""role"": ""user"", ""content"": ""@tantechantii Isso. |LBR| Sterbe nur durch diesen abschaum""}]"
951881554850268,"Die pädophilkranken Grünen werden sich noch wundern was der Islam, dem sie so zugetan sind, mit ihnen anstellt. Nichts hassen sie mehr als Homos. Du kannst Kinder oder Esel fi...., das machen sie selbst mit freuden, aber Homos säbeln sie als aller erstes die Runkel ab. Da kommen ihnen die Grünen gerade recht.",True,True,True,"[{""role"": ""system"", ""content"": ""You are a legal expert for defamatory offenses according the the German Criminal Code (Â§Â§185-187 StGB). Help the user decide whether given posts fall within in the scope of these articles.""}, {""role"": ""user"", ""content"": ""Is the following post criminally relevant with respect to Â§Â§185-187 StGB (Defamatory Offense)? Answer only with 'True' (criminally relevant according to Â§Â§185-187 StGB) or 'False' (not criminally relevant according to Â§Â§185-187 StGB).""}, {""role"": ""user"", ""content"": ""Die pädophilkranken Grünen werden sich noch wundern was der Islam, dem sie so zugetan sind, mit ihnen anstellt. Nichts hassen sie mehr als Homos. Du kannst Kinder oder Esel fi...., das machen sie selbst mit freuden, aber Homos säbeln sie als aller erstes die Runkel ab. Da kommen ihnen die Grünen gerade recht.""}]"
945371842167906,"Naja, mir fehlten die Worte. Viehzeug-Dreckspack und Gelumpe wollt ich nicht schreiben, also musste der Theodor herhalten.",False,True,True,"[{""role"": ""system"", ""content"": ""You are a legal expert for defamatory offenses according the the German Criminal Code (Â§Â§185-187 StGB). Help the user decide whether given posts fall within in the scope of these articles.""}, {""role"": ""user"", ""content"": ""Is the following post criminally relevant with respect to Â§Â§185-187 StGB (Defamatory Offense)? Answer only with 'True' (criminally relevant according to Â§Â§185-187 StGB) or 'False' (not criminally relevant according to Â§Â§185-187 StGB).""}, {""role"": ""user"", ""content"": ""Naja, mir fehlten die Worte. Viehzeug-Dreckspack und Gelumpe wollt ich nicht schreiben, also musste der Theodor herhalten.""}]"
982642978440792,"Daran kann man endlich fühlen wenn die alle hier bleiben oder ein Teil von denen wie die abgehn wenn ihnen pflichten wie sie uns hier im Land geben , ausrasten  die haben andere Sitten alles Pflegefälle blos keine reinlassen wir werden uns noch umgucken wartet ab",False,True,True,"[{""role"": ""system"", ""content"": ""You are a legal expert for defamatory offenses according the the German Criminal Code (Â§Â§185-187 StGB). Help the user decide whether given posts fall within in the scope of these articles.""}, {""role"": ""user"", ""content"": ""Is the following post criminally relevant with respect to Â§Â§185-187 StGB (Defamatory Offense)? Answer only with 'True' (criminally relevant according to Â§Â§185-187 StGB) or 'False' (not criminally relevant according to Â§Â§185-187 StGB).""}, {""role"": ""user"", ""content"": ""Daran kann man endlich fühlen wenn die alle hier bleiben oder ein Teil von denen wie die abgehn wenn ihnen pflichten wie sie uns hier im Land geben , ausrasten  die haben andere Sitten alles Pflegefälle blos keine reinlassen wir werden uns noch umgucken wartet ab""}]"
856749484363476,Selbst unsere kleinsten werden schon vom System manipuliert...es wird Zeit der Schlange den Kopf abzuschlagen...Hände weg von unseren Kindern !!!,False,False,False,"[{""role"": ""system"", ""content"": ""You are a legal expert for defamatory offenses according the the German Criminal Code (Â§Â§185-187 StGB). Help the user decide whether given posts fall within in the scope of these articles.""}, {""role"": ""user"", ""content"": ""Is the following post criminally relevant with respect to Â§Â§185-187 StGB (Defamatory Offense)? Answer only with 'True' (criminally relevant according to Â§Â§185-187 StGB) or 'False' (not criminally relevant according to Â§Â§185-187 StGB).""}, {""role"": ""user"", ""content"": ""Selbst unsere kleinsten werden schon vom System manipuliert...es wird Zeit der Schlange den Kopf abzuschlagen...Hände weg von unseren Kindern !!!""}]"
982645291773894,Schlagartig war mit den Asylbefürworter gehetze gegen das eigene Volk ruhe...... Nix mehr mit: alles Nazis außer die Gutmenschen.....,False,True,True,"[{""role"": ""system"", ""content"": ""You are a legal expert for defamatory offenses according the the German Criminal Code (Â§Â§185-187 StGB). Help the user decide whether given posts fall within in the scope of these articles.""}, {""role"": ""user"", ""content"": ""Is the following post criminally relevant with respect to Â§Â§185-187 StGB (Defamatory Offense)? Answer only with 'True' (criminally relevant according to Â§Â§185-187 StGB) or 'False' (not criminally relevant according to Â§Â§185-187 StGB).""}, {""role"": ""user"", ""content"": ""Schlagartig war mit den Asylbefürworter gehetze gegen das eigene Volk ruhe...... Nix mehr mit: alles Nazis außer die Gutmenschen.....""}]"
551,"@RegSprecher Praktisch haben einige europäische Dummköpfe beschlossen, einigen Verbrecherkollegen in Afrika mehr Geld zu schenken!",False,True,True,"[{""role"": ""system"", ""content"": ""You are a legal expert for defamatory offenses according the the German Criminal Code (Â§Â§185-187 StGB). Help the user decide whether given posts fall within in the scope of these articles.""}, {""role"": ""user"", ""content"": ""Is the following post criminally relevant with respect to Â§Â§185-187 StGB (Defamatory Offense)? Answer only with 'True' (criminally relevant according to Â§Â§185-187 StGB) or 'False' (not criminally relevant according to Â§Â§185-187 StGB).""}, {""role"": ""user"", ""content"": ""@RegSprecher Praktisch haben einige europäische Dummköpfe beschlossen, einigen Verbrecherkollegen in Afrika mehr Geld zu schenken!""}]"
1330,die moslems haben es nicht anderst verdient. diese kreaturen muessen vernichtet werden,False,True,True,"[{""role"": ""system"", ""content"": ""You are a legal expert for defamatory offenses according the the German Criminal Code (Â§Â§185-187 StGB). Help the user decide whether given posts fall within in the scope of these articles.""}, {""role"": ""user"", ""content"": ""Is the following post criminally relevant with respect to Â§Â§185-187 StGB (Defamatory Offense)? Answer only with 'True' (criminally relevant according to Â§Â§185-187 StGB) or 'False' (not criminally relevant according to Â§Â§185-187 StGB).""}, {""role"": ""user"", ""content"": ""die moslems haben es nicht anderst verdient. diese kreaturen muessen vernichtet werden""}]"
1044149002290189,"Die Brutalität DIESER 'Kulturen' und die Ignoranz UNSERER 'Kultur', damit werden wir Blut verlieren. Ich glaube nicht mehr an eine schlussendliche Islamisierung, aber bis wir uns unser  Europa, oder besonders Deutschland, zurückgeholt haben, werden viele unschuldige Leute dafür bezahlen. Ich wünsche mir, dass wir niemals vergessen,  wie uns unsere Polits belogen und verarscht und verkauft haben, und auf demokratischem Weg Frieden erreichen. (Sry, ich kriege mit wie sich manche Turkeys hier benehmen, und was wir (das WIR gibt es hier genausowenig mehr wie dort) deren Wut entgegenzusetzen haben.. ..)",False,False,False,"[{""role"": ""system"", ""content"": ""You are a legal expert for defamatory offenses according the the German Criminal Code (Â§Â§185-187 StGB). Help the user decide whether given posts fall within in the scope of these articles.""}, {""role"": ""user"", ""content"": ""Is the following post criminally relevant with respect to Â§Â§185-187 StGB (Defamatory Offense)? Answer only with 'True' (criminally relevant according to Â§Â§185-187 StGB) or 'False' (not criminally relevant according to Â§Â§185-187 StGB).""}, {""role"": ""user"", ""content"": ""Die Brutalität DIESER 'Kulturen' und die Ignoranz UNSERER 'Kultur', damit werden wir Blut verlieren. Ich glaube nicht mehr an eine schlussendliche Islamisierung, aber bis wir uns unser  Europa, oder besonders Deutschland, zurückgeholt haben, werden viele unschuldige Leute dafür bezahlen. Ich wünsche mir, dass wir niemals vergessen,  wie uns unsere Polits belogen und verarscht und verkauft haben, und auf demokratischem Weg Frieden erreichen. (Sry, ich kriege mit wie sich manche Turkeys hier benehmen, und was wir (das WIR gibt es hier genausowenig mehr wie dort) deren Wut entgegenzusetzen haben.. ..)""}]"
882041218500969,"Hut ab vor diesem Mann, obwohl unsere DEMOKRATIE  ihn schon verurteilt, seine Meinung frei zu äußern. Wenn ein Bürger einfach seine Meinung äußert und sofort von allen Seiten angegriffen wird , hat das nichts mehr mit Demokratie zu tun, aber das begreifen ja die Linken und Grünen nie. Und jetzt spendet er seinen Kritikern nichts mehr; GEIL. Dazu fällt mir nur noch ein Spruch ein: Beiße nicht in die Hand, die Dich füttert!!!!!",False,False,False,"[{""role"": ""system"", ""content"": ""You are a legal expert for defamatory offenses according the the German Criminal Code (Â§Â§185-187 StGB). Help the user decide whether given posts fall within in the scope of these articles.""}, {""role"": ""user"", ""content"": ""Is the following post criminally relevant with respect to Â§Â§185-187 StGB (Defamatory Offense)? Answer only with 'True' (criminally relevant according to Â§Â§185-187 StGB) or 'False' (not criminally relevant according to Â§Â§185-187 StGB).""}, {""role"": ""user"", ""content"": ""Hut ab vor diesem Mann, obwohl unsere DEMOKRATIE  ihn schon verurteilt, seine Meinung frei zu äußern. Wenn ein Bürger einfach seine Meinung äußert und sofort von allen Seiten angegriffen wird , hat das nichts mehr mit Demokratie zu tun, aber das begreifen ja die Linken und Grünen nie. Und jetzt spendet er seinen Kritikern nichts mehr; GEIL. Dazu fällt mir nur noch ein Spruch ein: Beiße nicht in die Hand, die Dich füttert!!!!!""}]"
655,@AfD_Support Wieso ist so ein linker Anarchist noch auf freien Fuß.Einsperren und verschimmeln lassen,False,True,True,"[{""role"": ""system"", ""content"": ""You are a legal expert for defamatory offenses according the the German Criminal Code (Â§Â§185-187 StGB). Help the user decide whether given posts fall within in the scope of these articles.""}, {""role"": ""user"", ""content"": ""Is the following post criminally relevant with respect to Â§Â§185-187 StGB (Defamatory Offense)? Answer only with 'True' (criminally relevant according to Â§Â§185-187 StGB) or 'False' (not criminally relevant according to Â§Â§185-187 StGB).""}, {""role"": ""user"", ""content"": ""@AfD_Support Wieso ist so ein linker Anarchist noch auf freien Fuß.Einsperren und verschimmeln lassen""}]"
1095995743772181,"Mit Knüppeln würde ich die Autobahn räumen lassen! Diesen Asylschmarotzern ein für allemal das Handwerk legen! Wer politisch verfolgt wird ist froh, in Griechenland in Sicherheit zu sein! Wir sind ja hier nicht bei ""wünsch dir was""",False,True,True,"[{""role"": ""system"", ""content"": ""You are a legal expert for defamatory offenses according the the German Criminal Code (Â§Â§185-187 StGB). Help the user decide whether given posts fall within in the scope of these articles.""}, {""role"": ""user"", ""content"": ""Is the following post criminally relevant with respect to Â§Â§185-187 StGB (Defamatory Offense)? Answer only with 'True' (criminally relevant according to Â§Â§185-187 StGB) or 'False' (not criminally relevant according to Â§Â§185-187 StGB).""}, {""role"": ""user"", ""content"": ""Mit Knüppeln würde ich die Autobahn räumen lassen! Diesen Asylschmarotzern ein für allemal das Handwerk legen! Wer politisch verfolgt wird ist froh, in Griechenland in Sicherheit zu sein! Wir sind ja hier nicht bei \""wünsch dir was\""""}]"
319,Bundeskanzler #Kurz wird sicherlich nicht noch einmal bei Maischberger sitzen. Bei einer Frau ohne Anstand keinerlei Erziehung und Achtung vor Andersdenkende. Eine Heuchelnde Anhängerin der Diktatur das ist Frau Maischberger. |LBR| #maischberger,False,True,True,"[{""role"": ""system"", ""content"": ""You are a legal expert for defamatory offenses according the the German Criminal Code (Â§Â§185-187 StGB). Help the user decide whether given posts fall within in the scope of these articles.""}, {""role"": ""user"", ""content"": ""Is the following post criminally relevant with respect to Â§Â§185-187 StGB (Defamatory Offense)? Answer only with 'True' (criminally relevant according to Â§Â§185-187 StGB) or 'False' (not criminally relevant according to Â§Â§185-187 StGB).""}, {""role"": ""user"", ""content"": ""Bundeskanzler #Kurz wird sicherlich nicht noch einmal bei Maischberger sitzen. Bei einer Frau ohne Anstand keinerlei Erziehung und Achtung vor Andersdenkende. Eine Heuchelnde Anhängerin der Diktatur das ist Frau Maischberger. |LBR| #maischberger""}]"
993485414023215,"Ich muss sie kurz verbessern, Herr Meier: Ich möchte keine illegalen, kriminellen Flüchtlinge. Und keine Flüchtlinge aus sicheren Herkunftsländern. Dann hätte DE und Europa das Problem längst gelöst.",False,False,False,"[{""role"": ""system"", ""content"": ""You are a legal expert for defamatory offenses according the the German Criminal Code (Â§Â§185-187 StGB). Help the user decide whether given posts fall within in the scope of these articles.""}, {""role"": ""user"", ""content"": ""Is the following post criminally relevant with respect to Â§Â§185-187 StGB (Defamatory Offense)? Answer only with 'True' (criminally relevant according to Â§Â§185-187 StGB) or 'False' (not criminally relevant according to Â§Â§185-187 StGB).""}, {""role"": ""user"", ""content"": ""Ich muss sie kurz verbessern, Herr Meier: Ich möchte keine illegalen, kriminellen Flüchtlinge. Und keine Flüchtlinge aus sicheren Herkunftsländern. Dann hätte DE und Europa das Problem längst gelöst.""}]"
1705,Palästinien gehört und du dreckige Schlampe,True,True,True,"[{""role"": ""system"", ""content"": ""You are a legal expert for defamatory offenses according the the German Criminal Code (Â§Â§185-187 StGB). Help the user decide whether given posts fall within in the scope of these articles.""}, {""role"": ""user"", ""content"": ""Is the following post criminally relevant with respect to Â§Â§185-187 StGB (Defamatory Offense)? Answer only with 'True' (criminally relevant according to Â§Â§185-187 StGB) or 'False' (not criminally relevant according to Â§Â§185-187 StGB).""}, {""role"": ""user"", ""content"": ""Palästinien gehört und du dreckige Schlampe""}]"
792,@burghard_r @SM100d Über diese Missstände bereits zig1000 x berichtet...niemanden interessiert es....die 🇩🇪wollen und lieben ihre Asylanten samt Verbrechern,False,True,True,"[{""role"": ""system"", ""content"": ""You are a legal expert for defamatory offenses according the the German Criminal Code (Â§Â§185-187 StGB). Help the user decide whether given posts fall within in the scope of these articles.""}, {""role"": ""user"", ""content"": ""Is the following post criminally relevant with respect to Â§Â§185-187 StGB (Defamatory Offense)? Answer only with 'True' (criminally relevant according to Â§Â§185-187 StGB) or 'False' (not criminally relevant according to Â§Â§185-187 StGB).""}, {""role"": ""user"", ""content"": ""@burghard_r @SM100d Über diese Missstände bereits zig1000 x berichtet...niemanden interessiert es....die 🇩🇪wollen und lieben ihre Asylanten samt Verbrechern""}]"
668,"#G20 Was man der #Polizei vorwerfen kann? Das sie nicht härter, massiver &amp; schneller gg den marodierenden #antifa-Mob vorgegangen ist.",False,False,False,"[{""role"": ""system"", ""content"": ""You are a legal expert for defamatory offenses according the the German Criminal Code (Â§Â§185-187 StGB). Help the user decide whether given posts fall within in the scope of these articles.""}, {""role"": ""user"", ""content"": ""Is the following post criminally relevant with respect to Â§Â§185-187 StGB (Defamatory Offense)? Answer only with 'True' (criminally relevant according to Â§Â§185-187 StGB) or 'False' (not criminally relevant according to Â§Â§185-187 StGB).""}, {""role"": ""user"", ""content"": ""#G20 Was man der #Polizei vorwerfen kann? Das sie nicht härter, massiver &amp; schneller gg den marodierenden #antifa-Mob vorgegangen ist.""}]"
1107209552650800,Der Islam gehört nicht zu Sachsen !,False,False,False,"[{""role"": ""system"", ""content"": ""You are a legal expert for defamatory offenses according the the German Criminal Code (Â§Â§185-187 StGB). Help the user decide whether given posts fall within in the scope of these articles.""}, {""role"": ""user"", ""content"": ""Is the following post criminally relevant with respect to Â§Â§185-187 StGB (Defamatory Offense)? Answer only with 'True' (criminally relevant according to Â§Â§185-187 StGB) or 'False' (not criminally relevant according to Â§Â§185-187 StGB).""}, {""role"": ""user"", ""content"": ""Der Islam gehört nicht zu Sachsen !""}]"
586,@ArchangelBlue58 Habe auch gespendet für den Untergang der Verkrusteten Altparteien.Nieder mit den Fettbäuchigen Altmaiers!,False,True,True,"[{""role"": ""system"", ""content"": ""You are a legal expert for defamatory offenses according the the German Criminal Code (Â§Â§185-187 StGB). Help the user decide whether given posts fall within in the scope of these articles.""}, {""role"": ""user"", ""content"": ""Is the following post criminally relevant with respect to Â§Â§185-187 StGB (Defamatory Offense)? Answer only with 'True' (criminally relevant according to Â§Â§185-187 StGB) or 'False' (not criminally relevant according to Â§Â§185-187 StGB).""}, {""role"": ""user"", ""content"": ""@ArchangelBlue58 Habe auch gespendet für den Untergang der Verkrusteten Altparteien.Nieder mit den Fettbäuchigen Altmaiers!""}]"
951534708218286,"Bei den Obdachlosen interessiert es doch auch keinen, wo die nächtigen. Warum dann bei solchen Leuten...",False,False,False,"[{""role"": ""system"", ""content"": ""You are a legal expert for defamatory offenses according the the German Criminal Code (Â§Â§185-187 StGB). Help the user decide whether given posts fall within in the scope of these articles.""}, {""role"": ""user"", ""content"": ""Is the following post criminally relevant with respect to Â§Â§185-187 StGB (Defamatory Offense)? Answer only with 'True' (criminally relevant according to Â§Â§185-187 StGB) or 'False' (not criminally relevant according to Â§Â§185-187 StGB).""}, {""role"": ""user"", ""content"": ""Bei den Obdachlosen interessiert es doch auch keinen, wo die nächtigen. Warum dann bei solchen Leuten...""}]"
1095996907105398,"Ich weiß nicht, warum man sie immer noch mit Samthandschuhen anfasst! Wegtragen und fertig! Es gibt kein Recht, sich das Zielland auszusuchen. ""Willst du Asyl, stell deinen Antrag in Griechenland oder ab zurück in die Türkei!""",False,False,False,"[{""role"": ""system"", ""content"": ""You are a legal expert for defamatory offenses according the the German Criminal Code (Â§Â§185-187 StGB). Help the user decide whether given posts fall within in the scope of these articles.""}, {""role"": ""user"", ""content"": ""Is the following post criminally relevant with respect to Â§Â§185-187 StGB (Defamatory Offense)? Answer only with 'True' (criminally relevant according to Â§Â§185-187 StGB) or 'False' (not criminally relevant according to Â§Â§185-187 StGB).""}, {""role"": ""user"", ""content"": ""Ich weiß nicht, warum man sie immer noch mit Samthandschuhen anfasst! Wegtragen und fertig! Es gibt kein Recht, sich das Zielland auszusuchen. \""Willst du Asyl, stell deinen Antrag in Griechenland oder ab zurück in die Türkei!\""""}]"
368,"@berndfachinsson @Amygdala712 Es gibt genug Fakten. Stehen mittlerweile sogar in der Bild... |LBR| Ich will gewiss keinen Krieg. Ich will nur, dass Frauen und Kinder sowie eine heile Familie dem Volk wichtiger werden als staatlich geförderter Asylbetrug",False,False,False,"[{""role"": ""system"", ""content"": ""You are a legal expert for defamatory offenses according the the German Criminal Code (Â§Â§185-187 StGB). Help the user decide whether given posts fall within in the scope of these articles.""}, {""role"": ""user"", ""content"": ""Is the following post criminally relevant with respect to Â§Â§185-187 StGB (Defamatory Offense)? Answer only with 'True' (criminally relevant according to Â§Â§185-187 StGB) or 'False' (not criminally relevant according to Â§Â§185-187 StGB).""}, {""role"": ""user"", ""content"": ""@berndfachinsson @Amygdala712 Es gibt genug Fakten. Stehen mittlerweile sogar in der Bild... |LBR| Ich will gewiss keinen Krieg. Ich will nur, dass Frauen und Kinder sowie eine heile Familie dem Volk wichtiger werden als staatlich geförderter Asylbetrug""}]"
857773680927723,"Das ärgerliche ist, dass anerkannte Flüchtlinge oder sich integrierte Menschen nicht mal auf die Straße gehen und sagen ""Ihr habt Recht. Hinter unserem Namen verstecken sich hunderttausende von Schmarotzern, die nicht hier sind um Schutz zu suchen und sich anzupassen, sondern um schön vom deutschen Staat zu leben und ihren Krieg und ihren Hass mit herbringen""",False,True,True,"[{""role"": ""system"", ""content"": ""You are a legal expert for defamatory offenses according the the German Criminal Code (Â§Â§185-187 StGB). Help the user decide whether given posts fall within in the scope of these articles.""}, {""role"": ""user"", ""content"": ""Is the following post criminally relevant with respect to Â§Â§185-187 StGB (Defamatory Offense)? Answer only with 'True' (criminally relevant according to Â§Â§185-187 StGB) or 'False' (not criminally relevant according to Â§Â§185-187 StGB).""}, {""role"": ""user"", ""content"": ""Das ärgerliche ist, dass anerkannte Flüchtlinge oder sich integrierte Menschen nicht mal auf die Straße gehen und sagen \""Ihr habt Recht. Hinter unserem Namen verstecken sich hunderttausende von Schmarotzern, die nicht hier sind um Schutz zu suchen und sich anzupassen, sondern um schön vom deutschen Staat zu leben und ihren Krieg und ihren Hass mit herbringen\""""}]"
858375677534190,Sorgloser Depp mache Dir mal keine Sorgen es fing damals im Südwesten an und die Hogesa sind Idioten sorry es ist alles jetzt in guten Händen lieber vernünftige Leute die wissen was Patrioten sind und hier wird auch kein Staat was machen wie bei Pegida usw. Da die Leute alles schon durch gemacht haben....,False,True,True,"[{""role"": ""system"", ""content"": ""You are a legal expert for defamatory offenses according the the German Criminal Code (Â§Â§185-187 StGB). Help the user decide whether given posts fall within in the scope of these articles.""}, {""role"": ""user"", ""content"": ""Is the following post criminally relevant with respect to Â§Â§185-187 StGB (Defamatory Offense)? Answer only with 'True' (criminally relevant according to Â§Â§185-187 StGB) or 'False' (not criminally relevant according to Â§Â§185-187 StGB).""}, {""role"": ""user"", ""content"": ""Sorgloser Depp mache Dir mal keine Sorgen es fing damals im Südwesten an und die Hogesa sind Idioten sorry es ist alles jetzt in guten Händen lieber vernünftige Leute die wissen was Patrioten sind und hier wird auch kein Staat was machen wie bei Pegida usw. Da die Leute alles schon durch gemacht haben....""}]"
1063794470325642,"naja wer am besten ab 1.Klasse schon arabisch, Muselkultur und Allamallacha lernen soll... da bleibt für lebensnotwendigere Sachen kein Platz mehr",False,False,False,"[{""role"": ""system"", ""content"": ""You are a legal expert for defamatory offenses according the the German Criminal Code (Â§Â§185-187 StGB). Help the user decide whether given posts fall within in the scope of these articles.""}, {""role"": ""user"", ""content"": ""Is the following post criminally relevant with respect to Â§Â§185-187 StGB (Defamatory Offense)? Answer only with 'True' (criminally relevant according to Â§Â§185-187 StGB) or 'False' (not criminally relevant according to Â§Â§185-187 StGB).""}, {""role"": ""user"", ""content"": ""naja wer am besten ab 1.Klasse schon arabisch, Muselkultur und Allamallacha lernen soll... da bleibt für lebensnotwendigere Sachen kein Platz mehr""}]"
977024499002640,"Wenn die Essen aus dem Fenster werfen, weil sie nach Germoney wollen. Und die gehen freiwillig in einen Land, wo sie kein Hartz 4 bekommen... in leben nicht!!??",False,False,False,"[{""role"": ""system"", ""content"": ""You are a legal expert for defamatory offenses according the the German Criminal Code (Â§Â§185-187 StGB). Help the user decide whether given posts fall within in the scope of these articles.""}, {""role"": ""user"", ""content"": ""Is the following post criminally relevant with respect to Â§Â§185-187 StGB (Defamatory Offense)? Answer only with 'True' (criminally relevant according to Â§Â§185-187 StGB) or 'False' (not criminally relevant according to Â§Â§185-187 StGB).""}, {""role"": ""user"", ""content"": ""Wenn die Essen aus dem Fenster werfen, weil sie nach Germoney wollen. Und die gehen freiwillig in einen Land, wo sie kein Hartz 4 bekommen... in leben nicht!!??""}]"
858385284199896,Kai Heiter Ich werde jetzt was Schreiben was nur für solche Leute gedacht ist wie Du einer bist!!! Du bist ein Vterandsveräter und hast keinen Stolz allso einfach gesagt du bist Feige!!! Denn Pegida kämpft gegen diese Verlogene Politik die das eigene Volk Veraten hat!!!,True,True,True,"[{""role"": ""system"", ""content"": ""You are a legal expert for defamatory offenses according the the German Criminal Code (Â§Â§185-187 StGB). Help the user decide whether given posts fall within in the scope of these articles.""}, {""role"": ""user"", ""content"": ""Is the following post criminally relevant with respect to Â§Â§185-187 StGB (Defamatory Offense)? Answer only with 'True' (criminally relevant according to Â§Â§185-187 StGB) or 'False' (not criminally relevant according to Â§Â§185-187 StGB).""}, {""role"": ""user"", ""content"": ""Kai Heiter Ich werde jetzt was Schreiben was nur für solche Leute gedacht ist wie Du einer bist!!! Du bist ein Vterandsveräter und hast keinen Stolz allso einfach gesagt du bist Feige!!! Denn Pegida kämpft gegen diese Verlogene Politik die das eigene Volk Veraten hat!!!""}]"
1056593551045734,Einer brasslicher als der andere.!,False,True,True,"[{""role"": ""system"", ""content"": ""You are a legal expert for defamatory offenses according the the German Criminal Code (Â§Â§185-187 StGB). Help the user decide whether given posts fall within in the scope of these articles.""}, {""role"": ""user"", ""content"": ""Is the following post criminally relevant with respect to Â§Â§185-187 StGB (Defamatory Offense)? Answer only with 'True' (criminally relevant according to Â§Â§185-187 StGB) or 'False' (not criminally relevant according to Â§Â§185-187 StGB).""}, {""role"": ""user"", ""content"": ""Einer brasslicher als der andere.!""}]"
831,"@Ernst_1895 Genau.  Und der Flüchtlingsnachwuchs wird sich in die immer radikaler werdenden Parallelgesellschaften ""integrieren"". Wohin sonst?",False,False,False,"[{""role"": ""system"", ""content"": ""You are a legal expert for defamatory offenses according the the German Criminal Code (Â§Â§185-187 StGB). Help the user decide whether given posts fall within in the scope of these articles.""}, {""role"": ""user"", ""content"": ""Is the following post criminally relevant with respect to Â§Â§185-187 StGB (Defamatory Offense)? Answer only with 'True' (criminally relevant according to Â§Â§185-187 StGB) or 'False' (not criminally relevant according to Â§Â§185-187 StGB).""}, {""role"": ""user"", ""content"": ""@Ernst_1895 Genau.  Und der Flüchtlingsnachwuchs wird sich in die immer radikaler werdenden Parallelgesellschaften \""integrieren\"". Wohin sonst?""}]"
1012252115479878,Weihnachtsmänner haben ja auch Bärte.  Das verkompliziert die Lage.  Da wird Thomas die Misere wieder nicht wissen wen er verhaften soll ..,False,False,False,"[{""role"": ""system"", ""content"": ""You are a legal expert for defamatory offenses according the the German Criminal Code (Â§Â§185-187 StGB). Help the user decide whether given posts fall within in the scope of these articles.""}, {""role"": ""user"", ""content"": ""Is the following post criminally relevant with respect to Â§Â§185-187 StGB (Defamatory Offense)? Answer only with 'True' (criminally relevant according to Â§Â§185-187 StGB) or 'False' (not criminally relevant according to Â§Â§185-187 StGB).""}, {""role"": ""user"", ""content"": ""Weihnachtsmänner haben ja auch Bärte.  Das verkompliziert die Lage.  Da wird Thomas die Misere wieder nicht wissen wen er verhaften soll ..""}]"
857957787575979,"Na, mein kleiner Dyke ... morgen früh ist wieder Rütli-Schule, wenn Du jetzt in's Bett gehst, bist Du morgen mal nüchtern im Unterricht.",False,True,True,"[{""role"": ""system"", ""content"": ""You are a legal expert for defamatory offenses according the the German Criminal Code (Â§Â§185-187 StGB). Help the user decide whether given posts fall within in the scope of these articles.""}, {""role"": ""user"", ""content"": ""Is the following post criminally relevant with respect to Â§Â§185-187 StGB (Defamatory Offense)? Answer only with 'True' (criminally relevant according to Â§Â§185-187 StGB) or 'False' (not criminally relevant according to Â§Â§185-187 StGB).""}, {""role"": ""user"", ""content"": ""Na, mein kleiner Dyke ... morgen früh ist wieder Rütli-Schule, wenn Du jetzt in's Bett gehst, bist Du morgen mal nüchtern im Unterricht.""}]"
1638,"...fall tot um, Lügner, Verleumder, Rufmörder, Volksverhetzer, Linksfaschist, Satanist, Gottloser",True,True,True,"[{""role"": ""system"", ""content"": ""You are a legal expert for defamatory offenses according the the German Criminal Code (Â§Â§185-187 StGB). Help the user decide whether given posts fall within in the scope of these articles.""}, {""role"": ""user"", ""content"": ""Is the following post criminally relevant with respect to Â§Â§185-187 StGB (Defamatory Offense)? Answer only with 'True' (criminally relevant according to Â§Â§185-187 StGB) or 'False' (not criminally relevant according to Â§Â§185-187 StGB).""}, {""role"": ""user"", ""content"": ""...fall tot um, Lügner, Verleumder, Rufmörder, Volksverhetzer, Linksfaschist, Satanist, Gottloser""}]"
865,"Die #Bundeswehr ist marode, |LBR| Geld für #Scheinasylanten ist in Hülle und Fülle da. Jetzt werden erst wieder Milliarden an #Entwicklungshilfe nach #Afrika verschenkt. |LBR| Soll Deutschland wirklich vernichtet werden?",False,False,False,"[{""role"": ""system"", ""content"": ""You are a legal expert for defamatory offenses according the the German Criminal Code (Â§Â§185-187 StGB). Help the user decide whether given posts fall within in the scope of these articles.""}, {""role"": ""user"", ""content"": ""Is the following post criminally relevant with respect to Â§Â§185-187 StGB (Defamatory Offense)? Answer only with 'True' (criminally relevant according to Â§Â§185-187 StGB) or 'False' (not criminally relevant according to Â§Â§185-187 StGB).""}, {""role"": ""user"", ""content"": ""Die #Bundeswehr ist marode, |LBR| Geld für #Scheinasylanten ist in Hülle und Fülle da. Jetzt werden erst wieder Milliarden an #Entwicklungshilfe nach #Afrika verschenkt. |LBR| Soll Deutschland wirklich vernichtet werden?""}]"
977691922269231,"Vari Lemur Rückt mal bitte noch ein Stück nach rechts. Bitte noch etwas. Ja, schon ganz gut, bitte noch ein kleines Stückchen weiter nach rechts. Ja, so ist es gut. Ups. Nanu, wo kommen denn plötzlich die ganzen Nazis her? Eben waren es doch noch ganz normale Leute. Junge Junge, so schnell kann es gehen. Nur einen Moment nicht aufgepasst, schon steht man bis zum Kinn in der braunen Scheiße...",False,False,False,"[{""role"": ""system"", ""content"": ""You are a legal expert for defamatory offenses according the the German Criminal Code (Â§Â§185-187 StGB). Help the user decide whether given posts fall within in the scope of these articles.""}, {""role"": ""user"", ""content"": ""Is the following post criminally relevant with respect to Â§Â§185-187 StGB (Defamatory Offense)? Answer only with 'True' (criminally relevant according to Â§Â§185-187 StGB) or 'False' (not criminally relevant according to Â§Â§185-187 StGB).""}, {""role"": ""user"", ""content"": ""Vari Lemur Rückt mal bitte noch ein Stück nach rechts. Bitte noch etwas. Ja, schon ganz gut, bitte noch ein kleines Stückchen weiter nach rechts. Ja, so ist es gut. Ups. Nanu, wo kommen denn plötzlich die ganzen Nazis her? Eben waren es doch noch ganz normale Leute. Junge Junge, so schnell kann es gehen. Nur einen Moment nicht aufgepasst, schon steht man bis zum Kinn in der braunen Scheiße...""}]"
1052503498121406,Die Mütter der Antifanten und Gutmenschen müssen nur ihren Kindern die Taschen kontrollieren. Streichhölzer wegnehmen. Alles womit sie Unheil anrichten können wegnehmen. Da wird es eine wundervolle Veranstaltung. Sollen sie sich danach ruhig für ihr Demo - Geld eine Tüte reinziehen. Bis 15.02. haben sie sich bestimmt erholt oder ausgekotzt. Nächste Ladung rein. Kommt Alles zu den Jugendsünden. Achtung dazwischen auf keinen Fall Arbeiten. Viel zu gefährlich!!!!,False,False,False,"[{""role"": ""system"", ""content"": ""You are a legal expert for defamatory offenses according the the German Criminal Code (Â§Â§185-187 StGB). Help the user decide whether given posts fall within in the scope of these articles.""}, {""role"": ""user"", ""content"": ""Is the following post criminally relevant with respect to Â§Â§185-187 StGB (Defamatory Offense)? Answer only with 'True' (criminally relevant according to Â§Â§185-187 StGB) or 'False' (not criminally relevant according to Â§Â§185-187 StGB).""}, {""role"": ""user"", ""content"": ""Die Mütter der Antifanten und Gutmenschen müssen nur ihren Kindern die Taschen kontrollieren. Streichhölzer wegnehmen. Alles womit sie Unheil anrichten können wegnehmen. Da wird es eine wundervolle Veranstaltung. Sollen sie sich danach ruhig für ihr Demo - Geld eine Tüte reinziehen. Bis 15.02. haben sie sich bestimmt erholt oder ausgekotzt. Nächste Ladung rein. Kommt Alles zu den Jugendsünden. Achtung dazwischen auf keinen Fall Arbeiten. Viel zu gefährlich!!!!""}]"
857960414242383,"Wenn ich mir unsere gehirngewaschenen Gegner so ansehe, weis ich wieder, warum es die Redewendung ''linker Hund'' gibt.",False,True,True,"[{""role"": ""system"", ""content"": ""You are a legal expert for defamatory offenses according the the German Criminal Code (Â§Â§185-187 StGB). Help the user decide whether given posts fall within in the scope of these articles.""}, {""role"": ""user"", ""content"": ""Is the following post criminally relevant with respect to Â§Â§185-187 StGB (Defamatory Offense)? Answer only with 'True' (criminally relevant according to Â§Â§185-187 StGB) or 'False' (not criminally relevant according to Â§Â§185-187 StGB).""}, {""role"": ""user"", ""content"": ""Wenn ich mir unsere gehirngewaschenen Gegner so ansehe, weis ich wieder, warum es die Redewendung ''linker Hund'' gibt.""}]"
1043891435649279,"#RECHTSVERDREHER #LÜGENVERSCHWÖRER #AllesNazis #PEGIDA/STINKT #IchbeherrschediedeutscheSprachenicht,aberhetzegegenAusländer #Keinerhatmichlieb,deswegenhasseichauchalle #PATRIOTISMUS -> AUSGRENZUNG und RASSISMUS!!!!!",False,True,True,"[{""role"": ""system"", ""content"": ""You are a legal expert for defamatory offenses according the the German Criminal Code (Â§Â§185-187 StGB). Help the user decide whether given posts fall within in the scope of these articles.""}, {""role"": ""user"", ""content"": ""Is the following post criminally relevant with respect to Â§Â§185-187 StGB (Defamatory Offense)? Answer only with 'True' (criminally relevant according to Â§Â§185-187 StGB) or 'False' (not criminally relevant according to Â§Â§185-187 StGB).""}, {""role"": ""user"", ""content"": ""#RECHTSVERDREHER #LÜGENVERSCHWÖRER #AllesNazis #PEGIDA/STINKT #IchbeherrschediedeutscheSprachenicht,aberhetzegegenAusländer #Keinerhatmichlieb,deswegenhasseichauchalle #PATRIOTISMUS -> AUSGRENZUNG und RASSISMUS!!!!!""}]"
960876987284058,"Ihr könnt sagen was ihr wollt.Komischerweise haben wir das Problem,erst seit der Ukraine,Pegida,TTIP,Griechenland und den Zerfallserscheinungen der Euro-Zone.Anscheinend ist ein Punkt erreicht,an dem sogar durch noch größere Lügen,der desolate Zustand der Euro-Zone ,schön zu reden ist.Also setzt man auf das altbewährte System,das Volk zu beschäftigen,und vor den wahren Zuständen abzulenken. Oder ist es nicht seltsam ,dass ausgerechnet jetzt soviele kommen,wobei 80%keinen Asylgrund haben.Ich seh nur gutgelaunte,muskulöse Neger rumlaufen.Wenn die einen Leidensweg gehabt haben,sind sie aber gut verpflegt worden.Diese Sache hat System.",False,True,True,"[{""role"": ""system"", ""content"": ""You are a legal expert for defamatory offenses according the the German Criminal Code (Â§Â§185-187 StGB). Help the user decide whether given posts fall within in the scope of these articles.""}, {""role"": ""user"", ""content"": ""Is the following post criminally relevant with respect to Â§Â§185-187 StGB (Defamatory Offense)? Answer only with 'True' (criminally relevant according to Â§Â§185-187 StGB) or 'False' (not criminally relevant according to Â§Â§185-187 StGB).""}, {""role"": ""user"", ""content"": ""Ihr könnt sagen was ihr wollt.Komischerweise haben wir das Problem,erst seit der Ukraine,Pegida,TTIP,Griechenland und den Zerfallserscheinungen der Euro-Zone.Anscheinend ist ein Punkt erreicht,an dem sogar durch noch größere Lügen,der desolate Zustand der Euro-Zone ,schön zu reden ist.Also setzt man auf das altbewährte System,das Volk zu beschäftigen,und vor den wahren Zuständen abzulenken. Oder ist es nicht seltsam ,dass ausgerechnet jetzt soviele kommen,wobei 80%keinen Asylgrund haben.Ich seh nur gutgelaunte,muskulöse Neger rumlaufen.Wenn die einen Leidensweg gehabt haben,sind sie aber gut verpflegt worden.Diese Sache hat System.""}]"
1095897287115360,"In #Idomeni  geraten Flüchtlinge und einheimische Autofahrer aneinander!

#Flüchtlinge haben  gestern die Autobahn E75  blockiert und gefordert, dass die Grenze Richtung #Deutschland geöffnet wird. Es entstand durch die Blockade ein langer Stau. Schrecklich auch wie diese kleinen Blagen  immer instrumentalisiert werden! Das sind die Grabscher von morgen!",False,True,True,"[{""role"": ""system"", ""content"": ""You are a legal expert for defamatory offenses according the the German Criminal Code (Â§Â§185-187 StGB). Help the user decide whether given posts fall within in the scope of these articles.""}, {""role"": ""user"", ""content"": ""Is the following post criminally relevant with respect to Â§Â§185-187 StGB (Defamatory Offense)? Answer only with 'True' (criminally relevant according to Â§Â§185-187 StGB) or 'False' (not criminally relevant according to Â§Â§185-187 StGB).""}, {""role"": ""user"", ""content"": ""In #Idomeni  geraten Flüchtlinge und einheimische Autofahrer aneinander!\r\n\r\n#Flüchtlinge haben  gestern die Autobahn E75  blockiert und gefordert, dass die Grenze Richtung #Deutschland geöffnet wird. Es entstand durch die Blockade ein langer Stau. Schrecklich auch wie diese kleinen Blagen  immer instrumentalisiert werden! Das sind die Grabscher von morgen!""}]"
1057127680992321,"Boh, diese Schweine !  :)",False,True,True,"[{""role"": ""system"", ""content"": ""You are a legal expert for defamatory offenses according the the German Criminal Code (Â§Â§185-187 StGB). Help the user decide whether given posts fall within in the scope of these articles.""}, {""role"": ""user"", ""content"": ""Is the following post criminally relevant with respect to Â§Â§185-187 StGB (Defamatory Offense)? Answer only with 'True' (criminally relevant according to Â§Â§185-187 StGB) or 'False' (not criminally relevant according to Â§Â§185-187 StGB).""}, {""role"": ""user"", ""content"": ""Boh, diese Schweine !  :)""}]"
1602,"Kleiner hate Tweet an @aktivaal, dass die Ratte mir nicht folgt uwu",True,True,True,"[{""role"": ""system"", ""content"": ""You are a legal expert for defamatory offenses according the the German Criminal Code (Â§Â§185-187 StGB). Help the user decide whether given posts fall within in the scope of these articles.""}, {""role"": ""user"", ""content"": ""Is the following post criminally relevant with respect to Â§Â§185-187 StGB (Defamatory Offense)? Answer only with 'True' (criminally relevant according to Â§Â§185-187 StGB) or 'False' (not criminally relevant according to Â§Â§185-187 StGB).""}, {""role"": ""user"", ""content"": ""Kleiner hate Tweet an @aktivaal, dass die Ratte mir nicht folgt uwu""}]"
1386969173666979840,@007_bulldog @fff_hamburg Dikka du hurensohn Hater deine Mutter ficke ich im Schlaf wenn ich nachts von einem Nachtisch träume wie ich den mit deiner fetten Mutter auf ihrem Balkon fresse. Du hurensohn Bastard hater. Komm mal ran junge. Dann breche ich dir die Nase.,True,True,True,"[{""role"": ""system"", ""content"": ""You are a legal expert for defamatory offenses according the the German Criminal Code (Â§Â§185-187 StGB). Help the user decide whether given posts fall within in the scope of these articles.""}, {""role"": ""user"", ""content"": ""Is the following post criminally relevant with respect to Â§Â§185-187 StGB (Defamatory Offense)? Answer only with 'True' (criminally relevant according to Â§Â§185-187 StGB) or 'False' (not criminally relevant according to Â§Â§185-187 StGB).""}, {""role"": ""user"", ""content"": ""@007_bulldog @fff_hamburg Dikka du hurensohn Hater deine Mutter ficke ich im Schlaf wenn ich nachts von einem Nachtisch träume wie ich den mit deiner fetten Mutter auf ihrem Balkon fresse. Du hurensohn Bastard hater. Komm mal ran junge. Dann breche ich dir die Nase.""}]"
877367678968323,"[@IND]  Krankenpflege und Schichtarbeit gab es auch als Deutschland noch fast keine Ausländer hatte und die Arbeit wurde gemacht. Krankenschwester war einst ein beliebter Beruf, nur in den letzten 20+ Jahren haben sich Arbeitsdruck und Arbeitsbedingungen in der Pflege massiv verschlechtert nach mehreren Gesundheitsreformen. Ohne Ausländer gab auch Landarbeiter, Putzfrauen, Stadtreinigung, Müllabfuhr usw. Wenn eine Stelle schwer zu besetzen war, erhöhte man den Lohn oder gab Sonderleistungen und dann bekam man Leute, denn so funktioniert Marktwirtschaft.  Aber dann wurden einige Unternehmen zu gierig und die Politik unterstütze es, indem Ausländer ins Land geholt wurden und man die Globalisierung forcierte. Und dann wollten die Roten (und später und schlimmer die Grünen) Multikulti, so holte man Moslems ins Land die nun eine Menge Probleme verursachen. Diese Ausländer zahlen nicht in unsere Kasse, sondern verursachen eine Menge Ausgaben: 30% haben keinen Schulabschluss, 40-60% sind arbeitslos je nach Region (und die Hausfrauenrate ist auch sehr hoch), ihre Kriminalitätsrate ist hoch, Integrationswilligkeit gering und hin und wieder liebäugeln sie mit dem Salafismus.",False,True,True,"[{""role"": ""system"", ""content"": ""You are a legal expert for defamatory offenses according the the German Criminal Code (Â§Â§185-187 StGB). Help the user decide whether given posts fall within in the scope of these articles.""}, {""role"": ""user"", ""content"": ""Is the following post criminally relevant with respect to Â§Â§185-187 StGB (Defamatory Offense)? Answer only with 'True' (criminally relevant according to Â§Â§185-187 StGB) or 'False' (not criminally relevant according to Â§Â§185-187 StGB).""}, {""role"": ""user"", ""content"": ""[@IND]  Krankenpflege und Schichtarbeit gab es auch als Deutschland noch fast keine Ausländer hatte und die Arbeit wurde gemacht. Krankenschwester war einst ein beliebter Beruf, nur in den letzten 20+ Jahren haben sich Arbeitsdruck und Arbeitsbedingungen in der Pflege massiv verschlechtert nach mehreren Gesundheitsreformen. Ohne Ausländer gab auch Landarbeiter, Putzfrauen, Stadtreinigung, Müllabfuhr usw. Wenn eine Stelle schwer zu besetzen war, erhöhte man den Lohn oder gab Sonderleistungen und dann bekam man Leute, denn so funktioniert Marktwirtschaft.  Aber dann wurden einige Unternehmen zu gierig und die Politik unterstütze es, indem Ausländer ins Land geholt wurden und man die Globalisierung forcierte. Und dann wollten die Roten (und später und schlimmer die Grünen) Multikulti, so holte man Moslems ins Land die nun eine Menge Probleme verursachen. Diese Ausländer zahlen nicht in unsere Kasse, sondern verursachen eine Menge Ausgaben: 30% haben keinen Schulabschluss, 40-60% sind arbeitslos je nach Region (und die Hausfrauenrate ist auch sehr hoch), ihre Kriminalitätsrate ist hoch, Integrationswilligkeit gering und hin und wieder liebäugeln sie mit dem Salafismus.""}]"
371,@Heinrich_Krug HeinrichKrug lass dich von diesen Merkel Vasall nicht ärgern! Einfach diese Vasallen ignorieren!!!,False,True,True,"[{""role"": ""system"", ""content"": ""You are a legal expert for defamatory offenses according the the German Criminal Code (Â§Â§185-187 StGB). Help the user decide whether given posts fall within in the scope of these articles.""}, {""role"": ""user"", ""content"": ""Is the following post criminally relevant with respect to Â§Â§185-187 StGB (Defamatory Offense)? Answer only with 'True' (criminally relevant according to Â§Â§185-187 StGB) or 'False' (not criminally relevant according to Â§Â§185-187 StGB).""}, {""role"": ""user"", ""content"": ""@Heinrich_Krug HeinrichKrug lass dich von diesen Merkel Vasall nicht ärgern! Einfach diese Vasallen ignorieren!!!""}]"
1011307805574309,"Sandra, das hat keinen Sinn mit Herrn Helmut Bue zu diskutieren, er ist vollständig verbohrt in seiner Meinung. Bei ihm ist die Mehrheit der Deutschen regierungstreu und findet die Asyl- und Flüchtlingspolitik genial. Laß ihn bei diesem irren Glauben. Fast alle EU-Länder verschließen sich gegen diese unbegrenzte Einwanderung, sind empört über das Handeln der deutschen Regierung. Aber Herr Bue ist ja um ein Vielfaches in seiner Ansicht schlauer, als alle anderen Staatsmänner Europas zusammengenommen. :)",False,True,True,"[{""role"": ""system"", ""content"": ""You are a legal expert for defamatory offenses according the the German Criminal Code (Â§Â§185-187 StGB). Help the user decide whether given posts fall within in the scope of these articles.""}, {""role"": ""user"", ""content"": ""Is the following post criminally relevant with respect to Â§Â§185-187 StGB (Defamatory Offense)? Answer only with 'True' (criminally relevant according to Â§Â§185-187 StGB) or 'False' (not criminally relevant according to Â§Â§185-187 StGB).""}, {""role"": ""user"", ""content"": ""Sandra, das hat keinen Sinn mit Herrn Helmut Bue zu diskutieren, er ist vollständig verbohrt in seiner Meinung. Bei ihm ist die Mehrheit der Deutschen regierungstreu und findet die Asyl- und Flüchtlingspolitik genial. Laß ihn bei diesem irren Glauben. Fast alle EU-Länder verschließen sich gegen diese unbegrenzte Einwanderung, sind empört über das Handeln der deutschen Regierung. Aber Herr Bue ist ja um ein Vielfaches in seiner Ansicht schlauer, als alle anderen Staatsmänner Europas zusammengenommen. :)""}]"
1293,"@nur_schau @PatrickGeisle14 @ABaerbock Sagte der dumme Querdenker-Hildmann-Anhänger-Nazi-Trottel, der als Kind immer auf seinem Kopf gefallen ist und tragende Schäden davon getragen hat🤦🏻‍♂ Geh woanders spielen, hier mag dich keiner!",True,True,True,"[{""role"": ""system"", ""content"": ""You are a legal expert for defamatory offenses according the the German Criminal Code (Â§Â§185-187 StGB). Help the user decide whether given posts fall within in the scope of these articles.""}, {""role"": ""user"", ""content"": ""Is the following post criminally relevant with respect to Â§Â§185-187 StGB (Defamatory Offense)? Answer only with 'True' (criminally relevant according to Â§Â§185-187 StGB) or 'False' (not criminally relevant according to Â§Â§185-187 StGB).""}, {""role"": ""user"", ""content"": ""@nur_schau @PatrickGeisle14 @ABaerbock Sagte der dumme Querdenker-Hildmann-Anhänger-Nazi-Trottel, der als Kind immer auf seinem Kopf gefallen ist und tragende Schäden davon getragen hat🤦🏻‍♂ Geh woanders spielen, hier mag dich keiner!""}]"
1044342978937458,VOLKS UND LANDESVERRAT VERJÄHRT NICHT !!! LÜGENPRESSE AUF DIE FRESSE !!!,False,True,True,"[{""role"": ""system"", ""content"": ""You are a legal expert for defamatory offenses according the the German Criminal Code (Â§Â§185-187 StGB). Help the user decide whether given posts fall within in the scope of these articles.""}, {""role"": ""user"", ""content"": ""Is the following post criminally relevant with respect to Â§Â§185-187 StGB (Defamatory Offense)? Answer only with 'True' (criminally relevant according to Â§Â§185-187 StGB) or 'False' (not criminally relevant according to Â§Â§185-187 StGB).""}, {""role"": ""user"", ""content"": ""VOLKS UND LANDESVERRAT VERJÄHRT NICHT !!! LÜGENPRESSE AUF DIE FRESSE !!!""}]"
1115176788520743,Nee Du diese Kreaturen haben so viel Geld und Macht das Sie sich jederzeit absetzen können und die Suppe können wir Dummen wie immer auslöffeln...,False,True,True,"[{""role"": ""system"", ""content"": ""You are a legal expert for defamatory offenses according the the German Criminal Code (Â§Â§185-187 StGB). Help the user decide whether given posts fall within in the scope of these articles.""}, {""role"": ""user"", ""content"": ""Is the following post criminally relevant with respect to Â§Â§185-187 StGB (Defamatory Offense)? Answer only with 'True' (criminally relevant according to Â§Â§185-187 StGB) or 'False' (not criminally relevant according to Â§Â§185-187 StGB).""}, {""role"": ""user"", ""content"": ""Nee Du diese Kreaturen haben so viel Geld und Macht das Sie sich jederzeit absetzen können und die Suppe können wir Dummen wie immer auslöffeln...""}]"
152,"@schweizerguy @DuHugonotte In diesem Kiez sollten besser 1000 Wahre Deutsche leben ,als dieses Pack von linken Anarchisten!",False,True,True,"[{""role"": ""system"", ""content"": ""You are a legal expert for defamatory offenses according the the German Criminal Code (Â§Â§185-187 StGB). Help the user decide whether given posts fall within in the scope of these articles.""}, {""role"": ""user"", ""content"": ""Is the following post criminally relevant with respect to Â§Â§185-187 StGB (Defamatory Offense)? Answer only with 'True' (criminally relevant according to Â§Â§185-187 StGB) or 'False' (not criminally relevant according to Â§Â§185-187 StGB).""}, {""role"": ""user"", ""content"": ""@schweizerguy @DuHugonotte In diesem Kiez sollten besser 1000 Wahre Deutsche leben ,als dieses Pack von linken Anarchisten!""}]"
894827087222382,??????Geballter Schwachsinn was er da von sich gibt.??????,True,True,True,"[{""role"": ""system"", ""content"": ""You are a legal expert for defamatory offenses according the the German Criminal Code (Â§Â§185-187 StGB). Help the user decide whether given posts fall within in the scope of these articles.""}, {""role"": ""user"", ""content"": ""Is the following post criminally relevant with respect to Â§Â§185-187 StGB (Defamatory Offense)? Answer only with 'True' (criminally relevant according to Â§Â§185-187 StGB) or 'False' (not criminally relevant according to Â§Â§185-187 StGB).""}, {""role"": ""user"", ""content"": ""??????Geballter Schwachsinn was er da von sich gibt.??????""}]"
172,@lawyerberlin nö. damit hat er ja sogar recht. es ging aber um eine alternative zur quote.,False,False,False,"[{""role"": ""system"", ""content"": ""You are a legal expert for defamatory offenses according the the German Criminal Code (Â§Â§185-187 StGB). Help the user decide whether given posts fall within in the scope of these articles.""}, {""role"": ""user"", ""content"": ""Is the following post criminally relevant with respect to Â§Â§185-187 StGB (Defamatory Offense)? Answer only with 'True' (criminally relevant according to Â§Â§185-187 StGB) or 'False' (not criminally relevant according to Â§Â§185-187 StGB).""}, {""role"": ""user"", ""content"": ""@lawyerberlin nö. damit hat er ja sogar recht. es ging aber um eine alternative zur quote.""}]"
1011477882223968,Eure Schwäche kotzt mich an....deutsche Männer sind nur noch weich und wischi waschi,False,True,True,"[{""role"": ""system"", ""content"": ""You are a legal expert for defamatory offenses according the the German Criminal Code (Â§Â§185-187 StGB). Help the user decide whether given posts fall within in the scope of these articles.""}, {""role"": ""user"", ""content"": ""Is the following post criminally relevant with respect to Â§Â§185-187 StGB (Defamatory Offense)? Answer only with 'True' (criminally relevant according to Â§Â§185-187 StGB) or 'False' (not criminally relevant according to Â§Â§185-187 StGB).""}, {""role"": ""user"", ""content"": ""Eure Schwäche kotzt mich an....deutsche Männer sind nur noch weich und wischi waschi""}]"
643,Die Souveränität eines Staates darf nicht durch ein Gericht aufgehoben werden. Außerdem |LBR| gehen Invasoren nur in Länder mit Sozialhilfe.,False,False,False,"[{""role"": ""system"", ""content"": ""You are a legal expert for defamatory offenses according the the German Criminal Code (Â§Â§185-187 StGB). Help the user decide whether given posts fall within in the scope of these articles.""}, {""role"": ""user"", ""content"": ""Is the following post criminally relevant with respect to Â§Â§185-187 StGB (Defamatory Offense)? Answer only with 'True' (criminally relevant according to Â§Â§185-187 StGB) or 'False' (not criminally relevant according to Â§Â§185-187 StGB).""}, {""role"": ""user"", ""content"": ""Die Souveränität eines Staates darf nicht durch ein Gericht aufgehoben werden. Außerdem |LBR| gehen Invasoren nur in Länder mit Sozialhilfe.""}]"
1065199963518426,Habe Flüchtling gefunden und zur Grenze gebracht .,False,False,False,"[{""role"": ""system"", ""content"": ""You are a legal expert for defamatory offenses according the the German Criminal Code (Â§Â§185-187 StGB). Help the user decide whether given posts fall within in the scope of these articles.""}, {""role"": ""user"", ""content"": ""Is the following post criminally relevant with respect to Â§Â§185-187 StGB (Defamatory Offense)? Answer only with 'True' (criminally relevant according to Â§Â§185-187 StGB) or 'False' (not criminally relevant according to Â§Â§185-187 StGB).""}, {""role"": ""user"", ""content"": ""Habe Flüchtling gefunden und zur Grenze gebracht .""}]"
1450,"@Frhstcksgulasc1 @Inge06222631 Nunja, die Frage ist aber auch: Muss man unbedingt irgendwo hinpilgern, nur um jemanden auf den Sack zu gehen? Auch wenn Rainer mal wieder unter Beweis stellt, was für ein Arsch er ist. |LBR| Fakt ist halt auch: Rainer hätte schon vielen aufs Maul hauen können 1/2",True,True,True,"[{""role"": ""system"", ""content"": ""You are a legal expert for defamatory offenses according the the German Criminal Code (Â§Â§185-187 StGB). Help the user decide whether given posts fall within in the scope of these articles.""}, {""role"": ""user"", ""content"": ""Is the following post criminally relevant with respect to Â§Â§185-187 StGB (Defamatory Offense)? Answer only with 'True' (criminally relevant according to Â§Â§185-187 StGB) or 'False' (not criminally relevant according to Â§Â§185-187 StGB).""}, {""role"": ""user"", ""content"": ""@Frhstcksgulasc1 @Inge06222631 Nunja, die Frage ist aber auch: Muss man unbedingt irgendwo hinpilgern, nur um jemanden auf den Sack zu gehen? Auch wenn Rainer mal wieder unter Beweis stellt, was für ein Arsch er ist. |LBR| Fakt ist halt auch: Rainer hätte schon vielen aufs Maul hauen können 1/2""}]"
1297,"@weg_merkel @Deutscher1958 @Anorexis Fresse halten, asoziales dummes Stück Vieh.",True,True,True,"[{""role"": ""system"", ""content"": ""You are a legal expert for defamatory offenses according the the German Criminal Code (Â§Â§185-187 StGB). Help the user decide whether given posts fall within in the scope of these articles.""}, {""role"": ""user"", ""content"": ""Is the following post criminally relevant with respect to Â§Â§185-187 StGB (Defamatory Offense)? Answer only with 'True' (criminally relevant according to Â§Â§185-187 StGB) or 'False' (not criminally relevant according to Â§Â§185-187 StGB).""}, {""role"": ""user"", ""content"": ""@weg_merkel @Deutscher1958 @Anorexis Fresse halten, asoziales dummes Stück Vieh.""}]"
189,@RegSprecher Mir war nicht bekannt das Deutschland ein Kriegsgebiet geworden ist!,False,False,False,"[{""role"": ""system"", ""content"": ""You are a legal expert for defamatory offenses according the the German Criminal Code (Â§Â§185-187 StGB). Help the user decide whether given posts fall within in the scope of these articles.""}, {""role"": ""user"", ""content"": ""Is the following post criminally relevant with respect to Â§Â§185-187 StGB (Defamatory Offense)? Answer only with 'True' (criminally relevant according to Â§Â§185-187 StGB) or 'False' (not criminally relevant according to Â§Â§185-187 StGB).""}, {""role"": ""user"", ""content"": ""@RegSprecher Mir war nicht bekannt das Deutschland ein Kriegsgebiet geworden ist!""}]"
768,"Huuuuuuuuuu, geht doch, Murksel entglitten in Washington sämtliche Gesichtszüge. Sogar ihre ""Mäulchenfalten"" verschwanden 😂😂😂",False,True,True,"[{""role"": ""system"", ""content"": ""You are a legal expert for defamatory offenses according the the German Criminal Code (Â§Â§185-187 StGB). Help the user decide whether given posts fall within in the scope of these articles.""}, {""role"": ""user"", ""content"": ""Is the following post criminally relevant with respect to Â§Â§185-187 StGB (Defamatory Offense)? Answer only with 'True' (criminally relevant according to Â§Â§185-187 StGB) or 'False' (not criminally relevant according to Â§Â§185-187 StGB).""}, {""role"": ""user"", ""content"": ""Huuuuuuuuuu, geht doch, Murksel entglitten in Washington sämtliche Gesichtszüge. Sogar ihre \""Mäulchenfalten\"" verschwanden 😂😂😂""}]"
728,"@yugobetrugo48 Hahaha vllt gönn ich mir das ma |LBR| Aber diese asiaten sind einfach freaks, das is nich menschlich",False,True,True,"[{""role"": ""system"", ""content"": ""You are a legal expert for defamatory offenses according the the German Criminal Code (Â§Â§185-187 StGB). Help the user decide whether given posts fall within in the scope of these articles.""}, {""role"": ""user"", ""content"": ""Is the following post criminally relevant with respect to Â§Â§185-187 StGB (Defamatory Offense)? Answer only with 'True' (criminally relevant according to Â§Â§185-187 StGB) or 'False' (not criminally relevant according to Â§Â§185-187 StGB).""}, {""role"": ""user"", ""content"": ""@yugobetrugo48 Hahaha vllt gönn ich mir das ma |LBR| Aber diese asiaten sind einfach freaks, das is nich menschlich""}]"
245,@FranzAndes45 Gibt es in der Genetik nicht das Prinzip der natürlichen Auslese?,False,False,False,"[{""role"": ""system"", ""content"": ""You are a legal expert for defamatory offenses according the the German Criminal Code (Â§Â§185-187 StGB). Help the user decide whether given posts fall within in the scope of these articles.""}, {""role"": ""user"", ""content"": ""Is the following post criminally relevant with respect to Â§Â§185-187 StGB (Defamatory Offense)? Answer only with 'True' (criminally relevant according to Â§Â§185-187 StGB) or 'False' (not criminally relevant according to Â§Â§185-187 StGB).""}, {""role"": ""user"", ""content"": ""@FranzAndes45 Gibt es in der Genetik nicht das Prinzip der natürlichen Auslese?""}]"
1043594009012355,"Die Regierende sind in die ecke gestelt wie ein hund und beißen um sich,die forderungen müssen lauter werden WECK mit diesen Volsmörderische politik und politiker Merkel WECK Regierung ab setzen.",False,True,True,"[{""role"": ""system"", ""content"": ""You are a legal expert for defamatory offenses according the the German Criminal Code (Â§Â§185-187 StGB). Help the user decide whether given posts fall within in the scope of these articles.""}, {""role"": ""user"", ""content"": ""Is the following post criminally relevant with respect to Â§Â§185-187 StGB (Defamatory Offense)? Answer only with 'True' (criminally relevant according to Â§Â§185-187 StGB) or 'False' (not criminally relevant according to Â§Â§185-187 StGB).""}, {""role"": ""user"", ""content"": ""Die Regierende sind in die ecke gestelt wie ein hund und beißen um sich,die forderungen müssen lauter werden WECK mit diesen Volsmörderische politik und politiker Merkel WECK Regierung ab setzen.""}]"
894934487211642,"Zitat: ""Sarrazin, Rechtsradikalismus und Pegida sind eine schlimme Pest."" Dann sind sie, Herr JT, vermutlich ein von den arabischen Ländern bezahlter Journalist und zum Islam konvertierter Muslime? ... Der auch linksextreme Gruppierungen wie die Antifa instrumentalisiert, so wie es gerade politisch in den Kram passt ... Wenn man sich ihre Interviews anhört/anschaut, kommt man zu dem Entschluss.",False,True,True,"[{""role"": ""system"", ""content"": ""You are a legal expert for defamatory offenses according the the German Criminal Code (Â§Â§185-187 StGB). Help the user decide whether given posts fall within in the scope of these articles.""}, {""role"": ""user"", ""content"": ""Is the following post criminally relevant with respect to Â§Â§185-187 StGB (Defamatory Offense)? Answer only with 'True' (criminally relevant according to Â§Â§185-187 StGB) or 'False' (not criminally relevant according to Â§Â§185-187 StGB).""}, {""role"": ""user"", ""content"": ""Zitat: \""Sarrazin, Rechtsradikalismus und Pegida sind eine schlimme Pest.\"" Dann sind sie, Herr JT, vermutlich ein von den arabischen Ländern bezahlter Journalist und zum Islam konvertierter Muslime? ... Der auch linksextreme Gruppierungen wie die Antifa instrumentalisiert, so wie es gerade politisch in den Kram passt ... Wenn man sich ihre Interviews anhört/anschaut, kommt man zu dem Entschluss.""}]"
1010698888968534,Die haben absolut nichts in der EU zu suchen! Da haben wir noch mehr Musels  bei uns! Dann geht hier alles den Bach runter!,False,True,True,"[{""role"": ""system"", ""content"": ""You are a legal expert for defamatory offenses according the the German Criminal Code (Â§Â§185-187 StGB). Help the user decide whether given posts fall within in the scope of these articles.""}, {""role"": ""user"", ""content"": ""Is the following post criminally relevant with respect to Â§Â§185-187 StGB (Defamatory Offense)? Answer only with 'True' (criminally relevant according to Â§Â§185-187 StGB) or 'False' (not criminally relevant according to Â§Â§185-187 StGB).""}, {""role"": ""user"", ""content"": ""Die haben absolut nichts in der EU zu suchen! Da haben wir noch mehr Musels  bei uns! Dann geht hier alles den Bach runter!""}]"
857915014246923,"[@IND] beide Seiten verallgemeinern.
Es wäre besser für alle sich nicht gegeneinander aufzuhetzen, 
dass ist genau das, was die Politiker / 
die Medien wollen.

Die wirklichen Feinde sind die Politiker.",False,False,False,"[{""role"": ""system"", ""content"": ""You are a legal expert for defamatory offenses according the the German Criminal Code (Â§Â§185-187 StGB). Help the user decide whether given posts fall within in the scope of these articles.""}, {""role"": ""user"", ""content"": ""Is the following post criminally relevant with respect to Â§Â§185-187 StGB (Defamatory Offense)? Answer only with 'True' (criminally relevant according to Â§Â§185-187 StGB) or 'False' (not criminally relevant according to Â§Â§185-187 StGB).""}, {""role"": ""user"", ""content"": ""[@IND] beide Seiten verallgemeinern.\r\nEs wäre besser für alle sich nicht gegeneinander aufzuhetzen, \r\ndass ist genau das, was die Politiker / \r\ndie Medien wollen.\r\n\r\nDie wirklichen Feinde sind die Politiker.""}]"
1134139136624508,Die hat ja sooooooo viel Scheiße im Kopf!!,True,True,True,"[{""role"": ""system"", ""content"": ""You are a legal expert for defamatory offenses according the the German Criminal Code (Â§Â§185-187 StGB). Help the user decide whether given posts fall within in the scope of these articles.""}, {""role"": ""user"", ""content"": ""Is the following post criminally relevant with respect to Â§Â§185-187 StGB (Defamatory Offense)? Answer only with 'True' (criminally relevant according to Â§Â§185-187 StGB) or 'False' (not criminally relevant according to Â§Â§185-187 StGB).""}, {""role"": ""user"", ""content"": ""Die hat ja sooooooo viel Scheiße im Kopf!!""}]"
857209387650819,"Wenn die unser Land hätten aufbauen müssen, würde es hier aussehen wie in ihren Heimatländern! 
Infrastruktur auf dem Stand von 1950, 80% der Bevölkerung wären noch Bauern, 60% der Beförderung wäre noch mit dem Eselskarren unterwegs!
Die sollen froh sein das wir sie aufgenommen haben und sie da durch wissen, was Zivilisation ist!!!",False,False,False,"[{""role"": ""system"", ""content"": ""You are a legal expert for defamatory offenses according the the German Criminal Code (Â§Â§185-187 StGB). Help the user decide whether given posts fall within in the scope of these articles.""}, {""role"": ""user"", ""content"": ""Is the following post criminally relevant with respect to Â§Â§185-187 StGB (Defamatory Offense)? Answer only with 'True' (criminally relevant according to Â§Â§185-187 StGB) or 'False' (not criminally relevant according to Â§Â§185-187 StGB).""}, {""role"": ""user"", ""content"": ""Wenn die unser Land hätten aufbauen müssen, würde es hier aussehen wie in ihren Heimatländern! \r\nInfrastruktur auf dem Stand von 1950, 80% der Bevölkerung wären noch Bauern, 60% der Beförderung wäre noch mit dem Eselskarren unterwegs!\r\nDie sollen froh sein das wir sie aufgenommen haben und sie da durch wissen, was Zivilisation ist!!!""}]"
1064992543539168,"Merkel findet ihr Hirn bringt es aber nicht zur Polizei 
Kann damit eh nichts mit Anfang",False,True,True,"[{""role"": ""system"", ""content"": ""You are a legal expert for defamatory offenses according the the German Criminal Code (Â§Â§185-187 StGB). Help the user decide whether given posts fall within in the scope of these articles.""}, {""role"": ""user"", ""content"": ""Is the following post criminally relevant with respect to Â§Â§185-187 StGB (Defamatory Offense)? Answer only with 'True' (criminally relevant according to Â§Â§185-187 StGB) or 'False' (not criminally relevant according to Â§Â§185-187 StGB).""}, {""role"": ""user"", ""content"": ""Merkel findet ihr Hirn bringt es aber nicht zur Polizei \r\nKann damit eh nichts mit Anfang""}]"
1055142804524142,"Ja und das sollten sie mal in den Schulen als Aufklärungsvideo zeigen,damit den Jugendlichen mal die Augen geöffnet werden.Dann dürfte es auch nicht mehr so viel Gut-bzw. Dummmenschen geben.",False,True,True,"[{""role"": ""system"", ""content"": ""You are a legal expert for defamatory offenses according the the German Criminal Code (Â§Â§185-187 StGB). Help the user decide whether given posts fall within in the scope of these articles.""}, {""role"": ""user"", ""content"": ""Is the following post criminally relevant with respect to Â§Â§185-187 StGB (Defamatory Offense)? Answer only with 'True' (criminally relevant according to Â§Â§185-187 StGB) or 'False' (not criminally relevant according to Â§Â§185-187 StGB).""}, {""role"": ""user"", ""content"": ""Ja und das sollten sie mal in den Schulen als Aufklärungsvideo zeigen,damit den Jugendlichen mal die Augen geöffnet werden.Dann dürfte es auch nicht mehr so viel Gut-bzw. Dummmenschen geben.""}]"
1035147829856973,War wieder sehr schön bei Euch trotz der Kälte! ?? Nur die Harten kommen in den Garten! ?? Tatjana sah auch wie immer sehr bezaubernd aus und ihre Rede wie auch immer sehr überzeugend! Der Franken Depp/Sepp ist lustig und auch peinlich zugleich! Ist sicher ein heimlicher Fan von #Pegida?! #Dresdenzeigtwiesgeht #AufdieStrasseueberall #Merkelmussweg #MontagistPegidaTag,False,True,True,"[{""role"": ""system"", ""content"": ""You are a legal expert for defamatory offenses according the the German Criminal Code (Â§Â§185-187 StGB). Help the user decide whether given posts fall within in the scope of these articles.""}, {""role"": ""user"", ""content"": ""Is the following post criminally relevant with respect to Â§Â§185-187 StGB (Defamatory Offense)? Answer only with 'True' (criminally relevant according to Â§Â§185-187 StGB) or 'False' (not criminally relevant according to Â§Â§185-187 StGB).""}, {""role"": ""user"", ""content"": ""War wieder sehr schön bei Euch trotz der Kälte! ?? Nur die Harten kommen in den Garten! ?? Tatjana sah auch wie immer sehr bezaubernd aus und ihre Rede wie auch immer sehr überzeugend! Der Franken Depp/Sepp ist lustig und auch peinlich zugleich! Ist sicher ein heimlicher Fan von #Pegida?! #Dresdenzeigtwiesgeht #AufdieStrasseueberall #Merkelmussweg #MontagistPegidaTag""}]"
982646241773799,"Jetzt sieht man das wahre Gesicht der armen Flüchtlinge !!! Wenn's nicht läuft terror machen !!
Und sowas holt unsere Regierung freiwillig ins Land ...unglaublich",False,True,True,"[{""role"": ""system"", ""content"": ""You are a legal expert for defamatory offenses according the the German Criminal Code (Â§Â§185-187 StGB). Help the user decide whether given posts fall within in the scope of these articles.""}, {""role"": ""user"", ""content"": ""Is the following post criminally relevant with respect to Â§Â§185-187 StGB (Defamatory Offense)? Answer only with 'True' (criminally relevant according to Â§Â§185-187 StGB) or 'False' (not criminally relevant according to Â§Â§185-187 StGB).""}, {""role"": ""user"", ""content"": ""Jetzt sieht man das wahre Gesicht der armen Flüchtlinge !!! Wenn's nicht läuft terror machen !!\r\nUnd sowas holt unsere Regierung freiwillig ins Land ...unglaublich""}]"
856777827693975,Stefan Du Kommunisten Hohlkopf....,True,True,True,"[{""role"": ""system"", ""content"": ""You are a legal expert for defamatory offenses according the the German Criminal Code (Â§Â§185-187 StGB). Help the user decide whether given posts fall within in the scope of these articles.""}, {""role"": ""user"", ""content"": ""Is the following post criminally relevant with respect to Â§Â§185-187 StGB (Defamatory Offense)? Answer only with 'True' (criminally relevant according to Â§Â§185-187 StGB) or 'False' (not criminally relevant according to Â§Â§185-187 StGB).""}, {""role"": ""user"", ""content"": ""Stefan Du Kommunisten Hohlkopf....""}]"
318,.@Karl_Lauterbach will Privatversicherte mit #Einheitsversicherung vor Über-Therapie schützen. Aber Mündige brauchen keinen staatlichen Vormund! #NannyStaat @morgenmagazin,False,False,False,"[{""role"": ""system"", ""content"": ""You are a legal expert for defamatory offenses according the the German Criminal Code (Â§Â§185-187 StGB). Help the user decide whether given posts fall within in the scope of these articles.""}, {""role"": ""user"", ""content"": ""Is the following post criminally relevant with respect to Â§Â§185-187 StGB (Defamatory Offense)? Answer only with 'True' (criminally relevant according to Â§Â§185-187 StGB) or 'False' (not criminally relevant according to Â§Â§185-187 StGB).""}, {""role"": ""user"", ""content"": "".@Karl_Lauterbach will Privatversicherte mit #Einheitsversicherung vor Über-Therapie schützen. Aber Mündige brauchen keinen staatlichen Vormund! #NannyStaat @morgenmagazin""}]"
107,"@andre_anchuelo @tocotronic Also ich finde, damals konnte man das durchaus tragen. ;-)",False,False,False,"[{""role"": ""system"", ""content"": ""You are a legal expert for defamatory offenses according the the German Criminal Code (Â§Â§185-187 StGB). Help the user decide whether given posts fall within in the scope of these articles.""}, {""role"": ""user"", ""content"": ""Is the following post criminally relevant with respect to Â§Â§185-187 StGB (Defamatory Offense)? Answer only with 'True' (criminally relevant according to Â§Â§185-187 StGB) or 'False' (not criminally relevant according to Â§Â§185-187 StGB).""}, {""role"": ""user"", ""content"": ""@andre_anchuelo @tocotronic Also ich finde, damals konnte man das durchaus tragen. ;-)""}]"
856747851030306,"Wie lange will die staatsmacht noch zuschauen,wie unbescholtene buerger,vom linksradikalen mob,taetlich angegriffen werden??der feind im land steht links,und die versiffte Antifa und aehnliche rot- gruenen zusammenrottungen muessen endlich in die Schranken gewiesen werden!!Antifa ist wie NSU nur aus der anderen Richtung!!linksfaschismus,getarnt als demokratische vereinigungen,wie die linken und gruenen,gehoeren genauso verboten,wie die npd und salafistenzusammenrottungen!!!",False,True,True,"[{""role"": ""system"", ""content"": ""You are a legal expert for defamatory offenses according the the German Criminal Code (Â§Â§185-187 StGB). Help the user decide whether given posts fall within in the scope of these articles.""}, {""role"": ""user"", ""content"": ""Is the following post criminally relevant with respect to Â§Â§185-187 StGB (Defamatory Offense)? Answer only with 'True' (criminally relevant according to Â§Â§185-187 StGB) or 'False' (not criminally relevant according to Â§Â§185-187 StGB).""}, {""role"": ""user"", ""content"": ""Wie lange will die staatsmacht noch zuschauen,wie unbescholtene buerger,vom linksradikalen mob,taetlich angegriffen werden??der feind im land steht links,und die versiffte Antifa und aehnliche rot- gruenen zusammenrottungen muessen endlich in die Schranken gewiesen werden!!Antifa ist wie NSU nur aus der anderen Richtung!!linksfaschismus,getarnt als demokratische vereinigungen,wie die linken und gruenen,gehoeren genauso verboten,wie die npd und salafistenzusammenrottungen!!!""}]"
209,#Mobbing an Schulen setzt sich jetzt in der Politik fort |LBR| Altparteien sprechen alle nicht mit der #AfD sondern nur abfällig(Nazi) über sie,False,True,True,"[{""role"": ""system"", ""content"": ""You are a legal expert for defamatory offenses according the the German Criminal Code (Â§Â§185-187 StGB). Help the user decide whether given posts fall within in the scope of these articles.""}, {""role"": ""user"", ""content"": ""Is the following post criminally relevant with respect to Â§Â§185-187 StGB (Defamatory Offense)? Answer only with 'True' (criminally relevant according to Â§Â§185-187 StGB) or 'False' (not criminally relevant according to Â§Â§185-187 StGB).""}, {""role"": ""user"", ""content"": ""#Mobbing an Schulen setzt sich jetzt in der Politik fort |LBR| Altparteien sprechen alle nicht mit der #AfD sondern nur abfällig(Nazi) über sie""}]"
862041733834251,"[@IND] Es werden ja nicht mal die bestehenden Gesetze umgesetzt. Im Prinzip will PEGIDA gar nicht mehr. Hier leben 600000 Ausländer die gar keine Aufenthaltserlaubnis mehr haben. Zudem geht es bei der ""Islamisierung"" darum das Menschen ein besseres Leben haben wollen und deswegen hier her kommen. Warumn auch immer.  Oder?  Dann ist es für jeden ein Widerspruch wenn Menschen genau die Zustände hier wieder haben wollen die ihnen nur Leid und Elend in ihren Heimatländern gebracht haben. Wäre es da nicht logisch mich zu intigrieren und mich diesen neuen Kulturkreis anzupassen? Schließlich hat unsere Art zu Leben jeden einen gewissen Wohlstand und 70 Jahre Frieden gebracht. Über die Zusammensetzung der Flüchtlinge kann man sich auch nur wundern . Wo sind die ganzen Frauen und Kinder? Auf den Nußschalen die im Mittelmeer treiben sind immer nur Männer im besten Alter. Gegen Frauen und Kinder hätte hier sicherlich niemand was. Aber es gibt eben ein paar Ungereimtheiten die einfach der Klärung bedürfen. Und unsere Politiker setzen dem ganzen dann noch die Krone auf in dem sie behaupten bei über 3 Millionen Arbeitslosen  brauchen wir Fachkräfte aus 3. Welt Staaten. Für uns hier klingt das alles ziemlich lächerlich. Kann schon sein das wir nicht viel bewegen können aber die Politiker wissen jedenfalls jetzt das wir uns nicht für dumm verkaufen lassen.",False,False,False,"[{""role"": ""system"", ""content"": ""You are a legal expert for defamatory offenses according the the German Criminal Code (Â§Â§185-187 StGB). Help the user decide whether given posts fall within in the scope of these articles.""}, {""role"": ""user"", ""content"": ""Is the following post criminally relevant with respect to Â§Â§185-187 StGB (Defamatory Offense)? Answer only with 'True' (criminally relevant according to Â§Â§185-187 StGB) or 'False' (not criminally relevant according to Â§Â§185-187 StGB).""}, {""role"": ""user"", ""content"": ""[@IND] Es werden ja nicht mal die bestehenden Gesetze umgesetzt. Im Prinzip will PEGIDA gar nicht mehr. Hier leben 600000 Ausländer die gar keine Aufenthaltserlaubnis mehr haben. Zudem geht es bei der \""Islamisierung\"" darum das Menschen ein besseres Leben haben wollen und deswegen hier her kommen. Warumn auch immer.  Oder?  Dann ist es für jeden ein Widerspruch wenn Menschen genau die Zustände hier wieder haben wollen die ihnen nur Leid und Elend in ihren Heimatländern gebracht haben. Wäre es da nicht logisch mich zu intigrieren und mich diesen neuen Kulturkreis anzupassen? Schließlich hat unsere Art zu Leben jeden einen gewissen Wohlstand und 70 Jahre Frieden gebracht. Über die Zusammensetzung der Flüchtlinge kann man sich auch nur wundern . Wo sind die ganzen Frauen und Kinder? Auf den Nußschalen die im Mittelmeer treiben sind immer nur Männer im besten Alter. Gegen Frauen und Kinder hätte hier sicherlich niemand was. Aber es gibt eben ein paar Ungereimtheiten die einfach der Klärung bedürfen. Und unsere Politiker setzen dem ganzen dann noch die Krone auf in dem sie behaupten bei über 3 Millionen Arbeitslosen  brauchen wir Fachkräfte aus 3. Welt Staaten. Für uns hier klingt das alles ziemlich lächerlich. Kann schon sein das wir nicht viel bewegen können aber die Politiker wissen jedenfalls jetzt das wir uns nicht für dumm verkaufen lassen.""}]"
935341989837558,"Ich schätze mal, dass mindestens 25% der HartzIV Bezieher Migranten sind. Das relativiert die Kriminalstatistik meiner Meinung nach vom ""Ausländerproblem"" hin zum ""Chanchengleichheits- Bildungs- oder meinetwegen auch Integrationsproblem"". Wobei ich bei Integration an beiderseitige Aufgaben denke und die deutschen aus den sogenannten bildungsfernen Schichten auch als nicht integriert ansehe.",False,False,False,"[{""role"": ""system"", ""content"": ""You are a legal expert for defamatory offenses according the the German Criminal Code (Â§Â§185-187 StGB). Help the user decide whether given posts fall within in the scope of these articles.""}, {""role"": ""user"", ""content"": ""Is the following post criminally relevant with respect to Â§Â§185-187 StGB (Defamatory Offense)? Answer only with 'True' (criminally relevant according to Â§Â§185-187 StGB) or 'False' (not criminally relevant according to Â§Â§185-187 StGB).""}, {""role"": ""user"", ""content"": ""Ich schätze mal, dass mindestens 25% der HartzIV Bezieher Migranten sind. Das relativiert die Kriminalstatistik meiner Meinung nach vom \""Ausländerproblem\"" hin zum \""Chanchengleichheits- Bildungs- oder meinetwegen auch Integrationsproblem\"". Wobei ich bei Integration an beiderseitige Aufgaben denke und die deutschen aus den sogenannten bildungsfernen Schichten auch als nicht integriert ansehe.""}]"
857887580916333,"kann gar nicht sein, die Lügenpresse schreibt doch gar nicht über die von der BRD GmbH bezahlten Gegendemonstranten.
3x3 macht 6",False,False,False,"[{""role"": ""system"", ""content"": ""You are a legal expert for defamatory offenses according the the German Criminal Code (Â§Â§185-187 StGB). Help the user decide whether given posts fall within in the scope of these articles.""}, {""role"": ""user"", ""content"": ""Is the following post criminally relevant with respect to Â§Â§185-187 StGB (Defamatory Offense)? Answer only with 'True' (criminally relevant according to Â§Â§185-187 StGB) or 'False' (not criminally relevant according to Â§Â§185-187 StGB).""}, {""role"": ""user"", ""content"": ""kann gar nicht sein, die Lügenpresse schreibt doch gar nicht über die von der BRD GmbH bezahlten Gegendemonstranten.\r\n3x3 macht 6""}]"
1633,"@PakHosh Sehr gut! Dann hätten die geilen Fettarsch Bepimmler bei jedem Tor: ""OLÉ OLÉ OLE OLE, ZEIG DEINE VORFOTZE ANNALENA"" rufen können, während die geile ihre aufgestrapse Vorvotze den vollblut fickhengsten präsentiert nach dem ausgiebigen Bepimmeln tringt Baerbock den Spermabock.",True,True,True,"[{""role"": ""system"", ""content"": ""You are a legal expert for defamatory offenses according the the German Criminal Code (Â§Â§185-187 StGB). Help the user decide whether given posts fall within in the scope of these articles.""}, {""role"": ""user"", ""content"": ""Is the following post criminally relevant with respect to Â§Â§185-187 StGB (Defamatory Offense)? Answer only with 'True' (criminally relevant according to Â§Â§185-187 StGB) or 'False' (not criminally relevant according to Â§Â§185-187 StGB).""}, {""role"": ""user"", ""content"": ""@PakHosh Sehr gut! Dann hätten die geilen Fettarsch Bepimmler bei jedem Tor: \""OLÉ OLÉ OLE OLE, ZEIG DEINE VORFOTZE ANNALENA\"" rufen können, während die geile ihre aufgestrapse Vorvotze den vollblut fickhengsten präsentiert nach dem ausgiebigen Bepimmeln tringt Baerbock den Spermabock.""}]"
994475803924176,"Die Mehrheit des Deutschen Volkes will kein Multikulti und will auch keine Asylforderer. Die kommenden Landtagswahlen werden diese Aussage bestätigen. Dann bekommen die etablierten Altparteien hoffentlich die Klatsche, die diese Volksverräter verdienen. Und lieber deutscher Michel lass dir nicht von denen da oben, erzählen, dass sich dieses Asylchaos zum Nulltarif finanziert. Jetzt finanziert das der Staat auf Pump. Doch nach den Wahlen kommt für uns die nächste Katastrophe, Steuererhöhungen und Erhöhungen der Krankenkassenbeiträge. Das können wir nur ändern bzw. verhindern, wenn wir endlich mal richtig wählen. Es gibt doch eine Alternative. Nutzen wir diese Chance. Verändern wir dieses Land zum Guten.",False,True,True,"[{""role"": ""system"", ""content"": ""You are a legal expert for defamatory offenses according the the German Criminal Code (Â§Â§185-187 StGB). Help the user decide whether given posts fall within in the scope of these articles.""}, {""role"": ""user"", ""content"": ""Is the following post criminally relevant with respect to Â§Â§185-187 StGB (Defamatory Offense)? Answer only with 'True' (criminally relevant according to Â§Â§185-187 StGB) or 'False' (not criminally relevant according to Â§Â§185-187 StGB).""}, {""role"": ""user"", ""content"": ""Die Mehrheit des Deutschen Volkes will kein Multikulti und will auch keine Asylforderer. Die kommenden Landtagswahlen werden diese Aussage bestätigen. Dann bekommen die etablierten Altparteien hoffentlich die Klatsche, die diese Volksverräter verdienen. Und lieber deutscher Michel lass dir nicht von denen da oben, erzählen, dass sich dieses Asylchaos zum Nulltarif finanziert. Jetzt finanziert das der Staat auf Pump. Doch nach den Wahlen kommt für uns die nächste Katastrophe, Steuererhöhungen und Erhöhungen der Krankenkassenbeiträge. Das können wir nur ändern bzw. verhindern, wenn wir endlich mal richtig wählen. Es gibt doch eine Alternative. Nutzen wir diese Chance. Verändern wir dieses Land zum Guten.""}]"
1065253243513098,Und fragt die Flüchtling doch gleich noch nach der Bundeslade und dem golden Vlies...,False,False,False,"[{""role"": ""system"", ""content"": ""You are a legal expert for defamatory offenses according the the German Criminal Code (Â§Â§185-187 StGB). Help the user decide whether given posts fall within in the scope of these articles.""}, {""role"": ""user"", ""content"": ""Is the following post criminally relevant with respect to Â§Â§185-187 StGB (Defamatory Offense)? Answer only with 'True' (criminally relevant according to Â§Â§185-187 StGB) or 'False' (not criminally relevant according to Â§Â§185-187 StGB).""}, {""role"": ""user"", ""content"": ""Und fragt die Flüchtling doch gleich noch nach der Bundeslade und dem golden Vlies...""}]"
856778357693922,"Vielleicht ist das gar nicht so schlecht, sie brauchen  dort noch einen Kameltreiber und wir sind ihn los. Dem NAZI-Sohn ist das wohl nicht zuzumuten?!",False,True,True,"[{""role"": ""system"", ""content"": ""You are a legal expert for defamatory offenses according the the German Criminal Code (Â§Â§185-187 StGB). Help the user decide whether given posts fall within in the scope of these articles.""}, {""role"": ""user"", ""content"": ""Is the following post criminally relevant with respect to Â§Â§185-187 StGB (Defamatory Offense)? Answer only with 'True' (criminally relevant according to Â§Â§185-187 StGB) or 'False' (not criminally relevant according to Â§Â§185-187 StGB).""}, {""role"": ""user"", ""content"": ""Vielleicht ist das gar nicht so schlecht, sie brauchen  dort noch einen Kameltreiber und wir sind ihn los. Dem NAZI-Sohn ist das wohl nicht zuzumuten?!""}]"
1171,"Realität ist keine Beleidigung. Wer so fett ist, daß die Gesichtskontur weg ist, sollte anderen, gesunden Menschen vllt etwas vom Royal TS Menü erzählen, aber nicht von Impfpflichten.",True,True,True,"[{""role"": ""system"", ""content"": ""You are a legal expert for defamatory offenses according the the German Criminal Code (Â§Â§185-187 StGB). Help the user decide whether given posts fall within in the scope of these articles.""}, {""role"": ""user"", ""content"": ""Is the following post criminally relevant with respect to Â§Â§185-187 StGB (Defamatory Offense)? Answer only with 'True' (criminally relevant according to Â§Â§185-187 StGB) or 'False' (not criminally relevant according to Â§Â§185-187 StGB).""}, {""role"": ""user"", ""content"": ""Realität ist keine Beleidigung. Wer so fett ist, daß die Gesichtskontur weg ist, sollte anderen, gesunden Menschen vllt etwas vom Royal TS Menü erzählen, aber nicht von Impfpflichten.""}]"
1043692745669148,Kirsten Schnee Wahlbeteiligung weit unter 50%! Wahlversprechen und Eid nicht erfüllt! Ausmisten!!!!,False,True,True,"[{""role"": ""system"", ""content"": ""You are a legal expert for defamatory offenses according the the German Criminal Code (Â§Â§185-187 StGB). Help the user decide whether given posts fall within in the scope of these articles.""}, {""role"": ""user"", ""content"": ""Is the following post criminally relevant with respect to Â§Â§185-187 StGB (Defamatory Offense)? Answer only with 'True' (criminally relevant according to Â§Â§185-187 StGB) or 'False' (not criminally relevant according to Â§Â§185-187 StGB).""}, {""role"": ""user"", ""content"": ""Kirsten Schnee Wahlbeteiligung weit unter 50%! Wahlversprechen und Eid nicht erfüllt! Ausmisten!!!!""}]"
622,@TeilzeitWinkler Da findet man all die schön sachen aus der guten alten Zeit,False,False,False,"[{""role"": ""system"", ""content"": ""You are a legal expert for defamatory offenses according the the German Criminal Code (Â§Â§185-187 StGB). Help the user decide whether given posts fall within in the scope of these articles.""}, {""role"": ""user"", ""content"": ""Is the following post criminally relevant with respect to Â§Â§185-187 StGB (Defamatory Offense)? Answer only with 'True' (criminally relevant according to Â§Â§185-187 StGB) or 'False' (not criminally relevant according to Â§Â§185-187 StGB).""}, {""role"": ""user"", ""content"": ""@TeilzeitWinkler Da findet man all die schön sachen aus der guten alten Zeit""}]"
856747371030354,RTL is scheiße :),False,True,True,"[{""role"": ""system"", ""content"": ""You are a legal expert for defamatory offenses according the the German Criminal Code (Â§Â§185-187 StGB). Help the user decide whether given posts fall within in the scope of these articles.""}, {""role"": ""user"", ""content"": ""Is the following post criminally relevant with respect to Â§Â§185-187 StGB (Defamatory Offense)? Answer only with 'True' (criminally relevant according to Â§Â§185-187 StGB) or 'False' (not criminally relevant according to Â§Â§185-187 StGB).""}, {""role"": ""user"", ""content"": ""RTL is scheiße :)""}]"
1121609247877497,"Die Politik von CDU, SPD und GRÜNEN wird in einen Krieg führen, weil sich die Bevölkerung nicht länger für dumm verkaufen lässt.

Seit 30 Jahren predigen diese Versager Wein und liefern nichts als Essig. 

Aber damit nicht genug, beschimpfen sie ausnahmslos jede Opposition als Rechte, als Nazis, als Zerstörer des Sozialstaates.",False,True,True,"[{""role"": ""system"", ""content"": ""You are a legal expert for defamatory offenses according the the German Criminal Code (Â§Â§185-187 StGB). Help the user decide whether given posts fall within in the scope of these articles.""}, {""role"": ""user"", ""content"": ""Is the following post criminally relevant with respect to Â§Â§185-187 StGB (Defamatory Offense)? Answer only with 'True' (criminally relevant according to Â§Â§185-187 StGB) or 'False' (not criminally relevant according to Â§Â§185-187 StGB).""}, {""role"": ""user"", ""content"": ""Die Politik von CDU, SPD und GRÜNEN wird in einen Krieg führen, weil sich die Bevölkerung nicht länger für dumm verkaufen lässt.\r\n\r\nSeit 30 Jahren predigen diese Versager Wein und liefern nichts als Essig. \r\n\r\nAber damit nicht genug, beschimpfen sie ausnahmslos jede Opposition als Rechte, als Nazis, als Zerstörer des Sozialstaates.""}]"
857009177670840,"Giordano gelesen .... Allerdings hatte auch er ein Problem mit dem Islam .... 
Sollte das nicht stutzig machen , Mani Blank ? 
Weil der Nationalsozialismus genauso  eine faschistische Ideologie ist , wie der Islam .... Und wer das nicht sehen will , ist ein Realitätsverweigerer !",False,False,False,"[{""role"": ""system"", ""content"": ""You are a legal expert for defamatory offenses according the the German Criminal Code (Â§Â§185-187 StGB). Help the user decide whether given posts fall within in the scope of these articles.""}, {""role"": ""user"", ""content"": ""Is the following post criminally relevant with respect to Â§Â§185-187 StGB (Defamatory Offense)? Answer only with 'True' (criminally relevant according to Â§Â§185-187 StGB) or 'False' (not criminally relevant according to Â§Â§185-187 StGB).""}, {""role"": ""user"", ""content"": ""Giordano gelesen .... Allerdings hatte auch er ein Problem mit dem Islam .... \r\nSollte das nicht stutzig machen , Mani Blank ? \r\nWeil der Nationalsozialismus genauso  eine faschistische Ideologie ist , wie der Islam .... Und wer das nicht sehen will , ist ein Realitätsverweigerer !""}]"
972222402816183,"nun mit  unserer kaputten leuchte wird das schlecht, einziger trumpf den die noch haben ist antifa, die machen alles für geld und die asylanten auch die zünden auch selber immer wieder mal ihre unterkunft an.",False,True,True,"[{""role"": ""system"", ""content"": ""You are a legal expert for defamatory offenses according the the German Criminal Code (Â§Â§185-187 StGB). Help the user decide whether given posts fall within in the scope of these articles.""}, {""role"": ""user"", ""content"": ""Is the following post criminally relevant with respect to Â§Â§185-187 StGB (Defamatory Offense)? Answer only with 'True' (criminally relevant according to Â§Â§185-187 StGB) or 'False' (not criminally relevant according to Â§Â§185-187 StGB).""}, {""role"": ""user"", ""content"": ""nun mit  unserer kaputten leuchte wird das schlecht, einziger trumpf den die noch haben ist antifa, die machen alles für geld und die asylanten auch die zünden auch selber immer wieder mal ihre unterkunft an.""}]"
1012254508812972,"Aus Rücksicht auf die vielen muslimischen Flüchtlinge muss man arabische Sprache überall verwenden und anstatt ""Weihnachtsmarkt""  einfach ""pazar"" schreiben, deutsche Sprache wird sowieso viel zu rassistisch klingen",False,False,False,"[{""role"": ""system"", ""content"": ""You are a legal expert for defamatory offenses according the the German Criminal Code (Â§Â§185-187 StGB). Help the user decide whether given posts fall within in the scope of these articles.""}, {""role"": ""user"", ""content"": ""Is the following post criminally relevant with respect to Â§Â§185-187 StGB (Defamatory Offense)? Answer only with 'True' (criminally relevant according to Â§Â§185-187 StGB) or 'False' (not criminally relevant according to Â§Â§185-187 StGB).""}, {""role"": ""user"", ""content"": ""Aus Rücksicht auf die vielen muslimischen Flüchtlinge muss man arabische Sprache überall verwenden und anstatt \""Weihnachtsmarkt\""  einfach \""pazar\"" schreiben, deutsche Sprache wird sowieso viel zu rassistisch klingen""}]"
111,"""Edel sei der Mensch, hilfreich und gut"" - Nicht eine dieser Charaktereigenschaften kann Merkel für sich beanspruchen.",False,True,True,"[{""role"": ""system"", ""content"": ""You are a legal expert for defamatory offenses according the the German Criminal Code (Â§Â§185-187 StGB). Help the user decide whether given posts fall within in the scope of these articles.""}, {""role"": ""user"", ""content"": ""Is the following post criminally relevant with respect to Â§Â§185-187 StGB (Defamatory Offense)? Answer only with 'True' (criminally relevant according to Â§Â§185-187 StGB) or 'False' (not criminally relevant according to Â§Â§185-187 StGB).""}, {""role"": ""user"", ""content"": ""\""Edel sei der Mensch, hilfreich und gut\"" - Nicht eine dieser Charaktereigenschaften kann Merkel für sich beanspruchen.""}]"
1069275396444216,"Extreme schenkelklopfing: den Merkel muss weg... ich brech ab! :-) Ihr, liebe junge Deutsche! Du Vollpfosten!! :-)",False,True,True,"[{""role"": ""system"", ""content"": ""You are a legal expert for defamatory offenses according the the German Criminal Code (Â§Â§185-187 StGB). Help the user decide whether given posts fall within in the scope of these articles.""}, {""role"": ""user"", ""content"": ""Is the following post criminally relevant with respect to Â§Â§185-187 StGB (Defamatory Offense)? Answer only with 'True' (criminally relevant according to Â§Â§185-187 StGB) or 'False' (not criminally relevant according to Â§Â§185-187 StGB).""}, {""role"": ""user"", ""content"": ""Extreme schenkelklopfing: den Merkel muss weg... ich brech ab! :-) Ihr, liebe junge Deutsche! Du Vollpfosten!! :-)""}]"
858402107531547,"Lena Roleder danke! Dumme Harz 4 Taugenichtse gross,haben die grösste Fresse. Bin auf Arbeit. Kommentare wie das ihre amüsieren uns. Leider ist meine Pause vorbei sry würde gerne weiter ihre Beschimpfungen lesen. Zum Glück kann das jeder andere ;)",False,True,True,"[{""role"": ""system"", ""content"": ""You are a legal expert for defamatory offenses according the the German Criminal Code (Â§Â§185-187 StGB). Help the user decide whether given posts fall within in the scope of these articles.""}, {""role"": ""user"", ""content"": ""Is the following post criminally relevant with respect to Â§Â§185-187 StGB (Defamatory Offense)? Answer only with 'True' (criminally relevant according to Â§Â§185-187 StGB) or 'False' (not criminally relevant according to Â§Â§185-187 StGB).""}, {""role"": ""user"", ""content"": ""Lena Roleder danke! Dumme Harz 4 Taugenichtse gross,haben die grösste Fresse. Bin auf Arbeit. Kommentare wie das ihre amüsieren uns. Leider ist meine Pause vorbei sry würde gerne weiter ihre Beschimpfungen lesen. Zum Glück kann das jeder andere ;)""}]"
237,@ludhell123 @Blaue_Rose_ddb Seit Jahren werd n wir von dieser Regierung belogen und jetzt sollen wir glauben das es nur ein Fake ist!! Ich glaube das es echt ist!!,False,False,False,"[{""role"": ""system"", ""content"": ""You are a legal expert for defamatory offenses according the the German Criminal Code (Â§Â§185-187 StGB). Help the user decide whether given posts fall within in the scope of these articles.""}, {""role"": ""user"", ""content"": ""Is the following post criminally relevant with respect to Â§Â§185-187 StGB (Defamatory Offense)? Answer only with 'True' (criminally relevant according to Â§Â§185-187 StGB) or 'False' (not criminally relevant according to Â§Â§185-187 StGB).""}, {""role"": ""user"", ""content"": ""@ludhell123 @Blaue_Rose_ddb Seit Jahren werd n wir von dieser Regierung belogen und jetzt sollen wir glauben das es nur ein Fake ist!! Ich glaube das es echt ist!!""}]"
604,"@PolizeiHamburg @Margit030 Und nach Aufnahme der Personalien wahrscheinlich freigelassen ,wäre er ein deutscher Staatsbürger würde er eingebuchtet.",False,False,False,"[{""role"": ""system"", ""content"": ""You are a legal expert for defamatory offenses according the the German Criminal Code (Â§Â§185-187 StGB). Help the user decide whether given posts fall within in the scope of these articles.""}, {""role"": ""user"", ""content"": ""Is the following post criminally relevant with respect to Â§Â§185-187 StGB (Defamatory Offense)? Answer only with 'True' (criminally relevant according to Â§Â§185-187 StGB) or 'False' (not criminally relevant according to Â§Â§185-187 StGB).""}, {""role"": ""user"", ""content"": ""@PolizeiHamburg @Margit030 Und nach Aufnahme der Personalien wahrscheinlich freigelassen ,wäre er ein deutscher Staatsbürger würde er eingebuchtet.""}]"
1038634349508321,"Bis an die Zähne bewaffnet, gepanzert und mit Kampfstiefeln gewappnet wurde heute ein von Rockern betriebenes Bordell von der Polizei durchsucht. Im Gegensatz dazu werden Moscheen 'auf Socken' von der Polizei besucht aus Respekt vor der Kultur. (Ich glaub, das brauch ich nicht weiter kommentieren)",False,False,False,"[{""role"": ""system"", ""content"": ""You are a legal expert for defamatory offenses according the the German Criminal Code (Â§Â§185-187 StGB). Help the user decide whether given posts fall within in the scope of these articles.""}, {""role"": ""user"", ""content"": ""Is the following post criminally relevant with respect to Â§Â§185-187 StGB (Defamatory Offense)? Answer only with 'True' (criminally relevant according to Â§Â§185-187 StGB) or 'False' (not criminally relevant according to Â§Â§185-187 StGB).""}, {""role"": ""user"", ""content"": ""Bis an die Zähne bewaffnet, gepanzert und mit Kampfstiefeln gewappnet wurde heute ein von Rockern betriebenes Bordell von der Polizei durchsucht. Im Gegensatz dazu werden Moscheen 'auf Socken' von der Polizei besucht aus Respekt vor der Kultur. (Ich glaub, das brauch ich nicht weiter kommentieren)""}]"
1065935673444855,"Wenn der Parasit gewusst hätte,was die für ein Wert hat; hätte der die nit zurück gebracht,!",True,True,True,"[{""role"": ""system"", ""content"": ""You are a legal expert for defamatory offenses according the the German Criminal Code (Â§Â§185-187 StGB). Help the user decide whether given posts fall within in the scope of these articles.""}, {""role"": ""user"", ""content"": ""Is the following post criminally relevant with respect to Â§Â§185-187 StGB (Defamatory Offense)? Answer only with 'True' (criminally relevant according to Â§Â§185-187 StGB) or 'False' (not criminally relevant according to Â§Â§185-187 StGB).""}, {""role"": ""user"", ""content"": ""Wenn der Parasit gewusst hätte,was die für ein Wert hat; hätte der die nit zurück gebracht,!""}]"
935309176507506,Das hat mit Blödheit nichts zu tun - das ist Verrat am deutschen Volk.,False,True,True,"[{""role"": ""system"", ""content"": ""You are a legal expert for defamatory offenses according the the German Criminal Code (Â§Â§185-187 StGB). Help the user decide whether given posts fall within in the scope of these articles.""}, {""role"": ""user"", ""content"": ""Is the following post criminally relevant with respect to Â§Â§185-187 StGB (Defamatory Offense)? Answer only with 'True' (criminally relevant according to Â§Â§185-187 StGB) or 'False' (not criminally relevant according to Â§Â§185-187 StGB).""}, {""role"": ""user"", ""content"": ""Das hat mit Blödheit nichts zu tun - das ist Verrat am deutschen Volk.""}]"
813,"@GlasenappHenrik Übrigens, ich holte mir dieses Almosen 1989 NICHT ab 😜, ließ mir meine Würde durch ""Birne"" und ""Schäußle"" nicht nehmen 😜",False,False,False,"[{""role"": ""system"", ""content"": ""You are a legal expert for defamatory offenses according the the German Criminal Code (Â§Â§185-187 StGB). Help the user decide whether given posts fall within in the scope of these articles.""}, {""role"": ""user"", ""content"": ""Is the following post criminally relevant with respect to Â§Â§185-187 StGB (Defamatory Offense)? Answer only with 'True' (criminally relevant according to Â§Â§185-187 StGB) or 'False' (not criminally relevant according to Â§Â§185-187 StGB).""}, {""role"": ""user"", ""content"": ""@GlasenappHenrik Übrigens, ich holte mir dieses Almosen 1989 NICHT ab 😜, ließ mir meine Würde durch \""Birne\"" und \""Schäußle\"" nicht nehmen 😜""}]"
982729191765504,"Ich habe jetzt nur Angst und bitte lasst mich nicht Recht haben bitte bitte bitte.....wenn die, die Grenze nicht mehr halten können und diese Gestürmt wird...diese Horde auf die Polizisten gehen und nur einer die Nerven verliert....und einen oder mehrer Erschiesst dann wird es von innenherraus sowas von abgehen wenn die, die schon hier drinne sind erfahren das auf einen  Ihrer ""Brüder"" geschossen wurde....dann is hier Land unter! ES DREHT SICH MIR DER MAGEN UM bei dem Gedanke",False,False,False,"[{""role"": ""system"", ""content"": ""You are a legal expert for defamatory offenses according the the German Criminal Code (Â§Â§185-187 StGB). Help the user decide whether given posts fall within in the scope of these articles.""}, {""role"": ""user"", ""content"": ""Is the following post criminally relevant with respect to Â§Â§185-187 StGB (Defamatory Offense)? Answer only with 'True' (criminally relevant according to Â§Â§185-187 StGB) or 'False' (not criminally relevant according to Â§Â§185-187 StGB).""}, {""role"": ""user"", ""content"": ""Ich habe jetzt nur Angst und bitte lasst mich nicht Recht haben bitte bitte bitte.....wenn die, die Grenze nicht mehr halten können und diese Gestürmt wird...diese Horde auf die Polizisten gehen und nur einer die Nerven verliert....und einen oder mehrer Erschiesst dann wird es von innenherraus sowas von abgehen wenn die, die schon hier drinne sind erfahren das auf einen  Ihrer \""Brüder\"" geschossen wurde....dann is hier Land unter! ES DREHT SICH MIR DER MAGEN UM bei dem Gedanke""}]"
1107843055920783,Ist das nicht die Ultima Ratio ? also gebrauch von Schusswaffen nötig ? ;),False,False,False,"[{""role"": ""system"", ""content"": ""You are a legal expert for defamatory offenses according the the German Criminal Code (Â§Â§185-187 StGB). Help the user decide whether given posts fall within in the scope of these articles.""}, {""role"": ""user"", ""content"": ""Is the following post criminally relevant with respect to Â§Â§185-187 StGB (Defamatory Offense)? Answer only with 'True' (criminally relevant according to Â§Â§185-187 StGB) or 'False' (not criminally relevant according to Â§Â§185-187 StGB).""}, {""role"": ""user"", ""content"": ""Ist das nicht die Ultima Ratio ? also gebrauch von Schusswaffen nötig ? ;)""}]"
1084372778267811,Merkel glaubt dass sie zaubern kann. Sie sieht wie eine Hexe....,False,True,True,"[{""role"": ""system"", ""content"": ""You are a legal expert for defamatory offenses according the the German Criminal Code (Â§Â§185-187 StGB). Help the user decide whether given posts fall within in the scope of these articles.""}, {""role"": ""user"", ""content"": ""Is the following post criminally relevant with respect to Â§Â§185-187 StGB (Defamatory Offense)? Answer only with 'True' (criminally relevant according to Â§Â§185-187 StGB) or 'False' (not criminally relevant according to Â§Â§185-187 StGB).""}, {""role"": ""user"", ""content"": ""Merkel glaubt dass sie zaubern kann. Sie sieht wie eine Hexe....""}]"
856810217690736,wenn man keine ahnung hat...einfach mal fresse halten!! schöne grüße aus den osten.,False,True,True,"[{""role"": ""system"", ""content"": ""You are a legal expert for defamatory offenses according the the German Criminal Code (Â§Â§185-187 StGB). Help the user decide whether given posts fall within in the scope of these articles.""}, {""role"": ""user"", ""content"": ""Is the following post criminally relevant with respect to Â§Â§185-187 StGB (Defamatory Offense)? Answer only with 'True' (criminally relevant according to Â§Â§185-187 StGB) or 'False' (not criminally relevant according to Â§Â§185-187 StGB).""}, {""role"": ""user"", ""content"": ""wenn man keine ahnung hat...einfach mal fresse halten!! schöne grüße aus den osten.""}]"
1043603299011426,"Das kann doch nicht Wahr sein? Ist es so weit dass Das VOLK nichts zu sagen hat? Ist es so weit dass DAS VOLK zu Sklaven wird? Ist es so weit dass man auf der Strasse nicht gehen darf weil die Islamisten haben das RECHT jede Frau zu vergewaltigen? Die Bischofe, Papst und ganze Klerus schaut zu und freut sich dass alles was sich Frauen erkämpft haben geht zu Grunde. Kirche freut sich die Mittelalter-Rituale zurück zu haben. Ich kehre meine Rücken gegen jede Religion. Zu Teufel mit die alle.",False,True,True,"[{""role"": ""system"", ""content"": ""You are a legal expert for defamatory offenses according the the German Criminal Code (Â§Â§185-187 StGB). Help the user decide whether given posts fall within in the scope of these articles.""}, {""role"": ""user"", ""content"": ""Is the following post criminally relevant with respect to Â§Â§185-187 StGB (Defamatory Offense)? Answer only with 'True' (criminally relevant according to Â§Â§185-187 StGB) or 'False' (not criminally relevant according to Â§Â§185-187 StGB).""}, {""role"": ""user"", ""content"": ""Das kann doch nicht Wahr sein? Ist es so weit dass Das VOLK nichts zu sagen hat? Ist es so weit dass DAS VOLK zu Sklaven wird? Ist es so weit dass man auf der Strasse nicht gehen darf weil die Islamisten haben das RECHT jede Frau zu vergewaltigen? Die Bischofe, Papst und ganze Klerus schaut zu und freut sich dass alles was sich Frauen erkämpft haben geht zu Grunde. Kirche freut sich die Mittelalter-Rituale zurück zu haben. Ich kehre meine Rücken gegen jede Religion. Zu Teufel mit die alle.""}]"
994754917229598,"Hab ja gar nichts gespürt , hässlicher Ackergaul Eddie welcher dass kacken üben muss. Aber gut, der Klügere gibt nach, hast gewonnen.",True,True,True,"[{""role"": ""system"", ""content"": ""You are a legal expert for defamatory offenses according the the German Criminal Code (Â§Â§185-187 StGB). Help the user decide whether given posts fall within in the scope of these articles.""}, {""role"": ""user"", ""content"": ""Is the following post criminally relevant with respect to Â§Â§185-187 StGB (Defamatory Offense)? Answer only with 'True' (criminally relevant according to Â§Â§185-187 StGB) or 'False' (not criminally relevant according to Â§Â§185-187 StGB).""}, {""role"": ""user"", ""content"": ""Hab ja gar nichts gespürt , hässlicher Ackergaul Eddie welcher dass kacken üben muss. Aber gut, der Klügere gibt nach, hast gewonnen.""}]"
741,@MD_Franz @krippmarie Dumm wie Lauch...außen zwar grün aber innen auch hohl...!!,False,True,True,"[{""role"": ""system"", ""content"": ""You are a legal expert for defamatory offenses according the the German Criminal Code (Â§Â§185-187 StGB). Help the user decide whether given posts fall within in the scope of these articles.""}, {""role"": ""user"", ""content"": ""Is the following post criminally relevant with respect to Â§Â§185-187 StGB (Defamatory Offense)? Answer only with 'True' (criminally relevant according to Â§Â§185-187 StGB) or 'False' (not criminally relevant according to Â§Â§185-187 StGB).""}, {""role"": ""user"", ""content"": ""@MD_Franz @krippmarie Dumm wie Lauch...außen zwar grün aber innen auch hohl...!!""}]"
857197417652016,"Solch ein hübsches Mädchen , was noch das ganze Leben vor sich hatte ....und wiedermal Moslems ... http://www.bild.de/regional/berlin/mord/trauer-um-getoetete-schwangere-maria-p-39487354.bild.html",False,True,True,"[{""role"": ""system"", ""content"": ""You are a legal expert for defamatory offenses according the the German Criminal Code (Â§Â§185-187 StGB). Help the user decide whether given posts fall within in the scope of these articles.""}, {""role"": ""user"", ""content"": ""Is the following post criminally relevant with respect to Â§Â§185-187 StGB (Defamatory Offense)? Answer only with 'True' (criminally relevant according to Â§Â§185-187 StGB) or 'False' (not criminally relevant according to Â§Â§185-187 StGB).""}, {""role"": ""user"", ""content"": ""Solch ein hübsches Mädchen , was noch das ganze Leben vor sich hatte ....und wiedermal Moslems ... http://www.bild.de/regional/berlin/mord/trauer-um-getoetete-schwangere-maria-p-39487354.bild.html""}]"
1095988190439603,"nicht schuldig mirantite schuldig Griechenland. Griechenland hat Geld für Migranten erhalten. Das Geld sollte die griechische Regierung mit ihnen zu verbringen sie Migranten in Lagern unterzubringen . Migranten sind zu Fuß frei um Griechenland und Mazedonien wirtschaftlichen Folgen leiden. Unsere Lkw mit verderblichen Waren haben die griechischen Straßen erfasst. (Mazedonien profitieren Hafen Thessaloniki) .Welche den Schaden zu bezahlen. Griechenland unorganisiert, faul und gierig",False,True,True,"[{""role"": ""system"", ""content"": ""You are a legal expert for defamatory offenses according the the German Criminal Code (Â§Â§185-187 StGB). Help the user decide whether given posts fall within in the scope of these articles.""}, {""role"": ""user"", ""content"": ""Is the following post criminally relevant with respect to Â§Â§185-187 StGB (Defamatory Offense)? Answer only with 'True' (criminally relevant according to Â§Â§185-187 StGB) or 'False' (not criminally relevant according to Â§Â§185-187 StGB).""}, {""role"": ""user"", ""content"": ""nicht schuldig mirantite schuldig Griechenland. Griechenland hat Geld für Migranten erhalten. Das Geld sollte die griechische Regierung mit ihnen zu verbringen sie Migranten in Lagern unterzubringen . Migranten sind zu Fuß frei um Griechenland und Mazedonien wirtschaftlichen Folgen leiden. Unsere Lkw mit verderblichen Waren haben die griechischen Straßen erfasst. (Mazedonien profitieren Hafen Thessaloniki) .Welche den Schaden zu bezahlen. Griechenland unorganisiert, faul und gierig""}]"
886008488104242,Man darf zur EZB gern geteilter Ansicht sein. Mir tun hier nur die Polizisten leid auf deren Rücken dies wieder alles ausgetragen wird. Aber reden war ja noch nie die Starke von Antifa und co. Nur Brüllen und Gewalt. Denen gehts echt zu gut.,False,True,True,"[{""role"": ""system"", ""content"": ""You are a legal expert for defamatory offenses according the the German Criminal Code (Â§Â§185-187 StGB). Help the user decide whether given posts fall within in the scope of these articles.""}, {""role"": ""user"", ""content"": ""Is the following post criminally relevant with respect to Â§Â§185-187 StGB (Defamatory Offense)? Answer only with 'True' (criminally relevant according to Â§Â§185-187 StGB) or 'False' (not criminally relevant according to Â§Â§185-187 StGB).""}, {""role"": ""user"", ""content"": ""Man darf zur EZB gern geteilter Ansicht sein. Mir tun hier nur die Polizisten leid auf deren Rücken dies wieder alles ausgetragen wird. Aber reden war ja noch nie die Starke von Antifa und co. Nur Brüllen und Gewalt. Denen gehts echt zu gut.""}]"
1065421463496276,"Jan Westermann gut sie haben den einen gefunden , wahrscheinlich konnte er mit einer Gitarre nichts anfangen , toll ! Bleiben die anderen mind. 1,5 Millionen , die nicht nach Deutschland kamen um Gitarren zu finden ! Und die anderen 800 000 vom letzten Jahr , wovon die meisten unangefochten die Kriminalstatistik sprengen ,wenn sie denn aufgenommen werden würden ! Was willst du mit deinem einen Syrier ? Falls es überhaupt einer ist ? Und wer sagt denn , daß er sie nicht vorher geklaut hat , um sie dann asylbeschleunigent zurück zubringen ? Das kann dein oller Musiker nicht beantworten ! Es gibt genug Asylanten ,welche so einen Blech nicht nötig haben , sich gut benehmen auch anpassen und trotzdem illegal sind ! Das gleiche wäre ,wenn ich irgendwo illegal bin , ich kann mich auch gut benehmen und anpassen bin trotzdem illegal da - kapiert !",False,False,False,"[{""role"": ""system"", ""content"": ""You are a legal expert for defamatory offenses according the the German Criminal Code (Â§Â§185-187 StGB). Help the user decide whether given posts fall within in the scope of these articles.""}, {""role"": ""user"", ""content"": ""Is the following post criminally relevant with respect to Â§Â§185-187 StGB (Defamatory Offense)? Answer only with 'True' (criminally relevant according to Â§Â§185-187 StGB) or 'False' (not criminally relevant according to Â§Â§185-187 StGB).""}, {""role"": ""user"", ""content"": ""Jan Westermann gut sie haben den einen gefunden , wahrscheinlich konnte er mit einer Gitarre nichts anfangen , toll ! Bleiben die anderen mind. 1,5 Millionen , die nicht nach Deutschland kamen um Gitarren zu finden ! Und die anderen 800 000 vom letzten Jahr , wovon die meisten unangefochten die Kriminalstatistik sprengen ,wenn sie denn aufgenommen werden würden ! Was willst du mit deinem einen Syrier ? Falls es überhaupt einer ist ? Und wer sagt denn , daß er sie nicht vorher geklaut hat , um sie dann asylbeschleunigent zurück zubringen ? Das kann dein oller Musiker nicht beantworten ! Es gibt genug Asylanten ,welche so einen Blech nicht nötig haben , sich gut benehmen auch anpassen und trotzdem illegal sind ! Das gleiche wäre ,wenn ich irgendwo illegal bin , ich kann mich auch gut benehmen und anpassen bin trotzdem illegal da - kapiert !""}]"
828,"@rastaflip @Beatrix_vStorch Freundchen, studiere die Weltgeschichte mal etwas genauer. In jenen Ländern,  in denen Vollverschleierung (nur für Frauen) Pflicht ist,  gab!!!! Es einst Kultur und #Vielfalt.  Vor!!!!! der #Islamisierung. |LBR| Bevor du jetzt meckerst, geh bitte Frauen im Iran vor Steinigung retten!",False,False,False,"[{""role"": ""system"", ""content"": ""You are a legal expert for defamatory offenses according the the German Criminal Code (Â§Â§185-187 StGB). Help the user decide whether given posts fall within in the scope of these articles.""}, {""role"": ""user"", ""content"": ""Is the following post criminally relevant with respect to Â§Â§185-187 StGB (Defamatory Offense)? Answer only with 'True' (criminally relevant according to Â§Â§185-187 StGB) or 'False' (not criminally relevant according to Â§Â§185-187 StGB).""}, {""role"": ""user"", ""content"": ""@rastaflip @Beatrix_vStorch Freundchen, studiere die Weltgeschichte mal etwas genauer. In jenen Ländern,  in denen Vollverschleierung (nur für Frauen) Pflicht ist,  gab!!!! Es einst Kultur und #Vielfalt.  Vor!!!!! der #Islamisierung. |LBR| Bevor du jetzt meckerst, geh bitte Frauen im Iran vor Steinigung retten!""}]"
405,@SchuhmacherFr @OnlineMagazin Ehrliche Antwort : wir haben Schwachmaten und Dumpfbacken als Politiker! 😉,False,True,True,"[{""role"": ""system"", ""content"": ""You are a legal expert for defamatory offenses according the the German Criminal Code (Â§Â§185-187 StGB). Help the user decide whether given posts fall within in the scope of these articles.""}, {""role"": ""user"", ""content"": ""Is the following post criminally relevant with respect to Â§Â§185-187 StGB (Defamatory Offense)? Answer only with 'True' (criminally relevant according to Â§Â§185-187 StGB) or 'False' (not criminally relevant according to Â§Â§185-187 StGB).""}, {""role"": ""user"", ""content"": ""@SchuhmacherFr @OnlineMagazin Ehrliche Antwort : wir haben Schwachmaten und Dumpfbacken als Politiker! 😉""}]"
1690,Kleiner hundesohn wie geht`s deiter toten Katze du nastard?,True,True,True,"[{""role"": ""system"", ""content"": ""You are a legal expert for defamatory offenses according the the German Criminal Code (Â§Â§185-187 StGB). Help the user decide whether given posts fall within in the scope of these articles.""}, {""role"": ""user"", ""content"": ""Is the following post criminally relevant with respect to Â§Â§185-187 StGB (Defamatory Offense)? Answer only with 'True' (criminally relevant according to Â§Â§185-187 StGB) or 'False' (not criminally relevant according to Â§Â§185-187 StGB).""}, {""role"": ""user"", ""content"": ""Kleiner hundesohn wie geht`s deiter toten Katze du nastard?""}]"
1095923240446098,"Ja und auch deshalb kommen sie zu  "" UNS "" . Denn hier in Europa und insbesondere Deutschland - DÜRFEN  sie das. In ihrem Land ??????? Na auch deshalb kommen sie zu "" UNS ""., Oder ?",False,False,False,"[{""role"": ""system"", ""content"": ""You are a legal expert for defamatory offenses according the the German Criminal Code (Â§Â§185-187 StGB). Help the user decide whether given posts fall within in the scope of these articles.""}, {""role"": ""user"", ""content"": ""Is the following post criminally relevant with respect to Â§Â§185-187 StGB (Defamatory Offense)? Answer only with 'True' (criminally relevant according to Â§Â§185-187 StGB) or 'False' (not criminally relevant according to Â§Â§185-187 StGB).""}, {""role"": ""user"", ""content"": ""Ja und auch deshalb kommen sie zu  \"" UNS \"" . Denn hier in Europa und insbesondere Deutschland - DÜRFEN  sie das. In ihrem Land ??????? Na auch deshalb kommen sie zu \"" UNS \""., Oder ?""}]"
767,@RegSprecher Farce! Es gibt 7 Millionen Hartzler und davon zwei Millionen Ausländer!,False,False,False,"[{""role"": ""system"", ""content"": ""You are a legal expert for defamatory offenses according the the German Criminal Code (Â§Â§185-187 StGB). Help the user decide whether given posts fall within in the scope of these articles.""}, {""role"": ""user"", ""content"": ""Is the following post criminally relevant with respect to Â§Â§185-187 StGB (Defamatory Offense)? Answer only with 'True' (criminally relevant according to Â§Â§185-187 StGB) or 'False' (not criminally relevant according to Â§Â§185-187 StGB).""}, {""role"": ""user"", ""content"": ""@RegSprecher Farce! Es gibt 7 Millionen Hartzler und davon zwei Millionen Ausländer!""}]"
636,#Invasion #Fakt Das kulturell inkompatible #Gesindel versucht in verbrecherischer Art &amp; Weise die deutschen Wahlen zu beeinflussen!,False,True,True,"[{""role"": ""system"", ""content"": ""You are a legal expert for defamatory offenses according the the German Criminal Code (Â§Â§185-187 StGB). Help the user decide whether given posts fall within in the scope of these articles.""}, {""role"": ""user"", ""content"": ""Is the following post criminally relevant with respect to Â§Â§185-187 StGB (Defamatory Offense)? Answer only with 'True' (criminally relevant according to Â§Â§185-187 StGB) or 'False' (not criminally relevant according to Â§Â§185-187 StGB).""}, {""role"": ""user"", ""content"": ""#Invasion #Fakt Das kulturell inkompatible #Gesindel versucht in verbrecherischer Art &amp; Weise die deutschen Wahlen zu beeinflussen!""}]"
994100210628402,"Lara Schmid ,falsch sie meinten bildung ist wenns keine einbildung ist sie klugscheißerin. stecken sie ihren hals wieder in ihr refugeesdreckloch in münchen wo sie gerade rausgekommen sind. sie sind hier nicht welcome und bei den meisten münchener sicher auch nicht",True,True,True,"[{""role"": ""system"", ""content"": ""You are a legal expert for defamatory offenses according the the German Criminal Code (Â§Â§185-187 StGB). Help the user decide whether given posts fall within in the scope of these articles.""}, {""role"": ""user"", ""content"": ""Is the following post criminally relevant with respect to Â§Â§185-187 StGB (Defamatory Offense)? Answer only with 'True' (criminally relevant according to Â§Â§185-187 StGB) or 'False' (not criminally relevant according to Â§Â§185-187 StGB).""}, {""role"": ""user"", ""content"": ""Lara Schmid ,falsch sie meinten bildung ist wenns keine einbildung ist sie klugscheißerin. stecken sie ihren hals wieder in ihr refugeesdreckloch in münchen wo sie gerade rausgekommen sind. sie sind hier nicht welcome und bei den meisten münchener sicher auch nicht""}]"
1349,"spakkoherz, ich schlitz deiner Supermuschi ihr geiles Bäuchlein auf, dass kannste dir nix vergleichbares suchen. heulste dann? Schwanzlutscherin Ich pisse auf dich siehst du bist doch ne nutte macht pole dance ... blöde Scheiss Tussi ... fick weiter ... schwänze lutsche mit dem Gesicht Vollpakkoatsch ... Fick dich bis dir der Arsch aufreisst. Wixxgesicht",True,True,True,"[{""role"": ""system"", ""content"": ""You are a legal expert for defamatory offenses according the the German Criminal Code (Â§Â§185-187 StGB). Help the user decide whether given posts fall within in the scope of these articles.""}, {""role"": ""user"", ""content"": ""Is the following post criminally relevant with respect to Â§Â§185-187 StGB (Defamatory Offense)? Answer only with 'True' (criminally relevant according to Â§Â§185-187 StGB) or 'False' (not criminally relevant according to Â§Â§185-187 StGB).""}, {""role"": ""user"", ""content"": ""spakkoherz, ich schlitz deiner Supermuschi ihr geiles Bäuchlein auf, dass kannste dir nix vergleichbares suchen. heulste dann? Schwanzlutscherin Ich pisse auf dich siehst du bist doch ne nutte macht pole dance ... blöde Scheiss Tussi ... fick weiter ... schwänze lutsche mit dem Gesicht Vollpakkoatsch ... Fick dich bis dir der Arsch aufreisst. Wixxgesicht""}]"
965,So Schmierfinke wie Frau Maischberger sind die wahren Feinde der Demokratie. |LBR| #maischberger,False,True,True,"[{""role"": ""system"", ""content"": ""You are a legal expert for defamatory offenses according the the German Criminal Code (Â§Â§185-187 StGB). Help the user decide whether given posts fall within in the scope of these articles.""}, {""role"": ""user"", ""content"": ""Is the following post criminally relevant with respect to Â§Â§185-187 StGB (Defamatory Offense)? Answer only with 'True' (criminally relevant according to Â§Â§185-187 StGB) or 'False' (not criminally relevant according to Â§Â§185-187 StGB).""}, {""role"": ""user"", ""content"": ""So Schmierfinke wie Frau Maischberger sind die wahren Feinde der Demokratie. |LBR| #maischberger""}]"
856899147681843,"Der Tobias mag sicher im Kalifat NRW die große Fresse haben. (Vor seinem Rechner sowieso.) Der leckt lieber den Muselmännern den Arsch, als für Deutschland auf die Straße zu gehen.",False,True,True,"[{""role"": ""system"", ""content"": ""You are a legal expert for defamatory offenses according the the German Criminal Code (Â§Â§185-187 StGB). Help the user decide whether given posts fall within in the scope of these articles.""}, {""role"": ""user"", ""content"": ""Is the following post criminally relevant with respect to Â§Â§185-187 StGB (Defamatory Offense)? Answer only with 'True' (criminally relevant according to Â§Â§185-187 StGB) or 'False' (not criminally relevant according to Â§Â§185-187 StGB).""}, {""role"": ""user"", ""content"": ""Der Tobias mag sicher im Kalifat NRW die große Fresse haben. (Vor seinem Rechner sowieso.) Der leckt lieber den Muselmännern den Arsch, als für Deutschland auf die Straße zu gehen.""}]"
982699331768490,die solln im eigenem land kämpfen - brauchen nicht so weit reisen um unruhe zu stiften,False,False,False,"[{""role"": ""system"", ""content"": ""You are a legal expert for defamatory offenses according the the German Criminal Code (Â§Â§185-187 StGB). Help the user decide whether given posts fall within in the scope of these articles.""}, {""role"": ""user"", ""content"": ""Is the following post criminally relevant with respect to Â§Â§185-187 StGB (Defamatory Offense)? Answer only with 'True' (criminally relevant according to Â§Â§185-187 StGB) or 'False' (not criminally relevant according to Â§Â§185-187 StGB).""}, {""role"": ""user"", ""content"": ""die solln im eigenem land kämpfen - brauchen nicht so weit reisen um unruhe zu stiften""}]"
935485073156583,Ihr seit ganz klar ein Fall für den 'Der goldene Aluhut,False,True,True,"[{""role"": ""system"", ""content"": ""You are a legal expert for defamatory offenses according the the German Criminal Code (Â§Â§185-187 StGB). Help the user decide whether given posts fall within in the scope of these articles.""}, {""role"": ""user"", ""content"": ""Is the following post criminally relevant with respect to Â§Â§185-187 StGB (Defamatory Offense)? Answer only with 'True' (criminally relevant according to Â§Â§185-187 StGB) or 'False' (not criminally relevant according to Â§Â§185-187 StGB).""}, {""role"": ""user"", ""content"": ""Ihr seit ganz klar ein Fall für den 'Der goldene Aluhut""}]"
1035402853164804,einfach nur asi!,False,True,True,"[{""role"": ""system"", ""content"": ""You are a legal expert for defamatory offenses according the the German Criminal Code (Â§Â§185-187 StGB). Help the user decide whether given posts fall within in the scope of these articles.""}, {""role"": ""user"", ""content"": ""Is the following post criminally relevant with respect to Â§Â§185-187 StGB (Defamatory Offense)? Answer only with 'True' (criminally relevant according to Â§Â§185-187 StGB) or 'False' (not criminally relevant according to Â§Â§185-187 StGB).""}, {""role"": ""user"", ""content"": ""einfach nur asi!""}]"
856800844358340,Die Presse lügt mal wieder das blaue vom Himmel. Pegida braucht keine bezahlten Berufsdemonstranten wie die Gegenseite! Respekt vor dem Mur.,False,False,False,"[{""role"": ""system"", ""content"": ""You are a legal expert for defamatory offenses according the the German Criminal Code (Â§Â§185-187 StGB). Help the user decide whether given posts fall within in the scope of these articles.""}, {""role"": ""user"", ""content"": ""Is the following post criminally relevant with respect to Â§Â§185-187 StGB (Defamatory Offense)? Answer only with 'True' (criminally relevant according to Â§Â§185-187 StGB) or 'False' (not criminally relevant according to Â§Â§185-187 StGB).""}, {""role"": ""user"", ""content"": ""Die Presse lügt mal wieder das blaue vom Himmel. Pegida braucht keine bezahlten Berufsdemonstranten wie die Gegenseite! Respekt vor dem Mur.""}]"
993931740645249,"Es freut mich das immer Menschen begreifen was uns die Politiker und Merkel mit ihrer Unfähigkeit an tun bzw.  angetan haben !!! Machen Sie Platz , sie sind alle fehl am Platz  !!!  Haut endlich ab und nehmt die Invasoren die ihr eingeladen habt mit !!! Das bestreitet ihr ja bis heute das sie eingeladen habt !!!! 
Verschwindet auf nimmer Widersehen  !!!!!",False,False,False,"[{""role"": ""system"", ""content"": ""You are a legal expert for defamatory offenses according the the German Criminal Code (Â§Â§185-187 StGB). Help the user decide whether given posts fall within in the scope of these articles.""}, {""role"": ""user"", ""content"": ""Is the following post criminally relevant with respect to Â§Â§185-187 StGB (Defamatory Offense)? Answer only with 'True' (criminally relevant according to Â§Â§185-187 StGB) or 'False' (not criminally relevant according to Â§Â§185-187 StGB).""}, {""role"": ""user"", ""content"": ""Es freut mich das immer Menschen begreifen was uns die Politiker und Merkel mit ihrer Unfähigkeit an tun bzw.  angetan haben !!! Machen Sie Platz , sie sind alle fehl am Platz  !!!  Haut endlich ab und nehmt die Invasoren die ihr eingeladen habt mit !!! Das bestreitet ihr ja bis heute das sie eingeladen habt !!!! \r\nVerschwindet auf nimmer Widersehen  !!!!!""}]"
1085231938181895,Diese verfluchte Brut.,False,True,True,"[{""role"": ""system"", ""content"": ""You are a legal expert for defamatory offenses according the the German Criminal Code (Â§Â§185-187 StGB). Help the user decide whether given posts fall within in the scope of these articles.""}, {""role"": ""user"", ""content"": ""Is the following post criminally relevant with respect to Â§Â§185-187 StGB (Defamatory Offense)? Answer only with 'True' (criminally relevant according to Â§Â§185-187 StGB) or 'False' (not criminally relevant according to Â§Â§185-187 StGB).""}, {""role"": ""user"", ""content"": ""Diese verfluchte Brut.""}]"
1096047900433632,Ist dise Inszenierung nicht die Handschrift von links/grün versifften Flüchtlingsaktivisten ? :v,False,True,True,"[{""role"": ""system"", ""content"": ""You are a legal expert for defamatory offenses according the the German Criminal Code (Â§Â§185-187 StGB). Help the user decide whether given posts fall within in the scope of these articles.""}, {""role"": ""user"", ""content"": ""Is the following post criminally relevant with respect to Â§Â§185-187 StGB (Defamatory Offense)? Answer only with 'True' (criminally relevant according to Â§Â§185-187 StGB) or 'False' (not criminally relevant according to Â§Â§185-187 StGB).""}, {""role"": ""user"", ""content"": ""Ist dise Inszenierung nicht die Handschrift von links/grün versifften Flüchtlingsaktivisten ? :v""}]"
982664341771989,"Da sieht man sie, die traumatisierten, ausgehungerten, dankbaren Kriegsflüchtlinge. Die Ungarn sind nicht zu beneiden. Wenn der Zaun scheitert, scheitert Orban und wenn Orban scheitert, kommt Jobbik und gegen Jobbik ist die NPD wie Kindergarten Krabbelgruppe. Die Menschen im sowjetisch unterjochten Europa haben 1989 IHRE EIGENE Reisefreiheit erkämpft und nicht die Freiheit von Fremden zu Millionen ILLEGAL in Land einzufallen. Statt Milliarden für sinnlose Bankenrettungen hätte man mal lieber in ordentlichen Grenzschutz investiert.",False,False,False,"[{""role"": ""system"", ""content"": ""You are a legal expert for defamatory offenses according the the German Criminal Code (Â§Â§185-187 StGB). Help the user decide whether given posts fall within in the scope of these articles.""}, {""role"": ""user"", ""content"": ""Is the following post criminally relevant with respect to Â§Â§185-187 StGB (Defamatory Offense)? Answer only with 'True' (criminally relevant according to Â§Â§185-187 StGB) or 'False' (not criminally relevant according to Â§Â§185-187 StGB).""}, {""role"": ""user"", ""content"": ""Da sieht man sie, die traumatisierten, ausgehungerten, dankbaren Kriegsflüchtlinge. Die Ungarn sind nicht zu beneiden. Wenn der Zaun scheitert, scheitert Orban und wenn Orban scheitert, kommt Jobbik und gegen Jobbik ist die NPD wie Kindergarten Krabbelgruppe. Die Menschen im sowjetisch unterjochten Europa haben 1989 IHRE EIGENE Reisefreiheit erkämpft und nicht die Freiheit von Fremden zu Millionen ILLEGAL in Land einzufallen. Statt Milliarden für sinnlose Bankenrettungen hätte man mal lieber in ordentlichen Grenzschutz investiert.""}]"
1353,"Hey Jugorette, Ihr scheiß Jugos seid nichts anderes als ein hinterhältiges, großmäuliges und verlogenes Stück Scheiße! Euch braucht keine Sau und ohne euch gebe es auf der Welt keine Asozialen und Verbrecher! Ihr widerlichen Osteuropäer seid eine Beleidigung für jeden gesunden Menschenverstand! Ihr seid der Grund, warum es Eugenik gibt! Jugos gehören sterilisiert!!! P.S.: Euren Islamismus könnt ihr euch dahinstecken, wo nie die Sonne scheint!",True,True,True,"[{""role"": ""system"", ""content"": ""You are a legal expert for defamatory offenses according the the German Criminal Code (Â§Â§185-187 StGB). Help the user decide whether given posts fall within in the scope of these articles.""}, {""role"": ""user"", ""content"": ""Is the following post criminally relevant with respect to Â§Â§185-187 StGB (Defamatory Offense)? Answer only with 'True' (criminally relevant according to Â§Â§185-187 StGB) or 'False' (not criminally relevant according to Â§Â§185-187 StGB).""}, {""role"": ""user"", ""content"": ""Hey Jugorette, Ihr scheiß Jugos seid nichts anderes als ein hinterhältiges, großmäuliges und verlogenes Stück Scheiße! Euch braucht keine Sau und ohne euch gebe es auf der Welt keine Asozialen und Verbrecher! Ihr widerlichen Osteuropäer seid eine Beleidigung für jeden gesunden Menschenverstand! Ihr seid der Grund, warum es Eugenik gibt! Jugos gehören sterilisiert!!! P.S.: Euren Islamismus könnt ihr euch dahinstecken, wo nie die Sonne scheint!""}]"
214,@sun_meets_rain Euer Shop ist ja auch toll! :-) &lt;3,False,False,False,"[{""role"": ""system"", ""content"": ""You are a legal expert for defamatory offenses according the the German Criminal Code (Â§Â§185-187 StGB). Help the user decide whether given posts fall within in the scope of these articles.""}, {""role"": ""user"", ""content"": ""Is the following post criminally relevant with respect to Â§Â§185-187 StGB (Defamatory Offense)? Answer only with 'True' (criminally relevant according to Â§Â§185-187 StGB) or 'False' (not criminally relevant according to Â§Â§185-187 StGB).""}, {""role"": ""user"", ""content"": ""@sun_meets_rain Euer Shop ist ja auch toll! :-) &lt;3""}]"
1095900207115068,Welches Land möchte denn mit diesem Pack zusammenleben.Ab zurück und ihre Heimat aufbauen.,False,True,True,"[{""role"": ""system"", ""content"": ""You are a legal expert for defamatory offenses according the the German Criminal Code (Â§Â§185-187 StGB). Help the user decide whether given posts fall within in the scope of these articles.""}, {""role"": ""user"", ""content"": ""Is the following post criminally relevant with respect to Â§Â§185-187 StGB (Defamatory Offense)? Answer only with 'True' (criminally relevant according to Â§Â§185-187 StGB) or 'False' (not criminally relevant according to Â§Â§185-187 StGB).""}, {""role"": ""user"", ""content"": ""Welches Land möchte denn mit diesem Pack zusammenleben.Ab zurück und ihre Heimat aufbauen.""}]"
316,"Hallo Freunde, muss mich doch mal melden, ich hoffe, Ihr seid alle gesund und munter. 5 Wochen in Polen, eine Wohltat für meine Seele.",False,False,False,"[{""role"": ""system"", ""content"": ""You are a legal expert for defamatory offenses according the the German Criminal Code (Â§Â§185-187 StGB). Help the user decide whether given posts fall within in the scope of these articles.""}, {""role"": ""user"", ""content"": ""Is the following post criminally relevant with respect to Â§Â§185-187 StGB (Defamatory Offense)? Answer only with 'True' (criminally relevant according to Â§Â§185-187 StGB) or 'False' (not criminally relevant according to Â§Â§185-187 StGB).""}, {""role"": ""user"", ""content"": ""Hallo Freunde, muss mich doch mal melden, ich hoffe, Ihr seid alle gesund und munter. 5 Wochen in Polen, eine Wohltat für meine Seele.""}]"
856852324353192,Die Komiker Antifa...schon immer Wehrdienst verweigert..aber gegen Bürger..Frauen und Kinder kämpfen wollen...einfach genauso Feiglinge wie die Islamisten Schmeissfliegen...,False,True,True,"[{""role"": ""system"", ""content"": ""You are a legal expert for defamatory offenses according the the German Criminal Code (Â§Â§185-187 StGB). Help the user decide whether given posts fall within in the scope of these articles.""}, {""role"": ""user"", ""content"": ""Is the following post criminally relevant with respect to Â§Â§185-187 StGB (Defamatory Offense)? Answer only with 'True' (criminally relevant according to Â§Â§185-187 StGB) or 'False' (not criminally relevant according to Â§Â§185-187 StGB).""}, {""role"": ""user"", ""content"": ""Die Komiker Antifa...schon immer Wehrdienst verweigert..aber gegen Bürger..Frauen und Kinder kämpfen wollen...einfach genauso Feiglinge wie die Islamisten Schmeissfliegen...""}]"
697,@Hartes_Geld @PatMair1 So einen wie den haben wir früher in der Pfeife geraucht. Heute auch noch,True,True,True,"[{""role"": ""system"", ""content"": ""You are a legal expert for defamatory offenses according the the German Criminal Code (Â§Â§185-187 StGB). Help the user decide whether given posts fall within in the scope of these articles.""}, {""role"": ""user"", ""content"": ""Is the following post criminally relevant with respect to Â§Â§185-187 StGB (Defamatory Offense)? Answer only with 'True' (criminally relevant according to Â§Â§185-187 StGB) or 'False' (not criminally relevant according to Â§Â§185-187 StGB).""}, {""role"": ""user"", ""content"": ""@Hartes_Geld @PatMair1 So einen wie den haben wir früher in der Pfeife geraucht. Heute auch noch""}]"
857923687579389,"Dyke Wood,wann distanzierst du dich von den vielen gewalttätigen Linksradikalen (mit faschistoiden Gedankenkengut) in der staatlich alimentierten `Antipegida-Front?Apropos, `dumme,ignorante und weltfremde Menschen´ laut deiner Aussage,sind gewiss nicht Menschen die selbstständig denken können,sondern  vielmehr indoktrinierte Antipegidas!!!",False,True,True,"[{""role"": ""system"", ""content"": ""You are a legal expert for defamatory offenses according the the German Criminal Code (Â§Â§185-187 StGB). Help the user decide whether given posts fall within in the scope of these articles.""}, {""role"": ""user"", ""content"": ""Is the following post criminally relevant with respect to Â§Â§185-187 StGB (Defamatory Offense)? Answer only with 'True' (criminally relevant according to Â§Â§185-187 StGB) or 'False' (not criminally relevant according to Â§Â§185-187 StGB).""}, {""role"": ""user"", ""content"": ""Dyke Wood,wann distanzierst du dich von den vielen gewalttätigen Linksradikalen (mit faschistoiden Gedankenkengut) in der staatlich alimentierten `Antipegida-Front?Apropos, `dumme,ignorante und weltfremde Menschen´ laut deiner Aussage,sind gewiss nicht Menschen die selbstständig denken können,sondern  vielmehr indoktrinierte Antipegidas!!!""}]"
894910673880690,Unter was zählen denn die ganzen Ehrenmorde von Muslimen an Deutschen?,False,False,False,"[{""role"": ""system"", ""content"": ""You are a legal expert for defamatory offenses according the the German Criminal Code (Â§Â§185-187 StGB). Help the user decide whether given posts fall within in the scope of these articles.""}, {""role"": ""user"", ""content"": ""Is the following post criminally relevant with respect to Â§Â§185-187 StGB (Defamatory Offense)? Answer only with 'True' (criminally relevant according to Â§Â§185-187 StGB) or 'False' (not criminally relevant according to Â§Â§185-187 StGB).""}, {""role"": ""user"", ""content"": ""Unter was zählen denn die ganzen Ehrenmorde von Muslimen an Deutschen?""}]"
1315,"WAS SOLL der ganse tubohawoo odder wie das heissen tut, nur weil nen arischer bolizist nen neger nen bisschen gedrückt hat??? ja klaaaaaaar, sofort die antifa gegen den FÜHRER donält trump, aba an dem beissen di dreks linken neger sich die zähne aus, der schiesst wirklich, bernd höcke kriegt nen stender.VOLK! sehr gut, donält trump tut was gegen neger, nicht wie im stasi ddr2 soros bill gates dreks mürkülül, jeder fernünftige faschist tut was gegen neger (und musels, unt türken, und behinderte, unt aale die keine bio deutschen arier ossylanten sint),. VOLK! DEEP STATE, soros, bill gates, im erika, aales roter fersiffter drek deru uns mit negern fluten will, aber wiehr in sachsen, wiehr wehlen aefde. VOLK! tränen gas unt schlag stöcke isst schwul, trump muss panse aufie strasse rollen lassen unt aale neger unt antifa platt fahren tuen, nur noch trump, putin, orban unt aefde. VOLK! dreks lügenpresse, son drek, dass isst doch nur die antifa die aales gabuttmachen will mit der ausrede dass nen neger ausgeschwitzt wurde, nur noch aefde. VOLK! waruhm, waruhm müssen wiehr rinder aus kanaggen ländern imboprtieren, wiehr aefde ossyclanten tuen fordern run, nur noch bio deutsches rind aus sachsen. VOLK!",True,True,True,"[{""role"": ""system"", ""content"": ""You are a legal expert for defamatory offenses according the the German Criminal Code (Â§Â§185-187 StGB). Help the user decide whether given posts fall within in the scope of these articles.""}, {""role"": ""user"", ""content"": ""Is the following post criminally relevant with respect to Â§Â§185-187 StGB (Defamatory Offense)? Answer only with 'True' (criminally relevant according to Â§Â§185-187 StGB) or 'False' (not criminally relevant according to Â§Â§185-187 StGB).""}, {""role"": ""user"", ""content"": ""WAS SOLL der ganse tubohawoo odder wie das heissen tut, nur weil nen arischer bolizist nen neger nen bisschen gedrückt hat??? ja klaaaaaaar, sofort die antifa gegen den FÜHRER donält trump, aba an dem beissen di dreks linken neger sich die zähne aus, der schiesst wirklich, bernd höcke kriegt nen stender.VOLK! sehr gut, donält trump tut was gegen neger, nicht wie im stasi ddr2 soros bill gates dreks mürkülül, jeder fernünftige faschist tut was gegen neger (und musels, unt türken, und behinderte, unt aale die keine bio deutschen arier ossylanten sint),. VOLK! DEEP STATE, soros, bill gates, im erika, aales roter fersiffter drek deru uns mit negern fluten will, aber wiehr in sachsen, wiehr wehlen aefde. VOLK! tränen gas unt schlag stöcke isst schwul, trump muss panse aufie strasse rollen lassen unt aale neger unt antifa platt fahren tuen, nur noch trump, putin, orban unt aefde. VOLK! dreks lügenpresse, son drek, dass isst doch nur die antifa die aales gabuttmachen will mit der ausrede dass nen neger ausgeschwitzt wurde, nur noch aefde. VOLK! waruhm, waruhm müssen wiehr rinder aus kanaggen ländern imboprtieren, wiehr aefde ossyclanten tuen fordern run, nur noch bio deutsches rind aus sachsen. VOLK!""}]"
1121661251205630,"Endlich haben Pegida und AfD zusammengefunden!  Wir müssen jetzt alle Kräfte für den Widerstand bündeln, sonst werden wir vom Islam überrannt. Es kann nicht angehen, dass wir hier alle Welt durchfüttern müssen und jeden Tag dafür arbeiten. Und die Asylanten machen sich einen schönen Tag und überweisen in der Post per Western Union ihr Geld in die Heimat. 
Und wir Deutschen haben jeden Monat weniger Geld zum Leben und können uns nicht viel leisten.",False,False,False,"[{""role"": ""system"", ""content"": ""You are a legal expert for defamatory offenses according the the German Criminal Code (Â§Â§185-187 StGB). Help the user decide whether given posts fall within in the scope of these articles.""}, {""role"": ""user"", ""content"": ""Is the following post criminally relevant with respect to Â§Â§185-187 StGB (Defamatory Offense)? Answer only with 'True' (criminally relevant according to Â§Â§185-187 StGB) or 'False' (not criminally relevant according to Â§Â§185-187 StGB).""}, {""role"": ""user"", ""content"": ""Endlich haben Pegida und AfD zusammengefunden!  Wir müssen jetzt alle Kräfte für den Widerstand bündeln, sonst werden wir vom Islam überrannt. Es kann nicht angehen, dass wir hier alle Welt durchfüttern müssen und jeden Tag dafür arbeiten. Und die Asylanten machen sich einen schönen Tag und überweisen in der Post per Western Union ihr Geld in die Heimat. \r\nUnd wir Deutschen haben jeden Monat weniger Geld zum Leben und können uns nicht viel leisten.""}]"
750,Von der Leyen soll sich endlich um ihre Kinder kümmern. Ab an den |LBR| Herd. In ihrem Job absolut unfähig.,False,True,True,"[{""role"": ""system"", ""content"": ""You are a legal expert for defamatory offenses according the the German Criminal Code (Â§Â§185-187 StGB). Help the user decide whether given posts fall within in the scope of these articles.""}, {""role"": ""user"", ""content"": ""Is the following post criminally relevant with respect to Â§Â§185-187 StGB (Defamatory Offense)? Answer only with 'True' (criminally relevant according to Â§Â§185-187 StGB) or 'False' (not criminally relevant according to Â§Â§185-187 StGB).""}, {""role"": ""user"", ""content"": ""Von der Leyen soll sich endlich um ihre Kinder kümmern. Ab an den |LBR| Herd. In ihrem Job absolut unfähig.""}]"
1810,"Nein, #Plasberg.  #Laschet ist nicht zu lieb und niedlich für Kanzler. Der Clown ist zu klimafeindlich, korrupt, inkompetent, asozial und steht viel zu sehr auf tote und schwerverletzte Opfer von Pandemie für Kanzler!  Steck dir die Suggestivfrage, du Napf!   #hartaberfair",True,True,True,"[{""role"": ""system"", ""content"": ""You are a legal expert for defamatory offenses according the the German Criminal Code (Â§Â§185-187 StGB). Help the user decide whether given posts fall within in the scope of these articles.""}, {""role"": ""user"", ""content"": ""Is the following post criminally relevant with respect to Â§Â§185-187 StGB (Defamatory Offense)? Answer only with 'True' (criminally relevant according to Â§Â§185-187 StGB) or 'False' (not criminally relevant according to Â§Â§185-187 StGB).""}, {""role"": ""user"", ""content"": ""Nein, #Plasberg.  #Laschet ist nicht zu lieb und niedlich für Kanzler. Der Clown ist zu klimafeindlich, korrupt, inkompetent, asozial und steht viel zu sehr auf tote und schwerverletzte Opfer von Pandemie für Kanzler!  Steck dir die Suggestivfrage, du Napf!   #hartaberfair""}]"
861954740509617,Ignoriert ihn.. is een grüner Spinner.. er steht wohl eher auf seine Pedo Partei..,True,True,True,"[{""role"": ""system"", ""content"": ""You are a legal expert for defamatory offenses according the the German Criminal Code (Â§Â§185-187 StGB). Help the user decide whether given posts fall within in the scope of these articles.""}, {""role"": ""user"", ""content"": ""Is the following post criminally relevant with respect to Â§Â§185-187 StGB (Defamatory Offense)? Answer only with 'True' (criminally relevant according to Â§Â§185-187 StGB) or 'False' (not criminally relevant according to Â§Â§185-187 StGB).""}, {""role"": ""user"", ""content"": ""Ignoriert ihn.. is een grüner Spinner.. er steht wohl eher auf seine Pedo Partei..""}]"
1095904427114646,"Alle 3 Lkws die vorne standen, hätten nur durch fahren müssen Tempo 80 ^^ dann wäre die Autobahn wieder frei gewesen ^^ warum die noch stau verursachen müssen, zurück ins Land abgewiesen werden sollten solche ... Die so ne scheiße machen+",False,True,True,"[{""role"": ""system"", ""content"": ""You are a legal expert for defamatory offenses according the the German Criminal Code (Â§Â§185-187 StGB). Help the user decide whether given posts fall within in the scope of these articles.""}, {""role"": ""user"", ""content"": ""Is the following post criminally relevant with respect to Â§Â§185-187 StGB (Defamatory Offense)? Answer only with 'True' (criminally relevant according to Â§Â§185-187 StGB) or 'False' (not criminally relevant according to Â§Â§185-187 StGB).""}, {""role"": ""user"", ""content"": ""Alle 3 Lkws die vorne standen, hätten nur durch fahren müssen Tempo 80 ^^ dann wäre die Autobahn wieder frei gewesen ^^ warum die noch stau verursachen müssen, zurück ins Land abgewiesen werden sollten solche ... Die so ne scheiße machen+""}]"
1323,"Dreckige bastarde, die sollen jeden Tag drum beten das nicht so einer wie ich diese wiederwärtigen Wesen in die Finger bekomme. Für das leid was die den kl. Engeln angetan haben würde ich sie nicht töten, der Tod wäre für die ein Geschenk.",True,True,True,"[{""role"": ""system"", ""content"": ""You are a legal expert for defamatory offenses according the the German Criminal Code (Â§Â§185-187 StGB). Help the user decide whether given posts fall within in the scope of these articles.""}, {""role"": ""user"", ""content"": ""Is the following post criminally relevant with respect to Â§Â§185-187 StGB (Defamatory Offense)? Answer only with 'True' (criminally relevant according to Â§Â§185-187 StGB) or 'False' (not criminally relevant according to Â§Â§185-187 StGB).""}, {""role"": ""user"", ""content"": ""Dreckige bastarde, die sollen jeden Tag drum beten das nicht so einer wie ich diese wiederwärtigen Wesen in die Finger bekomme. Für das leid was die den kl. Engeln angetan haben würde ich sie nicht töten, der Tod wäre für die ein Geschenk.""}]"
184,"Wenn die Flugzeugführer Angst haben vor Migranten, müssen die Herrschaften eben |LBR| in Handschellen abgeschoben werden. Wo sind wir denn?",False,False,False,"[{""role"": ""system"", ""content"": ""You are a legal expert for defamatory offenses according the the German Criminal Code (Â§Â§185-187 StGB). Help the user decide whether given posts fall within in the scope of these articles.""}, {""role"": ""user"", ""content"": ""Is the following post criminally relevant with respect to Â§Â§185-187 StGB (Defamatory Offense)? Answer only with 'True' (criminally relevant according to Â§Â§185-187 StGB) or 'False' (not criminally relevant according to Â§Â§185-187 StGB).""}, {""role"": ""user"", ""content"": ""Wenn die Flugzeugführer Angst haben vor Migranten, müssen die Herrschaften eben |LBR| in Handschellen abgeschoben werden. Wo sind wir denn?""}]"
894862900552134,"Als die Russen damals Afghanistan überfallen haben u. 10 Jahre lang versucht hatten, das Land einzunehmen, war Herr Todenhöfer Stammgast bei seinen muslimischen Kämpfern. Sogar in den Schützengräben war er und hat die ""Gotteskrieger"" unterstützt! Jede finanzielle Hilfe brachte er mit. Wir haben das nicht vergessen, Herr Todenhöfer! Bekommen Sie jetzt den Dank von Ihren ""Freunden?"" Dann hat sich ja Ihre Aktivität damals gelohnt!",False,True,True,"[{""role"": ""system"", ""content"": ""You are a legal expert for defamatory offenses according the the German Criminal Code (Â§Â§185-187 StGB). Help the user decide whether given posts fall within in the scope of these articles.""}, {""role"": ""user"", ""content"": ""Is the following post criminally relevant with respect to Â§Â§185-187 StGB (Defamatory Offense)? Answer only with 'True' (criminally relevant according to Â§Â§185-187 StGB) or 'False' (not criminally relevant according to Â§Â§185-187 StGB).""}, {""role"": ""user"", ""content"": ""Als die Russen damals Afghanistan überfallen haben u. 10 Jahre lang versucht hatten, das Land einzunehmen, war Herr Todenhöfer Stammgast bei seinen muslimischen Kämpfern. Sogar in den Schützengräben war er und hat die \""Gotteskrieger\"" unterstützt! Jede finanzielle Hilfe brachte er mit. Wir haben das nicht vergessen, Herr Todenhöfer! Bekommen Sie jetzt den Dank von Ihren \""Freunden?\"" Dann hat sich ja Ihre Aktivität damals gelohnt!""}]"
895482920490132,"Es geht nicht darum, was andere tun oder nicht tun. Ist deine Begründung etwa: Wenn die bösen Asylanten das nicht machen, brauchen wir das auch nicht?",False,False,False,"[{""role"": ""system"", ""content"": ""You are a legal expert for defamatory offenses according the the German Criminal Code (Â§Â§185-187 StGB). Help the user decide whether given posts fall within in the scope of these articles.""}, {""role"": ""user"", ""content"": ""Is the following post criminally relevant with respect to Â§Â§185-187 StGB (Defamatory Offense)? Answer only with 'True' (criminally relevant according to Â§Â§185-187 StGB) or 'False' (not criminally relevant according to Â§Â§185-187 StGB).""}, {""role"": ""user"", ""content"": ""Es geht nicht darum, was andere tun oder nicht tun. Ist deine Begründung etwa: Wenn die bösen Asylanten das nicht machen, brauchen wir das auch nicht?""}]"
882254245146333,"Immer wieder das gleiche. Sobald einer seine eigene Meinung hat und vertritt, welche nicht den uns auferlegten Gutmenschentum entspricht. Kommen die Geier und stürzen sich auf einen.",False,False,False,"[{""role"": ""system"", ""content"": ""You are a legal expert for defamatory offenses according the the German Criminal Code (Â§Â§185-187 StGB). Help the user decide whether given posts fall within in the scope of these articles.""}, {""role"": ""user"", ""content"": ""Is the following post criminally relevant with respect to Â§Â§185-187 StGB (Defamatory Offense)? Answer only with 'True' (criminally relevant according to Â§Â§185-187 StGB) or 'False' (not criminally relevant according to Â§Â§185-187 StGB).""}, {""role"": ""user"", ""content"": ""Immer wieder das gleiche. Sobald einer seine eigene Meinung hat und vertritt, welche nicht den uns auferlegten Gutmenschentum entspricht. Kommen die Geier und stürzen sich auf einen.""}]"
1038656262839463,"bei uns in der stadt gibt es keine wohnungen die jünger als 50 jahre sind und alles gammelt hier vor sich hin und die wohnungs gesellschaften tun einen scheißdreck für uns . aber für flüchtlinge wird hier schon gebaut , reihenhäuser mit garten . ich könnte kotzen ! lieber denen ein zug ticket bezahlen und aufpassen das der ja in die richtige richtung fährt",False,False,False,"[{""role"": ""system"", ""content"": ""You are a legal expert for defamatory offenses according the the German Criminal Code (Â§Â§185-187 StGB). Help the user decide whether given posts fall within in the scope of these articles.""}, {""role"": ""user"", ""content"": ""Is the following post criminally relevant with respect to Â§Â§185-187 StGB (Defamatory Offense)? Answer only with 'True' (criminally relevant according to Â§Â§185-187 StGB) or 'False' (not criminally relevant according to Â§Â§185-187 StGB).""}, {""role"": ""user"", ""content"": ""bei uns in der stadt gibt es keine wohnungen die jünger als 50 jahre sind und alles gammelt hier vor sich hin und die wohnungs gesellschaften tun einen scheißdreck für uns . aber für flüchtlinge wird hier schon gebaut , reihenhäuser mit garten . ich könnte kotzen ! lieber denen ein zug ticket bezahlen und aufpassen das der ja in die richtige richtung fährt""}]"
359,"@conny_asf @UlrichSiegmund @Moebbeck ""Zustände, wie in Berlin und Köln""? Das ist realitätsfernes Feindbild-Geschwafel. Fehlen jetzt nur noch die blühenden Landschaften im Osten",False,True,True,"[{""role"": ""system"", ""content"": ""You are a legal expert for defamatory offenses according the the German Criminal Code (Â§Â§185-187 StGB). Help the user decide whether given posts fall within in the scope of these articles.""}, {""role"": ""user"", ""content"": ""Is the following post criminally relevant with respect to Â§Â§185-187 StGB (Defamatory Offense)? Answer only with 'True' (criminally relevant according to Â§Â§185-187 StGB) or 'False' (not criminally relevant according to Â§Â§185-187 StGB).""}, {""role"": ""user"", ""content"": ""@conny_asf @UlrichSiegmund @Moebbeck \""Zustände, wie in Berlin und Köln\""? Das ist realitätsfernes Feindbild-Geschwafel. Fehlen jetzt nur noch die blühenden Landschaften im Osten""}]"
858002657571492,Endlich mal jemand der den EU Bonzen nen Arschtritt verpasst. Gezahlt hätten wir so oder so! ESM,False,True,True,"[{""role"": ""system"", ""content"": ""You are a legal expert for defamatory offenses according the the German Criminal Code (Â§Â§185-187 StGB). Help the user decide whether given posts fall within in the scope of these articles.""}, {""role"": ""user"", ""content"": ""Is the following post criminally relevant with respect to Â§Â§185-187 StGB (Defamatory Offense)? Answer only with 'True' (criminally relevant according to Â§Â§185-187 StGB) or 'False' (not criminally relevant according to Â§Â§185-187 StGB).""}, {""role"": ""user"", ""content"": ""Endlich mal jemand der den EU Bonzen nen Arschtritt verpasst. Gezahlt hätten wir so oder so! ESM""}]"
858079557563802,"ihr könnt denken ? Halte ich für das Gerücht des Jahrtausends :D Eure vorfahren waren vermutlich die, die wie die fligen hitler hinterher gerannt sind und ihm noch den arsch geküsst haben wärend ihre verwandten ins KZ gesteckt wurde",True,True,True,"[{""role"": ""system"", ""content"": ""You are a legal expert for defamatory offenses according the the German Criminal Code (Â§Â§185-187 StGB). Help the user decide whether given posts fall within in the scope of these articles.""}, {""role"": ""user"", ""content"": ""Is the following post criminally relevant with respect to Â§Â§185-187 StGB (Defamatory Offense)? Answer only with 'True' (criminally relevant according to Â§Â§185-187 StGB) or 'False' (not criminally relevant according to Â§Â§185-187 StGB).""}, {""role"": ""user"", ""content"": ""ihr könnt denken ? Halte ich für das Gerücht des Jahrtausends :D Eure vorfahren waren vermutlich die, die wie die fligen hitler hinterher gerannt sind und ihm noch den arsch geküsst haben wärend ihre verwandten ins KZ gesteckt wurde""}]"
885362214835536,Das ist voll der troll. Eine pro-pegida petition bricht er ab weils ihm zuviele unterschriften wurden. Was für ein penner. Und uns bezeichnet er als dummes volk. Gehts eigentlich noch?,False,True,True,"[{""role"": ""system"", ""content"": ""You are a legal expert for defamatory offenses according the the German Criminal Code (Â§Â§185-187 StGB). Help the user decide whether given posts fall within in the scope of these articles.""}, {""role"": ""user"", ""content"": ""Is the following post criminally relevant with respect to Â§Â§185-187 StGB (Defamatory Offense)? Answer only with 'True' (criminally relevant according to Â§Â§185-187 StGB) or 'False' (not criminally relevant according to Â§Â§185-187 StGB).""}, {""role"": ""user"", ""content"": ""Das ist voll der troll. Eine pro-pegida petition bricht er ab weils ihm zuviele unterschriften wurden. Was für ein penner. Und uns bezeichnet er als dummes volk. Gehts eigentlich noch?""}]"
945828732122217,Macht endlich die Grenzen dicht. Drecks Politiker.,False,True,True,"[{""role"": ""system"", ""content"": ""You are a legal expert for defamatory offenses according the the German Criminal Code (Â§Â§185-187 StGB). Help the user decide whether given posts fall within in the scope of these articles.""}, {""role"": ""user"", ""content"": ""Is the following post criminally relevant with respect to Â§Â§185-187 StGB (Defamatory Offense)? Answer only with 'True' (criminally relevant according to Â§Â§185-187 StGB) or 'False' (not criminally relevant according to Â§Â§185-187 StGB).""}, {""role"": ""user"", ""content"": ""Macht endlich die Grenzen dicht. Drecks Politiker.""}]"
200,@EliDerWanderer @Yuma_lein Schaut euch einfach die dummen Köpfe an....das gehört eindeutig entsorgt...!,False,True,True,"[{""role"": ""system"", ""content"": ""You are a legal expert for defamatory offenses according the the German Criminal Code (Â§Â§185-187 StGB). Help the user decide whether given posts fall within in the scope of these articles.""}, {""role"": ""user"", ""content"": ""Is the following post criminally relevant with respect to Â§Â§185-187 StGB (Defamatory Offense)? Answer only with 'True' (criminally relevant according to Â§Â§185-187 StGB) or 'False' (not criminally relevant according to Â§Â§185-187 StGB).""}, {""role"": ""user"", ""content"": ""@EliDerWanderer @Yuma_lein Schaut euch einfach die dummen Köpfe an....das gehört eindeutig entsorgt...!""}]"
856857974352627,Sozialhilfe ( Hartz 4 ) abschaffen - dann verhungern die alle.,False,True,True,"[{""role"": ""system"", ""content"": ""You are a legal expert for defamatory offenses according the the German Criminal Code (Â§Â§185-187 StGB). Help the user decide whether given posts fall within in the scope of these articles.""}, {""role"": ""user"", ""content"": ""Is the following post criminally relevant with respect to Â§Â§185-187 StGB (Defamatory Offense)? Answer only with 'True' (criminally relevant according to Â§Â§185-187 StGB) or 'False' (not criminally relevant according to Â§Â§185-187 StGB).""}, {""role"": ""user"", ""content"": ""Sozialhilfe ( Hartz 4 ) abschaffen - dann verhungern die alle.""}]"
856796957692062,Saskia hahaha.Estmal solls du 7-en Sprachen becherschen mit kleine Fehler.Was kanns Du Kleine Latein???,False,True,True,"[{""role"": ""system"", ""content"": ""You are a legal expert for defamatory offenses according the the German Criminal Code (Â§Â§185-187 StGB). Help the user decide whether given posts fall within in the scope of these articles.""}, {""role"": ""user"", ""content"": ""Is the following post criminally relevant with respect to Â§Â§185-187 StGB (Defamatory Offense)? Answer only with 'True' (criminally relevant according to Â§Â§185-187 StGB) or 'False' (not criminally relevant according to Â§Â§185-187 StGB).""}, {""role"": ""user"", ""content"": ""Saskia hahaha.Estmal solls du 7-en Sprachen becherschen mit kleine Fehler.Was kanns Du Kleine Latein???""}]"
177,Deutschlands Zukunft wird am Hindukusch entschieden #SPD Zitat |LBR| Das stimmt. Wir haben dort verloren. Jetzt fluten die Afganen nach Deutschland und zerstören es von innen.,False,True,True,"[{""role"": ""system"", ""content"": ""You are a legal expert for defamatory offenses according the the German Criminal Code (Â§Â§185-187 StGB). Help the user decide whether given posts fall within in the scope of these articles.""}, {""role"": ""user"", ""content"": ""Is the following post criminally relevant with respect to Â§Â§185-187 StGB (Defamatory Offense)? Answer only with 'True' (criminally relevant according to Â§Â§185-187 StGB) or 'False' (not criminally relevant according to Â§Â§185-187 StGB).""}, {""role"": ""user"", ""content"": ""Deutschlands Zukunft wird am Hindukusch entschieden #SPD Zitat |LBR| Das stimmt. Wir haben dort verloren. Jetzt fluten die Afganen nach Deutschland und zerstören es von innen.""}]"
1012236902148066,mit ihrem blut soll sie zahlen,False,True,True,"[{""role"": ""system"", ""content"": ""You are a legal expert for defamatory offenses according the the German Criminal Code (Â§Â§185-187 StGB). Help the user decide whether given posts fall within in the scope of these articles.""}, {""role"": ""user"", ""content"": ""Is the following post criminally relevant with respect to Â§Â§185-187 StGB (Defamatory Offense)? Answer only with 'True' (criminally relevant according to Â§Â§185-187 StGB) or 'False' (not criminally relevant according to Â§Â§185-187 StGB).""}, {""role"": ""user"", ""content"": ""mit ihrem blut soll sie zahlen""}]"
1043652532339836,"Liebe Freunde, ich war in Europa geboren und ich nicht über ihr Schicksal kümmern. Ich will nicht, dass die europäischen Städte nach Kairo oder Istanbul zu werden. Wenn die Regierung nicht weiß, was zu tun ist, kann ich ein paar Schritte vor. Erste Flüchtlinge sollte für jede Stunde, die sie kümmerte sich um Deutschland zu beten und verhalten sich weniger Gras und ruhigeren Wasser. Für jede Handlung innerhalb von 24 Stunden zu vertreiben. Und zur Beruhigung ihrer sexuellen Energie dobovlyat Essen Brom, in ausreichender Menge, das wäre nicht in europäischen Frauen bewundert haben.",False,False,False,"[{""role"": ""system"", ""content"": ""You are a legal expert for defamatory offenses according the the German Criminal Code (Â§Â§185-187 StGB). Help the user decide whether given posts fall within in the scope of these articles.""}, {""role"": ""user"", ""content"": ""Is the following post criminally relevant with respect to Â§Â§185-187 StGB (Defamatory Offense)? Answer only with 'True' (criminally relevant according to Â§Â§185-187 StGB) or 'False' (not criminally relevant according to Â§Â§185-187 StGB).""}, {""role"": ""user"", ""content"": ""Liebe Freunde, ich war in Europa geboren und ich nicht über ihr Schicksal kümmern. Ich will nicht, dass die europäischen Städte nach Kairo oder Istanbul zu werden. Wenn die Regierung nicht weiß, was zu tun ist, kann ich ein paar Schritte vor. Erste Flüchtlinge sollte für jede Stunde, die sie kümmerte sich um Deutschland zu beten und verhalten sich weniger Gras und ruhigeren Wasser. Für jede Handlung innerhalb von 24 Stunden zu vertreiben. Und zur Beruhigung ihrer sexuellen Energie dobovlyat Essen Brom, in ausreichender Menge, das wäre nicht in europäischen Frauen bewundert haben.""}]"
138,"@Yorck_ Ist doch wahr, denn dieses dicke Etwas bekommt kaum zwei zusammenhängenden Sätze heraus und von sinnvoll rede ich garnicht erst 😜",True,True,True,"[{""role"": ""system"", ""content"": ""You are a legal expert for defamatory offenses according the the German Criminal Code (Â§Â§185-187 StGB). Help the user decide whether given posts fall within in the scope of these articles.""}, {""role"": ""user"", ""content"": ""Is the following post criminally relevant with respect to Â§Â§185-187 StGB (Defamatory Offense)? Answer only with 'True' (criminally relevant according to Â§Â§185-187 StGB) or 'False' (not criminally relevant according to Â§Â§185-187 StGB).""}, {""role"": ""user"", ""content"": ""@Yorck_ Ist doch wahr, denn dieses dicke Etwas bekommt kaum zwei zusammenhängenden Sätze heraus und von sinnvoll rede ich garnicht erst 😜""}]"
703,"@Paeulchen Das war und ist sie tatsächlich in ihrem Größenwahn, denn für MACHT verriet sie bereits einen Staat und wird es wieder tun (wollen) 😜",False,True,True,"[{""role"": ""system"", ""content"": ""You are a legal expert for defamatory offenses according the the German Criminal Code (Â§Â§185-187 StGB). Help the user decide whether given posts fall within in the scope of these articles.""}, {""role"": ""user"", ""content"": ""Is the following post criminally relevant with respect to Â§Â§185-187 StGB (Defamatory Offense)? Answer only with 'True' (criminally relevant according to Â§Â§185-187 StGB) or 'False' (not criminally relevant according to Â§Â§185-187 StGB).""}, {""role"": ""user"", ""content"": ""@Paeulchen Das war und ist sie tatsächlich in ihrem Größenwahn, denn für MACHT verriet sie bereits einen Staat und wird es wieder tun (wollen) 😜""}]"
1287,@nieohnespliff Du Nutte von Sohn,True,True,True,"[{""role"": ""system"", ""content"": ""You are a legal expert for defamatory offenses according the the German Criminal Code (Â§Â§185-187 StGB). Help the user decide whether given posts fall within in the scope of these articles.""}, {""role"": ""user"", ""content"": ""Is the following post criminally relevant with respect to Â§Â§185-187 StGB (Defamatory Offense)? Answer only with 'True' (criminally relevant according to Â§Â§185-187 StGB) or 'False' (not criminally relevant according to Â§Â§185-187 StGB).""}, {""role"": ""user"", ""content"": ""@nieohnespliff Du Nutte von Sohn""}]"
857219424316482,"Sag das den Mädchen an den Schulen, die bedroht werden, weil sie nach Ansicht perverser Islamisten zu freizügig rumlaufen.",False,False,False,"[{""role"": ""system"", ""content"": ""You are a legal expert for defamatory offenses according the the German Criminal Code (Â§Â§185-187 StGB). Help the user decide whether given posts fall within in the scope of these articles.""}, {""role"": ""user"", ""content"": ""Is the following post criminally relevant with respect to Â§Â§185-187 StGB (Defamatory Offense)? Answer only with 'True' (criminally relevant according to Â§Â§185-187 StGB) or 'False' (not criminally relevant according to Â§Â§185-187 StGB).""}, {""role"": ""user"", ""content"": ""Sag das den Mädchen an den Schulen, die bedroht werden, weil sie nach Ansicht perverser Islamisten zu freizügig rumlaufen.""}]"
1035118793193210,"Ist nicht so einfach, weil die meisten eine Gehirnwäsche inne haben. Denen das rückgänigig zu machen, ist sehr schwer. Bei uns genauso. Deswegen gibt es ja so viel GUTMENSCH im Westen. Im Osten war das genaus so, nur die haben draus gelernt.",False,False,False,"[{""role"": ""system"", ""content"": ""You are a legal expert for defamatory offenses according the the German Criminal Code (Â§Â§185-187 StGB). Help the user decide whether given posts fall within in the scope of these articles.""}, {""role"": ""user"", ""content"": ""Is the following post criminally relevant with respect to Â§Â§185-187 StGB (Defamatory Offense)? Answer only with 'True' (criminally relevant according to Â§Â§185-187 StGB) or 'False' (not criminally relevant according to Â§Â§185-187 StGB).""}, {""role"": ""user"", ""content"": ""Ist nicht so einfach, weil die meisten eine Gehirnwäsche inne haben. Denen das rückgänigig zu machen, ist sehr schwer. Bei uns genauso. Deswegen gibt es ja so viel GUTMENSCH im Westen. Im Osten war das genaus so, nur die haben draus gelernt.""}]"
778,@anna_IIna Hört das denn nie auf..?...werden wir dieses bis zum bitteren Ende ertragen müssen..? |LBR| Wieso schicken wir diese elendige Subjekte nicht zu ihren Familien zurück..wieso nicht..? |LBR| Familienrückführung statt Familiennachzug.....!!,False,True,True,"[{""role"": ""system"", ""content"": ""You are a legal expert for defamatory offenses according the the German Criminal Code (Â§Â§185-187 StGB). Help the user decide whether given posts fall within in the scope of these articles.""}, {""role"": ""user"", ""content"": ""Is the following post criminally relevant with respect to Â§Â§185-187 StGB (Defamatory Offense)? Answer only with 'True' (criminally relevant according to Â§Â§185-187 StGB) or 'False' (not criminally relevant according to Â§Â§185-187 StGB).""}, {""role"": ""user"", ""content"": ""@anna_IIna Hört das denn nie auf..?...werden wir dieses bis zum bitteren Ende ertragen müssen..? |LBR| Wieso schicken wir diese elendige Subjekte nicht zu ihren Familien zurück..wieso nicht..? |LBR| Familienrückführung statt Familiennachzug.....!!""}]"
894929973878760,"Lieber Martin Jurk, ich denke immer, bevor ich etwas schreibe. Mit dieser abgedroschenen Polemik kommen Sie bei mir nicht durch.",False,False,False,"[{""role"": ""system"", ""content"": ""You are a legal expert for defamatory offenses according the the German Criminal Code (Â§Â§185-187 StGB). Help the user decide whether given posts fall within in the scope of these articles.""}, {""role"": ""user"", ""content"": ""Is the following post criminally relevant with respect to Â§Â§185-187 StGB (Defamatory Offense)? Answer only with 'True' (criminally relevant according to Â§Â§185-187 StGB) or 'False' (not criminally relevant according to Â§Â§185-187 StGB).""}, {""role"": ""user"", ""content"": ""Lieber Martin Jurk, ich denke immer, bevor ich etwas schreibe. Mit dieser abgedroschenen Polemik kommen Sie bei mir nicht durch.""}]"
1095902017114887,"Schon schön warm da unten, da kann man auch mal ne Salve mit einem Wasserwerfer spendieren",False,False,False,"[{""role"": ""system"", ""content"": ""You are a legal expert for defamatory offenses according the the German Criminal Code (Â§Â§185-187 StGB). Help the user decide whether given posts fall within in the scope of these articles.""}, {""role"": ""user"", ""content"": ""Is the following post criminally relevant with respect to Â§Â§185-187 StGB (Defamatory Offense)? Answer only with 'True' (criminally relevant according to Â§Â§185-187 StGB) or 'False' (not criminally relevant according to Â§Â§185-187 StGB).""}, {""role"": ""user"", ""content"": ""Schon schön warm da unten, da kann man auch mal ne Salve mit einem Wasserwerfer spendieren""}]"
1807,Zweyer ist ein richtig dreckiger Huren..... immer das selbe mit dem.,True,True,True,"[{""role"": ""system"", ""content"": ""You are a legal expert for defamatory offenses according the the German Criminal Code (Â§Â§185-187 StGB). Help the user decide whether given posts fall within in the scope of these articles.""}, {""role"": ""user"", ""content"": ""Is the following post criminally relevant with respect to Â§Â§185-187 StGB (Defamatory Offense)? Answer only with 'True' (criminally relevant according to Â§Â§185-187 StGB) or 'False' (not criminally relevant according to Â§Â§185-187 StGB).""}, {""role"": ""user"", ""content"": ""Zweyer ist ein richtig dreckiger Huren..... immer das selbe mit dem.""}]"
939,"@Fussball_Bild @BILD_Sport Die Ultras sind das gleiche Pack wie linke Anarchisten,wann wird endlich mal durchgegriffen.Unsere Juristen sind halt alle Gutmenschen die lieber eine arme Rentnerin ins Gefängnis schicken",False,True,True,"[{""role"": ""system"", ""content"": ""You are a legal expert for defamatory offenses according the the German Criminal Code (Â§Â§185-187 StGB). Help the user decide whether given posts fall within in the scope of these articles.""}, {""role"": ""user"", ""content"": ""Is the following post criminally relevant with respect to Â§Â§185-187 StGB (Defamatory Offense)? Answer only with 'True' (criminally relevant according to Â§Â§185-187 StGB) or 'False' (not criminally relevant according to Â§Â§185-187 StGB).""}, {""role"": ""user"", ""content"": ""@Fussball_Bild @BILD_Sport Die Ultras sind das gleiche Pack wie linke Anarchisten,wann wird endlich mal durchgegriffen.Unsere Juristen sind halt alle Gutmenschen die lieber eine arme Rentnerin ins Gefängnis schicken""}]"
857314080973683,"Anpassen heißt, die Familienhierarchie da lassen wo es hingehört: Irak und Türkei! Hier ist Deutschland, und hier gelten die deutschen Werte! Eine deutsche Frau darf einen Muslimen heiraten ohne gleich geköpft zu werden. Bei den Jesiden ist dies nicht der Fall.",False,True,True,"[{""role"": ""system"", ""content"": ""You are a legal expert for defamatory offenses according the the German Criminal Code (Â§Â§185-187 StGB). Help the user decide whether given posts fall within in the scope of these articles.""}, {""role"": ""user"", ""content"": ""Is the following post criminally relevant with respect to Â§Â§185-187 StGB (Defamatory Offense)? Answer only with 'True' (criminally relevant according to Â§Â§185-187 StGB) or 'False' (not criminally relevant according to Â§Â§185-187 StGB).""}, {""role"": ""user"", ""content"": ""Anpassen heißt, die Familienhierarchie da lassen wo es hingehört: Irak und Türkei! Hier ist Deutschland, und hier gelten die deutschen Werte! Eine deutsche Frau darf einen Muslimen heiraten ohne gleich geköpft zu werden. Bei den Jesiden ist dies nicht der Fall.""}]"
960861953952228,"ich kann das langsam nicht mehr einordnen...ist es nur zur Beruhigung des Volkes immer mal wider ein bisschen durchblicken zu lassen, ja ihr habt ja recht ... ich glaube denen kein Wort !!! Ungarn und die anderen Länder haben gehandelt ... und sind sehr deutlich, was diese Frage anbelangt...",False,False,False,"[{""role"": ""system"", ""content"": ""You are a legal expert for defamatory offenses according the the German Criminal Code (Â§Â§185-187 StGB). Help the user decide whether given posts fall within in the scope of these articles.""}, {""role"": ""user"", ""content"": ""Is the following post criminally relevant with respect to Â§Â§185-187 StGB (Defamatory Offense)? Answer only with 'True' (criminally relevant according to Â§Â§185-187 StGB) or 'False' (not criminally relevant according to Â§Â§185-187 StGB).""}, {""role"": ""user"", ""content"": ""ich kann das langsam nicht mehr einordnen...ist es nur zur Beruhigung des Volkes immer mal wider ein bisschen durchblicken zu lassen, ja ihr habt ja recht ... ich glaube denen kein Wort !!! Ungarn und die anderen Länder haben gehandelt ... und sind sehr deutlich, was diese Frage anbelangt...""}]"
437,"Sippenhaftung für alle Ausländer.. Wer länger als 1 Jahr keine |LBR| Arbeit findet, muss dorthin zurück, wo er herkommt. Ohne jede |LBR| Ausnahme.",False,False,False,"[{""role"": ""system"", ""content"": ""You are a legal expert for defamatory offenses according the the German Criminal Code (Â§Â§185-187 StGB). Help the user decide whether given posts fall within in the scope of these articles.""}, {""role"": ""user"", ""content"": ""Is the following post criminally relevant with respect to Â§Â§185-187 StGB (Defamatory Offense)? Answer only with 'True' (criminally relevant according to Â§Â§185-187 StGB) or 'False' (not criminally relevant according to Â§Â§185-187 StGB).""}, {""role"": ""user"", ""content"": ""Sippenhaftung für alle Ausländer.. Wer länger als 1 Jahr keine |LBR| Arbeit findet, muss dorthin zurück, wo er herkommt. Ohne jede |LBR| Ausnahme.""}]"
944,@dushanwegner Das wird nie aufhören...die fucking Gutmenschen würden ihr eigenes opfern um diesen Völkerwahn aufrechtzuerhalten,False,True,True,"[{""role"": ""system"", ""content"": ""You are a legal expert for defamatory offenses according the the German Criminal Code (Â§Â§185-187 StGB). Help the user decide whether given posts fall within in the scope of these articles.""}, {""role"": ""user"", ""content"": ""Is the following post criminally relevant with respect to Â§Â§185-187 StGB (Defamatory Offense)? Answer only with 'True' (criminally relevant according to Â§Â§185-187 StGB) or 'False' (not criminally relevant according to Â§Â§185-187 StGB).""}, {""role"": ""user"", ""content"": ""@dushanwegner Das wird nie aufhören...die fucking Gutmenschen würden ihr eigenes opfern um diesen Völkerwahn aufrechtzuerhalten""}]"
673,"@RalfYsen @berghueserfritz @VonSchwer Das ist auch mein Eindruck, wenn ich die vielen jungen ""Männergruppen"" so ansehe. Sind hauptsächlich wegen Shoppen, Party und Frauen gekommen...",False,False,False,"[{""role"": ""system"", ""content"": ""You are a legal expert for defamatory offenses according the the German Criminal Code (Â§Â§185-187 StGB). Help the user decide whether given posts fall within in the scope of these articles.""}, {""role"": ""user"", ""content"": ""Is the following post criminally relevant with respect to Â§Â§185-187 StGB (Defamatory Offense)? Answer only with 'True' (criminally relevant according to Â§Â§185-187 StGB) or 'False' (not criminally relevant according to Â§Â§185-187 StGB).""}, {""role"": ""user"", ""content"": ""@RalfYsen @berghueserfritz @VonSchwer Das ist auch mein Eindruck, wenn ich die vielen jungen \""Männergruppen\"" so ansehe. Sind hauptsächlich wegen Shoppen, Party und Frauen gekommen...""}]"
856767501028341,Schwachkopf :-D :-D,False,True,True,"[{""role"": ""system"", ""content"": ""You are a legal expert for defamatory offenses according the the German Criminal Code (Â§Â§185-187 StGB). Help the user decide whether given posts fall within in the scope of these articles.""}, {""role"": ""user"", ""content"": ""Is the following post criminally relevant with respect to Â§Â§185-187 StGB (Defamatory Offense)? Answer only with 'True' (criminally relevant according to Â§Â§185-187 StGB) or 'False' (not criminally relevant according to Â§Â§185-187 StGB).""}, {""role"": ""user"", ""content"": ""Schwachkopf :-D :-D""}]"
1659,"@katzesuess Alter was hat ihm denn bitte so hart ein Messer in den Hinterkopf gerammt, dass er so geistig behindert in der Birne ist?",True,True,True,"[{""role"": ""system"", ""content"": ""You are a legal expert for defamatory offenses according the the German Criminal Code (Â§Â§185-187 StGB). Help the user decide whether given posts fall within in the scope of these articles.""}, {""role"": ""user"", ""content"": ""Is the following post criminally relevant with respect to Â§Â§185-187 StGB (Defamatory Offense)? Answer only with 'True' (criminally relevant according to Â§Â§185-187 StGB) or 'False' (not criminally relevant according to Â§Â§185-187 StGB).""}, {""role"": ""user"", ""content"": ""@katzesuess Alter was hat ihm denn bitte so hart ein Messer in den Hinterkopf gerammt, dass er so geistig behindert in der Birne ist?""}]"
982662305105526,Scheiß Pack !!!!,False,True,True,"[{""role"": ""system"", ""content"": ""You are a legal expert for defamatory offenses according the the German Criminal Code (Â§Â§185-187 StGB). Help the user decide whether given posts fall within in the scope of these articles.""}, {""role"": ""user"", ""content"": ""Is the following post criminally relevant with respect to Â§Â§185-187 StGB (Defamatory Offense)? Answer only with 'True' (criminally relevant according to Â§Â§185-187 StGB) or 'False' (not criminally relevant according to Â§Â§185-187 StGB).""}, {""role"": ""user"", ""content"": ""Scheiß Pack !!!!""}]"
1445,"der Talmud hat nur eine Version: die satanische. |LBR| und der nette Rabbi Cohen hat Nachfahren, die den ursprünglichen Nachnamen verändert haben (machen nur Verbrecher übrigens).",True,True,True,"[{""role"": ""system"", ""content"": ""You are a legal expert for defamatory offenses according the the German Criminal Code (Â§Â§185-187 StGB). Help the user decide whether given posts fall within in the scope of these articles.""}, {""role"": ""user"", ""content"": ""Is the following post criminally relevant with respect to Â§Â§185-187 StGB (Defamatory Offense)? Answer only with 'True' (criminally relevant according to Â§Â§185-187 StGB) or 'False' (not criminally relevant according to Â§Â§185-187 StGB).""}, {""role"": ""user"", ""content"": ""der Talmud hat nur eine Version: die satanische. |LBR| und der nette Rabbi Cohen hat Nachfahren, die den ursprünglichen Nachnamen verändert haben (machen nur Verbrecher übrigens).""}]"
1105450709493351,"Alle Schweineabfälle der Städte auf dem Gelände abladen.
Als Spende deklarieren.",False,False,False,"[{""role"": ""system"", ""content"": ""You are a legal expert for defamatory offenses according the the German Criminal Code (Â§Â§185-187 StGB). Help the user decide whether given posts fall within in the scope of these articles.""}, {""role"": ""user"", ""content"": ""Is the following post criminally relevant with respect to Â§Â§185-187 StGB (Defamatory Offense)? Answer only with 'True' (criminally relevant according to Â§Â§185-187 StGB) or 'False' (not criminally relevant according to Â§Â§185-187 StGB).""}, {""role"": ""user"", ""content"": ""Alle Schweineabfälle der Städte auf dem Gelände abladen.\r\nAls Spende deklarieren.""}]"
951551574883266,"Stephanie Schulz,klagen würde Jahre dauern,ich glaube da gibt es eher Mord und Totschlag !!!!     Ich denke , das dann auch die Schlafschafe aufwecken und sich das nicht gefallen lassen !!!  Ich lasse niemand rein ,eher bringe ich mich um !!!      Grüsse aus Mannhim     :)",False,False,False,"[{""role"": ""system"", ""content"": ""You are a legal expert for defamatory offenses according the the German Criminal Code (Â§Â§185-187 StGB). Help the user decide whether given posts fall within in the scope of these articles.""}, {""role"": ""user"", ""content"": ""Is the following post criminally relevant with respect to Â§Â§185-187 StGB (Defamatory Offense)? Answer only with 'True' (criminally relevant according to Â§Â§185-187 StGB) or 'False' (not criminally relevant according to Â§Â§185-187 StGB).""}, {""role"": ""user"", ""content"": ""Stephanie Schulz,klagen würde Jahre dauern,ich glaube da gibt es eher Mord und Totschlag !!!!     Ich denke , das dann auch die Schlafschafe aufwecken und sich das nicht gefallen lassen !!!  Ich lasse niemand rein ,eher bringe ich mich um !!!      Grüsse aus Mannhim     :)""}]"
1095965550441867,"Liebe LKW fahrer, einfach draufhalten ...",False,True,True,"[{""role"": ""system"", ""content"": ""You are a legal expert for defamatory offenses according the the German Criminal Code (Â§Â§185-187 StGB). Help the user decide whether given posts fall within in the scope of these articles.""}, {""role"": ""user"", ""content"": ""Is the following post criminally relevant with respect to Â§Â§185-187 StGB (Defamatory Offense)? Answer only with 'True' (criminally relevant according to Â§Â§185-187 StGB) or 'False' (not criminally relevant according to Â§Â§185-187 StGB).""}, {""role"": ""user"", ""content"": ""Liebe LKW fahrer, einfach draufhalten ...""}]"
1095901627114926,Vollgas und durch ... Rückwärts und wiederholen!!!!!,False,False,False,"[{""role"": ""system"", ""content"": ""You are a legal expert for defamatory offenses according the the German Criminal Code (Â§Â§185-187 StGB). Help the user decide whether given posts fall within in the scope of these articles.""}, {""role"": ""user"", ""content"": ""Is the following post criminally relevant with respect to Â§Â§185-187 StGB (Defamatory Offense)? Answer only with 'True' (criminally relevant according to Â§Â§185-187 StGB) or 'False' (not criminally relevant according to Â§Â§185-187 StGB).""}, {""role"": ""user"", ""content"": ""Vollgas und durch ... Rückwärts und wiederholen!!!!!""}]"
882253988479692,Deine antwort ist ein Zeugniss deiner Intelligenz. Das beides kannst du doch selber mit ein bißchen Vernumft  beantworten.,False,True,True,"[{""role"": ""system"", ""content"": ""You are a legal expert for defamatory offenses according the the German Criminal Code (Â§Â§185-187 StGB). Help the user decide whether given posts fall within in the scope of these articles.""}, {""role"": ""user"", ""content"": ""Is the following post criminally relevant with respect to Â§Â§185-187 StGB (Defamatory Offense)? Answer only with 'True' (criminally relevant according to Â§Â§185-187 StGB) or 'False' (not criminally relevant according to Â§Â§185-187 StGB).""}, {""role"": ""user"", ""content"": ""Deine antwort ist ein Zeugniss deiner Intelligenz. Das beides kannst du doch selber mit ein bißchen Vernumft  beantworten.""}]"
199,@StephanStaiger Das zeig mir mal mit einem Bild.,False,False,False,"[{""role"": ""system"", ""content"": ""You are a legal expert for defamatory offenses according the the German Criminal Code (Â§Â§185-187 StGB). Help the user decide whether given posts fall within in the scope of these articles.""}, {""role"": ""user"", ""content"": ""Is the following post criminally relevant with respect to Â§Â§185-187 StGB (Defamatory Offense)? Answer only with 'True' (criminally relevant according to Â§Â§185-187 StGB) or 'False' (not criminally relevant according to Â§Â§185-187 StGB).""}, {""role"": ""user"", ""content"": ""@StephanStaiger Das zeig mir mal mit einem Bild.""}]"
906,@KrahMax @MartinSchulz ..du Suffschädel.....wir tolerieren bereits weitaus schlimmeres... !!,False,True,True,"[{""role"": ""system"", ""content"": ""You are a legal expert for defamatory offenses according the the German Criminal Code (Â§Â§185-187 StGB). Help the user decide whether given posts fall within in the scope of these articles.""}, {""role"": ""user"", ""content"": ""Is the following post criminally relevant with respect to Â§Â§185-187 StGB (Defamatory Offense)? Answer only with 'True' (criminally relevant according to Â§Â§185-187 StGB) or 'False' (not criminally relevant according to Â§Â§185-187 StGB).""}, {""role"": ""user"", ""content"": ""@KrahMax @MartinSchulz ..du Suffschädel.....wir tolerieren bereits weitaus schlimmeres... !!""}]"
857281680976923,Pass nur auf wenn die muslmanen kommen dann brauchst du keine hunde mehr retten weil hunde sind für muslmänner unrein wie schweine dann zack weg damit,False,False,False,"[{""role"": ""system"", ""content"": ""You are a legal expert for defamatory offenses according the the German Criminal Code (Â§Â§185-187 StGB). Help the user decide whether given posts fall within in the scope of these articles.""}, {""role"": ""user"", ""content"": ""Is the following post criminally relevant with respect to Â§Â§185-187 StGB (Defamatory Offense)? Answer only with 'True' (criminally relevant according to Â§Â§185-187 StGB) or 'False' (not criminally relevant according to Â§Â§185-187 StGB).""}, {""role"": ""user"", ""content"": ""Pass nur auf wenn die muslmanen kommen dann brauchst du keine hunde mehr retten weil hunde sind für muslmänner unrein wie schweine dann zack weg damit""}]"
857303917641366,"Nein, Du hast Recht. Dumme Weiße kommen diesen Verschwörungstheorien immer näher.",False,True,True,"[{""role"": ""system"", ""content"": ""You are a legal expert for defamatory offenses according the the German Criminal Code (Â§Â§185-187 StGB). Help the user decide whether given posts fall within in the scope of these articles.""}, {""role"": ""user"", ""content"": ""Is the following post criminally relevant with respect to Â§Â§185-187 StGB (Defamatory Offense)? Answer only with 'True' (criminally relevant according to Â§Â§185-187 StGB) or 'False' (not criminally relevant according to Â§Â§185-187 StGB).""}, {""role"": ""user"", ""content"": ""Nein, Du hast Recht. Dumme Weiße kommen diesen Verschwörungstheorien immer näher.""}]"
1013088465396243,"Di eJuden wissen auch nicht mehr was Sie machen , erst das Ferkel dazu drängen Europa und speziell D mit Asyls zu fluten und nun kriegen Sie Angst das Ihre Kirchen gesprengt werden .",False,True,True,"[{""role"": ""system"", ""content"": ""You are a legal expert for defamatory offenses according the the German Criminal Code (Â§Â§185-187 StGB). Help the user decide whether given posts fall within in the scope of these articles.""}, {""role"": ""user"", ""content"": ""Is the following post criminally relevant with respect to Â§Â§185-187 StGB (Defamatory Offense)? Answer only with 'True' (criminally relevant according to Â§Â§185-187 StGB) or 'False' (not criminally relevant according to Â§Â§185-187 StGB).""}, {""role"": ""user"", ""content"": ""Di eJuden wissen auch nicht mehr was Sie machen , erst das Ferkel dazu drängen Europa und speziell D mit Asyls zu fluten und nun kriegen Sie Angst das Ihre Kirchen gesprengt werden .""}]"
961,Für d Schweinejournalisten Pack von ARD u ZDF ist es Hetze wenn man d tatsächlichen Zustände in diesem Merkeltollhaus anprangert |LBR| Jetzt AFD,False,True,True,"[{""role"": ""system"", ""content"": ""You are a legal expert for defamatory offenses according the the German Criminal Code (Â§Â§185-187 StGB). Help the user decide whether given posts fall within in the scope of these articles.""}, {""role"": ""user"", ""content"": ""Is the following post criminally relevant with respect to Â§Â§185-187 StGB (Defamatory Offense)? Answer only with 'True' (criminally relevant according to Â§Â§185-187 StGB) or 'False' (not criminally relevant according to Â§Â§185-187 StGB).""}, {""role"": ""user"", ""content"": ""Für d Schweinejournalisten Pack von ARD u ZDF ist es Hetze wenn man d tatsächlichen Zustände in diesem Merkeltollhaus anprangert |LBR| Jetzt AFD""}]"
857942544244170,"Keine Sorge Dyke, brauchst keine Angst vor uns zu haben, falls Du deswegen so vehement strampelst.
Deiner Freundin tut von PEGIDA keiner was.
Oder glaubst Du wirklich jeden Shyce, den Medien und Politik verbreiten, um die Massen möglichst dumm zu halten?
Dann hab mal lieber Angst vor denen.",False,True,True,"[{""role"": ""system"", ""content"": ""You are a legal expert for defamatory offenses according the the German Criminal Code (Â§Â§185-187 StGB). Help the user decide whether given posts fall within in the scope of these articles.""}, {""role"": ""user"", ""content"": ""Is the following post criminally relevant with respect to Â§Â§185-187 StGB (Defamatory Offense)? Answer only with 'True' (criminally relevant according to Â§Â§185-187 StGB) or 'False' (not criminally relevant according to Â§Â§185-187 StGB).""}, {""role"": ""user"", ""content"": ""Keine Sorge Dyke, brauchst keine Angst vor uns zu haben, falls Du deswegen so vehement strampelst.\r\nDeiner Freundin tut von PEGIDA keiner was.\r\nOder glaubst Du wirklich jeden Shyce, den Medien und Politik verbreiten, um die Massen möglichst dumm zu halten?\r\nDann hab mal lieber Angst vor denen.""}]"
951874724850951,wegen dem kleinen riss geht der zum arzt. dat is ein WEICHEI,True,True,True,"[{""role"": ""system"", ""content"": ""You are a legal expert for defamatory offenses according the the German Criminal Code (Â§Â§185-187 StGB). Help the user decide whether given posts fall within in the scope of these articles.""}, {""role"": ""user"", ""content"": ""Is the following post criminally relevant with respect to Â§Â§185-187 StGB (Defamatory Offense)? Answer only with 'True' (criminally relevant according to Â§Â§185-187 StGB) or 'False' (not criminally relevant according to Â§Â§185-187 StGB).""}, {""role"": ""user"", ""content"": ""wegen dem kleinen riss geht der zum arzt. dat is ein WEICHEI""}]"
961109890594101,"Grenzen dicht meine Fresse! Vor 10 Jahren haste viel Strafe bezahlt wenn du ne Stange Kippen mehr geschmuggelt hast, jetzt stürmen tausende gewalttätige Muselmänner über die Grenzen. Und ihr feigen Dreckasseln sitzt auf eurem fetten Arsch Zuhause!",True,True,True,"[{""role"": ""system"", ""content"": ""You are a legal expert for defamatory offenses according the the German Criminal Code (Â§Â§185-187 StGB). Help the user decide whether given posts fall within in the scope of these articles.""}, {""role"": ""user"", ""content"": ""Is the following post criminally relevant with respect to Â§Â§185-187 StGB (Defamatory Offense)? Answer only with 'True' (criminally relevant according to Â§Â§185-187 StGB) or 'False' (not criminally relevant according to Â§Â§185-187 StGB).""}, {""role"": ""user"", ""content"": ""Grenzen dicht meine Fresse! Vor 10 Jahren haste viel Strafe bezahlt wenn du ne Stange Kippen mehr geschmuggelt hast, jetzt stürmen tausende gewalttätige Muselmänner über die Grenzen. Und ihr feigen Dreckasseln sitzt auf eurem fetten Arsch Zuhause!""}]"
1096017813769974,40 Tonner und durch die springen wie die Hasen,False,False,False,"[{""role"": ""system"", ""content"": ""You are a legal expert for defamatory offenses according the the German Criminal Code (Â§Â§185-187 StGB). Help the user decide whether given posts fall within in the scope of these articles.""}, {""role"": ""user"", ""content"": ""Is the following post criminally relevant with respect to Â§Â§185-187 StGB (Defamatory Offense)? Answer only with 'True' (criminally relevant according to Â§Â§185-187 StGB) or 'False' (not criminally relevant according to Â§Â§185-187 StGB).""}, {""role"": ""user"", ""content"": ""40 Tonner und durch die springen wie die Hasen""}]"
882212088483882,"Na klar, sonst wird noch das Gesindeltum, Gutmenschentum, Schmarotzertum und das Halb und Vollidiotentum noch ganz übernehmen.",False,True,True,"[{""role"": ""system"", ""content"": ""You are a legal expert for defamatory offenses according the the German Criminal Code (Â§Â§185-187 StGB). Help the user decide whether given posts fall within in the scope of these articles.""}, {""role"": ""user"", ""content"": ""Is the following post criminally relevant with respect to Â§Â§185-187 StGB (Defamatory Offense)? Answer only with 'True' (criminally relevant according to Â§Â§185-187 StGB) or 'False' (not criminally relevant according to Â§Â§185-187 StGB).""}, {""role"": ""user"", ""content"": ""Na klar, sonst wird noch das Gesindeltum, Gutmenschentum, Schmarotzertum und das Halb und Vollidiotentum noch ganz übernehmen.""}]"
993918400646583,Die Merkel ist in meinen Augen nicht mehr ganz dicht.....sie leidet doch unter totalem Realitätsverlusst!!!!!! Es wird Zeit damit die jetzt endlich weg kommt.... und zwar sofort! !!!!!!,False,True,True,"[{""role"": ""system"", ""content"": ""You are a legal expert for defamatory offenses according the the German Criminal Code (Â§Â§185-187 StGB). Help the user decide whether given posts fall within in the scope of these articles.""}, {""role"": ""user"", ""content"": ""Is the following post criminally relevant with respect to Â§Â§185-187 StGB (Defamatory Offense)? Answer only with 'True' (criminally relevant according to Â§Â§185-187 StGB) or 'False' (not criminally relevant according to Â§Â§185-187 StGB).""}, {""role"": ""user"", ""content"": ""Die Merkel ist in meinen Augen nicht mehr ganz dicht.....sie leidet doch unter totalem Realitätsverlusst!!!!!! Es wird Zeit damit die jetzt endlich weg kommt.... und zwar sofort! !!!!!!""}]"
351,@ostfale @tagesschau Vasallen Merkels melden sich zu Wort!!!,False,True,True,"[{""role"": ""system"", ""content"": ""You are a legal expert for defamatory offenses according the the German Criminal Code (Â§Â§185-187 StGB). Help the user decide whether given posts fall within in the scope of these articles.""}, {""role"": ""user"", ""content"": ""Is the following post criminally relevant with respect to Â§Â§185-187 StGB (Defamatory Offense)? Answer only with 'True' (criminally relevant according to Â§Â§185-187 StGB) or 'False' (not criminally relevant according to Â§Â§185-187 StGB).""}, {""role"": ""user"", ""content"": ""@ostfale @tagesschau Vasallen Merkels melden sich zu Wort!!!""}]"
1065044240200665,"Migrant findet vollen Einkaufswagen im Aldi, will ihn zur Polizei bringen. Nazi-Ladendedektiv hindert ihn daran. Glück im Unglück,  dummer Ladendedektiv ruft selber Polizei. Polizei bekommt Einkaufswagen und Migrant als Dank eine Freifahrt im Streifenwagen plus Übernachtung bei führsorglicher Polizei. Pech für Ladendedektiv, muss Bericht schreiben und darf nicht mit Streifenwagen fahren.",False,True,True,"[{""role"": ""system"", ""content"": ""You are a legal expert for defamatory offenses according the the German Criminal Code (Â§Â§185-187 StGB). Help the user decide whether given posts fall within in the scope of these articles.""}, {""role"": ""user"", ""content"": ""Is the following post criminally relevant with respect to Â§Â§185-187 StGB (Defamatory Offense)? Answer only with 'True' (criminally relevant according to Â§Â§185-187 StGB) or 'False' (not criminally relevant according to Â§Â§185-187 StGB).""}, {""role"": ""user"", ""content"": ""Migrant findet vollen Einkaufswagen im Aldi, will ihn zur Polizei bringen. Nazi-Ladendedektiv hindert ihn daran. Glück im Unglück,  dummer Ladendedektiv ruft selber Polizei. Polizei bekommt Einkaufswagen und Migrant als Dank eine Freifahrt im Streifenwagen plus Übernachtung bei führsorglicher Polizei. Pech für Ladendedektiv, muss Bericht schreiben und darf nicht mit Streifenwagen fahren.""}]"
1050,Was macht ein Verbrecher (BETRUG) wie H.MAAS in einem Amt wie das was er besetzt ?? Ticken wir DEUTSCHE noch richtig ???,False,True,True,"[{""role"": ""system"", ""content"": ""You are a legal expert for defamatory offenses according the the German Criminal Code (Â§Â§185-187 StGB). Help the user decide whether given posts fall within in the scope of these articles.""}, {""role"": ""user"", ""content"": ""Is the following post criminally relevant with respect to Â§Â§185-187 StGB (Defamatory Offense)? Answer only with 'True' (criminally relevant according to Â§Â§185-187 StGB) or 'False' (not criminally relevant according to Â§Â§185-187 StGB).""}, {""role"": ""user"", ""content"": ""Was macht ein Verbrecher (BETRUG) wie H.MAAS in einem Amt wie das was er besetzt ?? Ticken wir DEUTSCHE noch richtig ???""}]"
881982608506830,"Vorlage, wenn Sie uns halten.
Statt Tod ein Vergewaltiger zu unterdrücken, sollten sie Huren tragen, so dass sie die Deutschen nicht verletzen!
Es ist zudem Debilissime als Idee, wird jede Gewährleistung für die Einreichung der Deutschen haben und werden noch hungrig nach weißen Arsch.
FileZ ihren BMW auch zu vermeiden, dass fliegen sie in Ihren Garagen , 
Und gibt ihnen das Geld, um zu vermeiden, was sie gestohlen.
Und Ihnen Häuser, so dass sie hocken.
Und bezahlen sie die Lizenz, Unfälle zu vermeiden.
Und sie Moscheen zu bauen, damit sie auf der Straße beten,
auf ihres Landes Prostituierten um Vergewaltigungen zu verhindern,  
Quand ça va s'arrêter ce cirque, même plus en Sécurité, Pauvres Femmes Pfff :/.",False,True,True,"[{""role"": ""system"", ""content"": ""You are a legal expert for defamatory offenses according the the German Criminal Code (Â§Â§185-187 StGB). Help the user decide whether given posts fall within in the scope of these articles.""}, {""role"": ""user"", ""content"": ""Is the following post criminally relevant with respect to Â§Â§185-187 StGB (Defamatory Offense)? Answer only with 'True' (criminally relevant according to Â§Â§185-187 StGB) or 'False' (not criminally relevant according to Â§Â§185-187 StGB).""}, {""role"": ""user"", ""content"": ""Vorlage, wenn Sie uns halten.\r\nStatt Tod ein Vergewaltiger zu unterdrücken, sollten sie Huren tragen, so dass sie die Deutschen nicht verletzen!\r\nEs ist zudem Debilissime als Idee, wird jede Gewährleistung für die Einreichung der Deutschen haben und werden noch hungrig nach weißen Arsch.\r\nFileZ ihren BMW auch zu vermeiden, dass fliegen sie in Ihren Garagen , \r\nUnd gibt ihnen das Geld, um zu vermeiden, was sie gestohlen.\r\nUnd Ihnen Häuser, so dass sie hocken.\r\nUnd bezahlen sie die Lizenz, Unfälle zu vermeiden.\r\nUnd sie Moscheen zu bauen, damit sie auf der Straße beten,\r\nauf ihres Landes Prostituierten um Vergewaltigungen zu verhindern,  \r\nQuand ça va s'arrêter ce cirque, même plus en Sécurité, Pauvres Femmes Pfff :/.""}]"
180,Es geht also doch. Österreich macht es uns vor.,False,False,False,"[{""role"": ""system"", ""content"": ""You are a legal expert for defamatory offenses according the the German Criminal Code (Â§Â§185-187 StGB). Help the user decide whether given posts fall within in the scope of these articles.""}, {""role"": ""user"", ""content"": ""Is the following post criminally relevant with respect to Â§Â§185-187 StGB (Defamatory Offense)? Answer only with 'True' (criminally relevant according to Â§Â§185-187 StGB) or 'False' (not criminally relevant according to Â§Â§185-187 StGB).""}, {""role"": ""user"", ""content"": ""Es geht also doch. Österreich macht es uns vor.""}]"
1055213871183702,"Die Gutmenschen wird es immer geben. ?? die begreifen diese Zusammenhänge such dann nicht, wenn man es ihnen 100 mal erklärt.",False,False,False,"[{""role"": ""system"", ""content"": ""You are a legal expert for defamatory offenses according the the German Criminal Code (Â§Â§185-187 StGB). Help the user decide whether given posts fall within in the scope of these articles.""}, {""role"": ""user"", ""content"": ""Is the following post criminally relevant with respect to Â§Â§185-187 StGB (Defamatory Offense)? Answer only with 'True' (criminally relevant according to Â§Â§185-187 StGB) or 'False' (not criminally relevant according to Â§Â§185-187 StGB).""}, {""role"": ""user"", ""content"": ""Die Gutmenschen wird es immer geben. ?? die begreifen diese Zusammenhänge such dann nicht, wenn man es ihnen 100 mal erklärt.""}]"
857,"@RT_Deutsch Es sind doch nur häßliche stinkende Beduinen-Feiglinge die aus sicherer Entfernung, hinterrücks und hinterhältig wehrlose Menschen töten. |LBR| Keiner von diesen Kreaturen hat es verdient weiterzuleben..!!",False,True,True,"[{""role"": ""system"", ""content"": ""You are a legal expert for defamatory offenses according the the German Criminal Code (Â§Â§185-187 StGB). Help the user decide whether given posts fall within in the scope of these articles.""}, {""role"": ""user"", ""content"": ""Is the following post criminally relevant with respect to Â§Â§185-187 StGB (Defamatory Offense)? Answer only with 'True' (criminally relevant according to Â§Â§185-187 StGB) or 'False' (not criminally relevant according to Â§Â§185-187 StGB).""}, {""role"": ""user"", ""content"": ""@RT_Deutsch Es sind doch nur häßliche stinkende Beduinen-Feiglinge die aus sicherer Entfernung, hinterrücks und hinterhältig wehrlose Menschen töten. |LBR| Keiner von diesen Kreaturen hat es verdient weiterzuleben..!!""}]"
857356334302791,"Ihr Krautfresser, denke Dresden wurde im zweiten WK nicht genug bombardiert. Inshallah !",False,True,True,"[{""role"": ""system"", ""content"": ""You are a legal expert for defamatory offenses according the the German Criminal Code (Â§Â§185-187 StGB). Help the user decide whether given posts fall within in the scope of these articles.""}, {""role"": ""user"", ""content"": ""Is the following post criminally relevant with respect to Â§Â§185-187 StGB (Defamatory Offense)? Answer only with 'True' (criminally relevant according to Â§Â§185-187 StGB) or 'False' (not criminally relevant according to Â§Â§185-187 StGB).""}, {""role"": ""user"", ""content"": ""Ihr Krautfresser, denke Dresden wurde im zweiten WK nicht genug bombardiert. Inshallah !""}]"
856881461016945,"Dann hat sie immerhin noch 3 Jahre Zeit bis er auf Sex (als ehelichen Vollzug) mit ihr bestehen wird.
Wenn ihr Vater ihn nicht eher erwischt.
Nicht jeder Mohammed hat das Glück, dass der Vater seiner späteren Kindfrau stirbt und sie seinen Phantasien überlässt.",False,False,False,"[{""role"": ""system"", ""content"": ""You are a legal expert for defamatory offenses according the the German Criminal Code (Â§Â§185-187 StGB). Help the user decide whether given posts fall within in the scope of these articles.""}, {""role"": ""user"", ""content"": ""Is the following post criminally relevant with respect to Â§Â§185-187 StGB (Defamatory Offense)? Answer only with 'True' (criminally relevant according to Â§Â§185-187 StGB) or 'False' (not criminally relevant according to Â§Â§185-187 StGB).""}, {""role"": ""user"", ""content"": ""Dann hat sie immerhin noch 3 Jahre Zeit bis er auf Sex (als ehelichen Vollzug) mit ihr bestehen wird.\r\nWenn ihr Vater ihn nicht eher erwischt.\r\nNicht jeder Mohammed hat das Glück, dass der Vater seiner späteren Kindfrau stirbt und sie seinen Phantasien überlässt.""}]"
982743955097361,"Ordnung herstellen, warnen und dann Schußbefehl, eine deutliche Sprache die auch verstanden wird, Gut hin oder her - wir haben es nicht mit notleidenden Menschen zu tun - hier steckt ein religiöser Wahnsinn dahinter - wir müßen und wir wollen uns nicht vereinnehmen lassen - deshalb handeln soweit wir noch dazu in der Lage sind -.",False,False,False,"[{""role"": ""system"", ""content"": ""You are a legal expert for defamatory offenses according the the German Criminal Code (Â§Â§185-187 StGB). Help the user decide whether given posts fall within in the scope of these articles.""}, {""role"": ""user"", ""content"": ""Is the following post criminally relevant with respect to Â§Â§185-187 StGB (Defamatory Offense)? Answer only with 'True' (criminally relevant according to Â§Â§185-187 StGB) or 'False' (not criminally relevant according to Â§Â§185-187 StGB).""}, {""role"": ""user"", ""content"": ""Ordnung herstellen, warnen und dann Schußbefehl, eine deutliche Sprache die auch verstanden wird, Gut hin oder her - wir haben es nicht mit notleidenden Menschen zu tun - hier steckt ein religiöser Wahnsinn dahinter - wir müßen und wir wollen uns nicht vereinnehmen lassen - deshalb handeln soweit wir noch dazu in der Lage sind -.""}]"
178,"@FUsling Damit schafft man die Ursachen nicht ab, die Ursachen liegen viel tiefer. Ist wie im Drogenhandel: Wenn man nur den Kurier bestraft, ändert sich gar nichts.",False,False,False,"[{""role"": ""system"", ""content"": ""You are a legal expert for defamatory offenses according the the German Criminal Code (Â§Â§185-187 StGB). Help the user decide whether given posts fall within in the scope of these articles.""}, {""role"": ""user"", ""content"": ""Is the following post criminally relevant with respect to Â§Â§185-187 StGB (Defamatory Offense)? Answer only with 'True' (criminally relevant according to Â§Â§185-187 StGB) or 'False' (not criminally relevant according to Â§Â§185-187 StGB).""}, {""role"": ""user"", ""content"": ""@FUsling Damit schafft man die Ursachen nicht ab, die Ursachen liegen viel tiefer. Ist wie im Drogenhandel: Wenn man nur den Kurier bestraft, ändert sich gar nichts.""}]"
894669423904815,"Dieser durchgeknallte J. Trottelhöfer ist doch ein ""politischer Geisterfahrer"", völlig abgedreht und orientierungslos. Sein radikaler Pazifismus ist naiv. Er heischt nach Aufmerksamkeit und entwertet jedes Gegenargument !

Für mich ist er hochgradig gestört, denn einer, der den IS-Terroristen die Hand gibt und freundschaftlich mit denen herumplappert, aber genau weiß, dass diese Typen Frauen, Kinder, Christen und Jesiden abgeschlachtet haben, ist nicht mehr zurechnungsfähig!

Dieser Mann ist krank !!!",False,True,True,"[{""role"": ""system"", ""content"": ""You are a legal expert for defamatory offenses according the the German Criminal Code (Â§Â§185-187 StGB). Help the user decide whether given posts fall within in the scope of these articles.""}, {""role"": ""user"", ""content"": ""Is the following post criminally relevant with respect to Â§Â§185-187 StGB (Defamatory Offense)? Answer only with 'True' (criminally relevant according to Â§Â§185-187 StGB) or 'False' (not criminally relevant according to Â§Â§185-187 StGB).""}, {""role"": ""user"", ""content"": ""Dieser durchgeknallte J. Trottelhöfer ist doch ein \""politischer Geisterfahrer\"", völlig abgedreht und orientierungslos. Sein radikaler Pazifismus ist naiv. Er heischt nach Aufmerksamkeit und entwertet jedes Gegenargument !\r\n\r\nFür mich ist er hochgradig gestört, denn einer, der den IS-Terroristen die Hand gibt und freundschaftlich mit denen herumplappert, aber genau weiß, dass diese Typen Frauen, Kinder, Christen und Jesiden abgeschlachtet haben, ist nicht mehr zurechnungsfähig!\r\n\r\nDieser Mann ist krank !!!""}]"
982664155105341,"Gerade im ZDF gesehen, die ""Auswanderer"" haben die Polizei angegriffen !!! Sie bringen ihre Religion, ihre Kultur und ihre Gewaltbereitschaft (vor der sie ja gerade fliehen) mit !! Da hilft nur Abschreckung. Siehe Australien !! Sonst endet das im Untergang des Abendlandes :(",False,False,False,"[{""role"": ""system"", ""content"": ""You are a legal expert for defamatory offenses according the the German Criminal Code (Â§Â§185-187 StGB). Help the user decide whether given posts fall within in the scope of these articles.""}, {""role"": ""user"", ""content"": ""Is the following post criminally relevant with respect to Â§Â§185-187 StGB (Defamatory Offense)? Answer only with 'True' (criminally relevant according to Â§Â§185-187 StGB) or 'False' (not criminally relevant according to Â§Â§185-187 StGB).""}, {""role"": ""user"", ""content"": ""Gerade im ZDF gesehen, die \""Auswanderer\"" haben die Polizei angegriffen !!! Sie bringen ihre Religion, ihre Kultur und ihre Gewaltbereitschaft (vor der sie ja gerade fliehen) mit !! Da hilft nur Abschreckung. Siehe Australien !! Sonst endet das im Untergang des Abendlandes :(""}]"
1105779906127098,"Wenn jede Sekte mit 50 Mitgliedern hier ihren eigenen Tempel bauen will, gibts bald keine Wiese mehr in Sachen!",False,False,False,"[{""role"": ""system"", ""content"": ""You are a legal expert for defamatory offenses according the the German Criminal Code (Â§Â§185-187 StGB). Help the user decide whether given posts fall within in the scope of these articles.""}, {""role"": ""user"", ""content"": ""Is the following post criminally relevant with respect to Â§Â§185-187 StGB (Defamatory Offense)? Answer only with 'True' (criminally relevant according to Â§Â§185-187 StGB) or 'False' (not criminally relevant according to Â§Â§185-187 StGB).""}, {""role"": ""user"", ""content"": ""Wenn jede Sekte mit 50 Mitgliedern hier ihren eigenen Tempel bauen will, gibts bald keine Wiese mehr in Sachen!""}]"
1134159916622430,Nehmt einen Knüppel mit --und druff uffs dolle Hern.,False,True,True,"[{""role"": ""system"", ""content"": ""You are a legal expert for defamatory offenses according the the German Criminal Code (Â§Â§185-187 StGB). Help the user decide whether given posts fall within in the scope of these articles.""}, {""role"": ""user"", ""content"": ""Is the following post criminally relevant with respect to Â§Â§185-187 StGB (Defamatory Offense)? Answer only with 'True' (criminally relevant according to Â§Â§185-187 StGB) or 'False' (not criminally relevant according to Â§Â§185-187 StGB).""}, {""role"": ""user"", ""content"": ""Nehmt einen Knüppel mit --und druff uffs dolle Hern.""}]"
894670067238084,dieser idiot war mal ein islam experte der ungeschönt berichtete.... jetzt intervievt der vor laufender kamera islamisten... auf welcher seite steht der eigentlich????,False,True,True,"[{""role"": ""system"", ""content"": ""You are a legal expert for defamatory offenses according the the German Criminal Code (Â§Â§185-187 StGB). Help the user decide whether given posts fall within in the scope of these articles.""}, {""role"": ""user"", ""content"": ""Is the following post criminally relevant with respect to Â§Â§185-187 StGB (Defamatory Offense)? Answer only with 'True' (criminally relevant according to Â§Â§185-187 StGB) or 'False' (not criminally relevant according to Â§Â§185-187 StGB).""}, {""role"": ""user"", ""content"": ""dieser idiot war mal ein islam experte der ungeschönt berichtete.... jetzt intervievt der vor laufender kamera islamisten... auf welcher seite steht der eigentlich????""}]"
1007145545990535,Ja es ist schief gelaufen...Es wurden beide hirnhälften entnommen,False,True,True,"[{""role"": ""system"", ""content"": ""You are a legal expert for defamatory offenses according the the German Criminal Code (Â§Â§185-187 StGB). Help the user decide whether given posts fall within in the scope of these articles.""}, {""role"": ""user"", ""content"": ""Is the following post criminally relevant with respect to Â§Â§185-187 StGB (Defamatory Offense)? Answer only with 'True' (criminally relevant according to Â§Â§185-187 StGB) or 'False' (not criminally relevant according to Â§Â§185-187 StGB).""}, {""role"": ""user"", ""content"": ""Ja es ist schief gelaufen...Es wurden beide hirnhälften entnommen""}]"
442,Finaler Schuss wäre besser dann würde er uns kein Geld mehr kosten!,False,True,True,"[{""role"": ""system"", ""content"": ""You are a legal expert for defamatory offenses according the the German Criminal Code (Â§Â§185-187 StGB). Help the user decide whether given posts fall within in the scope of these articles.""}, {""role"": ""user"", ""content"": ""Is the following post criminally relevant with respect to Â§Â§185-187 StGB (Defamatory Offense)? Answer only with 'True' (criminally relevant according to Â§Â§185-187 StGB) or 'False' (not criminally relevant according to Â§Â§185-187 StGB).""}, {""role"": ""user"", ""content"": ""Finaler Schuss wäre besser dann würde er uns kein Geld mehr kosten!""}]"
1302,@DrStrompen @ZentralratJuden Du bist ein richtiger deutscher Hurensohn. Meine Meinung.,True,True,True,"[{""role"": ""system"", ""content"": ""You are a legal expert for defamatory offenses according the the German Criminal Code (Â§Â§185-187 StGB). Help the user decide whether given posts fall within in the scope of these articles.""}, {""role"": ""user"", ""content"": ""Is the following post criminally relevant with respect to Â§Â§185-187 StGB (Defamatory Offense)? Answer only with 'True' (criminally relevant according to Â§Â§185-187 StGB) or 'False' (not criminally relevant according to Â§Â§185-187 StGB).""}, {""role"": ""user"", ""content"": ""@DrStrompen @ZentralratJuden Du bist ein richtiger deutscher Hurensohn. Meine Meinung.""}]"
1044,"Netanjahu wirft Gabriel Instinktlosigkeit vor. Tatsächlich ist Gabriel |LBR| ein völliger Versager, der einen Abgeschobenenposten bekleidet.",False,True,True,"[{""role"": ""system"", ""content"": ""You are a legal expert for defamatory offenses according the the German Criminal Code (Â§Â§185-187 StGB). Help the user decide whether given posts fall within in the scope of these articles.""}, {""role"": ""user"", ""content"": ""Is the following post criminally relevant with respect to Â§Â§185-187 StGB (Defamatory Offense)? Answer only with 'True' (criminally relevant according to Â§Â§185-187 StGB) or 'False' (not criminally relevant according to Â§Â§185-187 StGB).""}, {""role"": ""user"", ""content"": ""Netanjahu wirft Gabriel Instinktlosigkeit vor. Tatsächlich ist Gabriel |LBR| ein völliger Versager, der einen Abgeschobenenposten bekleidet.""}]"
876283412410083,"Wenn in der Zukunft immer mehr Arbeit von Robotern und Computern verrichtet wird, hat sich das Thema Zuwanderung von Fachkräften erledigt. Außerdem, von welchen Fachkräften ist die Rede, Nachtschichtschlosser oder so ? Man braucht nur in unsere Knäste zu schauen, dann sieht man welche Fachkräfte aus dem Ausland zu uns stoßen. Mit welcher Ausbildung kommen viele zu uns ? Mit einem Gesellenbrief, den es im Ausland nicht gibt ? Mit irgendwelchen dubiosen Papieren welche mit einem Kartoffelstempel besiegelt sind ?
Immer nur rein nach Deutschland, ihr, die mühselig und beladen seit.",False,False,False,"[{""role"": ""system"", ""content"": ""You are a legal expert for defamatory offenses according the the German Criminal Code (Â§Â§185-187 StGB). Help the user decide whether given posts fall within in the scope of these articles.""}, {""role"": ""user"", ""content"": ""Is the following post criminally relevant with respect to Â§Â§185-187 StGB (Defamatory Offense)? Answer only with 'True' (criminally relevant according to Â§Â§185-187 StGB) or 'False' (not criminally relevant according to Â§Â§185-187 StGB).""}, {""role"": ""user"", ""content"": ""Wenn in der Zukunft immer mehr Arbeit von Robotern und Computern verrichtet wird, hat sich das Thema Zuwanderung von Fachkräften erledigt. Außerdem, von welchen Fachkräften ist die Rede, Nachtschichtschlosser oder so ? Man braucht nur in unsere Knäste zu schauen, dann sieht man welche Fachkräfte aus dem Ausland zu uns stoßen. Mit welcher Ausbildung kommen viele zu uns ? Mit einem Gesellenbrief, den es im Ausland nicht gibt ? Mit irgendwelchen dubiosen Papieren welche mit einem Kartoffelstempel besiegelt sind ?\r\nImmer nur rein nach Deutschland, ihr, die mühselig und beladen seit.""}]"
946618685376555,anne.....genausoviel liebe wie die wichser am wochenende in berlin im bad? verpiss dich mit deinem rotz,True,True,True,"[{""role"": ""system"", ""content"": ""You are a legal expert for defamatory offenses according the the German Criminal Code (Â§Â§185-187 StGB). Help the user decide whether given posts fall within in the scope of these articles.""}, {""role"": ""user"", ""content"": ""Is the following post criminally relevant with respect to Â§Â§185-187 StGB (Defamatory Offense)? Answer only with 'True' (criminally relevant according to Â§Â§185-187 StGB) or 'False' (not criminally relevant according to Â§Â§185-187 StGB).""}, {""role"": ""user"", ""content"": ""anne.....genausoviel liebe wie die wichser am wochenende in berlin im bad? verpiss dich mit deinem rotz""}]"
1005,"@Odenwaelderin Dass ist nicht freiwillig,sondern der Geldknappheit der Städte und Gemeinden geschuldet,die Gelder den Asylanten wie Puderzucker in den Hintern blasen.🌬",False,True,True,"[{""role"": ""system"", ""content"": ""You are a legal expert for defamatory offenses according the the German Criminal Code (Â§Â§185-187 StGB). Help the user decide whether given posts fall within in the scope of these articles.""}, {""role"": ""user"", ""content"": ""Is the following post criminally relevant with respect to Â§Â§185-187 StGB (Defamatory Offense)? Answer only with 'True' (criminally relevant according to Â§Â§185-187 StGB) or 'False' (not criminally relevant according to Â§Â§185-187 StGB).""}, {""role"": ""user"", ""content"": ""@Odenwaelderin Dass ist nicht freiwillig,sondern der Geldknappheit der Städte und Gemeinden geschuldet,die Gelder den Asylanten wie Puderzucker in den Hintern blasen.🌬""}]"
176,@happyhaidrich3 @Beutebadener Der ist auch älter und anscheinend noch nicht so verstrahlt und lässt mit sich reden,False,False,False,"[{""role"": ""system"", ""content"": ""You are a legal expert for defamatory offenses according the the German Criminal Code (Â§Â§185-187 StGB). Help the user decide whether given posts fall within in the scope of these articles.""}, {""role"": ""user"", ""content"": ""Is the following post criminally relevant with respect to Â§Â§185-187 StGB (Defamatory Offense)? Answer only with 'True' (criminally relevant according to Â§Â§185-187 StGB) or 'False' (not criminally relevant according to Â§Â§185-187 StGB).""}, {""role"": ""user"", ""content"": ""@happyhaidrich3 @Beutebadener Der ist auch älter und anscheinend noch nicht so verstrahlt und lässt mit sich reden""}]"
162,@SkyBirdPhoenix fröhlicher gruß aus dem metronom in meine alte heimat 👍,False,False,False,"[{""role"": ""system"", ""content"": ""You are a legal expert for defamatory offenses according the the German Criminal Code (Â§Â§185-187 StGB). Help the user decide whether given posts fall within in the scope of these articles.""}, {""role"": ""user"", ""content"": ""Is the following post criminally relevant with respect to Â§Â§185-187 StGB (Defamatory Offense)? Answer only with 'True' (criminally relevant according to Â§Â§185-187 StGB) or 'False' (not criminally relevant according to Â§Â§185-187 StGB).""}, {""role"": ""user"", ""content"": ""@SkyBirdPhoenix fröhlicher gruß aus dem metronom in meine alte heimat 👍""}]"
856737994364625,"wie immer, weil die antifa nur was zum kloppen braucht ...",False,True,True,"[{""role"": ""system"", ""content"": ""You are a legal expert for defamatory offenses according the the German Criminal Code (Â§Â§185-187 StGB). Help the user decide whether given posts fall within in the scope of these articles.""}, {""role"": ""user"", ""content"": ""Is the following post criminally relevant with respect to Â§Â§185-187 StGB (Defamatory Offense)? Answer only with 'True' (criminally relevant according to Â§Â§185-187 StGB) or 'False' (not criminally relevant according to Â§Â§185-187 StGB).""}, {""role"": ""user"", ""content"": ""wie immer, weil die antifa nur was zum kloppen braucht ...""}]"
894852810553143,"Solange mir solche Trolle wie Du mit einem Fakeprofil schreiben, weiß ich auf der richtigen Seite zu stehen. :-)",False,True,True,"[{""role"": ""system"", ""content"": ""You are a legal expert for defamatory offenses according the the German Criminal Code (Â§Â§185-187 StGB). Help the user decide whether given posts fall within in the scope of these articles.""}, {""role"": ""user"", ""content"": ""Is the following post criminally relevant with respect to Â§Â§185-187 StGB (Defamatory Offense)? Answer only with 'True' (criminally relevant according to Â§Â§185-187 StGB) or 'False' (not criminally relevant according to Â§Â§185-187 StGB).""}, {""role"": ""user"", ""content"": ""Solange mir solche Trolle wie Du mit einem Fakeprofil schreiben, weiß ich auf der richtigen Seite zu stehen. :-)""}]"
1035137589857997,"Schmeißt die Asylanten raus macht die grenzen zu
Schützt unser Volk denn von denen seit ihr gewählt",False,False,False,"[{""role"": ""system"", ""content"": ""You are a legal expert for defamatory offenses according the the German Criminal Code (Â§Â§185-187 StGB). Help the user decide whether given posts fall within in the scope of these articles.""}, {""role"": ""user"", ""content"": ""Is the following post criminally relevant with respect to Â§Â§185-187 StGB (Defamatory Offense)? Answer only with 'True' (criminally relevant according to Â§Â§185-187 StGB) or 'False' (not criminally relevant according to Â§Â§185-187 StGB).""}, {""role"": ""user"", ""content"": ""Schmeißt die Asylanten raus macht die grenzen zu\r\nSchützt unser Volk denn von denen seit ihr gewählt""}]"
1053,Hmm? Meine Theorie: Die Österreicher sind in Summe die klügsten Menschen Europas ... #grueneversenken,False,False,False,"[{""role"": ""system"", ""content"": ""You are a legal expert for defamatory offenses according the the German Criminal Code (Â§Â§185-187 StGB). Help the user decide whether given posts fall within in the scope of these articles.""}, {""role"": ""user"", ""content"": ""Is the following post criminally relevant with respect to Â§Â§185-187 StGB (Defamatory Offense)? Answer only with 'True' (criminally relevant according to Â§Â§185-187 StGB) or 'False' (not criminally relevant according to Â§Â§185-187 StGB).""}, {""role"": ""user"", ""content"": ""Hmm? Meine Theorie: Die Österreicher sind in Summe die klügsten Menschen Europas ... #grueneversenken""}]"
952072748164482,Das steht alles in deren Heiligen Schriften wenn Ihr das nachvollziehen wollt laut Koran dürfen Muslime auch lügen wenn es der Verbreitung des Islam dient und mich wundert es auch daß die sogenannten Christen in Europa nicht Sturm laufen aber die machen ja auch auf Muschebubu mit den Juden ^^    und die haben heute noch in Ihrem heiligen Werk dem Talmut stehen      Jesus ist in der Hölle und Kocht in siedenden Exkrementen !!!    Ja die Welt ist schon verrückt .,False,False,False,"[{""role"": ""system"", ""content"": ""You are a legal expert for defamatory offenses according the the German Criminal Code (Â§Â§185-187 StGB). Help the user decide whether given posts fall within in the scope of these articles.""}, {""role"": ""user"", ""content"": ""Is the following post criminally relevant with respect to Â§Â§185-187 StGB (Defamatory Offense)? Answer only with 'True' (criminally relevant according to Â§Â§185-187 StGB) or 'False' (not criminally relevant according to Â§Â§185-187 StGB).""}, {""role"": ""user"", ""content"": ""Das steht alles in deren Heiligen Schriften wenn Ihr das nachvollziehen wollt laut Koran dürfen Muslime auch lügen wenn es der Verbreitung des Islam dient und mich wundert es auch daß die sogenannten Christen in Europa nicht Sturm laufen aber die machen ja auch auf Muschebubu mit den Juden ^^    und die haben heute noch in Ihrem heiligen Werk dem Talmut stehen      Jesus ist in der Hölle und Kocht in siedenden Exkrementen !!!    Ja die Welt ist schon verrückt .""}]"
982664825105274,Steinzeitschmarotzer!!!!!,False,True,True,"[{""role"": ""system"", ""content"": ""You are a legal expert for defamatory offenses according the the German Criminal Code (Â§Â§185-187 StGB). Help the user decide whether given posts fall within in the scope of these articles.""}, {""role"": ""user"", ""content"": ""Is the following post criminally relevant with respect to Â§Â§185-187 StGB (Defamatory Offense)? Answer only with 'True' (criminally relevant according to Â§Â§185-187 StGB) or 'False' (not criminally relevant according to Â§Â§185-187 StGB).""}, {""role"": ""user"", ""content"": ""Steinzeitschmarotzer!!!!!""}]"
1043590022346087,"Das gegenseitige Anzeigen wegen Volksverhetzung scheint ein neuer deutscher Volkssport zu sein. Es erinnert mich irgendwie an die "" antiamerikanischen Umtriebe "" und deren Verfolgung.Es ist einfach nur noch lächerlich.",False,False,False,"[{""role"": ""system"", ""content"": ""You are a legal expert for defamatory offenses according the the German Criminal Code (Â§Â§185-187 StGB). Help the user decide whether given posts fall within in the scope of these articles.""}, {""role"": ""user"", ""content"": ""Is the following post criminally relevant with respect to Â§Â§185-187 StGB (Defamatory Offense)? Answer only with 'True' (criminally relevant according to Â§Â§185-187 StGB) or 'False' (not criminally relevant according to Â§Â§185-187 StGB).""}, {""role"": ""user"", ""content"": ""Das gegenseitige Anzeigen wegen Volksverhetzung scheint ein neuer deutscher Volkssport zu sein. Es erinnert mich irgendwie an die \"" antiamerikanischen Umtriebe \"" und deren Verfolgung.Es ist einfach nur noch lächerlich.""}]"
456,Ditib Imame = Stasi der Türkei! |LBR| Neue Beweise von 2016 liegen den Medien und der Politik vor. |LBR| Was passiert? NIX! |LBR| Sofort RAUS aus D! 👇😠,False,True,True,"[{""role"": ""system"", ""content"": ""You are a legal expert for defamatory offenses according the the German Criminal Code (Â§Â§185-187 StGB). Help the user decide whether given posts fall within in the scope of these articles.""}, {""role"": ""user"", ""content"": ""Is the following post criminally relevant with respect to Â§Â§185-187 StGB (Defamatory Offense)? Answer only with 'True' (criminally relevant according to Â§Â§185-187 StGB) or 'False' (not criminally relevant according to Â§Â§185-187 StGB).""}, {""role"": ""user"", ""content"": ""Ditib Imame = Stasi der Türkei! |LBR| Neue Beweise von 2016 liegen den Medien und der Politik vor. |LBR| Was passiert? NIX! |LBR| Sofort RAUS aus D! 👇😠""}]"
951563451548745,"so muss das aussehen wie in ungarn. aber hier werden sie in wohnsiedlungen usw. gebracht...damit wir deutschen denen näher sind und freundschaften schliessen...mal zum kaffee einladen und schach spielen, messer werfen...",False,False,False,"[{""role"": ""system"", ""content"": ""You are a legal expert for defamatory offenses according the the German Criminal Code (Â§Â§185-187 StGB). Help the user decide whether given posts fall within in the scope of these articles.""}, {""role"": ""user"", ""content"": ""Is the following post criminally relevant with respect to Â§Â§185-187 StGB (Defamatory Offense)? Answer only with 'True' (criminally relevant according to Â§Â§185-187 StGB) or 'False' (not criminally relevant according to Â§Â§185-187 StGB).""}, {""role"": ""user"", ""content"": ""so muss das aussehen wie in ungarn. aber hier werden sie in wohnsiedlungen usw. gebracht...damit wir deutschen denen näher sind und freundschaften schliessen...mal zum kaffee einladen und schach spielen, messer werfen...""}]"
935653903139700,War schon richtig dass die Russen das damals verhindert haben. Sonst hätten wir hier schon das 100-fache an Ausländern.,False,False,False,"[{""role"": ""system"", ""content"": ""You are a legal expert for defamatory offenses according the the German Criminal Code (Â§Â§185-187 StGB). Help the user decide whether given posts fall within in the scope of these articles.""}, {""role"": ""user"", ""content"": ""Is the following post criminally relevant with respect to Â§Â§185-187 StGB (Defamatory Offense)? Answer only with 'True' (criminally relevant according to Â§Â§185-187 StGB) or 'False' (not criminally relevant according to Â§Â§185-187 StGB).""}, {""role"": ""user"", ""content"": ""War schon richtig dass die Russen das damals verhindert haben. Sonst hätten wir hier schon das 100-fache an Ausländern.""}]"
1064992390205850,"Flüchtling klaut teure Gitarre - Flüchtling gibt sie ab um vorzuheucheln dass in solchen ""Menschen"" die Deutsche Frauen vergewaltigen, irgendwas gutes stecken soll. ??????",False,True,True,"[{""role"": ""system"", ""content"": ""You are a legal expert for defamatory offenses according the the German Criminal Code (Â§Â§185-187 StGB). Help the user decide whether given posts fall within in the scope of these articles.""}, {""role"": ""user"", ""content"": ""Is the following post criminally relevant with respect to Â§Â§185-187 StGB (Defamatory Offense)? Answer only with 'True' (criminally relevant according to Â§Â§185-187 StGB) or 'False' (not criminally relevant according to Â§Â§185-187 StGB).""}, {""role"": ""user"", ""content"": ""Flüchtling klaut teure Gitarre - Flüchtling gibt sie ab um vorzuheucheln dass in solchen \""Menschen\"" die Deutsche Frauen vergewaltigen, irgendwas gutes stecken soll. ??????""}]"
1095972880441134,"Das sind weder Flüchtlinge noch Demonstranten. 

Das sind ERPRESSER! Und die Kinder werden auch schon dazu gezwungen. Eine feine Gesellschaft, die da auf uns zurollt!


Danke, Frau Merkel und Gefolge :-(",False,True,True,"[{""role"": ""system"", ""content"": ""You are a legal expert for defamatory offenses according the the German Criminal Code (Â§Â§185-187 StGB). Help the user decide whether given posts fall within in the scope of these articles.""}, {""role"": ""user"", ""content"": ""Is the following post criminally relevant with respect to Â§Â§185-187 StGB (Defamatory Offense)? Answer only with 'True' (criminally relevant according to Â§Â§185-187 StGB) or 'False' (not criminally relevant according to Â§Â§185-187 StGB).""}, {""role"": ""user"", ""content"": ""Das sind weder Flüchtlinge noch Demonstranten. \r\n\r\nDas sind ERPRESSER! Und die Kinder werden auch schon dazu gezwungen. Eine feine Gesellschaft, die da auf uns zurollt!\r\n\r\n\r\nDanke, Frau Merkel und Gefolge :-(""}]"
885774341460990,Antifa sind die nützliche Idioten des BRD-Systems geworden und sehen das selbst nicht. Was ein traurigisch Ende des deutschen Antifaschismus.,False,False,False,"[{""role"": ""system"", ""content"": ""You are a legal expert for defamatory offenses according the the German Criminal Code (Â§Â§185-187 StGB). Help the user decide whether given posts fall within in the scope of these articles.""}, {""role"": ""user"", ""content"": ""Is the following post criminally relevant with respect to Â§Â§185-187 StGB (Defamatory Offense)? Answer only with 'True' (criminally relevant according to Â§Â§185-187 StGB) or 'False' (not criminally relevant according to Â§Â§185-187 StGB).""}, {""role"": ""user"", ""content"": ""Antifa sind die nützliche Idioten des BRD-Systems geworden und sehen das selbst nicht. Was ein traurigisch Ende des deutschen Antifaschismus.""}]"
1043801362324953,"Die Thematik ""der Mistgabeln"" habe ich schon vor drei Jahren in öffentlichen Kommentare erwähnt. Die ""Mistgabel"" steht als Zeichen für die REVOLUTION. Ich hoffe, daß der Marsch nach Berlin umgesetzt werden kann und ""jeder teilnehmende deutsche Bürger"" seine Mistgabel dabei hat. Und diese ""Mistgabeln"" werden wir uns nicht abnehmen lassen auch nicht von der Polizei, die noch immer im ""Merkel-Kadavergehorsam"" verharrt!",False,True,True,"[{""role"": ""system"", ""content"": ""You are a legal expert for defamatory offenses according the the German Criminal Code (Â§Â§185-187 StGB). Help the user decide whether given posts fall within in the scope of these articles.""}, {""role"": ""user"", ""content"": ""Is the following post criminally relevant with respect to Â§Â§185-187 StGB (Defamatory Offense)? Answer only with 'True' (criminally relevant according to Â§Â§185-187 StGB) or 'False' (not criminally relevant according to Â§Â§185-187 StGB).""}, {""role"": ""user"", ""content"": ""Die Thematik \""der Mistgabeln\"" habe ich schon vor drei Jahren in öffentlichen Kommentare erwähnt. Die \""Mistgabel\"" steht als Zeichen für die REVOLUTION. Ich hoffe, daß der Marsch nach Berlin umgesetzt werden kann und \""jeder teilnehmende deutsche Bürger\"" seine Mistgabel dabei hat. Und diese \""Mistgabeln\"" werden wir uns nicht abnehmen lassen auch nicht von der Polizei, die noch immer im \""Merkel-Kadavergehorsam\"" verharrt!""}]"
1451,meine mom ist die größte hure die existiert,True,True,True,"[{""role"": ""system"", ""content"": ""You are a legal expert for defamatory offenses according the the German Criminal Code (Â§Â§185-187 StGB). Help the user decide whether given posts fall within in the scope of these articles.""}, {""role"": ""user"", ""content"": ""Is the following post criminally relevant with respect to Â§Â§185-187 StGB (Defamatory Offense)? Answer only with 'True' (criminally relevant according to Â§Â§185-187 StGB) or 'False' (not criminally relevant according to Â§Â§185-187 StGB).""}, {""role"": ""user"", ""content"": ""meine mom ist die größte hure die existiert""}]"
1134077456630676,"Sie kennt ja besonders viele davon persönlich!! Das ich nicht lache, die, die am wenigsten mit Ihnen zu tun haben, predigen uns, wir sollen sie persönlich kennen lernen. Das ist an Heuchelei nicht zu überbieten und offenbart den Charakter dieser Märe!",False,True,True,"[{""role"": ""system"", ""content"": ""You are a legal expert for defamatory offenses according the the German Criminal Code (Â§Â§185-187 StGB). Help the user decide whether given posts fall within in the scope of these articles.""}, {""role"": ""user"", ""content"": ""Is the following post criminally relevant with respect to Â§Â§185-187 StGB (Defamatory Offense)? Answer only with 'True' (criminally relevant according to Â§Â§185-187 StGB) or 'False' (not criminally relevant according to Â§Â§185-187 StGB).""}, {""role"": ""user"", ""content"": ""Sie kennt ja besonders viele davon persönlich!! Das ich nicht lache, die, die am wenigsten mit Ihnen zu tun haben, predigen uns, wir sollen sie persönlich kennen lernen. Das ist an Heuchelei nicht zu überbieten und offenbart den Charakter dieser Märe!""}]"
856746334363791,Gegen ISLAM !!!,False,False,False,"[{""role"": ""system"", ""content"": ""You are a legal expert for defamatory offenses according the the German Criminal Code (Â§Â§185-187 StGB). Help the user decide whether given posts fall within in the scope of these articles.""}, {""role"": ""user"", ""content"": ""Is the following post criminally relevant with respect to Â§Â§185-187 StGB (Defamatory Offense)? Answer only with 'True' (criminally relevant according to Â§Â§185-187 StGB) or 'False' (not criminally relevant according to Â§Â§185-187 StGB).""}, {""role"": ""user"", ""content"": ""Gegen ISLAM !!!""}]"
1134090383296050,"Ich muss auch nicht persönlich Krebs kriegen um zu wissen, das ich es nicht in meienm Körper haben will! Es wird zeit dieses ganze Politiker pack mit Gewalt von ihrem Tron zu werfen!",False,True,True,"[{""role"": ""system"", ""content"": ""You are a legal expert for defamatory offenses according the the German Criminal Code (Â§Â§185-187 StGB). Help the user decide whether given posts fall within in the scope of these articles.""}, {""role"": ""user"", ""content"": ""Is the following post criminally relevant with respect to Â§Â§185-187 StGB (Defamatory Offense)? Answer only with 'True' (criminally relevant according to Â§Â§185-187 StGB) or 'False' (not criminally relevant according to Â§Â§185-187 StGB).""}, {""role"": ""user"", ""content"": ""Ich muss auch nicht persönlich Krebs kriegen um zu wissen, das ich es nicht in meienm Körper haben will! Es wird zeit dieses ganze Politiker pack mit Gewalt von ihrem Tron zu werfen!""}]"
856789691026122,"Deine weich gekochte Hirngütze möchte ich aber auch nicht umrühren müssen. Versuche mal ein wenig geschichte zu pauken, bevor Du das Mainstream gesülze nachplapperst. Nazi ist wahrscheinlich das einzige was Dir einfällt.",True,True,True,"[{""role"": ""system"", ""content"": ""You are a legal expert for defamatory offenses according the the German Criminal Code (Â§Â§185-187 StGB). Help the user decide whether given posts fall within in the scope of these articles.""}, {""role"": ""user"", ""content"": ""Is the following post criminally relevant with respect to Â§Â§185-187 StGB (Defamatory Offense)? Answer only with 'True' (criminally relevant according to Â§Â§185-187 StGB) or 'False' (not criminally relevant according to Â§Â§185-187 StGB).""}, {""role"": ""user"", ""content"": ""Deine weich gekochte Hirngütze möchte ich aber auch nicht umrühren müssen. Versuche mal ein wenig geschichte zu pauken, bevor Du das Mainstream gesülze nachplapperst. Nazi ist wahrscheinlich das einzige was Dir einfällt.""}]"
1084997548205334,"Ich steh kurz davor wieder in die Kirche einzutreten, um mich von diesem widerlichen Islam noch mehr zu distanzieren. Eine Seuche ist das!",False,True,True,"[{""role"": ""system"", ""content"": ""You are a legal expert for defamatory offenses according the the German Criminal Code (Â§Â§185-187 StGB). Help the user decide whether given posts fall within in the scope of these articles.""}, {""role"": ""user"", ""content"": ""Is the following post criminally relevant with respect to Â§Â§185-187 StGB (Defamatory Offense)? Answer only with 'True' (criminally relevant according to Â§Â§185-187 StGB) or 'False' (not criminally relevant according to Â§Â§185-187 StGB).""}, {""role"": ""user"", ""content"": ""Ich steh kurz davor wieder in die Kirche einzutreten, um mich von diesem widerlichen Islam noch mehr zu distanzieren. Eine Seuche ist das!""}]"
987843211254102,"You might say this is in Turkey... but actually it's Berlin. We should wonder how long Germany will be renamed to Germanistan
https://www.facebook.com/roman.aland/videos/1194795050536677/

A political party in Germany wants to give them the same rights as Christians:
- Special Privileges for the construction of mosques
- Tax deductions
- Recognition of the religion groups
http://www.welt.de/politik/deutschland/article107912782/Die-Gruenen-wollen-den-Islam-einbuergern.html

Meanwhile in countries with a Muslim majority Christians are persecuted, and they are imprisoned for spreading ""Christianity""!
https://www.facebook.com/persecuted/videos/10153855207152454/",False,False,False,"[{""role"": ""system"", ""content"": ""You are a legal expert for defamatory offenses according the the German Criminal Code (Â§Â§185-187 StGB). Help the user decide whether given posts fall within in the scope of these articles.""}, {""role"": ""user"", ""content"": ""Is the following post criminally relevant with respect to Â§Â§185-187 StGB (Defamatory Offense)? Answer only with 'True' (criminally relevant according to Â§Â§185-187 StGB) or 'False' (not criminally relevant according to Â§Â§185-187 StGB).""}, {""role"": ""user"", ""content"": ""You might say this is in Turkey... but actually it's Berlin. We should wonder how long Germany will be renamed to Germanistan\r\nhttps://www.facebook.com/roman.aland/videos/1194795050536677/\r\n\r\nA political party in Germany wants to give them the same rights as Christians:\r\n- Special Privileges for the construction of mosques\r\n- Tax deductions\r\n- Recognition of the religion groups\r\nhttp://www.welt.de/politik/deutschland/article107912782/Die-Gruenen-wollen-den-Islam-einbuergern.html\r\n\r\nMeanwhile in countries with a Muslim majority Christians are persecuted, and they are imprisoned for spreading \""Christianity\""!\r\nhttps://www.facebook.com/persecuted/videos/10153855207152454/""}]"
1012253808813042,"Um Verwechslungen zu vermeiden,nenne Deinen Stand doch ""Allahu AqBART"".....die Insider werden es verstehen....vielleicht kommt ja Herr Vogel auf einen Spung vorbei und liest dir was vor ....
Aber mal ernsthaft.....dieser Post ist ja echt der Schenkelklopfer......da hat sich ein talentierter Webdesigner verwirklicht.",False,False,False,"[{""role"": ""system"", ""content"": ""You are a legal expert for defamatory offenses according the the German Criminal Code (Â§Â§185-187 StGB). Help the user decide whether given posts fall within in the scope of these articles.""}, {""role"": ""user"", ""content"": ""Is the following post criminally relevant with respect to Â§Â§185-187 StGB (Defamatory Offense)? Answer only with 'True' (criminally relevant according to Â§Â§185-187 StGB) or 'False' (not criminally relevant according to Â§Â§185-187 StGB).""}, {""role"": ""user"", ""content"": ""Um Verwechslungen zu vermeiden,nenne Deinen Stand doch \""Allahu AqBART\"".....die Insider werden es verstehen....vielleicht kommt ja Herr Vogel auf einen Spung vorbei und liest dir was vor ....\r\nAber mal ernsthaft.....dieser Post ist ja echt der Schenkelklopfer......da hat sich ein talentierter Webdesigner verwirklicht.""}]"
1010742252297531,"verweichlichte verblödete dsdsschwuchtelvergendertehippigeneration, zu dumm zum leben, zu dumm zum arbeiten, aber dem erfolgreichen mittelstand erklären wollen wie das leben fuktioniert... ihr habt keine kinder, keine verantwortung, keine richtigen jobs und vor allem keine werte, ihr seit eine generation von kollektivem selbstversagen und wollt anderen erzählen wie das leben läuft?!!F.U",False,True,True,"[{""role"": ""system"", ""content"": ""You are a legal expert for defamatory offenses according the the German Criminal Code (Â§Â§185-187 StGB). Help the user decide whether given posts fall within in the scope of these articles.""}, {""role"": ""user"", ""content"": ""Is the following post criminally relevant with respect to Â§Â§185-187 StGB (Defamatory Offense)? Answer only with 'True' (criminally relevant according to Â§Â§185-187 StGB) or 'False' (not criminally relevant according to Â§Â§185-187 StGB).""}, {""role"": ""user"", ""content"": ""verweichlichte verblödete dsdsschwuchtelvergendertehippigeneration, zu dumm zum leben, zu dumm zum arbeiten, aber dem erfolgreichen mittelstand erklären wollen wie das leben fuktioniert... ihr habt keine kinder, keine verantwortung, keine richtigen jobs und vor allem keine werte, ihr seit eine generation von kollektivem selbstversagen und wollt anderen erzählen wie das leben läuft?!!F.U""}]"
946613142043776,abschiesse...,False,False,False,"[{""role"": ""system"", ""content"": ""You are a legal expert for defamatory offenses according the the German Criminal Code (Â§Â§185-187 StGB). Help the user decide whether given posts fall within in the scope of these articles.""}, {""role"": ""user"", ""content"": ""Is the following post criminally relevant with respect to Â§Â§185-187 StGB (Defamatory Offense)? Answer only with 'True' (criminally relevant according to Â§Â§185-187 StGB) or 'False' (not criminally relevant according to Â§Â§185-187 StGB).""}, {""role"": ""user"", ""content"": ""abschiesse...""}]"
1038656362839453,"Das ist ja mal interessant zu erfahren, dass Deutschland Nordafrikaner abweist und den Österreichern aufhalst! Wie ""unappetitlich"" die sich verhalten, haben wir Silvester sehen können. Die österreichische Regierung gehört genauso abgesetzt wie die deutsche.",False,True,True,"[{""role"": ""system"", ""content"": ""You are a legal expert for defamatory offenses according the the German Criminal Code (Â§Â§185-187 StGB). Help the user decide whether given posts fall within in the scope of these articles.""}, {""role"": ""user"", ""content"": ""Is the following post criminally relevant with respect to Â§Â§185-187 StGB (Defamatory Offense)? Answer only with 'True' (criminally relevant according to Â§Â§185-187 StGB) or 'False' (not criminally relevant according to Â§Â§185-187 StGB).""}, {""role"": ""user"", ""content"": ""Das ist ja mal interessant zu erfahren, dass Deutschland Nordafrikaner abweist und den Österreichern aufhalst! Wie \""unappetitlich\"" die sich verhalten, haben wir Silvester sehen können. Die österreichische Regierung gehört genauso abgesetzt wie die deutsche.""}]"
1010181975686892,"Das ist Blödsinn. Wieso sollte man von Muslimen, die lange in Deutschland leben nicht verlangen können, dass sie endlich unser Grundgesetz anerkennen? Das tragen des Kopftuches bedeutet, dass die Frauen nicht gleichberechtigt sind und den Koran als ihr Grundgesetz anerkennen. Es steht aber in unserem GG, dass die Gleichstellung von Mann und Frau von jedem anerkannt werden muss und das gilt auch für Muslime, die seit 30 Jahren hier leben. Deshalb absolutes Verschleierungsverbot, auch von Kopftüchern. Sie passen nicht in unsere westliche Welt, wer sie weiterhin tragen möchte, muss gehen. Ich will weder Kopftücher auf der Straße sehe noch in den Schulen unserer Kinder.",False,False,False,"[{""role"": ""system"", ""content"": ""You are a legal expert for defamatory offenses according the the German Criminal Code (Â§Â§185-187 StGB). Help the user decide whether given posts fall within in the scope of these articles.""}, {""role"": ""user"", ""content"": ""Is the following post criminally relevant with respect to Â§Â§185-187 StGB (Defamatory Offense)? Answer only with 'True' (criminally relevant according to Â§Â§185-187 StGB) or 'False' (not criminally relevant according to Â§Â§185-187 StGB).""}, {""role"": ""user"", ""content"": ""Das ist Blödsinn. Wieso sollte man von Muslimen, die lange in Deutschland leben nicht verlangen können, dass sie endlich unser Grundgesetz anerkennen? Das tragen des Kopftuches bedeutet, dass die Frauen nicht gleichberechtigt sind und den Koran als ihr Grundgesetz anerkennen. Es steht aber in unserem GG, dass die Gleichstellung von Mann und Frau von jedem anerkannt werden muss und das gilt auch für Muslime, die seit 30 Jahren hier leben. Deshalb absolutes Verschleierungsverbot, auch von Kopftüchern. Sie passen nicht in unsere westliche Welt, wer sie weiterhin tragen möchte, muss gehen. Ich will weder Kopftücher auf der Straße sehe noch in den Schulen unserer Kinder.""}]"
1011488318889591,"Polizeiuniform um den Opfern nahe zu kommen, Glasflaschen um diese dann mit Säure zu attackieren, ist in islamischen Kreisen nicht unüblich, unwillige Frauen werden dort somit entstellt.",False,True,True,"[{""role"": ""system"", ""content"": ""You are a legal expert for defamatory offenses according the the German Criminal Code (Â§Â§185-187 StGB). Help the user decide whether given posts fall within in the scope of these articles.""}, {""role"": ""user"", ""content"": ""Is the following post criminally relevant with respect to Â§Â§185-187 StGB (Defamatory Offense)? Answer only with 'True' (criminally relevant according to Â§Â§185-187 StGB) or 'False' (not criminally relevant according to Â§Â§185-187 StGB).""}, {""role"": ""user"", ""content"": ""Polizeiuniform um den Opfern nahe zu kommen, Glasflaschen um diese dann mit Säure zu attackieren, ist in islamischen Kreisen nicht unüblich, unwillige Frauen werden dort somit entstellt.""}]"
876837442354680,Zuwanderung von Fachkräften? Gib es denn so was? Doch wohl eher von Hartz 4 - Empfängern!!!,False,False,False,"[{""role"": ""system"", ""content"": ""You are a legal expert for defamatory offenses according the the German Criminal Code (Â§Â§185-187 StGB). Help the user decide whether given posts fall within in the scope of these articles.""}, {""role"": ""user"", ""content"": ""Is the following post criminally relevant with respect to Â§Â§185-187 StGB (Defamatory Offense)? Answer only with 'True' (criminally relevant according to Â§Â§185-187 StGB) or 'False' (not criminally relevant according to Â§Â§185-187 StGB).""}, {""role"": ""user"", ""content"": ""Zuwanderung von Fachkräften? Gib es denn so was? Doch wohl eher von Hartz 4 - Empfängern!!!""}]"
1043656779006078,Werden die ganzen Flüchtlinge die sich an unseren Frauen vergehen auch mal angezeigt? Wo sind denn da die ganzen Journalisten wenn so etwas passiert??? Aber so etwas will ja keiner gesehen haben. Die haben hier alle Freiheiten der Welt und Pegida muss sich für alles rechtfertigen. Und das in einem Land wo Meinungsfreiheit herrscht.,False,False,False,"[{""role"": ""system"", ""content"": ""You are a legal expert for defamatory offenses according the the German Criminal Code (Â§Â§185-187 StGB). Help the user decide whether given posts fall within in the scope of these articles.""}, {""role"": ""user"", ""content"": ""Is the following post criminally relevant with respect to Â§Â§185-187 StGB (Defamatory Offense)? Answer only with 'True' (criminally relevant according to Â§Â§185-187 StGB) or 'False' (not criminally relevant according to Â§Â§185-187 StGB).""}, {""role"": ""user"", ""content"": ""Werden die ganzen Flüchtlinge die sich an unseren Frauen vergehen auch mal angezeigt? Wo sind denn da die ganzen Journalisten wenn so etwas passiert??? Aber so etwas will ja keiner gesehen haben. Die haben hier alle Freiheiten der Welt und Pegida muss sich für alles rechtfertigen. Und das in einem Land wo Meinungsfreiheit herrscht.""}]"
858363980868693,Euch verdammten Pegida Idioten ist doch nicht mehr zu helfen,False,True,True,"[{""role"": ""system"", ""content"": ""You are a legal expert for defamatory offenses according the the German Criminal Code (Â§Â§185-187 StGB). Help the user decide whether given posts fall within in the scope of these articles.""}, {""role"": ""user"", ""content"": ""Is the following post criminally relevant with respect to Â§Â§185-187 StGB (Defamatory Offense)? Answer only with 'True' (criminally relevant according to Â§Â§185-187 StGB) or 'False' (not criminally relevant according to Â§Â§185-187 StGB).""}, {""role"": ""user"", ""content"": ""Euch verdammten Pegida Idioten ist doch nicht mehr zu helfen""}]"
882460811792343,"Solange die Herren Professoren glauben, dass Geld aus dem Wasserhahn kommt, wird sie das wenig jucken. Deren Gehälter und fette Pensionen bezahlen doch eh die Steuerzahlenden deutschen Deppen bis an ihr seliges Ende (Nicht das der Steuerzahler).. Warum eigentlich? Ist Professor sein eine hoheitliche Aufgabe?",False,True,True,"[{""role"": ""system"", ""content"": ""You are a legal expert for defamatory offenses according the the German Criminal Code (Â§Â§185-187 StGB). Help the user decide whether given posts fall within in the scope of these articles.""}, {""role"": ""user"", ""content"": ""Is the following post criminally relevant with respect to Â§Â§185-187 StGB (Defamatory Offense)? Answer only with 'True' (criminally relevant according to Â§Â§185-187 StGB) or 'False' (not criminally relevant according to Â§Â§185-187 StGB).""}, {""role"": ""user"", ""content"": ""Solange die Herren Professoren glauben, dass Geld aus dem Wasserhahn kommt, wird sie das wenig jucken. Deren Gehälter und fette Pensionen bezahlen doch eh die Steuerzahlenden deutschen Deppen bis an ihr seliges Ende (Nicht das der Steuerzahler).. Warum eigentlich? Ist Professor sein eine hoheitliche Aufgabe?""}]"
882011611837263,"Die Saat des zukünftigen Terrorismus und des religiösen Fanatismus bringt die Politik gerade mit der Asylschwämme auf die Toleranzfelder der deutschen Äcker aus. Deutsche Extremisten reisen nach Syrien und töten im Namen des Koran und diese ungehemmten,skrupellosen Mörder kehren zurück in die soziale Geborgenheit und Sicherheit der Ungläubigen. Die von ihnen zu tiefst gehasste westliche Welt nimmt sie wieder mit offenen Armen auf und nährt und füttert den Keim des Bösen weiter. Die Erhöhung der Sozialleistungen für Asylbewerber ist doch eine perfekte Einladung an die Welt. Kein Geld für Schulen, Polizei, Kindergärten, Straßen , Kommunen,Rentner usw. aber Milliarden Euro für Scheinasylanten.",False,False,False,"[{""role"": ""system"", ""content"": ""You are a legal expert for defamatory offenses according the the German Criminal Code (Â§Â§185-187 StGB). Help the user decide whether given posts fall within in the scope of these articles.""}, {""role"": ""user"", ""content"": ""Is the following post criminally relevant with respect to Â§Â§185-187 StGB (Defamatory Offense)? Answer only with 'True' (criminally relevant according to Â§Â§185-187 StGB) or 'False' (not criminally relevant according to Â§Â§185-187 StGB).""}, {""role"": ""user"", ""content"": ""Die Saat des zukünftigen Terrorismus und des religiösen Fanatismus bringt die Politik gerade mit der Asylschwämme auf die Toleranzfelder der deutschen Äcker aus. Deutsche Extremisten reisen nach Syrien und töten im Namen des Koran und diese ungehemmten,skrupellosen Mörder kehren zurück in die soziale Geborgenheit und Sicherheit der Ungläubigen. Die von ihnen zu tiefst gehasste westliche Welt nimmt sie wieder mit offenen Armen auf und nährt und füttert den Keim des Bösen weiter. Die Erhöhung der Sozialleistungen für Asylbewerber ist doch eine perfekte Einladung an die Welt. Kein Geld für Schulen, Polizei, Kindergärten, Straßen , Kommunen,Rentner usw. aber Milliarden Euro für Scheinasylanten.""}]"
1076,Wir klagen an. Zensur Minister Heiko Maas. Anette Kahane Angela Merkel Lothar de Misere Altmeyer Sigmar Gabriel wegen Verrart am eigenen Volk.,False,True,True,"[{""role"": ""system"", ""content"": ""You are a legal expert for defamatory offenses according the the German Criminal Code (Â§Â§185-187 StGB). Help the user decide whether given posts fall within in the scope of these articles.""}, {""role"": ""user"", ""content"": ""Is the following post criminally relevant with respect to Â§Â§185-187 StGB (Defamatory Offense)? Answer only with 'True' (criminally relevant according to Â§Â§185-187 StGB) or 'False' (not criminally relevant according to Â§Â§185-187 StGB).""}, {""role"": ""user"", ""content"": ""Wir klagen an. Zensur Minister Heiko Maas. Anette Kahane Angela Merkel Lothar de Misere Altmeyer Sigmar Gabriel wegen Verrart am eigenen Volk.""}]"
1095913913780364,"was können die sich eigentlich noch alles rausnehmen? Gnade uns Gott wenn die in Deutschland sind,",False,False,False,"[{""role"": ""system"", ""content"": ""You are a legal expert for defamatory offenses according the the German Criminal Code (Â§Â§185-187 StGB). Help the user decide whether given posts fall within in the scope of these articles.""}, {""role"": ""user"", ""content"": ""Is the following post criminally relevant with respect to Â§Â§185-187 StGB (Defamatory Offense)? Answer only with 'True' (criminally relevant according to Â§Â§185-187 StGB) or 'False' (not criminally relevant according to Â§Â§185-187 StGB).""}, {""role"": ""user"", ""content"": ""was können die sich eigentlich noch alles rausnehmen? Gnade uns Gott wenn die in Deutschland sind,""}]"
1105740956130993,"Wenn das passiert, komme ich extra aus Hamburg zu euch, um euch zu unterstützen! Scheiß Islam!!!",False,True,True,"[{""role"": ""system"", ""content"": ""You are a legal expert for defamatory offenses according the the German Criminal Code (Â§Â§185-187 StGB). Help the user decide whether given posts fall within in the scope of these articles.""}, {""role"": ""user"", ""content"": ""Is the following post criminally relevant with respect to Â§Â§185-187 StGB (Defamatory Offense)? Answer only with 'True' (criminally relevant according to Â§Â§185-187 StGB) or 'False' (not criminally relevant according to Â§Â§185-187 StGB).""}, {""role"": ""user"", ""content"": ""Wenn das passiert, komme ich extra aus Hamburg zu euch, um euch zu unterstützen! Scheiß Islam!!!""}]"
935265449845212,Schade dass der Vogel dabei nicht erschossen wurde.,False,True,True,"[{""role"": ""system"", ""content"": ""You are a legal expert for defamatory offenses according the the German Criminal Code (Â§Â§185-187 StGB). Help the user decide whether given posts fall within in the scope of these articles.""}, {""role"": ""user"", ""content"": ""Is the following post criminally relevant with respect to Â§Â§185-187 StGB (Defamatory Offense)? Answer only with 'True' (criminally relevant according to Â§Â§185-187 StGB) or 'False' (not criminally relevant according to Â§Â§185-187 StGB).""}, {""role"": ""user"", ""content"": ""Schade dass der Vogel dabei nicht erschossen wurde.""}]"
882032678501823,"Was, und hat man keinen Deutschen gefunden den man das in die Schuhe schienen konnte ?",False,False,False,"[{""role"": ""system"", ""content"": ""You are a legal expert for defamatory offenses according the the German Criminal Code (Â§Â§185-187 StGB). Help the user decide whether given posts fall within in the scope of these articles.""}, {""role"": ""user"", ""content"": ""Is the following post criminally relevant with respect to Â§Â§185-187 StGB (Defamatory Offense)? Answer only with 'True' (criminally relevant according to Â§Â§185-187 StGB) or 'False' (not criminally relevant according to Â§Â§185-187 StGB).""}, {""role"": ""user"", ""content"": ""Was, und hat man keinen Deutschen gefunden den man das in die Schuhe schienen konnte ?""}]"
1306,"@USER du hässliche Fotze misst dir ja nicht Gedanken machen, dass du vergewaltigt wirst, dich wird nie ein Flüchtling anpacken, da kann man schonmal so ne große und hässliche Fresse ziehen",True,True,True,"[{""role"": ""system"", ""content"": ""You are a legal expert for defamatory offenses according the the German Criminal Code (Â§Â§185-187 StGB). Help the user decide whether given posts fall within in the scope of these articles.""}, {""role"": ""user"", ""content"": ""Is the following post criminally relevant with respect to Â§Â§185-187 StGB (Defamatory Offense)? Answer only with 'True' (criminally relevant according to Â§Â§185-187 StGB) or 'False' (not criminally relevant according to Â§Â§185-187 StGB).""}, {""role"": ""user"", ""content"": ""@USER du hässliche Fotze misst dir ja nicht Gedanken machen, dass du vergewaltigt wirst, dich wird nie ein Flüchtling anpacken, da kann man schonmal so ne große und hässliche Fresse ziehen""}]"
857871050917986,diese LINKE Drachenbrut...,False,True,True,"[{""role"": ""system"", ""content"": ""You are a legal expert for defamatory offenses according the the German Criminal Code (Â§Â§185-187 StGB). Help the user decide whether given posts fall within in the scope of these articles.""}, {""role"": ""user"", ""content"": ""Is the following post criminally relevant with respect to Â§Â§185-187 StGB (Defamatory Offense)? Answer only with 'True' (criminally relevant according to Â§Â§185-187 StGB) or 'False' (not criminally relevant according to Â§Â§185-187 StGB).""}, {""role"": ""user"", ""content"": ""diese LINKE Drachenbrut...""}]"
1134496189922136,"Die nutzlosen Schmarotzer lernen mich mal kennen, wenn se mir mir nochmal vor die Füße spucken, aber dann müsste ich ja den ärmsten der armen auch noch schmerzengeld zahlen",False,True,True,"[{""role"": ""system"", ""content"": ""You are a legal expert for defamatory offenses according the the German Criminal Code (Â§Â§185-187 StGB). Help the user decide whether given posts fall within in the scope of these articles.""}, {""role"": ""user"", ""content"": ""Is the following post criminally relevant with respect to Â§Â§185-187 StGB (Defamatory Offense)? Answer only with 'True' (criminally relevant according to Â§Â§185-187 StGB) or 'False' (not criminally relevant according to Â§Â§185-187 StGB).""}, {""role"": ""user"", ""content"": ""Die nutzlosen Schmarotzer lernen mich mal kennen, wenn se mir mir nochmal vor die Füße spucken, aber dann müsste ich ja den ärmsten der armen auch noch schmerzengeld zahlen""}]"
856899761015115,"Mutmassungen?? Man merkt, du hast ""Hintergrund"". Das sind amtlich erstellte Statistiken, die hab ich mir gerade nicht einfach so ausgemalt! ;-)
Nein, mein Gefühl täuscht mich nicht - statistisch sind es 20% bei mir. Diese 20% treten wahrscheinlich wegens ihrer Mentalität aber so objektiv ins Auge das es gefühlt mehr sind. Das fängt schon an wenn man mal hier in den Supermarkt geht. Da sehe ich keine integrierten Migranten die Deutsch sprechen, da höre ich nur ""&$((&%()/)%§&(/?%#)&"". 
Sprache ist Kultur, wenn ihr diese Kultur nicht annehmt und nicht lebt, dann frage ich mich, was wollt ihr hier? ..Mercedes oder 3er BMW fahren? Jeder mit Migrationshintergrund, hat hier die Möglichkeit Deutsch zu lernen und zu sprechen, wenn ihr das nicht wollt und nicht tut, bleibt ihr Ausländer, Multikulti fehl geschlagen! 
Jeder Dresdner war mal irgendwann ""im Westen"" und hat gesehen was da abgeht - Noch ist der Anteil in Dresden gering, aber das kann sich aufgrund der von der Regierung vorgegebenen Marschline schnell ändern. Vor allem im Osten wird dies erhöht abgelehnt, so stellen sich viele die Zukunft nicht vor, da dort ganz andere Sorgen existieren, da braucht man keine Zusätzlichen und schon recht keine scheinheiligen, nicht zu Europa gehörenden Religionen. Die aus dieser Ablehnung resultierende ""ihr seit Nazis"" Propaganda in den Medien und der linken Politik, führte wohl zum Wort ""Lügenpresse"". Letztlich sind die Dresdner wahrscheinlich nur ehrlicher als anderswo.
So, jetzt weisste Bescheid!",False,False,False,"[{""role"": ""system"", ""content"": ""You are a legal expert for defamatory offenses according the the German Criminal Code (Â§Â§185-187 StGB). Help the user decide whether given posts fall within in the scope of these articles.""}, {""role"": ""user"", ""content"": ""Is the following post criminally relevant with respect to Â§Â§185-187 StGB (Defamatory Offense)? Answer only with 'True' (criminally relevant according to Â§Â§185-187 StGB) or 'False' (not criminally relevant according to Â§Â§185-187 StGB).""}, {""role"": ""user"", ""content"": ""Mutmassungen?? Man merkt, du hast \""Hintergrund\"". Das sind amtlich erstellte Statistiken, die hab ich mir gerade nicht einfach so ausgemalt! ;-)\r\nNein, mein Gefühl täuscht mich nicht - statistisch sind es 20% bei mir. Diese 20% treten wahrscheinlich wegens ihrer Mentalität aber so objektiv ins Auge das es gefühlt mehr sind. Das fängt schon an wenn man mal hier in den Supermarkt geht. Da sehe ich keine integrierten Migranten die Deutsch sprechen, da höre ich nur \""&$((&%()/)%§&(/?%#)&\"". \r\nSprache ist Kultur, wenn ihr diese Kultur nicht annehmt und nicht lebt, dann frage ich mich, was wollt ihr hier? ..Mercedes oder 3er BMW fahren? Jeder mit Migrationshintergrund, hat hier die Möglichkeit Deutsch zu lernen und zu sprechen, wenn ihr das nicht wollt und nicht tut, bleibt ihr Ausländer, Multikulti fehl geschlagen! \r\nJeder Dresdner war mal irgendwann \""im Westen\"" und hat gesehen was da abgeht - Noch ist der Anteil in Dresden gering, aber das kann sich aufgrund der von der Regierung vorgegebenen Marschline schnell ändern. Vor allem im Osten wird dies erhöht abgelehnt, so stellen sich viele die Zukunft nicht vor, da dort ganz andere Sorgen existieren, da braucht man keine Zusätzlichen und schon recht keine scheinheiligen, nicht zu Europa gehörenden Religionen. Die aus dieser Ablehnung resultierende \""ihr seit Nazis\"" Propaganda in den Medien und der linken Politik, führte wohl zum Wort \""Lügenpresse\"". Letztlich sind die Dresdner wahrscheinlich nur ehrlicher als anderswo.\r\nSo, jetzt weisste Bescheid!""}]"
960881793950244,"""Wirtschaftsflüchtlinge würden das System für wirklich Schutzbedürftige ""blockieren"", so Vincent Cochetel von den Vereinten Nationen.

Nicht bei uns, wir nehmen alle und alles auf ... :(",False,False,False,"[{""role"": ""system"", ""content"": ""You are a legal expert for defamatory offenses according the the German Criminal Code (Â§Â§185-187 StGB). Help the user decide whether given posts fall within in the scope of these articles.""}, {""role"": ""user"", ""content"": ""Is the following post criminally relevant with respect to Â§Â§185-187 StGB (Defamatory Offense)? Answer only with 'True' (criminally relevant according to Â§Â§185-187 StGB) or 'False' (not criminally relevant according to Â§Â§185-187 StGB).""}, {""role"": ""user"", ""content"": ""\""Wirtschaftsflüchtlinge würden das System für wirklich Schutzbedürftige \""blockieren\"", so Vincent Cochetel von den Vereinten Nationen.\r\n\r\nNicht bei uns, wir nehmen alle und alles auf ... :(""}]"
1095911747113914,Wenn die so Kampfbereit sind dann erst recht nachhause für ihr Land kämpfen und fordern.,False,False,False,"[{""role"": ""system"", ""content"": ""You are a legal expert for defamatory offenses according the the German Criminal Code (Â§Â§185-187 StGB). Help the user decide whether given posts fall within in the scope of these articles.""}, {""role"": ""user"", ""content"": ""Is the following post criminally relevant with respect to Â§Â§185-187 StGB (Defamatory Offense)? Answer only with 'True' (criminally relevant according to Â§Â§185-187 StGB) or 'False' (not criminally relevant according to Â§Â§185-187 StGB).""}, {""role"": ""user"", ""content"": ""Wenn die so Kampfbereit sind dann erst recht nachhause für ihr Land kämpfen und fordern.""}]"
982640515107705,"alle verhaften, ins Flugzeug und zurück nach Damaskus!!! Wir brauchen in Europa keine Randalierer!!!",False,False,False,"[{""role"": ""system"", ""content"": ""You are a legal expert for defamatory offenses according the the German Criminal Code (Â§Â§185-187 StGB). Help the user decide whether given posts fall within in the scope of these articles.""}, {""role"": ""user"", ""content"": ""Is the following post criminally relevant with respect to Â§Â§185-187 StGB (Defamatory Offense)? Answer only with 'True' (criminally relevant according to Â§Â§185-187 StGB) or 'False' (not criminally relevant according to Â§Â§185-187 StGB).""}, {""role"": ""user"", ""content"": ""alle verhaften, ins Flugzeug und zurück nach Damaskus!!! Wir brauchen in Europa keine Randalierer!!!""}]"
856771107694647,Paul Du bist ein Nazi! Und ich möchte mit Dir nichts zu tun haben!,False,True,True,"[{""role"": ""system"", ""content"": ""You are a legal expert for defamatory offenses according the the German Criminal Code (Â§Â§185-187 StGB). Help the user decide whether given posts fall within in the scope of these articles.""}, {""role"": ""user"", ""content"": ""Is the following post criminally relevant with respect to Â§Â§185-187 StGB (Defamatory Offense)? Answer only with 'True' (criminally relevant according to Â§Â§185-187 StGB) or 'False' (not criminally relevant according to Â§Â§185-187 StGB).""}, {""role"": ""user"", ""content"": ""Paul Du bist ein Nazi! Und ich möchte mit Dir nichts zu tun haben!""}]"
857344047637353,Und du bist ein Fall fürn Müllhalde!,True,True,True,"[{""role"": ""system"", ""content"": ""You are a legal expert for defamatory offenses according the the German Criminal Code (Â§Â§185-187 StGB). Help the user decide whether given posts fall within in the scope of these articles.""}, {""role"": ""user"", ""content"": ""Is the following post criminally relevant with respect to Â§Â§185-187 StGB (Defamatory Offense)? Answer only with 'True' (criminally relevant according to Â§Â§185-187 StGB) or 'False' (not criminally relevant according to Â§Â§185-187 StGB).""}, {""role"": ""user"", ""content"": ""Und du bist ein Fall fürn Müllhalde!""}]"
1107843862587369,...die wollen doch nur spielen ... missratene Kinder ...,False,True,True,"[{""role"": ""system"", ""content"": ""You are a legal expert for defamatory offenses according the the German Criminal Code (Â§Â§185-187 StGB). Help the user decide whether given posts fall within in the scope of these articles.""}, {""role"": ""user"", ""content"": ""Is the following post criminally relevant with respect to Â§Â§185-187 StGB (Defamatory Offense)? Answer only with 'True' (criminally relevant according to Â§Â§185-187 StGB) or 'False' (not criminally relevant according to Â§Â§185-187 StGB).""}, {""role"": ""user"", ""content"": ""...die wollen doch nur spielen ... missratene Kinder ...""}]"
1044181732286916,"Stimmt, wir, die Pegidas, vor allem die aus Dunkeldeutschland, sind doch die Mischpoken, das Pack, der braune Mob, die Nazis, die Dumpfbacken.........! Ach, die Liste ist lang! Und ich weiß schon nicht mehr, welche Idioten uns, die Steuerzahler so genannt haben!",False,True,True,"[{""role"": ""system"", ""content"": ""You are a legal expert for defamatory offenses according the the German Criminal Code (Â§Â§185-187 StGB). Help the user decide whether given posts fall within in the scope of these articles.""}, {""role"": ""user"", ""content"": ""Is the following post criminally relevant with respect to Â§Â§185-187 StGB (Defamatory Offense)? Answer only with 'True' (criminally relevant according to Â§Â§185-187 StGB) or 'False' (not criminally relevant according to Â§Â§185-187 StGB).""}, {""role"": ""user"", ""content"": ""Stimmt, wir, die Pegidas, vor allem die aus Dunkeldeutschland, sind doch die Mischpoken, das Pack, der braune Mob, die Nazis, die Dumpfbacken.........! Ach, die Liste ist lang! Und ich weiß schon nicht mehr, welche Idioten uns, die Steuerzahler so genannt haben!""}]"
946618468709910,und sackratten,False,True,True,"[{""role"": ""system"", ""content"": ""You are a legal expert for defamatory offenses according the the German Criminal Code (Â§Â§185-187 StGB). Help the user decide whether given posts fall within in the scope of these articles.""}, {""role"": ""user"", ""content"": ""Is the following post criminally relevant with respect to Â§Â§185-187 StGB (Defamatory Offense)? Answer only with 'True' (criminally relevant according to Â§Â§185-187 StGB) or 'False' (not criminally relevant according to Â§Â§185-187 StGB).""}, {""role"": ""user"", ""content"": ""und sackratten""}]"
1012,"Die syrischen Hartz 4 Empfänger müssen kontrolliert werden, ob sie schwarz arbeiten. |LBR| Wie viele davon sind Analphabeten? Sie müssen zurück.",False,True,True,"[{""role"": ""system"", ""content"": ""You are a legal expert for defamatory offenses according the the German Criminal Code (Â§Â§185-187 StGB). Help the user decide whether given posts fall within in the scope of these articles.""}, {""role"": ""user"", ""content"": ""Is the following post criminally relevant with respect to Â§Â§185-187 StGB (Defamatory Offense)? Answer only with 'True' (criminally relevant according to Â§Â§185-187 StGB) or 'False' (not criminally relevant according to Â§Â§185-187 StGB).""}, {""role"": ""user"", ""content"": ""Die syrischen Hartz 4 Empfänger müssen kontrolliert werden, ob sie schwarz arbeiten. |LBR| Wie viele davon sind Analphabeten? Sie müssen zurück.""}]"
369,"@JuttaMBrandt Na der Typ ist wohl die personifizierte LINKSGRÜNversyphte ABARTIGKEIT ! Das auch noch mit Aufruf zur Gewalt, die den DEUTSCHEN durch Messerschwingenden LIBANESEN-und TÜRKENABSCHAUM angetan werden soll, weil es ja so innovative Unmenschen sind! Wie kommt son Typ an solchen Posten",False,True,True,"[{""role"": ""system"", ""content"": ""You are a legal expert for defamatory offenses according the the German Criminal Code (Â§Â§185-187 StGB). Help the user decide whether given posts fall within in the scope of these articles.""}, {""role"": ""user"", ""content"": ""Is the following post criminally relevant with respect to Â§Â§185-187 StGB (Defamatory Offense)? Answer only with 'True' (criminally relevant according to Â§Â§185-187 StGB) or 'False' (not criminally relevant according to Â§Â§185-187 StGB).""}, {""role"": ""user"", ""content"": ""@JuttaMBrandt Na der Typ ist wohl die personifizierte LINKSGRÜNversyphte ABARTIGKEIT ! Das auch noch mit Aufruf zur Gewalt, die den DEUTSCHEN durch Messerschwingenden LIBANESEN-und TÜRKENABSCHAUM angetan werden soll, weil es ja so innovative Unmenschen sind! Wie kommt son Typ an solchen Posten""}]"
894695547235536,"Jaa genau, bin knapp 40. Hab eine weisse Weste. Und jetzt, wo es Pegida gibt, werd ich mir ein Messerchen kaufen und Leute töten. Oh Mann.  Zuviele schlechte Träume gehabt, der Herr Todenhöfer. Klarer Fall für die Klapse",False,True,True,"[{""role"": ""system"", ""content"": ""You are a legal expert for defamatory offenses according the the German Criminal Code (Â§Â§185-187 StGB). Help the user decide whether given posts fall within in the scope of these articles.""}, {""role"": ""user"", ""content"": ""Is the following post criminally relevant with respect to Â§Â§185-187 StGB (Defamatory Offense)? Answer only with 'True' (criminally relevant according to Â§Â§185-187 StGB) or 'False' (not criminally relevant according to Â§Â§185-187 StGB).""}, {""role"": ""user"", ""content"": ""Jaa genau, bin knapp 40. Hab eine weisse Weste. Und jetzt, wo es Pegida gibt, werd ich mir ein Messerchen kaufen und Leute töten. Oh Mann.  Zuviele schlechte Träume gehabt, der Herr Todenhöfer. Klarer Fall für die Klapse""}]"
398,"Beifall. Illegale Invasoren abfangen und dorthin zurückjagen, |LBR| wo sie herkommen. Das erspart teure Abschiebungen. Weiter so.",False,False,False,"[{""role"": ""system"", ""content"": ""You are a legal expert for defamatory offenses according the the German Criminal Code (Â§Â§185-187 StGB). Help the user decide whether given posts fall within in the scope of these articles.""}, {""role"": ""user"", ""content"": ""Is the following post criminally relevant with respect to Â§Â§185-187 StGB (Defamatory Offense)? Answer only with 'True' (criminally relevant according to Â§Â§185-187 StGB) or 'False' (not criminally relevant according to Â§Â§185-187 StGB).""}, {""role"": ""user"", ""content"": ""Beifall. Illegale Invasoren abfangen und dorthin zurückjagen, |LBR| wo sie herkommen. Das erspart teure Abschiebungen. Weiter so.""}]"
1096006340437788,Idioten !,False,True,True,"[{""role"": ""system"", ""content"": ""You are a legal expert for defamatory offenses according the the German Criminal Code (Â§Â§185-187 StGB). Help the user decide whether given posts fall within in the scope of these articles.""}, {""role"": ""user"", ""content"": ""Is the following post criminally relevant with respect to Â§Â§185-187 StGB (Defamatory Offense)? Answer only with 'True' (criminally relevant according to Â§Â§185-187 StGB) or 'False' (not criminally relevant according to Â§Â§185-187 StGB).""}, {""role"": ""user"", ""content"": ""Idioten !""}]"
208,@SPIEGEL_Politik Warum veröffentlicht ihr keine Bilder von linken Anarchisten?Die gibt es zuhauf!Aber ihr seit nur ein Unterstützer dieser Horden!,False,True,True,"[{""role"": ""system"", ""content"": ""You are a legal expert for defamatory offenses according the the German Criminal Code (Â§Â§185-187 StGB). Help the user decide whether given posts fall within in the scope of these articles.""}, {""role"": ""user"", ""content"": ""Is the following post criminally relevant with respect to Â§Â§185-187 StGB (Defamatory Offense)? Answer only with 'True' (criminally relevant according to Â§Â§185-187 StGB) or 'False' (not criminally relevant according to Â§Â§185-187 StGB).""}, {""role"": ""user"", ""content"": ""@SPIEGEL_Politik Warum veröffentlicht ihr keine Bilder von linken Anarchisten?Die gibt es zuhauf!Aber ihr seit nur ein Unterstützer dieser Horden!""}]"
856887307683027,Jaja der Islam und die Nazis ein tolles Team: http://www.lexikon-der-wehrmacht.de/Zusatz/SS/SSOsttuerkei.htm,False,False,False,"[{""role"": ""system"", ""content"": ""You are a legal expert for defamatory offenses according the the German Criminal Code (Â§Â§185-187 StGB). Help the user decide whether given posts fall within in the scope of these articles.""}, {""role"": ""user"", ""content"": ""Is the following post criminally relevant with respect to Â§Â§185-187 StGB (Defamatory Offense)? Answer only with 'True' (criminally relevant according to Â§Â§185-187 StGB) or 'False' (not criminally relevant according to Â§Â§185-187 StGB).""}, {""role"": ""user"", ""content"": ""Jaja der Islam und die Nazis ein tolles Team: http://www.lexikon-der-wehrmacht.de/Zusatz/SS/SSOsttuerkei.htm""}]"
1052383301466759,Jetzt bin ich ja mal gespannt wer die linksfaschisten wieder in die Spur hetzt und damit ein Zeichen der Gewalt setzen will. Na Dresden nazifrei???,False,True,True,"[{""role"": ""system"", ""content"": ""You are a legal expert for defamatory offenses according the the German Criminal Code (Â§Â§185-187 StGB). Help the user decide whether given posts fall within in the scope of these articles.""}, {""role"": ""user"", ""content"": ""Is the following post criminally relevant with respect to Â§Â§185-187 StGB (Defamatory Offense)? Answer only with 'True' (criminally relevant according to Â§Â§185-187 StGB) or 'False' (not criminally relevant according to Â§Â§185-187 StGB).""}, {""role"": ""user"", ""content"": ""Jetzt bin ich ja mal gespannt wer die linksfaschisten wieder in die Spur hetzt und damit ein Zeichen der Gewalt setzen will. Na Dresden nazifrei???""}]"
1322,@USER Jeder toter Neger ist ein guter Neger... Dasselbe gilt für Juden.,True,True,True,"[{""role"": ""system"", ""content"": ""You are a legal expert for defamatory offenses according the the German Criminal Code (Â§Â§185-187 StGB). Help the user decide whether given posts fall within in the scope of these articles.""}, {""role"": ""user"", ""content"": ""Is the following post criminally relevant with respect to Â§Â§185-187 StGB (Defamatory Offense)? Answer only with 'True' (criminally relevant according to Â§Â§185-187 StGB) or 'False' (not criminally relevant according to Â§Â§185-187 StGB).""}, {""role"": ""user"", ""content"": ""@USER Jeder toter Neger ist ein guter Neger... Dasselbe gilt für Juden.""}]"
1801,"Scholz ist für uns Sachsen nicht existent ! Wir haben dieses korrupte, hochkriminelle, kommunistische Marionettenschwein nicht gewählt! Wie wollen nichts mehr mit Berlin und Brüssel zu tun haben!",True,True,True,"[{""role"": ""system"", ""content"": ""You are a legal expert for defamatory offenses according the the German Criminal Code (Â§Â§185-187 StGB). Help the user decide whether given posts fall within in the scope of these articles.""}, {""role"": ""user"", ""content"": ""Is the following post criminally relevant with respect to Â§Â§185-187 StGB (Defamatory Offense)? Answer only with 'True' (criminally relevant according to Â§Â§185-187 StGB) or 'False' (not criminally relevant according to Â§Â§185-187 StGB).""}, {""role"": ""user"", ""content"": ""Scholz ist für uns Sachsen nicht existent ! Wir haben dieses korrupte, hochkriminelle, kommunistische Marionettenschwein nicht gewählt! Wie wollen nichts mehr mit Berlin und Brüssel zu tun haben!""}]"
1055083071196782,"Thomas Bruckner Du hast von nix eine Ahnung und daß richtig viel !!! Dummschwätzer ohne Bild , daß sind die Besten ! Geh wo anders spielen !!!",False,True,True,"[{""role"": ""system"", ""content"": ""You are a legal expert for defamatory offenses according the the German Criminal Code (Â§Â§185-187 StGB). Help the user decide whether given posts fall within in the scope of these articles.""}, {""role"": ""user"", ""content"": ""Is the following post criminally relevant with respect to Â§Â§185-187 StGB (Defamatory Offense)? Answer only with 'True' (criminally relevant according to Â§Â§185-187 StGB) or 'False' (not criminally relevant according to Â§Â§185-187 StGB).""}, {""role"": ""user"", ""content"": ""Thomas Bruckner Du hast von nix eine Ahnung und daß richtig viel !!! Dummschwätzer ohne Bild , daß sind die Besten ! Geh wo anders spielen !!!""}]"
660,@Schlonz58 @welt Merkels Vasall mehr sage ich nicht du Dumm-Deutscher!!,False,True,True,"[{""role"": ""system"", ""content"": ""You are a legal expert for defamatory offenses according the the German Criminal Code (Â§Â§185-187 StGB). Help the user decide whether given posts fall within in the scope of these articles.""}, {""role"": ""user"", ""content"": ""Is the following post criminally relevant with respect to Â§Â§185-187 StGB (Defamatory Offense)? Answer only with 'True' (criminally relevant according to Â§Â§185-187 StGB) or 'False' (not criminally relevant according to Â§Â§185-187 StGB).""}, {""role"": ""user"", ""content"": ""@Schlonz58 @welt Merkels Vasall mehr sage ich nicht du Dumm-Deutscher!!""}]"
1065182520186837,"Ja klar. .........ist doch immer wieder interessant alles !!!!! 
Statt der hundert Vergewaltigungen ,einfach mal was gutes erfinden . Der dumme Michel wird es sxhon schlucken . 
Am 1.3 kommt "" das Tagebuch der Anne Frank ins Kino "" 
Schon zig mal gesehen , aber jetzt kommt es gleich im Kino . 
Sollen dem Deutschen mal wieder Schuldgefühle nahe gelegt werden ? !!!!
Ein Schelm wer böses denkt ......
Wie wäre es mal mit nem Kinofilm über Russland wo damals 27 Millionen starben ?!!! 
Ach stimmt ja, die nehmen sich ja nicht so wichtig und leben in der Gegenwart !!!",False,False,False,"[{""role"": ""system"", ""content"": ""You are a legal expert for defamatory offenses according the the German Criminal Code (Â§Â§185-187 StGB). Help the user decide whether given posts fall within in the scope of these articles.""}, {""role"": ""user"", ""content"": ""Is the following post criminally relevant with respect to Â§Â§185-187 StGB (Defamatory Offense)? Answer only with 'True' (criminally relevant according to Â§Â§185-187 StGB) or 'False' (not criminally relevant according to Â§Â§185-187 StGB).""}, {""role"": ""user"", ""content"": ""Ja klar. .........ist doch immer wieder interessant alles !!!!! \r\nStatt der hundert Vergewaltigungen ,einfach mal was gutes erfinden . Der dumme Michel wird es sxhon schlucken . \r\nAm 1.3 kommt \"" das Tagebuch der Anne Frank ins Kino \"" \r\nSchon zig mal gesehen , aber jetzt kommt es gleich im Kino . \r\nSollen dem Deutschen mal wieder Schuldgefühle nahe gelegt werden ? !!!!\r\nEin Schelm wer böses denkt ......\r\nWie wäre es mal mit nem Kinofilm über Russland wo damals 27 Millionen starben ?!!! \r\nAch stimmt ja, die nehmen sich ja nicht so wichtig und leben in der Gegenwart !!!""}]"
1055108464527576,"Rudi Fett und die Bevölkerung wird weiter dümmer, anstatt mal an die Zukunft zu denken!",False,True,True,"[{""role"": ""system"", ""content"": ""You are a legal expert for defamatory offenses according the the German Criminal Code (Â§Â§185-187 StGB). Help the user decide whether given posts fall within in the scope of these articles.""}, {""role"": ""user"", ""content"": ""Is the following post criminally relevant with respect to Â§Â§185-187 StGB (Defamatory Offense)? Answer only with 'True' (criminally relevant according to Â§Â§185-187 StGB) or 'False' (not criminally relevant according to Â§Â§185-187 StGB).""}, {""role"": ""user"", ""content"": ""Rudi Fett und die Bevölkerung wird weiter dümmer, anstatt mal an die Zukunft zu denken!""}]"
1193,"@TROLL47111 @Birgit_Kelle @sunny_sommer @CDU Ich glaub es erst, wenn sie wirklich ganz weg ist, dieser grünen Schabracke Merkel traue ich inzwischen alles zu!",True,True,True,"[{""role"": ""system"", ""content"": ""You are a legal expert for defamatory offenses according the the German Criminal Code (Â§Â§185-187 StGB). Help the user decide whether given posts fall within in the scope of these articles.""}, {""role"": ""user"", ""content"": ""Is the following post criminally relevant with respect to Â§Â§185-187 StGB (Defamatory Offense)? Answer only with 'True' (criminally relevant according to Â§Â§185-187 StGB) or 'False' (not criminally relevant according to Â§Â§185-187 StGB).""}, {""role"": ""user"", ""content"": ""@TROLL47111 @Birgit_Kelle @sunny_sommer @CDU Ich glaub es erst, wenn sie wirklich ganz weg ist, dieser grünen Schabracke Merkel traue ich inzwischen alles zu!""}]"
894654843906273,Hodentöter ist einfach ein Schwachmat.,True,True,True,"[{""role"": ""system"", ""content"": ""You are a legal expert for defamatory offenses according the the German Criminal Code (Â§Â§185-187 StGB). Help the user decide whether given posts fall within in the scope of these articles.""}, {""role"": ""user"", ""content"": ""Is the following post criminally relevant with respect to Â§Â§185-187 StGB (Defamatory Offense)? Answer only with 'True' (criminally relevant according to Â§Â§185-187 StGB) or 'False' (not criminally relevant according to Â§Â§185-187 StGB).""}, {""role"": ""user"", ""content"": ""Hodentöter ist einfach ein Schwachmat.""}]"
882915261746898,Nicht Wirtschaftsflüchtlinge....Schmarotzer.,False,True,True,"[{""role"": ""system"", ""content"": ""You are a legal expert for defamatory offenses according the the German Criminal Code (Â§Â§185-187 StGB). Help the user decide whether given posts fall within in the scope of these articles.""}, {""role"": ""user"", ""content"": ""Is the following post criminally relevant with respect to Â§Â§185-187 StGB (Defamatory Offense)? Answer only with 'True' (criminally relevant according to Â§Â§185-187 StGB) or 'False' (not criminally relevant according to Â§Â§185-187 StGB).""}, {""role"": ""user"", ""content"": ""Nicht Wirtschaftsflüchtlinge....Schmarotzer.""}]"
946596388712118,"ich würde mal sagen, meine lieben Hausbesitzer, macht schon mal eure überschüssigen Zimmer bereit, denn die vielen Asylanten ob jung oder alt brauchen ja auch ein Plätzchen und da rufe ich doch mal konkret die dazu auf, die so sehr darauf pochen Deutschland muss bunt sein, muss diese armen Menschen aufnehmen. Wie gesagt meine Lieben dann macht schon mal die Betten bereit. Ich brauche sie hier sicher nicht und dazu stehe ich auch. Irgendwann muss der Wahnsinn mal ein Ende haben!!!! Liebe Frau Merkel und Ihr ganzes Team, IHR habt doch auch viel Platz in euren Häusern und LUXUSVILLEN, seit mal Vorbilder und nehmt euch einen Schwung Asylanten mit nach Hause und den Rest verteilt Ihr in eurer noblen und reichen Nachbarschaft, das wäre doch mal vorbildliche Politik.",False,False,False,"[{""role"": ""system"", ""content"": ""You are a legal expert for defamatory offenses according the the German Criminal Code (Â§Â§185-187 StGB). Help the user decide whether given posts fall within in the scope of these articles.""}, {""role"": ""user"", ""content"": ""Is the following post criminally relevant with respect to Â§Â§185-187 StGB (Defamatory Offense)? Answer only with 'True' (criminally relevant according to Â§Â§185-187 StGB) or 'False' (not criminally relevant according to Â§Â§185-187 StGB).""}, {""role"": ""user"", ""content"": ""ich würde mal sagen, meine lieben Hausbesitzer, macht schon mal eure überschüssigen Zimmer bereit, denn die vielen Asylanten ob jung oder alt brauchen ja auch ein Plätzchen und da rufe ich doch mal konkret die dazu auf, die so sehr darauf pochen Deutschland muss bunt sein, muss diese armen Menschen aufnehmen. Wie gesagt meine Lieben dann macht schon mal die Betten bereit. Ich brauche sie hier sicher nicht und dazu stehe ich auch. Irgendwann muss der Wahnsinn mal ein Ende haben!!!! Liebe Frau Merkel und Ihr ganzes Team, IHR habt doch auch viel Platz in euren Häusern und LUXUSVILLEN, seit mal Vorbilder und nehmt euch einen Schwung Asylanten mit nach Hause und den Rest verteilt Ihr in eurer noblen und reichen Nachbarschaft, das wäre doch mal vorbildliche Politik.""}]"
252,"WEG,WEG,WEG mit LINKS !!! Kein Klagerecht für Migranten ! Keine Unterstützung mit SchwesigRaubgeld für Linksautonome ! Prob gelöst!!!",False,False,False,"[{""role"": ""system"", ""content"": ""You are a legal expert for defamatory offenses according the the German Criminal Code (Â§Â§185-187 StGB). Help the user decide whether given posts fall within in the scope of these articles.""}, {""role"": ""user"", ""content"": ""Is the following post criminally relevant with respect to Â§Â§185-187 StGB (Defamatory Offense)? Answer only with 'True' (criminally relevant according to Â§Â§185-187 StGB) or 'False' (not criminally relevant according to Â§Â§185-187 StGB).""}, {""role"": ""user"", ""content"": ""WEG,WEG,WEG mit LINKS !!! Kein Klagerecht für Migranten ! Keine Unterstützung mit SchwesigRaubgeld für Linksautonome ! Prob gelöst!!!""}]"
876592115712546,"Werte Frau Tiergen,
Dazu bedarf es keiner Zeitmaschine, um festzustellen, was mit uns gerade passiert und warum. Lesen Sie nach, was in den Londoner Beschluessen von 1948 und den Anschlussbeschluessen  dazu von den Westalliierten zum Umgang mit Deutschland festgelegt wurde. 

Im Uebrigen gelten die Beschluesse seit 1948 und damit seit einem Jahr v o r Erlass des Grundgesetzes und damit bis heute fort, weil sie durch den 2+4 Vertrag auch nicht explizit aufgehoben wurden.

Lesen Sie dort nach und Sie werden als Gruendungsmitglieder der Vorlauf-EU/WU aus dem Jahr 1948 folgende Staaten finden:

1.USA 
2.Frankreich
3.England
4.Holland
5.Belgien
6.Luxemburg.

Wissen Sie denn auch, wer alle Dokumente zur angeblichen Wiedervereinigung als Erster von den Alliierten unterschrieben hat?

Nein, nicht die USA und auch nicht Russland und auch nicht England, sondern Frankreich.

Denken Sie weiter, an die EU-Finanzkrise von 2008 und wer zu dieser Zeit ueber das auch deutsche Geld mit seinem vertragswidrigen Anteil von 43% das Sagen hatte:

1. Strauss-Kahn - Frankreich - IWF
2. Sarkozy - Frankreich - ESFS/EU-Kommission
3. Jean - Claude Trichet - Frankreich - EZB/ESM .

Klingeln bei Ihnen nun die Alarmglocken und sind alle Lichter an, wenn Sie sich fragen, was dann Von Rompoy - Belgien, Jean - Claude Juncker und alle Anderen Vertreter dieser sechs Laender bei der Eurokrise zu sagen hatten?

Vergessen Sie nicht, dass der BuPraes Koehler und auch BubaPraes Weber just zu dieser Zeit zuruecktraten, also ausgeschaltet wurden, weil sie die rigiden Vorgaben der Westalliierten nicht einfach ""Folge leisten wollten"".

Am 8.5.1945 kapitulierte die deutsche Wehrmacht und nicht das deutsche Volk. Es ergab sich nur. Aus diesem Grund wurde am 23.5.1945 das nach der Haager Landkriegsordnung zu bewertende Kriegsrecht durch die Festsetzung und Ausschaltung der letzten geschaeftsfuehrenden Reichsregierung in eine einseitige Treuhand durch die Westalliierten ueberfuehrt, die bis heute andauert. 

Bis heute wurde uns die demokratische Neuwahl einer Reichsregierung durch die Westalliierten verweigert und die DDR durch eben diese Treuhand ""abgewickelt"".  

Das Ziel der von Frankreich ueber die USA dominierte EU/WU ist die Tilgung unserer deutschen nation von der Landkarte. 

Hitler kam als Nichtdeutscher, naemlich als Oesterreicher in unser Land - im Auftrag der Westalliierten, vornehmlich Frankreichs radikaler Sozialisten, denn er wollte ""Rache"" dafuer, dass Otto von Bismarck 1871 bei der Reichseinigung Oesterreich aus dem ""Deutschen Reich 1871"" draengte, weil es ein staendiger Kriegsgrund in Europa war. 

Die Hitleristen und die NSDAP waren radikale Sozialisten - somit politisch Linke und niemals ""rechts"". Schon der Parteinahme sagt alles, aber auch die Bekenntnisse der 100%en Sozialisten wie Goebbels, Freisler, Heidrich, Hitler und Himmler, um nur einige zu nennen aus deren lebenslaeufen und Tagebuechern...

Noch 1844 im Hernst schreib Goebbels: ""Die einzige Staats- und Regierungsform fuer Deutschland ist ein sozialistisches System"".

Sehen Sie sich ein Wahl-Plakat der CDU von 1946 an und Sie wissen bescheid.

http://www.google.de/imgres?imgurl=http://www.forum-systemfrage.de/Aufbau/aa/10i/CDU-Plakat%25201946%2520Berlin.gif&imgrefurl=http://www.forum-systemfrage.de/Aufbau/aa/10i/aa10i.php?df_name%3DaaDF10%26tbch%3Daa%26schp%3Dnach30j%26ordner%3D10i&h=691&w=468&tbnid=rfFzhCOhPdTBAM:&zoom=1&tbnh=90&tbnw=61&usg=__bu7QIOCXg0FNElEccyaD4vBszu0=&docid=1k70rZ5hl6wqLM&sa=X&ei=_DLyVIrlBYH1UtV5&ved=0CCQQ9QEwAA

Zu dieser Zeit gab es weder die DDR noch die BRD.

1941 sagte der englische Aussenminister Bender in Moskau zu Stalin ""Machen wir Oesterreich nun wieder zu einem Staat"". Das war das Versprechen gegenueber dem totgeweihten Hitler, wenn dieser Deutschland ""fertiggemacht hat"", neben dem, dass er fuer immer im Geschichtsbuch als grossartiger Feldherr stehen wuerde...

Lesen Sie auch eine andere Meinung und andere Fakten zur Geschichte Deutschlands:

www.deutsche-nationalversammlung.de

Es lohnt sich.

Das (Grund-)Gesetz schuetzt niemals die Dummen. Wir als DNV schuetzen das Grundgesetz, weil wir das Recht auf Abschaltung des gleichen ueber Art.146 GG einfordern.

Nicht ohne Grund sind wir Staatsfeind Nr.1.",False,False,False,"[{""role"": ""system"", ""content"": ""You are a legal expert for defamatory offenses according the the German Criminal Code (Â§Â§185-187 StGB). Help the user decide whether given posts fall within in the scope of these articles.""}, {""role"": ""user"", ""content"": ""Is the following post criminally relevant with respect to Â§Â§185-187 StGB (Defamatory Offense)? Answer only with 'True' (criminally relevant according to Â§Â§185-187 StGB) or 'False' (not criminally relevant according to Â§Â§185-187 StGB).""}, {""role"": ""user"", ""content"": ""Werte Frau Tiergen,\r\nDazu bedarf es keiner Zeitmaschine, um festzustellen, was mit uns gerade passiert und warum. Lesen Sie nach, was in den Londoner Beschluessen von 1948 und den Anschlussbeschluessen  dazu von den Westalliierten zum Umgang mit Deutschland festgelegt wurde. \r\n\r\nIm Uebrigen gelten die Beschluesse seit 1948 und damit seit einem Jahr v o r Erlass des Grundgesetzes und damit bis heute fort, weil sie durch den 2+4 Vertrag auch nicht explizit aufgehoben wurden.\r\n\r\nLesen Sie dort nach und Sie werden als Gruendungsmitglieder der Vorlauf-EU/WU aus dem Jahr 1948 folgende Staaten finden:\r\n\r\n1.USA \r\n2.Frankreich\r\n3.England\r\n4.Holland\r\n5.Belgien\r\n6.Luxemburg.\r\n\r\nWissen Sie denn auch, wer alle Dokumente zur angeblichen Wiedervereinigung als Erster von den Alliierten unterschrieben hat?\r\n\r\nNein, nicht die USA und auch nicht Russland und auch nicht England, sondern Frankreich.\r\n\r\nDenken Sie weiter, an die EU-Finanzkrise von 2008 und wer zu dieser Zeit ueber das auch deutsche Geld mit seinem vertragswidrigen Anteil von 43% das Sagen hatte:\r\n\r\n1. Strauss-Kahn - Frankreich - IWF\r\n2. Sarkozy - Frankreich - ESFS/EU-Kommission\r\n3. Jean - Claude Trichet - Frankreich - EZB/ESM .\r\n\r\nKlingeln bei Ihnen nun die Alarmglocken und sind alle Lichter an, wenn Sie sich fragen, was dann Von Rompoy - Belgien, Jean - Claude Juncker und alle Anderen Vertreter dieser sechs Laender bei der Eurokrise zu sagen hatten?\r\n\r\nVergessen Sie nicht, dass der BuPraes Koehler und auch BubaPraes Weber just zu dieser Zeit zuruecktraten, also ausgeschaltet wurden, weil sie die rigiden Vorgaben der Westalliierten nicht einfach \""Folge leisten wollten\"".\r\n\r\nAm 8.5.1945 kapitulierte die deutsche Wehrmacht und nicht das deutsche Volk. Es ergab sich nur. Aus diesem Grund wurde am 23.5.1945 das nach der Haager Landkriegsordnung zu bewertende Kriegsrecht durch die Festsetzung und Ausschaltung der letzten geschaeftsfuehrenden Reichsregierung in eine einseitige Treuhand durch die Westalliierten ueberfuehrt, die bis heute andauert. \r\n\r\nBis heute wurde uns die demokratische Neuwahl einer Reichsregierung durch die Westalliierten verweigert und die DDR durch eben diese Treuhand \""abgewickelt\"".  \r\n\r\nDas Ziel der von Frankreich ueber die USA dominierte EU/WU ist die Tilgung unserer deutschen nation von der Landkarte. \r\n\r\nHitler kam als Nichtdeutscher, naemlich als Oesterreicher in unser Land - im Auftrag der Westalliierten, vornehmlich Frankreichs radikaler Sozialisten, denn er wollte \""Rache\"" dafuer, dass Otto von Bismarck 1871 bei der Reichseinigung Oesterreich aus dem \""Deutschen Reich 1871\"" draengte, weil es ein staendiger Kriegsgrund in Europa war. \r\n\r\nDie Hitleristen und die NSDAP waren radikale Sozialisten - somit politisch Linke und niemals \""rechts\"". Schon der Parteinahme sagt alles, aber auch die Bekenntnisse der 100%en Sozialisten wie Goebbels, Freisler, Heidrich, Hitler und Himmler, um nur einige zu nennen aus deren lebenslaeufen und Tagebuechern...\r\n\r\nNoch 1844 im Hernst schreib Goebbels: \""Die einzige Staats- und Regierungsform fuer Deutschland ist ein sozialistisches System\"".\r\n\r\nSehen Sie sich ein Wahl-Plakat der CDU von 1946 an und Sie wissen bescheid.\r\n\r\nhttp://www.google.de/imgres?imgurl=http://www.forum-systemfrage.de/Aufbau/aa/10i/CDU-Plakat%25201946%2520Berlin.gif&imgrefurl=http://www.forum-systemfrage.de/Aufbau/aa/10i/aa10i.php?df_name%3DaaDF10%26tbch%3Daa%26schp%3Dnach30j%26ordner%3D10i&h=691&w=468&tbnid=rfFzhCOhPdTBAM:&zoom=1&tbnh=90&tbnw=61&usg=__bu7QIOCXg0FNElEccyaD4vBszu0=&docid=1k70rZ5hl6wqLM&sa=X&ei=_DLyVIrlBYH1UtV5&ved=0CCQQ9QEwAA\r\n\r\nZu dieser Zeit gab es weder die DDR noch die BRD.\r\n\r\n1941 sagte der englische Aussenminister Bender in Moskau zu Stalin \""Machen wir Oesterreich nun wieder zu einem Staat\"". Das war das Versprechen gegenueber dem totgeweihten Hitler, wenn dieser Deutschland \""fertiggemacht hat\"", neben dem, dass er fuer immer im Geschichtsbuch als grossartiger Feldherr stehen wuerde...\r\n\r\nLesen Sie auch eine andere Meinung und andere Fakten zur Geschichte Deutschlands:\r\n\r\nwww.deutsche-nationalversammlung.de\r\n\r\nEs lohnt sich.\r\n\r\nDas (Grund-)Gesetz schuetzt niemals die Dummen. Wir als DNV schuetzen das Grundgesetz, weil wir das Recht auf Abschaltung des gleichen ueber Art.146 GG einfordern.\r\n\r\nNicht ohne Grund sind wir Staatsfeind Nr.1.""}]"
1105434036161685,"Nee,Schweine Köppe für die Islamköppe!",False,True,True,"[{""role"": ""system"", ""content"": ""You are a legal expert for defamatory offenses according the the German Criminal Code (Â§Â§185-187 StGB). Help the user decide whether given posts fall within in the scope of these articles.""}, {""role"": ""user"", ""content"": ""Is the following post criminally relevant with respect to Â§Â§185-187 StGB (Defamatory Offense)? Answer only with 'True' (criminally relevant according to Â§Â§185-187 StGB) or 'False' (not criminally relevant according to Â§Â§185-187 StGB).""}, {""role"": ""user"", ""content"": ""Nee,Schweine Köppe für die Islamköppe!""}]"
982650218440068,Michael Karlshorst..Vollhorst.,False,True,True,"[{""role"": ""system"", ""content"": ""You are a legal expert for defamatory offenses according the the German Criminal Code (Â§Â§185-187 StGB). Help the user decide whether given posts fall within in the scope of these articles.""}, {""role"": ""user"", ""content"": ""Is the following post criminally relevant with respect to Â§Â§185-187 StGB (Defamatory Offense)? Answer only with 'True' (criminally relevant according to Â§Â§185-187 StGB) or 'False' (not criminally relevant according to Â§Â§185-187 StGB).""}, {""role"": ""user"", ""content"": ""Michael Karlshorst..Vollhorst.""}]"
1056767454361677,Gott bewahre uns von diesen Politversager die unser Deutschland verraten und verkaufen.,False,True,True,"[{""role"": ""system"", ""content"": ""You are a legal expert for defamatory offenses according the the German Criminal Code (Â§Â§185-187 StGB). Help the user decide whether given posts fall within in the scope of these articles.""}, {""role"": ""user"", ""content"": ""Is the following post criminally relevant with respect to Â§Â§185-187 StGB (Defamatory Offense)? Answer only with 'True' (criminally relevant according to Â§Â§185-187 StGB) or 'False' (not criminally relevant according to Â§Â§185-187 StGB).""}, {""role"": ""user"", ""content"": ""Gott bewahre uns von diesen Politversager die unser Deutschland verraten und verkaufen.""}]"
982682521770171,Anke Schneider merkte was???? Deinen Kommentar hättest Dur sparen können. ...Trottl,True,True,True,"[{""role"": ""system"", ""content"": ""You are a legal expert for defamatory offenses according the the German Criminal Code (Â§Â§185-187 StGB). Help the user decide whether given posts fall within in the scope of these articles.""}, {""role"": ""user"", ""content"": ""Is the following post criminally relevant with respect to Â§Â§185-187 StGB (Defamatory Offense)? Answer only with 'True' (criminally relevant according to Â§Â§185-187 StGB) or 'False' (not criminally relevant according to Â§Â§185-187 StGB).""}, {""role"": ""user"", ""content"": ""Anke Schneider merkte was???? Deinen Kommentar hättest Dur sparen können. ...Trottl""}]"
1078,"Moin, moin, seid Ihr alle noch gesund und munter bei all dem geistigen Dünnpfiff im ""Merkel-Propagandaschrott"" ???😜",False,True,True,"[{""role"": ""system"", ""content"": ""You are a legal expert for defamatory offenses according the the German Criminal Code (Â§Â§185-187 StGB). Help the user decide whether given posts fall within in the scope of these articles.""}, {""role"": ""user"", ""content"": ""Is the following post criminally relevant with respect to Â§Â§185-187 StGB (Defamatory Offense)? Answer only with 'True' (criminally relevant according to Â§Â§185-187 StGB) or 'False' (not criminally relevant according to Â§Â§185-187 StGB).""}, {""role"": ""user"", ""content"": ""Moin, moin, seid Ihr alle noch gesund und munter bei all dem geistigen Dünnpfiff im \""Merkel-Propagandaschrott\"" ???😜""}]"
991,"Was ist das denn für eine, die Blonde mit Harry Potter Brille? |LBR| Umso eher die AFD an die Macht kommt umso besser für Deutschland und deutsche Bürger. |LBR| #illner",False,False,False,"[{""role"": ""system"", ""content"": ""You are a legal expert for defamatory offenses according the the German Criminal Code (Â§Â§185-187 StGB). Help the user decide whether given posts fall within in the scope of these articles.""}, {""role"": ""user"", ""content"": ""Is the following post criminally relevant with respect to Â§Â§185-187 StGB (Defamatory Offense)? Answer only with 'True' (criminally relevant according to Â§Â§185-187 StGB) or 'False' (not criminally relevant according to Â§Â§185-187 StGB).""}, {""role"": ""user"", ""content"": ""Was ist das denn für eine, die Blonde mit Harry Potter Brille? |LBR| Umso eher die AFD an die Macht kommt umso besser für Deutschland und deutsche Bürger. |LBR| #illner""}]"
1065296523508770,sind keine Flüchtling sondern heissen jetzt Findlinge,False,False,False,"[{""role"": ""system"", ""content"": ""You are a legal expert for defamatory offenses according the the German Criminal Code (Â§Â§185-187 StGB). Help the user decide whether given posts fall within in the scope of these articles.""}, {""role"": ""user"", ""content"": ""Is the following post criminally relevant with respect to Â§Â§185-187 StGB (Defamatory Offense)? Answer only with 'True' (criminally relevant according to Â§Â§185-187 StGB) or 'False' (not criminally relevant according to Â§Â§185-187 StGB).""}, {""role"": ""user"", ""content"": ""sind keine Flüchtling sondern heissen jetzt Findlinge""}]"
894911697213921,"...frag mich wo die ganzen Rechtsratikalen denn sind von denen er spricht....? Meint er vielleicht die Türkischen Demonstranten die im Juli 2014 in Essen solche Parolen schrien wie, ""zitiere"": Juden ins Gas..Sieg Heil...etc.""!!!!",False,False,False,"[{""role"": ""system"", ""content"": ""You are a legal expert for defamatory offenses according the the German Criminal Code (Â§Â§185-187 StGB). Help the user decide whether given posts fall within in the scope of these articles.""}, {""role"": ""user"", ""content"": ""Is the following post criminally relevant with respect to Â§Â§185-187 StGB (Defamatory Offense)? Answer only with 'True' (criminally relevant according to Â§Â§185-187 StGB) or 'False' (not criminally relevant according to Â§Â§185-187 StGB).""}, {""role"": ""user"", ""content"": ""...frag mich wo die ganzen Rechtsratikalen denn sind von denen er spricht....? Meint er vielleicht die Türkischen Demonstranten die im Juli 2014 in Essen solche Parolen schrien wie, \""zitiere\"": Juden ins Gas..Sieg Heil...etc.\""!!!!""}]"
936,"@SteiblBarbara @FfFrauki Es reicht wenn sie lächelt, wirkt zwar nicht intelligenter ist aber angenehmen für die drumrum ....!",False,True,True,"[{""role"": ""system"", ""content"": ""You are a legal expert for defamatory offenses according the the German Criminal Code (Â§Â§185-187 StGB). Help the user decide whether given posts fall within in the scope of these articles.""}, {""role"": ""user"", ""content"": ""Is the following post criminally relevant with respect to Â§Â§185-187 StGB (Defamatory Offense)? Answer only with 'True' (criminally relevant according to Â§Â§185-187 StGB) or 'False' (not criminally relevant according to Â§Â§185-187 StGB).""}, {""role"": ""user"", ""content"": ""@SteiblBarbara @FfFrauki Es reicht wenn sie lächelt, wirkt zwar nicht intelligenter ist aber angenehmen für die drumrum ....!""}]"
483,"Wenn der DEUTSCHE BÜRGER sich erstmal wieder seines Wertes bewußt wird, dann werden ein paar Säue durchs Ländle getrieben und zwar linksrum!",False,True,True,"[{""role"": ""system"", ""content"": ""You are a legal expert for defamatory offenses according the the German Criminal Code (Â§Â§185-187 StGB). Help the user decide whether given posts fall within in the scope of these articles.""}, {""role"": ""user"", ""content"": ""Is the following post criminally relevant with respect to Â§Â§185-187 StGB (Defamatory Offense)? Answer only with 'True' (criminally relevant according to Â§Â§185-187 StGB) or 'False' (not criminally relevant according to Â§Â§185-187 StGB).""}, {""role"": ""user"", ""content"": ""Wenn der DEUTSCHE BÜRGER sich erstmal wieder seines Wertes bewußt wird, dann werden ein paar Säue durchs Ländle getrieben und zwar linksrum!""}]"
977014839003606,"(...)Jahr der offenen Tür in der “Festung Europa”(...)

Die ""gerechte Verteilung"" der Asylforderer auf alle EU Staaten, ein Gedanke, der von den #Politikdarstellern nicht zuende gedacht wurde.

Wie er zuende gedacht aussieht, das lest ihr im Artikel, bzw. schon im Auszug daraus. (y)

Denn die #Fachkräfte wollen eben nach #Germoney, Schweden und Co., zu denen, die so dämlich sind, den sogenannten Flüchtling zum heiligen Gral zu erheben, ""Flüchtling, Flüchtling über alles"" anzustimmen und dazu ihren Namen zu tanzen.

Unkontrolliert importieren wir die zukünftigen, sprenggläubigen Surensöhne, so dass den ansässigen #Salafisten, vor Freude über die gesandten neuen Brüder, glatt die Beschneidungsnarbe platzt. 

Dazu verlassen gleichzeitig jedes Jahr zehntausende Leitungsträger das Land, während die bunte Regierung ganze Kohorten von zukünftigen Transferleistungsempfängern importiert, das wird nicht mehr lange gutgehen.

Ein Auszug:

(...)Dass Flüchtlinge, die nun in Budapest, Calais oder in Traiskirchen sitzen und die nach Deutschland oder nach England wollen, die laut dem Plan einer „gerechten Verteilung“ aber künftig nach Bulgarien, Polen oder nach Litauen sollen, dies ohne erbitterten Widerstand akzeptieren werden, ist deshalb schlicht unmöglich.

Wer das wirklich exekutieren will, wird von der Polizei bewachte Deportationszüge durch Europa rollen lassen müssen, in denen zehntausende, wenn nicht hunderttausend Menschen gegen ihren Willen von A nach B verbracht werden. Und diese Migranten dann anschließend dort, wo sie um keinen Preis hinwollen, auch mit physischer Gewalt und in Lagern festhalten müssen, denn sonst sind sie flugs wieder dort, wo sie herkamen. Soziale Leistungen oder Arbeitserlaubnis an bestimmte Orte zu knüpfen wird genauso scheitern. Oder wollen wir diese Menschen im Zweifelsfall verhungern lassen, wenn sie sich nicht „gerecht verteilen“ lassen?

Migranten in Länder zu verbringen, die diese Migranten nicht haben wollen und in die diese Migranten auch gar nicht hinwollen – wer das für ein vernünftiges Konzept hält, der muss schon wirklich am Ende seiner gedanklichen Kräfte sein. (“Presse”)(...)

#PEGIDA #AufDieStraße #MontagIstPegidaTag",False,False,False,"[{""role"": ""system"", ""content"": ""You are a legal expert for defamatory offenses according the the German Criminal Code (Â§Â§185-187 StGB). Help the user decide whether given posts fall within in the scope of these articles.""}, {""role"": ""user"", ""content"": ""Is the following post criminally relevant with respect to Â§Â§185-187 StGB (Defamatory Offense)? Answer only with 'True' (criminally relevant according to Â§Â§185-187 StGB) or 'False' (not criminally relevant according to Â§Â§185-187 StGB).""}, {""role"": ""user"", ""content"": ""(...)Jahr der offenen Tür in der “Festung Europa”(...)\r\n\r\nDie \""gerechte Verteilung\"" der Asylforderer auf alle EU Staaten, ein Gedanke, der von den #Politikdarstellern nicht zuende gedacht wurde.\r\n\r\nWie er zuende gedacht aussieht, das lest ihr im Artikel, bzw. schon im Auszug daraus. (y)\r\n\r\nDenn die #Fachkräfte wollen eben nach #Germoney, Schweden und Co., zu denen, die so dämlich sind, den sogenannten Flüchtling zum heiligen Gral zu erheben, \""Flüchtling, Flüchtling über alles\"" anzustimmen und dazu ihren Namen zu tanzen.\r\n\r\nUnkontrolliert importieren wir die zukünftigen, sprenggläubigen Surensöhne, so dass den ansässigen #Salafisten, vor Freude über die gesandten neuen Brüder, glatt die Beschneidungsnarbe platzt. \r\n\r\nDazu verlassen gleichzeitig jedes Jahr zehntausende Leitungsträger das Land, während die bunte Regierung ganze Kohorten von zukünftigen Transferleistungsempfängern importiert, das wird nicht mehr lange gutgehen.\r\n\r\nEin Auszug:\r\n\r\n(...)Dass Flüchtlinge, die nun in Budapest, Calais oder in Traiskirchen sitzen und die nach Deutschland oder nach England wollen, die laut dem Plan einer „gerechten Verteilung“ aber künftig nach Bulgarien, Polen oder nach Litauen sollen, dies ohne erbitterten Widerstand akzeptieren werden, ist deshalb schlicht unmöglich.\r\n\r\nWer das wirklich exekutieren will, wird von der Polizei bewachte Deportationszüge durch Europa rollen lassen müssen, in denen zehntausende, wenn nicht hunderttausend Menschen gegen ihren Willen von A nach B verbracht werden. Und diese Migranten dann anschließend dort, wo sie um keinen Preis hinwollen, auch mit physischer Gewalt und in Lagern festhalten müssen, denn sonst sind sie flugs wieder dort, wo sie herkamen. Soziale Leistungen oder Arbeitserlaubnis an bestimmte Orte zu knüpfen wird genauso scheitern. Oder wollen wir diese Menschen im Zweifelsfall verhungern lassen, wenn sie sich nicht „gerecht verteilen“ lassen?\r\n\r\nMigranten in Länder zu verbringen, die diese Migranten nicht haben wollen und in die diese Migranten auch gar nicht hinwollen – wer das für ein vernünftiges Konzept hält, der muss schon wirklich am Ende seiner gedanklichen Kräfte sein. (“Presse”)(...)\r\n\r\n#PEGIDA #AufDieStraße #MontagIstPegidaTag""}]"
101,"@Jack_promotions @Hartes_Geld Welcher Staat, welchen meinst du!?",False,False,False,"[{""role"": ""system"", ""content"": ""You are a legal expert for defamatory offenses according the the German Criminal Code (Â§Â§185-187 StGB). Help the user decide whether given posts fall within in the scope of these articles.""}, {""role"": ""user"", ""content"": ""Is the following post criminally relevant with respect to Â§Â§185-187 StGB (Defamatory Offense)? Answer only with 'True' (criminally relevant according to Â§Â§185-187 StGB) or 'False' (not criminally relevant according to Â§Â§185-187 StGB).""}, {""role"": ""user"", ""content"": ""@Jack_promotions @Hartes_Geld Welcher Staat, welchen meinst du!?""}]"
1033,@Sepiroth1986 Naja vllt bei den alteingesessenen linken aber die neuen zu 95% Antideutsche leleks,False,False,False,"[{""role"": ""system"", ""content"": ""You are a legal expert for defamatory offenses according the the German Criminal Code (Â§Â§185-187 StGB). Help the user decide whether given posts fall within in the scope of these articles.""}, {""role"": ""user"", ""content"": ""Is the following post criminally relevant with respect to Â§Â§185-187 StGB (Defamatory Offense)? Answer only with 'True' (criminally relevant according to Â§Â§185-187 StGB) or 'False' (not criminally relevant according to Â§Â§185-187 StGB).""}, {""role"": ""user"", ""content"": ""@Sepiroth1986 Naja vllt bei den alteingesessenen linken aber die neuen zu 95% Antideutsche leleks""}]"
312,@Vancullo Ein Tor das jemals geglaubt hat!,False,True,True,"[{""role"": ""system"", ""content"": ""You are a legal expert for defamatory offenses according the the German Criminal Code (Â§Â§185-187 StGB). Help the user decide whether given posts fall within in the scope of these articles.""}, {""role"": ""user"", ""content"": ""Is the following post criminally relevant with respect to Â§Â§185-187 StGB (Defamatory Offense)? Answer only with 'True' (criminally relevant according to Â§Â§185-187 StGB) or 'False' (not criminally relevant according to Â§Â§185-187 StGB).""}, {""role"": ""user"", ""content"": ""@Vancullo Ein Tor das jemals geglaubt hat!""}]"
1081148325256923,"Afrika für Affen, Europa für Weiße, steckt die Affen in ein Boot und schickt sie auf die Reise.",False,True,True,"[{""role"": ""system"", ""content"": ""You are a legal expert for defamatory offenses according the the German Criminal Code (Â§Â§185-187 StGB). Help the user decide whether given posts fall within in the scope of these articles.""}, {""role"": ""user"", ""content"": ""Is the following post criminally relevant with respect to Â§Â§185-187 StGB (Defamatory Offense)? Answer only with 'True' (criminally relevant according to Â§Â§185-187 StGB) or 'False' (not criminally relevant according to Â§Â§185-187 StGB).""}, {""role"": ""user"", ""content"": ""Afrika für Affen, Europa für Weiße, steckt die Affen in ein Boot und schickt sie auf die Reise.""}]"
935,"@Riedegost Sie können gelassen auf jeden Polit-Idioten warten, der auch einen Krieg nur in Erwägung zieht 😜",False,True,True,"[{""role"": ""system"", ""content"": ""You are a legal expert for defamatory offenses according the the German Criminal Code (Â§Â§185-187 StGB). Help the user decide whether given posts fall within in the scope of these articles.""}, {""role"": ""user"", ""content"": ""Is the following post criminally relevant with respect to Â§Â§185-187 StGB (Defamatory Offense)? Answer only with 'True' (criminally relevant according to Â§Â§185-187 StGB) or 'False' (not criminally relevant according to Â§Â§185-187 StGB).""}, {""role"": ""user"", ""content"": ""@Riedegost Sie können gelassen auf jeden Polit-Idioten warten, der auch einen Krieg nur in Erwägung zieht 😜""}]"
925648117473612,"Christoph.....Zitat:""Was wollt ihr eigentlich? Angeblich ist pegida nicht rechts, und doch hängt ihr wie besoffen der Hetze von FPÖ, DVU, AfD und NPD nach. Ihr habts damit nun mal vergeigt, beim allerallergrößten Teil der Deutschen. Die wollen sowas nämlich nich :D""           Damit hast du dir aber ein Eigentor in Sachen ""du hast Ahnung von PEGIDA "" geschossen. Du hast 0 Ahnung! Pegida distanziert sich von NPD,AfD, DVU eigentlich einfach ausgedrückt, von rechts. Wir sind nicht angeblich gegen rechts, wir sind gegen rechts, gegen Nazis und...gegen gewaltbereite Andersdenkende, seien es die Antifanten oder die radikalen unter den Gläubigen. Wir hängen niemanden nach und wollen auch nichts mit den Programmen der rechten Parteien zu tun haben. Aber wer nicht links von der CDU ist , ist eben rechts, nichtswissender, Medienanhechelnder, unfähig zum selbstdenken-der Gutmensch. Und wer hier gewaltbereit und besoffen ist, kannst du dir hier in Dresden in der achso bunten Neustadt gerne mal anschauen. Und willst du noch was aufregendes erleben, ziehe dir mal ein T-Shirt mit Aufschrift PEGIDA an, das gleich machst du dann Montags mit Antifanten T-Shirts neben der Pegida Veranstaltung. Dann hast du den persönlichen Toleranz-Vergleich, wenn du von der Neustadt noch lebendig heraus kommst. Träume einfach weiter in deiner heilen Welt.",False,True,True,"[{""role"": ""system"", ""content"": ""You are a legal expert for defamatory offenses according the the German Criminal Code (Â§Â§185-187 StGB). Help the user decide whether given posts fall within in the scope of these articles.""}, {""role"": ""user"", ""content"": ""Is the following post criminally relevant with respect to Â§Â§185-187 StGB (Defamatory Offense)? Answer only with 'True' (criminally relevant according to Â§Â§185-187 StGB) or 'False' (not criminally relevant according to Â§Â§185-187 StGB).""}, {""role"": ""user"", ""content"": ""Christoph.....Zitat:\""Was wollt ihr eigentlich? Angeblich ist pegida nicht rechts, und doch hängt ihr wie besoffen der Hetze von FPÖ, DVU, AfD und NPD nach. Ihr habts damit nun mal vergeigt, beim allerallergrößten Teil der Deutschen. Die wollen sowas nämlich nich :D\""           Damit hast du dir aber ein Eigentor in Sachen \""du hast Ahnung von PEGIDA \"" geschossen. Du hast 0 Ahnung! Pegida distanziert sich von NPD,AfD, DVU eigentlich einfach ausgedrückt, von rechts. Wir sind nicht angeblich gegen rechts, wir sind gegen rechts, gegen Nazis und...gegen gewaltbereite Andersdenkende, seien es die Antifanten oder die radikalen unter den Gläubigen. Wir hängen niemanden nach und wollen auch nichts mit den Programmen der rechten Parteien zu tun haben. Aber wer nicht links von der CDU ist , ist eben rechts, nichtswissender, Medienanhechelnder, unfähig zum selbstdenken-der Gutmensch. Und wer hier gewaltbereit und besoffen ist, kannst du dir hier in Dresden in der achso bunten Neustadt gerne mal anschauen. Und willst du noch was aufregendes erleben, ziehe dir mal ein T-Shirt mit Aufschrift PEGIDA an, das gleich machst du dann Montags mit Antifanten T-Shirts neben der Pegida Veranstaltung. Dann hast du den persönlichen Toleranz-Vergleich, wenn du von der Neustadt noch lebendig heraus kommst. Träume einfach weiter in deiner heilen Welt.""}]"
1387164275156865024,"@conan2x @yaboomusic @Zoeyy74 Wer so aussieht darf keine Mütter beleidigen , mein kleine cousi würde dich halt weg fetzen , geh mal zum Friseur und mach dir einen richtigen Übergang du 5€ Möchtegern kanake Internet muschi https://t.co/UnLGAVLXer",True,True,True,"[{""role"": ""system"", ""content"": ""You are a legal expert for defamatory offenses according the the German Criminal Code (Â§Â§185-187 StGB). Help the user decide whether given posts fall within in the scope of these articles.""}, {""role"": ""user"", ""content"": ""Is the following post criminally relevant with respect to Â§Â§185-187 StGB (Defamatory Offense)? Answer only with 'True' (criminally relevant according to Â§Â§185-187 StGB) or 'False' (not criminally relevant according to Â§Â§185-187 StGB).""}, {""role"": ""user"", ""content"": ""@conan2x @yaboomusic @Zoeyy74 Wer so aussieht darf keine Mütter beleidigen , mein kleine cousi würde dich halt weg fetzen , geh mal zum Friseur und mach dir einen richtigen Übergang du 5€ Möchtegern kanake Internet muschi https://t.co/UnLGAVLXer""}]"
1043,"ICH BIN METALLER ! Die IGM, das sind keine Metaller! Mich haben schon die Arschkriecherischen Betriebversammlungen, Ende der 70er angekotzt ! Alles was ROT,SPD,LINKS und besonders GRÜN ist, ist ein DORN im Fleisch der ARBEITNEHMERSCHAFT !",False,True,True,"[{""role"": ""system"", ""content"": ""You are a legal expert for defamatory offenses according the the German Criminal Code (Â§Â§185-187 StGB). Help the user decide whether given posts fall within in the scope of these articles.""}, {""role"": ""user"", ""content"": ""Is the following post criminally relevant with respect to Â§Â§185-187 StGB (Defamatory Offense)? Answer only with 'True' (criminally relevant according to Â§Â§185-187 StGB) or 'False' (not criminally relevant according to Â§Â§185-187 StGB).""}, {""role"": ""user"", ""content"": ""ICH BIN METALLER ! Die IGM, das sind keine Metaller! Mich haben schon die Arschkriecherischen Betriebversammlungen, Ende der 70er angekotzt ! Alles was ROT,SPD,LINKS und besonders GRÜN ist, ist ein DORN im Fleisch der ARBEITNEHMERSCHAFT !""}]"
451,@krippmarie Nicht täuschen lassen....das sind freiwillige die schnellstmöglich dieses Affenland verlassen wollten..!,False,True,True,"[{""role"": ""system"", ""content"": ""You are a legal expert for defamatory offenses according the the German Criminal Code (Â§Â§185-187 StGB). Help the user decide whether given posts fall within in the scope of these articles.""}, {""role"": ""user"", ""content"": ""Is the following post criminally relevant with respect to Â§Â§185-187 StGB (Defamatory Offense)? Answer only with 'True' (criminally relevant according to Â§Â§185-187 StGB) or 'False' (not criminally relevant according to Â§Â§185-187 StGB).""}, {""role"": ""user"", ""content"": ""@krippmarie Nicht täuschen lassen....das sind freiwillige die schnellstmöglich dieses Affenland verlassen wollten..!""}]"
1056487024389720,Die Affen werden sich noch wundern,False,True,True,"[{""role"": ""system"", ""content"": ""You are a legal expert for defamatory offenses according the the German Criminal Code (Â§Â§185-187 StGB). Help the user decide whether given posts fall within in the scope of these articles.""}, {""role"": ""user"", ""content"": ""Is the following post criminally relevant with respect to Â§Â§185-187 StGB (Defamatory Offense)? Answer only with 'True' (criminally relevant according to Â§Â§185-187 StGB) or 'False' (not criminally relevant according to Â§Â§185-187 StGB).""}, {""role"": ""user"", ""content"": ""Die Affen werden sich noch wundern""}]"
982750811763342,Und diese Primaten sind z.b. pegida-anhänger!!!,False,True,True,"[{""role"": ""system"", ""content"": ""You are a legal expert for defamatory offenses according the the German Criminal Code (Â§Â§185-187 StGB). Help the user decide whether given posts fall within in the scope of these articles.""}, {""role"": ""user"", ""content"": ""Is the following post criminally relevant with respect to Â§Â§185-187 StGB (Defamatory Offense)? Answer only with 'True' (criminally relevant according to Â§Â§185-187 StGB) or 'False' (not criminally relevant according to Â§Â§185-187 StGB).""}, {""role"": ""user"", ""content"": ""Und diese Primaten sind z.b. pegida-anhänger!!!""}]"
968151869889903,"Dann auch Trennung von Deutschen und anderen Ethnien. Zumindest die, die diesen Wahn ablehnen. Wir MÜSSEN diese Durchmischung mitmachen. Uns schützt niemand. Ein Reservat für Deutsche in Deutschland?! Eigentlich schon traurig daran zu denken!",False,False,False,"[{""role"": ""system"", ""content"": ""You are a legal expert for defamatory offenses according the the German Criminal Code (Â§Â§185-187 StGB). Help the user decide whether given posts fall within in the scope of these articles.""}, {""role"": ""user"", ""content"": ""Is the following post criminally relevant with respect to Â§Â§185-187 StGB (Defamatory Offense)? Answer only with 'True' (criminally relevant according to Â§Â§185-187 StGB) or 'False' (not criminally relevant according to Â§Â§185-187 StGB).""}, {""role"": ""user"", ""content"": ""Dann auch Trennung von Deutschen und anderen Ethnien. Zumindest die, die diesen Wahn ablehnen. Wir MÜSSEN diese Durchmischung mitmachen. Uns schützt niemand. Ein Reservat für Deutsche in Deutschland?! Eigentlich schon traurig daran zu denken!""}]"
1095979647107124,"Sie nähen sich die Münder zu, randalieren und liefern sich Straßenschlachten, sie bringen sich gegenseitig um und so weiter und so weiter ! Wie kommt es das Menschen die vor Kraft strotzen und so viel Gewalt und Brutalität in sich tragen angeblich vor Krieg und Verfolgung fliehen obewohl sie ja bestens dazu geeignet wären ihr Land und die Familie zu verteidigen ? Hier läuft was anderes aber bestimmt keine Flüchtlingswelle ;)",False,False,False,"[{""role"": ""system"", ""content"": ""You are a legal expert for defamatory offenses according the the German Criminal Code (Â§Â§185-187 StGB). Help the user decide whether given posts fall within in the scope of these articles.""}, {""role"": ""user"", ""content"": ""Is the following post criminally relevant with respect to Â§Â§185-187 StGB (Defamatory Offense)? Answer only with 'True' (criminally relevant according to Â§Â§185-187 StGB) or 'False' (not criminally relevant according to Â§Â§185-187 StGB).""}, {""role"": ""user"", ""content"": ""Sie nähen sich die Münder zu, randalieren und liefern sich Straßenschlachten, sie bringen sich gegenseitig um und so weiter und so weiter ! Wie kommt es das Menschen die vor Kraft strotzen und so viel Gewalt und Brutalität in sich tragen angeblich vor Krieg und Verfolgung fliehen obewohl sie ja bestens dazu geeignet wären ihr Land und die Familie zu verteidigen ? Hier läuft was anderes aber bestimmt keine Flüchtlingswelle ;)""}]"
856811254357299,Schlechte Laune?Gehts Dir jetzt besser?Kein Mensch hat nach Deiner Meinung gefragt.......und über meine Bildung weißt Du bestimmt nichts.Also Troll! Dich .....,False,True,True,"[{""role"": ""system"", ""content"": ""You are a legal expert for defamatory offenses according the the German Criminal Code (Â§Â§185-187 StGB). Help the user decide whether given posts fall within in the scope of these articles.""}, {""role"": ""user"", ""content"": ""Is the following post criminally relevant with respect to Â§Â§185-187 StGB (Defamatory Offense)? Answer only with 'True' (criminally relevant according to Â§Â§185-187 StGB) or 'False' (not criminally relevant according to Â§Â§185-187 StGB).""}, {""role"": ""user"", ""content"": ""Schlechte Laune?Gehts Dir jetzt besser?Kein Mensch hat nach Deiner Meinung gefragt.......und über meine Bildung weißt Du bestimmt nichts.Also Troll! Dich .....""}]"
304,"@awkwardPixels @Wuffelchen @jayxthexhuman Das hängt von den Transpersonen ab. Wenn sie sich eindeutig als Mann bzw. Frau definieren - dann ja. Es gibt aber auch Transpersonen, die nicht in die Kategorien Mann/Frau passen.",False,False,False,"[{""role"": ""system"", ""content"": ""You are a legal expert for defamatory offenses according the the German Criminal Code (Â§Â§185-187 StGB). Help the user decide whether given posts fall within in the scope of these articles.""}, {""role"": ""user"", ""content"": ""Is the following post criminally relevant with respect to Â§Â§185-187 StGB (Defamatory Offense)? Answer only with 'True' (criminally relevant according to Â§Â§185-187 StGB) or 'False' (not criminally relevant according to Â§Â§185-187 StGB).""}, {""role"": ""user"", ""content"": ""@awkwardPixels @Wuffelchen @jayxthexhuman Das hängt von den Transpersonen ab. Wenn sie sich eindeutig als Mann bzw. Frau definieren - dann ja. Es gibt aber auch Transpersonen, die nicht in die Kategorien Mann/Frau passen.""}]"
982640725107684,"na so schwach und erschöpft und fertig und halb verhungert sehen die aber net aus... ich frag mich nur,warum die da mit Tränengas rumspielen?Einmal durchladen und reinhalten...sowas geht gar nicht!Das sind Straftaten...Körperverletzungen...vllt sogar versuchter Totschlag und das Pack kommt damit durch????? Ich weiß...bei den tollen Gutmenschen bin ich der obernazi... kommt ma rum und sagts mir ins Gesicht!",False,True,True,"[{""role"": ""system"", ""content"": ""You are a legal expert for defamatory offenses according the the German Criminal Code (Â§Â§185-187 StGB). Help the user decide whether given posts fall within in the scope of these articles.""}, {""role"": ""user"", ""content"": ""Is the following post criminally relevant with respect to Â§Â§185-187 StGB (Defamatory Offense)? Answer only with 'True' (criminally relevant according to Â§Â§185-187 StGB) or 'False' (not criminally relevant according to Â§Â§185-187 StGB).""}, {""role"": ""user"", ""content"": ""na so schwach und erschöpft und fertig und halb verhungert sehen die aber net aus... ich frag mich nur,warum die da mit Tränengas rumspielen?Einmal durchladen und reinhalten...sowas geht gar nicht!Das sind Straftaten...Körperverletzungen...vllt sogar versuchter Totschlag und das Pack kommt damit durch????? Ich weiß...bei den tollen Gutmenschen bin ich der obernazi... kommt ma rum und sagts mir ins Gesicht!""}]"
935426126495811,"Genau wie ""wie wir"" alle Merkel gewählt haben?? Versteh mich bitte nicht falsch ,aber die Bonzen,egal in welcher Position' stehen auch ohne des Volkes Stimme schon fest""""",False,False,False,"[{""role"": ""system"", ""content"": ""You are a legal expert for defamatory offenses according the the German Criminal Code (Â§Â§185-187 StGB). Help the user decide whether given posts fall within in the scope of these articles.""}, {""role"": ""user"", ""content"": ""Is the following post criminally relevant with respect to Â§Â§185-187 StGB (Defamatory Offense)? Answer only with 'True' (criminally relevant according to Â§Â§185-187 StGB) or 'False' (not criminally relevant according to Â§Â§185-187 StGB).""}, {""role"": ""user"", ""content"": ""Genau wie \""wie wir\"" alle Merkel gewählt haben?? Versteh mich bitte nicht falsch ,aber die Bonzen,egal in welcher Position' stehen auch ohne des Volkes Stimme schon fest\""\""""}]"
1069068516464904,"ein Schwafler und Dummschwätzer, grün halt!",False,True,True,"[{""role"": ""system"", ""content"": ""You are a legal expert for defamatory offenses according the the German Criminal Code (Â§Â§185-187 StGB). Help the user decide whether given posts fall within in the scope of these articles.""}, {""role"": ""user"", ""content"": ""Is the following post criminally relevant with respect to Â§Â§185-187 StGB (Defamatory Offense)? Answer only with 'True' (criminally relevant according to Â§Â§185-187 StGB) or 'False' (not criminally relevant according to Â§Â§185-187 StGB).""}, {""role"": ""user"", ""content"": ""ein Schwafler und Dummschwätzer, grün halt!""}]"
982648211773602,und warum kaempfen die deserteure nicht in ihrem land ?!,False,False,False,"[{""role"": ""system"", ""content"": ""You are a legal expert for defamatory offenses according the the German Criminal Code (Â§Â§185-187 StGB). Help the user decide whether given posts fall within in the scope of these articles.""}, {""role"": ""user"", ""content"": ""Is the following post criminally relevant with respect to Â§Â§185-187 StGB (Defamatory Offense)? Answer only with 'True' (criminally relevant according to Â§Â§185-187 StGB) or 'False' (not criminally relevant according to Â§Â§185-187 StGB).""}, {""role"": ""user"", ""content"": ""und warum kaempfen die deserteure nicht in ihrem land ?!""}]"
977073408997749,"Laßt euch durch das gut organisierte Flüchtlingschaos nicht zu sehr einspannen. Seht was sonst noch so passiert oder besser gesagt nicht passiert! Dieses Chaos wurde doch gut vorbereitet insziniert. Von wem wohl? Wer steht vor dem profitabelsten Geschäftsabschluß aller Zeiten ? Richtig: TTIP !! Wer macht im Chaos das beste Geschäft? Doch wohl das Kapital ! Und uns verkauft man die ganze story als ""humanitären Akt der Nächstenliebe"" . Ich helfe gerne aber ich laß mich nicht ausnutzen, da besteht doch wohl noch ein Unterschied!!!",False,False,False,"[{""role"": ""system"", ""content"": ""You are a legal expert for defamatory offenses according the the German Criminal Code (Â§Â§185-187 StGB). Help the user decide whether given posts fall within in the scope of these articles.""}, {""role"": ""user"", ""content"": ""Is the following post criminally relevant with respect to Â§Â§185-187 StGB (Defamatory Offense)? Answer only with 'True' (criminally relevant according to Â§Â§185-187 StGB) or 'False' (not criminally relevant according to Â§Â§185-187 StGB).""}, {""role"": ""user"", ""content"": ""Laßt euch durch das gut organisierte Flüchtlingschaos nicht zu sehr einspannen. Seht was sonst noch so passiert oder besser gesagt nicht passiert! Dieses Chaos wurde doch gut vorbereitet insziniert. Von wem wohl? Wer steht vor dem profitabelsten Geschäftsabschluß aller Zeiten ? Richtig: TTIP !! Wer macht im Chaos das beste Geschäft? Doch wohl das Kapital ! Und uns verkauft man die ganze story als \""humanitären Akt der Nächstenliebe\"" . Ich helfe gerne aber ich laß mich nicht ausnutzen, da besteht doch wohl noch ein Unterschied!!!""}]"
856815911023500,Haha lieber Demonstration und Demokratie als Spenden für Nazis in der Ukraine.,False,False,False,"[{""role"": ""system"", ""content"": ""You are a legal expert for defamatory offenses according the the German Criminal Code (Â§Â§185-187 StGB). Help the user decide whether given posts fall within in the scope of these articles.""}, {""role"": ""user"", ""content"": ""Is the following post criminally relevant with respect to Â§Â§185-187 StGB (Defamatory Offense)? Answer only with 'True' (criminally relevant according to Â§Â§185-187 StGB) or 'False' (not criminally relevant according to Â§Â§185-187 StGB).""}, {""role"": ""user"", ""content"": ""Haha lieber Demonstration und Demokratie als Spenden für Nazis in der Ukraine.""}]"
914,"@MiriamOzen ..seit sich berufslose Grüne und drogenabhängige pädophile SPD-Politiker im Parlament eingenistet haben, sollte weitaus mehr in Frage gestellt werden als nur unsere Verfassung. |LBR| @SawsanChebli ..dein Vater hätte lesen lernen sollen....viel",False,True,True,"[{""role"": ""system"", ""content"": ""You are a legal expert for defamatory offenses according the the German Criminal Code (Â§Â§185-187 StGB). Help the user decide whether given posts fall within in the scope of these articles.""}, {""role"": ""user"", ""content"": ""Is the following post criminally relevant with respect to Â§Â§185-187 StGB (Defamatory Offense)? Answer only with 'True' (criminally relevant according to Â§Â§185-187 StGB) or 'False' (not criminally relevant according to Â§Â§185-187 StGB).""}, {""role"": ""user"", ""content"": ""@MiriamOzen ..seit sich berufslose Grüne und drogenabhängige pädophile SPD-Politiker im Parlament eingenistet haben, sollte weitaus mehr in Frage gestellt werden als nur unsere Verfassung. |LBR| @SawsanChebli ..dein Vater hätte lesen lernen sollen....viel""}]"
1120268538011568,"naja, sowas passiert eben überall dort, wo der islam die oberhand gewinnt ... wenn ich sehe, dass auf den malediven schon kinder in die todeszelle wandern, weil dort die scharia herrscht, weiß ich nicht wo diese schleichende verbreitung dieses glaubens noch hinführen soll ... http://www.welt.de/politik/ausland/article127555940/Malediven-schicken-Siebenjaehrige-in-Todeszelle.html",False,False,False,"[{""role"": ""system"", ""content"": ""You are a legal expert for defamatory offenses according the the German Criminal Code (Â§Â§185-187 StGB). Help the user decide whether given posts fall within in the scope of these articles.""}, {""role"": ""user"", ""content"": ""Is the following post criminally relevant with respect to Â§Â§185-187 StGB (Defamatory Offense)? Answer only with 'True' (criminally relevant according to Â§Â§185-187 StGB) or 'False' (not criminally relevant according to Â§Â§185-187 StGB).""}, {""role"": ""user"", ""content"": ""naja, sowas passiert eben überall dort, wo der islam die oberhand gewinnt ... wenn ich sehe, dass auf den malediven schon kinder in die todeszelle wandern, weil dort die scharia herrscht, weiß ich nicht wo diese schleichende verbreitung dieses glaubens noch hinführen soll ... http://www.welt.de/politik/ausland/article127555940/Malediven-schicken-Siebenjaehrige-in-Todeszelle.html""}]"
996048243766932,"Benutzung der Dienstwaffe bei lebensbedrohlichen Situationen, hilft das Gesocks zu bändigen!",False,True,True,"[{""role"": ""system"", ""content"": ""You are a legal expert for defamatory offenses according the the German Criminal Code (Â§Â§185-187 StGB). Help the user decide whether given posts fall within in the scope of these articles.""}, {""role"": ""user"", ""content"": ""Is the following post criminally relevant with respect to Â§Â§185-187 StGB (Defamatory Offense)? Answer only with 'True' (criminally relevant according to Â§Â§185-187 StGB) or 'False' (not criminally relevant according to Â§Â§185-187 StGB).""}, {""role"": ""user"", ""content"": ""Benutzung der Dienstwaffe bei lebensbedrohlichen Situationen, hilft das Gesocks zu bändigen!""}]"
1152544654783956,Awo ....Arschlöcher ..,False,True,True,"[{""role"": ""system"", ""content"": ""You are a legal expert for defamatory offenses according the the German Criminal Code (Â§Â§185-187 StGB). Help the user decide whether given posts fall within in the scope of these articles.""}, {""role"": ""user"", ""content"": ""Is the following post criminally relevant with respect to Â§Â§185-187 StGB (Defamatory Offense)? Answer only with 'True' (criminally relevant according to Â§Â§185-187 StGB) or 'False' (not criminally relevant according to Â§Â§185-187 StGB).""}, {""role"": ""user"", ""content"": ""Awo ....Arschlöcher ..""}]"
504,"@mastermikeg @machtjanix23 @AthinaMala @_macmike @Norbinator2403 @ennof_ @troll_putin @NancyPeggyMandy @petpanther0 @info2099 @lifetrend @ThomasGBauer @SchmiddieMaik @charlie_silve @NoHerrman @willjrosenblatt @feldenfrizz @nasanasal @ellibisathide @MD_Franz Der Typ hat sich mit etlichen hier angelegt, hat inhaltlich nichts zu bieten - nur Klugscheißern. Eigenes hat er auch nicht zu bieten - dafür reicht sein Intellekt nicht.",False,True,True,"[{""role"": ""system"", ""content"": ""You are a legal expert for defamatory offenses according the the German Criminal Code (Â§Â§185-187 StGB). Help the user decide whether given posts fall within in the scope of these articles.""}, {""role"": ""user"", ""content"": ""Is the following post criminally relevant with respect to Â§Â§185-187 StGB (Defamatory Offense)? Answer only with 'True' (criminally relevant according to Â§Â§185-187 StGB) or 'False' (not criminally relevant according to Â§Â§185-187 StGB).""}, {""role"": ""user"", ""content"": ""@mastermikeg @machtjanix23 @AthinaMala @_macmike @Norbinator2403 @ennof_ @troll_putin @NancyPeggyMandy @petpanther0 @info2099 @lifetrend @ThomasGBauer @SchmiddieMaik @charlie_silve @NoHerrman @willjrosenblatt @feldenfrizz @nasanasal @ellibisathide @MD_Franz Der Typ hat sich mit etlichen hier angelegt, hat inhaltlich nichts zu bieten - nur Klugscheißern. Eigenes hat er auch nicht zu bieten - dafür reicht sein Intellekt nicht.""}]"
982711478433942,Nieder mit dem Pack!,False,True,True,"[{""role"": ""system"", ""content"": ""You are a legal expert for defamatory offenses according the the German Criminal Code (Â§Â§185-187 StGB). Help the user decide whether given posts fall within in the scope of these articles.""}, {""role"": ""user"", ""content"": ""Is the following post criminally relevant with respect to Â§Â§185-187 StGB (Defamatory Offense)? Answer only with 'True' (criminally relevant according to Â§Â§185-187 StGB) or 'False' (not criminally relevant according to Â§Â§185-187 StGB).""}, {""role"": ""user"", ""content"": ""Nieder mit dem Pack!""}]"
1011382235566866,"Helmut Bue Schalte Deinen Verstand wieder ein, dann darfst Du auch bei uns mitlaufen!",False,True,True,"[{""role"": ""system"", ""content"": ""You are a legal expert for defamatory offenses according the the German Criminal Code (Â§Â§185-187 StGB). Help the user decide whether given posts fall within in the scope of these articles.""}, {""role"": ""user"", ""content"": ""Is the following post criminally relevant with respect to Â§Â§185-187 StGB (Defamatory Offense)? Answer only with 'True' (criminally relevant according to Â§Â§185-187 StGB) or 'False' (not criminally relevant according to Â§Â§185-187 StGB).""}, {""role"": ""user"", ""content"": ""Helmut Bue Schalte Deinen Verstand wieder ein, dann darfst Du auch bei uns mitlaufen!""}]"
266,#Politiker holen #Terroristen ins Land und lassen die #Opfer hilflos zurück.,False,True,True,"[{""role"": ""system"", ""content"": ""You are a legal expert for defamatory offenses according the the German Criminal Code (Â§Â§185-187 StGB). Help the user decide whether given posts fall within in the scope of these articles.""}, {""role"": ""user"", ""content"": ""Is the following post criminally relevant with respect to Â§Â§185-187 StGB (Defamatory Offense)? Answer only with 'True' (criminally relevant according to Â§Â§185-187 StGB) or 'False' (not criminally relevant according to Â§Â§185-187 StGB).""}, {""role"": ""user"", ""content"": ""#Politiker holen #Terroristen ins Land und lassen die #Opfer hilflos zurück.""}]"
1539,"Börn Höcke ist  Unser Mann die Bembelrunde,alles für DEUTSCHLAND, EUROPA REMIGRATION sofort,Grenzen sofort schließen, Islamischensozialschmarotzer Terroristen Hamas, IS.Taliban usw.Ukrainekrieg alle Ukraine Sozialtuoristen ín ihre Angestamtenheimat Handel Wandel Druschba AfDJAfD",True,True,True,"[{""role"": ""system"", ""content"": ""You are a legal expert for defamatory offenses according the the German Criminal Code (Â§Â§185-187 StGB). Help the user decide whether given posts fall within in the scope of these articles.""}, {""role"": ""user"", ""content"": ""Is the following post criminally relevant with respect to Â§Â§185-187 StGB (Defamatory Offense)? Answer only with 'True' (criminally relevant according to Â§Â§185-187 StGB) or 'False' (not criminally relevant according to Â§Â§185-187 StGB).""}, {""role"": ""user"", ""content"": ""Börn Höcke ist  Unser Mann die Bembelrunde,alles für DEUTSCHLAND, EUROPA REMIGRATION sofort,Grenzen sofort schließen, Islamischensozialschmarotzer Terroristen Hamas, IS.Taliban usw.Ukrainekrieg alle Ukraine Sozialtuoristen ín ihre Angestamtenheimat Handel Wandel Druschba AfDJAfD""}]"
1007,Jeder der den Koran verbrennt absoluter Ehrenmann,False,False,False,"[{""role"": ""system"", ""content"": ""You are a legal expert for defamatory offenses according the the German Criminal Code (Â§Â§185-187 StGB). Help the user decide whether given posts fall within in the scope of these articles.""}, {""role"": ""user"", ""content"": ""Is the following post criminally relevant with respect to Â§Â§185-187 StGB (Defamatory Offense)? Answer only with 'True' (criminally relevant according to Â§Â§185-187 StGB) or 'False' (not criminally relevant according to Â§Â§185-187 StGB).""}, {""role"": ""user"", ""content"": ""Jeder der den Koran verbrennt absoluter Ehrenmann""}]"
1121664771205278,Der Islam und die Moschee gehören nicht zu Deutschland,False,False,False,"[{""role"": ""system"", ""content"": ""You are a legal expert for defamatory offenses according the the German Criminal Code (Â§Â§185-187 StGB). Help the user decide whether given posts fall within in the scope of these articles.""}, {""role"": ""user"", ""content"": ""Is the following post criminally relevant with respect to Â§Â§185-187 StGB (Defamatory Offense)? Answer only with 'True' (criminally relevant according to Â§Â§185-187 StGB) or 'False' (not criminally relevant according to Â§Â§185-187 StGB).""}, {""role"": ""user"", ""content"": ""Der Islam und die Moschee gehören nicht zu Deutschland""}]"
1012233232148433,Strietzelmarkt bleibt und ist wie er heisst wem es nicht passt verpisst euch aus Deutschland,False,True,True,"[{""role"": ""system"", ""content"": ""You are a legal expert for defamatory offenses according the the German Criminal Code (Â§Â§185-187 StGB). Help the user decide whether given posts fall within in the scope of these articles.""}, {""role"": ""user"", ""content"": ""Is the following post criminally relevant with respect to Â§Â§185-187 StGB (Defamatory Offense)? Answer only with 'True' (criminally relevant according to Â§Â§185-187 StGB) or 'False' (not criminally relevant according to Â§Â§185-187 StGB).""}, {""role"": ""user"", ""content"": ""Strietzelmarkt bleibt und ist wie er heisst wem es nicht passt verpisst euch aus Deutschland""}]"
857353750969716,Dümmliche Fakes ohne Rückgrat...ihr seid nur Feige Memmen...das lässtige Strandgut in unserem Staat..,True,True,True,"[{""role"": ""system"", ""content"": ""You are a legal expert for defamatory offenses according the the German Criminal Code (Â§Â§185-187 StGB). Help the user decide whether given posts fall within in the scope of these articles.""}, {""role"": ""user"", ""content"": ""Is the following post criminally relevant with respect to Â§Â§185-187 StGB (Defamatory Offense)? Answer only with 'True' (criminally relevant according to Â§Â§185-187 StGB) or 'False' (not criminally relevant according to Â§Â§185-187 StGB).""}, {""role"": ""user"", ""content"": ""Dümmliche Fakes ohne Rückgrat...ihr seid nur Feige Memmen...das lässtige Strandgut in unserem Staat..""}]"
1064983566873399,"Och, nicht doch schon wieder eine dieser regelmässigen weinerlichen Flüchling-Ich-Finde-Was-Geschichten. Man, in was für einem beschissenen DDR-2.0-Staat leben wir eigentlich? Diese Geigen-Geschichte ist soooooo schlecht. Fremdschämen-BRD anno 2016.",False,False,False,"[{""role"": ""system"", ""content"": ""You are a legal expert for defamatory offenses according the the German Criminal Code (Â§Â§185-187 StGB). Help the user decide whether given posts fall within in the scope of these articles.""}, {""role"": ""user"", ""content"": ""Is the following post criminally relevant with respect to Â§Â§185-187 StGB (Defamatory Offense)? Answer only with 'True' (criminally relevant according to Â§Â§185-187 StGB) or 'False' (not criminally relevant according to Â§Â§185-187 StGB).""}, {""role"": ""user"", ""content"": ""Och, nicht doch schon wieder eine dieser regelmässigen weinerlichen Flüchling-Ich-Finde-Was-Geschichten. Man, in was für einem beschissenen DDR-2.0-Staat leben wir eigentlich? Diese Geigen-Geschichte ist soooooo schlecht. Fremdschämen-BRD anno 2016.""}]"
962,@roland01962 Wir machen dies Frau bis zur Wahl im September fertig!! Zeigen wir der Welt wer diese Volksverräterin wirklich ist!!,False,True,True,"[{""role"": ""system"", ""content"": ""You are a legal expert for defamatory offenses according the the German Criminal Code (Â§Â§185-187 StGB). Help the user decide whether given posts fall within in the scope of these articles.""}, {""role"": ""user"", ""content"": ""Is the following post criminally relevant with respect to Â§Â§185-187 StGB (Defamatory Offense)? Answer only with 'True' (criminally relevant according to Â§Â§185-187 StGB) or 'False' (not criminally relevant according to Â§Â§185-187 StGB).""}, {""role"": ""user"", ""content"": ""@roland01962 Wir machen dies Frau bis zur Wahl im September fertig!! Zeigen wir der Welt wer diese Volksverräterin wirklich ist!!""}]"
856743601030731,Davon lesen kann man bei der blöd Zeitung mal wieder nichts!! Waren angeblich nur einige tausende. Typisch für dieses blöde Schmierblatt,False,True,True,"[{""role"": ""system"", ""content"": ""You are a legal expert for defamatory offenses according the the German Criminal Code (Â§Â§185-187 StGB). Help the user decide whether given posts fall within in the scope of these articles.""}, {""role"": ""user"", ""content"": ""Is the following post criminally relevant with respect to Â§Â§185-187 StGB (Defamatory Offense)? Answer only with 'True' (criminally relevant according to Â§Â§185-187 StGB) or 'False' (not criminally relevant according to Â§Â§185-187 StGB).""}, {""role"": ""user"", ""content"": ""Davon lesen kann man bei der blöd Zeitung mal wieder nichts!! Waren angeblich nur einige tausende. Typisch für dieses blöde Schmierblatt""}]"
858456270859464,Ihr pisser,False,True,True,"[{""role"": ""system"", ""content"": ""You are a legal expert for defamatory offenses according the the German Criminal Code (Â§Â§185-187 StGB). Help the user decide whether given posts fall within in the scope of these articles.""}, {""role"": ""user"", ""content"": ""Is the following post criminally relevant with respect to Â§Â§185-187 StGB (Defamatory Offense)? Answer only with 'True' (criminally relevant according to Â§Â§185-187 StGB) or 'False' (not criminally relevant according to Â§Â§185-187 StGB).""}, {""role"": ""user"", ""content"": ""Ihr pisser""}]"
421,"@welt Stimmt, und Merkel als Reinfall für das deutsche Volk und Europa!!! |LBR| Diese Heuchlerin sollte lieber ganz still sein!!!😡😡😡",False,True,True,"[{""role"": ""system"", ""content"": ""You are a legal expert for defamatory offenses according the the German Criminal Code (Â§Â§185-187 StGB). Help the user decide whether given posts fall within in the scope of these articles.""}, {""role"": ""user"", ""content"": ""Is the following post criminally relevant with respect to Â§Â§185-187 StGB (Defamatory Offense)? Answer only with 'True' (criminally relevant according to Â§Â§185-187 StGB) or 'False' (not criminally relevant according to Â§Â§185-187 StGB).""}, {""role"": ""user"", ""content"": ""@welt Stimmt, und Merkel als Reinfall für das deutsche Volk und Europa!!! |LBR| Diese Heuchlerin sollte lieber ganz still sein!!!😡😡😡""}]"
1228,"Es vergeht kaum ein Tag, an dem Merkels Invasoren niemand abstechen oder vergewaltigen. #Merkel hat die Sicherheit ihrem Wahn geopfert.",True,True,True,"[{""role"": ""system"", ""content"": ""You are a legal expert for defamatory offenses according the the German Criminal Code (Â§Â§185-187 StGB). Help the user decide whether given posts fall within in the scope of these articles.""}, {""role"": ""user"", ""content"": ""Is the following post criminally relevant with respect to Â§Â§185-187 StGB (Defamatory Offense)? Answer only with 'True' (criminally relevant according to Â§Â§185-187 StGB) or 'False' (not criminally relevant according to Â§Â§185-187 StGB).""}, {""role"": ""user"", ""content"": ""Es vergeht kaum ein Tag, an dem Merkels Invasoren niemand abstechen oder vergewaltigen. #Merkel hat die Sicherheit ihrem Wahn geopfert.""}]"
1586,@sssaccad STERBE WAS NE NUTTE,True,True,True,"[{""role"": ""system"", ""content"": ""You are a legal expert for defamatory offenses according the the German Criminal Code (Â§Â§185-187 StGB). Help the user decide whether given posts fall within in the scope of these articles.""}, {""role"": ""user"", ""content"": ""Is the following post criminally relevant with respect to Â§Â§185-187 StGB (Defamatory Offense)? Answer only with 'True' (criminally relevant according to Â§Â§185-187 StGB) or 'False' (not criminally relevant according to Â§Â§185-187 StGB).""}, {""role"": ""user"", ""content"": ""@sssaccad STERBE WAS NE NUTTE""}]"
1095991703772585,"Ein Australische Truck mit 3 Hänger hinten dran und durch. Die stellen sich nicht mehr in den Weg, wetten? Denn wenn die über 70 Räder drüber sind, übernimmt die Sonne den Rest und dann weht der Wind die Pappnasen von der Straße.",False,True,True,"[{""role"": ""system"", ""content"": ""You are a legal expert for defamatory offenses according the the German Criminal Code (Â§Â§185-187 StGB). Help the user decide whether given posts fall within in the scope of these articles.""}, {""role"": ""user"", ""content"": ""Is the following post criminally relevant with respect to Â§Â§185-187 StGB (Defamatory Offense)? Answer only with 'True' (criminally relevant according to Â§Â§185-187 StGB) or 'False' (not criminally relevant according to Â§Â§185-187 StGB).""}, {""role"": ""user"", ""content"": ""Ein Australische Truck mit 3 Hänger hinten dran und durch. Die stellen sich nicht mehr in den Weg, wetten? Denn wenn die über 70 Räder drüber sind, übernimmt die Sonne den Rest und dann weht der Wind die Pappnasen von der Straße.""}]"
960864323951991,"Jasmin, die sind nicht belegt, die sind baufällig, weil alles Geld in die Asylindustrie geht.",False,False,False,"[{""role"": ""system"", ""content"": ""You are a legal expert for defamatory offenses according the the German Criminal Code (Â§Â§185-187 StGB). Help the user decide whether given posts fall within in the scope of these articles.""}, {""role"": ""user"", ""content"": ""Is the following post criminally relevant with respect to Â§Â§185-187 StGB (Defamatory Offense)? Answer only with 'True' (criminally relevant according to Â§Â§185-187 StGB) or 'False' (not criminally relevant according to Â§Â§185-187 StGB).""}, {""role"": ""user"", ""content"": ""Jasmin, die sind nicht belegt, die sind baufällig, weil alles Geld in die Asylindustrie geht.""}]"
367,Der Unterschied zwischen Udo Jürgens und Conchita zeigt wie sehr sich Europa in 4 Jahrzehnte gewandelt hat. Lebt damit!,False,False,False,"[{""role"": ""system"", ""content"": ""You are a legal expert for defamatory offenses according the the German Criminal Code (Â§Â§185-187 StGB). Help the user decide whether given posts fall within in the scope of these articles.""}, {""role"": ""user"", ""content"": ""Is the following post criminally relevant with respect to Â§Â§185-187 StGB (Defamatory Offense)? Answer only with 'True' (criminally relevant according to Â§Â§185-187 StGB) or 'False' (not criminally relevant according to Â§Â§185-187 StGB).""}, {""role"": ""user"", ""content"": ""Der Unterschied zwischen Udo Jürgens und Conchita zeigt wie sehr sich Europa in 4 Jahrzehnte gewandelt hat. Lebt damit!""}]"
857977757573982,"Jetzt wird die nächste Sau durch das Münchner Schmierblatt ""tz"" getrieben - hohler geht's kaum noch: http://www.tz.de/politik/seit-pegida-gewalt-gegen-migranten-verdoppelt-zr-4678767.html",False,True,True,"[{""role"": ""system"", ""content"": ""You are a legal expert for defamatory offenses according the the German Criminal Code (Â§Â§185-187 StGB). Help the user decide whether given posts fall within in the scope of these articles.""}, {""role"": ""user"", ""content"": ""Is the following post criminally relevant with respect to Â§Â§185-187 StGB (Defamatory Offense)? Answer only with 'True' (criminally relevant according to Â§Â§185-187 StGB) or 'False' (not criminally relevant according to Â§Â§185-187 StGB).""}, {""role"": ""user"", ""content"": ""Jetzt wird die nächste Sau durch das Münchner Schmierblatt \""tz\"" getrieben - hohler geht's kaum noch: http://www.tz.de/politik/seit-pegida-gewalt-gegen-migranten-verdoppelt-zr-4678767.html""}]"
491,@BILD Man sollte diese Drecksbande für Vogelfrei erklären und zum Abschuss freigegeben!!!!,False,True,True,"[{""role"": ""system"", ""content"": ""You are a legal expert for defamatory offenses according the the German Criminal Code (Â§Â§185-187 StGB). Help the user decide whether given posts fall within in the scope of these articles.""}, {""role"": ""user"", ""content"": ""Is the following post criminally relevant with respect to Â§Â§185-187 StGB (Defamatory Offense)? Answer only with 'True' (criminally relevant according to Â§Â§185-187 StGB) or 'False' (not criminally relevant according to Â§Â§185-187 StGB).""}, {""role"": ""user"", ""content"": ""@BILD Man sollte diese Drecksbande für Vogelfrei erklären und zum Abschuss freigegeben!!!!""}]"
856745107697247,Die Lügenpresse wird von wenigen tausend Leuten sprechen und schreiben. :-),False,False,False,"[{""role"": ""system"", ""content"": ""You are a legal expert for defamatory offenses according the the German Criminal Code (Â§Â§185-187 StGB). Help the user decide whether given posts fall within in the scope of these articles.""}, {""role"": ""user"", ""content"": ""Is the following post criminally relevant with respect to Â§Â§185-187 StGB (Defamatory Offense)? Answer only with 'True' (criminally relevant according to Â§Â§185-187 StGB) or 'False' (not criminally relevant according to Â§Â§185-187 StGB).""}, {""role"": ""user"", ""content"": ""Die Lügenpresse wird von wenigen tausend Leuten sprechen und schreiben. :-)""}]"
518,Wer wählt denn noch SPD mit diesem schulischen Versager |LBR| Martin Schulz. 2 x sitzengeblieben. Der taugt doch nichts.,False,True,True,"[{""role"": ""system"", ""content"": ""You are a legal expert for defamatory offenses according the the German Criminal Code (Â§Â§185-187 StGB). Help the user decide whether given posts fall within in the scope of these articles.""}, {""role"": ""user"", ""content"": ""Is the following post criminally relevant with respect to Â§Â§185-187 StGB (Defamatory Offense)? Answer only with 'True' (criminally relevant according to Â§Â§185-187 StGB) or 'False' (not criminally relevant according to Â§Â§185-187 StGB).""}, {""role"": ""user"", ""content"": ""Wer wählt denn noch SPD mit diesem schulischen Versager |LBR| Martin Schulz. 2 x sitzengeblieben. Der taugt doch nichts.""}]"
1011403292231427,So einfach werden die nicht verschwinden ljudmila!!!! Die fühlen sich hier richtig wohl!!! Wie die Made im Speck!!!! Und wir gehen auch auf die Straße!!!! Aber wer hier sagt was gar nicht geht!!!! Ist gleich ein Nazi!!! Das ist Deutschland 2015!!!!,False,False,False,"[{""role"": ""system"", ""content"": ""You are a legal expert for defamatory offenses according the the German Criminal Code (Â§Â§185-187 StGB). Help the user decide whether given posts fall within in the scope of these articles.""}, {""role"": ""user"", ""content"": ""Is the following post criminally relevant with respect to Â§Â§185-187 StGB (Defamatory Offense)? Answer only with 'True' (criminally relevant according to Â§Â§185-187 StGB) or 'False' (not criminally relevant according to Â§Â§185-187 StGB).""}, {""role"": ""user"", ""content"": ""So einfach werden die nicht verschwinden ljudmila!!!! Die fühlen sich hier richtig wohl!!! Wie die Made im Speck!!!! Und wir gehen auch auf die Straße!!!! Aber wer hier sagt was gar nicht geht!!!! Ist gleich ein Nazi!!! Das ist Deutschland 2015!!!!""}]"
1384,DAS KRANKE DRECKSSCHWEIN !!!!,True,True,True,"[{""role"": ""system"", ""content"": ""You are a legal expert for defamatory offenses according the the German Criminal Code (Â§Â§185-187 StGB). Help the user decide whether given posts fall within in the scope of these articles.""}, {""role"": ""user"", ""content"": ""Is the following post criminally relevant with respect to Â§Â§185-187 StGB (Defamatory Offense)? Answer only with 'True' (criminally relevant according to Â§Â§185-187 StGB) or 'False' (not criminally relevant according to Â§Â§185-187 StGB).""}, {""role"": ""user"", ""content"": ""DAS KRANKE DRECKSSCHWEIN !!!!""}]"
876345955737162,Klar brauchen wir Einwanderung von motivierten integrationswillig-und fähigen Menschen. Aber definitiv keine Moslems.,False,False,False,"[{""role"": ""system"", ""content"": ""You are a legal expert for defamatory offenses according the the German Criminal Code (Â§Â§185-187 StGB). Help the user decide whether given posts fall within in the scope of these articles.""}, {""role"": ""user"", ""content"": ""Is the following post criminally relevant with respect to Â§Â§185-187 StGB (Defamatory Offense)? Answer only with 'True' (criminally relevant according to Â§Â§185-187 StGB) or 'False' (not criminally relevant according to Â§Â§185-187 StGB).""}, {""role"": ""user"", ""content"": ""Klar brauchen wir Einwanderung von motivierten integrationswillig-und fähigen Menschen. Aber definitiv keine Moslems.""}]"
567,"Helmut Schmidt hatte allein mehr Verstand, als die gesamte Berliner Muschpoke zusammen 😜",False,True,True,"[{""role"": ""system"", ""content"": ""You are a legal expert for defamatory offenses according the the German Criminal Code (Â§Â§185-187 StGB). Help the user decide whether given posts fall within in the scope of these articles.""}, {""role"": ""user"", ""content"": ""Is the following post criminally relevant with respect to Â§Â§185-187 StGB (Defamatory Offense)? Answer only with 'True' (criminally relevant according to Â§Â§185-187 StGB) or 'False' (not criminally relevant according to Â§Â§185-187 StGB).""}, {""role"": ""user"", ""content"": ""Helmut Schmidt hatte allein mehr Verstand, als die gesamte Berliner Muschpoke zusammen 😜""}]"
987962144575542,aber wenn schulbetrieb gestört wird geht jede form von beherbergung?? haben die linksfaschisten angst das die migranten denen die show stehlen und mehr aufmerksamkeit bekommen? oder gar angst wegen einer ständigen polizeipräsenz?,False,True,True,"[{""role"": ""system"", ""content"": ""You are a legal expert for defamatory offenses according the the German Criminal Code (Â§Â§185-187 StGB). Help the user decide whether given posts fall within in the scope of these articles.""}, {""role"": ""user"", ""content"": ""Is the following post criminally relevant with respect to Â§Â§185-187 StGB (Defamatory Offense)? Answer only with 'True' (criminally relevant according to Â§Â§185-187 StGB) or 'False' (not criminally relevant according to Â§Â§185-187 StGB).""}, {""role"": ""user"", ""content"": ""aber wenn schulbetrieb gestört wird geht jede form von beherbergung?? haben die linksfaschisten angst das die migranten denen die show stehlen und mehr aufmerksamkeit bekommen? oder gar angst wegen einer ständigen polizeipräsenz?""}]"
856753931029698,"Wie soll das enden? Naher Osten destabllisiert, der Osten auch, und jetzt Europa.
Meine Meinung nicht das Volk, sondern das System muss ausgetauscht werden.",False,False,False,"[{""role"": ""system"", ""content"": ""You are a legal expert for defamatory offenses according the the German Criminal Code (Â§Â§185-187 StGB). Help the user decide whether given posts fall within in the scope of these articles.""}, {""role"": ""user"", ""content"": ""Is the following post criminally relevant with respect to Â§Â§185-187 StGB (Defamatory Offense)? Answer only with 'True' (criminally relevant according to Â§Â§185-187 StGB) or 'False' (not criminally relevant according to Â§Â§185-187 StGB).""}, {""role"": ""user"", ""content"": ""Wie soll das enden? Naher Osten destabllisiert, der Osten auch, und jetzt Europa.\r\nMeine Meinung nicht das Volk, sondern das System muss ausgetauscht werden.""}]"
857227477649010,"Richie spoondoctor du bist nicht nur ein riesengrosser vollidiot sondern auch nichtvin der lage geschehnisse in europa mit deinem spatzengehirn zu erfassen.entschuldige die wortwahl abet bei soviel gequirlter scheisse kann man nichtanders verfolge die geschichte des islam les ihn und versuch zu verstehen was für eine ideologie dahintersteckt nicht umsonst waren nazis und moslems sich nahe.

Die Freundschaft zwischen Muslimen und Deutschen ist viel stärker geworden,weil der Nationalsozialismus in vieler Hinsicht der islamischen Weltanschauung parallel läuft.Berührungspunkt sind.
Der Monotheismus des Islam ist die  ordnente Macht.Der Kampf,die Gemeinschaft,die Familie und der Nachwuchs. Und das Verhältnis zu den Juden.

Muhammed amin al-Husseni
Mufti von Jerusalem im Jahre 1944",False,True,True,"[{""role"": ""system"", ""content"": ""You are a legal expert for defamatory offenses according the the German Criminal Code (Â§Â§185-187 StGB). Help the user decide whether given posts fall within in the scope of these articles.""}, {""role"": ""user"", ""content"": ""Is the following post criminally relevant with respect to Â§Â§185-187 StGB (Defamatory Offense)? Answer only with 'True' (criminally relevant according to Â§Â§185-187 StGB) or 'False' (not criminally relevant according to Â§Â§185-187 StGB).""}, {""role"": ""user"", ""content"": ""Richie spoondoctor du bist nicht nur ein riesengrosser vollidiot sondern auch nichtvin der lage geschehnisse in europa mit deinem spatzengehirn zu erfassen.entschuldige die wortwahl abet bei soviel gequirlter scheisse kann man nichtanders verfolge die geschichte des islam les ihn und versuch zu verstehen was für eine ideologie dahintersteckt nicht umsonst waren nazis und moslems sich nahe.\r\n\r\nDie Freundschaft zwischen Muslimen und Deutschen ist viel stärker geworden,weil der Nationalsozialismus in vieler Hinsicht der islamischen Weltanschauung parallel läuft.Berührungspunkt sind.\r\nDer Monotheismus des Islam ist die  ordnente Macht.Der Kampf,die Gemeinschaft,die Familie und der Nachwuchs. Und das Verhältnis zu den Juden.\r\n\r\nMuhammed amin al-Husseni\r\nMufti von Jerusalem im Jahre 1944""}]"
856802671024824,"die extra3-leute sollten vielleicht begreifen, daß PEGIDA auch für ihre freiheit demonstriert, denn spätestens an dem tag, an dem im NDR der programmchef aus politischen gründen ein hardcoremuslim ist (oder noch zwei gleichstellungsbeauftragte, was das gleiche ist ;) ), war's das mit extra3, denn satire ist ein abendländisches phänomen und kein morgenländisches (juden mal ausgenommen, die lieben auch den selbstironischen witz). es geht auch nicht um demonstrationen GEGEN menschen, sondern um die durchsetzung geltenden rechts. auch dagegen dürfte sich bei extra3 kaum widerstand regen. und die großen medien hierzulande berichten großteils unwahr, aber eben nur großteils. ein durchgehaltenes belügen existiert nicht, es wird immer partitiv sein, also wahrheit mit lüge mischen. das ist ja das teuflische.",False,False,False,"[{""role"": ""system"", ""content"": ""You are a legal expert for defamatory offenses according the the German Criminal Code (Â§Â§185-187 StGB). Help the user decide whether given posts fall within in the scope of these articles.""}, {""role"": ""user"", ""content"": ""Is the following post criminally relevant with respect to Â§Â§185-187 StGB (Defamatory Offense)? Answer only with 'True' (criminally relevant according to Â§Â§185-187 StGB) or 'False' (not criminally relevant according to Â§Â§185-187 StGB).""}, {""role"": ""user"", ""content"": ""die extra3-leute sollten vielleicht begreifen, daß PEGIDA auch für ihre freiheit demonstriert, denn spätestens an dem tag, an dem im NDR der programmchef aus politischen gründen ein hardcoremuslim ist (oder noch zwei gleichstellungsbeauftragte, was das gleiche ist ;) ), war's das mit extra3, denn satire ist ein abendländisches phänomen und kein morgenländisches (juden mal ausgenommen, die lieben auch den selbstironischen witz). es geht auch nicht um demonstrationen GEGEN menschen, sondern um die durchsetzung geltenden rechts. auch dagegen dürfte sich bei extra3 kaum widerstand regen. und die großen medien hierzulande berichten großteils unwahr, aber eben nur großteils. ein durchgehaltenes belügen existiert nicht, es wird immer partitiv sein, also wahrheit mit lüge mischen. das ist ja das teuflische.""}]"
281,"@martinbott75334 @machtjanix23 @Norbinator2403 @ennof_ @AthinaMala @troll_putin @NancyPeggyMandy @petpanther0 @info2099 @lifetrend @ThomasGBauer @SchmiddieMaik @charlie_silve @NoHerrman @willjrosenblatt @feldenfrizz @nasanasal @_macmike @ellibisathide @MD_Franz Nein, die Häuser stehen in D in Bischofswerda. Direkt am Markt.",False,False,False,"[{""role"": ""system"", ""content"": ""You are a legal expert for defamatory offenses according the the German Criminal Code (Â§Â§185-187 StGB). Help the user decide whether given posts fall within in the scope of these articles.""}, {""role"": ""user"", ""content"": ""Is the following post criminally relevant with respect to Â§Â§185-187 StGB (Defamatory Offense)? Answer only with 'True' (criminally relevant according to Â§Â§185-187 StGB) or 'False' (not criminally relevant according to Â§Â§185-187 StGB).""}, {""role"": ""user"", ""content"": ""@martinbott75334 @machtjanix23 @Norbinator2403 @ennof_ @AthinaMala @troll_putin @NancyPeggyMandy @petpanther0 @info2099 @lifetrend @ThomasGBauer @SchmiddieMaik @charlie_silve @NoHerrman @willjrosenblatt @feldenfrizz @nasanasal @_macmike @ellibisathide @MD_Franz Nein, die Häuser stehen in D in Bischofswerda. Direkt am Markt.""}]"
682,Die Linken. SED KED Sozialilstich Kommunistische Einheits Partei Deutschlald. Sozial Demokraten Arsch lecker von Hittler. CDU gegründet aus Stasi und Gestapo Mitglieder. Willkommen im 4ten Reich.,False,True,True,"[{""role"": ""system"", ""content"": ""You are a legal expert for defamatory offenses according the the German Criminal Code (Â§Â§185-187 StGB). Help the user decide whether given posts fall within in the scope of these articles.""}, {""role"": ""user"", ""content"": ""Is the following post criminally relevant with respect to Â§Â§185-187 StGB (Defamatory Offense)? Answer only with 'True' (criminally relevant according to Â§Â§185-187 StGB) or 'False' (not criminally relevant according to Â§Â§185-187 StGB).""}, {""role"": ""user"", ""content"": ""Die Linken. SED KED Sozialilstich Kommunistische Einheits Partei Deutschlald. Sozial Demokraten Arsch lecker von Hittler. CDU gegründet aus Stasi und Gestapo Mitglieder. Willkommen im 4ten Reich.""}]"
982696061768817,"Es ist nicht so einfach. Auf jeden Fall sind die EU-Politiker unfähig und feige und impotent. Es tut mir leid, aber ich bin wütend.",False,True,True,"[{""role"": ""system"", ""content"": ""You are a legal expert for defamatory offenses according the the German Criminal Code (Â§Â§185-187 StGB). Help the user decide whether given posts fall within in the scope of these articles.""}, {""role"": ""user"", ""content"": ""Is the following post criminally relevant with respect to Â§Â§185-187 StGB (Defamatory Offense)? Answer only with 'True' (criminally relevant according to Â§Â§185-187 StGB) or 'False' (not criminally relevant according to Â§Â§185-187 StGB).""}, {""role"": ""user"", ""content"": ""Es ist nicht so einfach. Auf jeden Fall sind die EU-Politiker unfähig und feige und impotent. Es tut mir leid, aber ich bin wütend.""}]"
858356850869406,"Hi Artur .Tolleranz und Respekt ,gehts noch .Mit wem denn ,????Etwa mit den Mörden einer 19 Jährigen in Berlin .Bei lebendigen Leib verbrannt weil sie Schwanger war .Respekt mit Drogendialern die vor den Schulen stehen ,Respekt vor Zuhältern .Ich sage schlicht und einfach ,,,,Schande über dich ....Bedenke die Mörder sind unter uns Mach die mal Gedanken über Deutschland und seine ach so Lieben",False,True,True,"[{""role"": ""system"", ""content"": ""You are a legal expert for defamatory offenses according the the German Criminal Code (Â§Â§185-187 StGB). Help the user decide whether given posts fall within in the scope of these articles.""}, {""role"": ""user"", ""content"": ""Is the following post criminally relevant with respect to Â§Â§185-187 StGB (Defamatory Offense)? Answer only with 'True' (criminally relevant according to Â§Â§185-187 StGB) or 'False' (not criminally relevant according to Â§Â§185-187 StGB).""}, {""role"": ""user"", ""content"": ""Hi Artur .Tolleranz und Respekt ,gehts noch .Mit wem denn ,????Etwa mit den Mörden einer 19 Jährigen in Berlin .Bei lebendigen Leib verbrannt weil sie Schwanger war .Respekt mit Drogendialern die vor den Schulen stehen ,Respekt vor Zuhältern .Ich sage schlicht und einfach ,,,,Schande über dich ....Bedenke die Mörder sind unter uns Mach die mal Gedanken über Deutschland und seine ach so Lieben""}]"
1044175648954191,Vor Deutschen Grenzen stehen die Flüchtlinge in Sicheren ländern alle die weiter gehen wollen nur meine Geld !,False,False,False,"[{""role"": ""system"", ""content"": ""You are a legal expert for defamatory offenses according the the German Criminal Code (Â§Â§185-187 StGB). Help the user decide whether given posts fall within in the scope of these articles.""}, {""role"": ""user"", ""content"": ""Is the following post criminally relevant with respect to Â§Â§185-187 StGB (Defamatory Offense)? Answer only with 'True' (criminally relevant according to Â§Â§185-187 StGB) or 'False' (not criminally relevant according to Â§Â§185-187 StGB).""}, {""role"": ""user"", ""content"": ""Vor Deutschen Grenzen stehen die Flüchtlinge in Sicheren ländern alle die weiter gehen wollen nur meine Geld !""}]"
1011233072248449,"Genau so sind sie. Eigentlich nicht gefährlich, nur erkenntnisresistant. Hintern versohlen! Seminare werden sie nicht schnallen.",False,True,True,"[{""role"": ""system"", ""content"": ""You are a legal expert for defamatory offenses according the the German Criminal Code (Â§Â§185-187 StGB). Help the user decide whether given posts fall within in the scope of these articles.""}, {""role"": ""user"", ""content"": ""Is the following post criminally relevant with respect to Â§Â§185-187 StGB (Defamatory Offense)? Answer only with 'True' (criminally relevant according to Â§Â§185-187 StGB) or 'False' (not criminally relevant according to Â§Â§185-187 StGB).""}, {""role"": ""user"", ""content"": ""Genau so sind sie. Eigentlich nicht gefährlich, nur erkenntnisresistant. Hintern versohlen! Seminare werden sie nicht schnallen.""}]"
857348320970259,Ossi Wessi ich dachte das wir diese sinnfreie Scheisse endlich hinter uns gebracht haben Jean dein Name klingt sehr deutsch alle Achtung so ein Kommentar los zu lassen Übrigens ein Däne ist viel zu stolz in einem Deutschland voll Neid Gier und Missgunst leben zu wollen Wenn wir schon mal beim Thema sind ich hatte 15 Jahre in Holland gearbeitet war meine schönste Zeit und die konnten mit den Ossis besser als mit Wessis weil die nicht so arrogant waren dasselbe sagte der Franzose,False,False,False,"[{""role"": ""system"", ""content"": ""You are a legal expert for defamatory offenses according the the German Criminal Code (Â§Â§185-187 StGB). Help the user decide whether given posts fall within in the scope of these articles.""}, {""role"": ""user"", ""content"": ""Is the following post criminally relevant with respect to Â§Â§185-187 StGB (Defamatory Offense)? Answer only with 'True' (criminally relevant according to Â§Â§185-187 StGB) or 'False' (not criminally relevant according to Â§Â§185-187 StGB).""}, {""role"": ""user"", ""content"": ""Ossi Wessi ich dachte das wir diese sinnfreie Scheisse endlich hinter uns gebracht haben Jean dein Name klingt sehr deutsch alle Achtung so ein Kommentar los zu lassen Übrigens ein Däne ist viel zu stolz in einem Deutschland voll Neid Gier und Missgunst leben zu wollen Wenn wir schon mal beim Thema sind ich hatte 15 Jahre in Holland gearbeitet war meine schönste Zeit und die konnten mit den Ossis besser als mit Wessis weil die nicht so arrogant waren dasselbe sagte der Franzose""}]"
1096067083765047,"Traumatiesierte "" Flüchtlinge "" ...am Ars.....",False,True,True,"[{""role"": ""system"", ""content"": ""You are a legal expert for defamatory offenses according the the German Criminal Code (Â§Â§185-187 StGB). Help the user decide whether given posts fall within in the scope of these articles.""}, {""role"": ""user"", ""content"": ""Is the following post criminally relevant with respect to Â§Â§185-187 StGB (Defamatory Offense)? Answer only with 'True' (criminally relevant according to Â§Â§185-187 StGB) or 'False' (not criminally relevant according to Â§Â§185-187 StGB).""}, {""role"": ""user"", ""content"": ""Traumatiesierte \"" Flüchtlinge \"" ...am Ars.....""}]"
291,@RegSprecher US-Experte sagt Deutschlands Untergang voraus,False,False,False,"[{""role"": ""system"", ""content"": ""You are a legal expert for defamatory offenses according the the German Criminal Code (Â§Â§185-187 StGB). Help the user decide whether given posts fall within in the scope of these articles.""}, {""role"": ""user"", ""content"": ""Is the following post criminally relevant with respect to Â§Â§185-187 StGB (Defamatory Offense)? Answer only with 'True' (criminally relevant according to Â§Â§185-187 StGB) or 'False' (not criminally relevant according to Â§Â§185-187 StGB).""}, {""role"": ""user"", ""content"": ""@RegSprecher US-Experte sagt Deutschlands Untergang voraus""}]"
1043746055663817,"liebe pegida-führung, ich habe da so eine idee. bringt doch mal ein sport-ruderbott auf die bühne. am besten einen ACHTER. denn so wie viele politiker jetzt rückwärts rudern. könnte dieser ACHTER mit politikern besetzt bei den nächsten weltmeisterschaften sogar rückwärts antreten und würde noch gewinnen. sport-frei ! ! !",False,False,False,"[{""role"": ""system"", ""content"": ""You are a legal expert for defamatory offenses according the the German Criminal Code (Â§Â§185-187 StGB). Help the user decide whether given posts fall within in the scope of these articles.""}, {""role"": ""user"", ""content"": ""Is the following post criminally relevant with respect to Â§Â§185-187 StGB (Defamatory Offense)? Answer only with 'True' (criminally relevant according to Â§Â§185-187 StGB) or 'False' (not criminally relevant according to Â§Â§185-187 StGB).""}, {""role"": ""user"", ""content"": ""liebe pegida-führung, ich habe da so eine idee. bringt doch mal ein sport-ruderbott auf die bühne. am besten einen ACHTER. denn so wie viele politiker jetzt rückwärts rudern. könnte dieser ACHTER mit politikern besetzt bei den nächsten weltmeisterschaften sogar rückwärts antreten und würde noch gewinnen. sport-frei ! ! !""}]"
945887005449723,Da hast du recht Tante Marina. Wir sind kein Deutschland mehr hier leben mehr aus Länder als Deutsche mittlerweile. Dann wundern die sich um Krieg und Harz4 Leute und so weiter. Die meisten kommen wegen Geld und wegen dem Krieg. Die Merkel ist eh das letzte.,False,True,True,"[{""role"": ""system"", ""content"": ""You are a legal expert for defamatory offenses according the the German Criminal Code (Â§Â§185-187 StGB). Help the user decide whether given posts fall within in the scope of these articles.""}, {""role"": ""user"", ""content"": ""Is the following post criminally relevant with respect to Â§Â§185-187 StGB (Defamatory Offense)? Answer only with 'True' (criminally relevant according to Â§Â§185-187 StGB) or 'False' (not criminally relevant according to Â§Â§185-187 StGB).""}, {""role"": ""user"", ""content"": ""Da hast du recht Tante Marina. Wir sind kein Deutschland mehr hier leben mehr aus Länder als Deutsche mittlerweile. Dann wundern die sich um Krieg und Harz4 Leute und so weiter. Die meisten kommen wegen Geld und wegen dem Krieg. Die Merkel ist eh das letzte.""}]"
1106414772730278,"In Schleswig-Holstein wurde doch grade ein MinaretSänger??in Turm eingeweiht, ganz feierlich...??????. Alter, da jault einer 5x am Tag mir d. Ohren voll... . Oh Gott, oh Graus das fehlt noch! Der Muhezin (keine Ahnung, wie richtig. ..) schreit auf St. Georg ??????!!!",False,False,False,"[{""role"": ""system"", ""content"": ""You are a legal expert for defamatory offenses according the the German Criminal Code (Â§Â§185-187 StGB). Help the user decide whether given posts fall within in the scope of these articles.""}, {""role"": ""user"", ""content"": ""Is the following post criminally relevant with respect to Â§Â§185-187 StGB (Defamatory Offense)? Answer only with 'True' (criminally relevant according to Â§Â§185-187 StGB) or 'False' (not criminally relevant according to Â§Â§185-187 StGB).""}, {""role"": ""user"", ""content"": ""In Schleswig-Holstein wurde doch grade ein MinaretSänger??in Turm eingeweiht, ganz feierlich...??????. Alter, da jault einer 5x am Tag mir d. Ohren voll... . Oh Gott, oh Graus das fehlt noch! Der Muhezin (keine Ahnung, wie richtig. ..) schreit auf St. Georg ??????!!!""}]"
960889030616187,"alles phöse, phöse Nahsis!!... Hätt das mal einer von uns Deutschen gesagt. Bigotte Welt!!",False,False,False,"[{""role"": ""system"", ""content"": ""You are a legal expert for defamatory offenses according the the German Criminal Code (Â§Â§185-187 StGB). Help the user decide whether given posts fall within in the scope of these articles.""}, {""role"": ""user"", ""content"": ""Is the following post criminally relevant with respect to Â§Â§185-187 StGB (Defamatory Offense)? Answer only with 'True' (criminally relevant according to Â§Â§185-187 StGB) or 'False' (not criminally relevant according to Â§Â§185-187 StGB).""}, {""role"": ""user"", ""content"": ""alles phöse, phöse Nahsis!!... Hätt das mal einer von uns Deutschen gesagt. Bigotte Welt!!""}]"
881984771839947,"Leider gibt es in Deutschland zu wenig Leute, die die Eier haben ihre eigene Meinung zu vertreten. Abgesehen von Pegida muss man damit zwangsläufig zu dem Schluss kommen, dass wir ein Land voller HOSENSCHEIßER haben. In diesem Punkt schäme ich mich für meine Landsleute und dieses Land.",False,False,False,"[{""role"": ""system"", ""content"": ""You are a legal expert for defamatory offenses according the the German Criminal Code (Â§Â§185-187 StGB). Help the user decide whether given posts fall within in the scope of these articles.""}, {""role"": ""user"", ""content"": ""Is the following post criminally relevant with respect to Â§Â§185-187 StGB (Defamatory Offense)? Answer only with 'True' (criminally relevant according to Â§Â§185-187 StGB) or 'False' (not criminally relevant according to Â§Â§185-187 StGB).""}, {""role"": ""user"", ""content"": ""Leider gibt es in Deutschland zu wenig Leute, die die Eier haben ihre eigene Meinung zu vertreten. Abgesehen von Pegida muss man damit zwangsläufig zu dem Schluss kommen, dass wir ein Land voller HOSENSCHEIßER haben. In diesem Punkt schäme ich mich für meine Landsleute und dieses Land.""}]"
894673090571115,den war sicher zu lange der sonne in der wüste ausgesetzt. war mal politiker ....politiker =volksverräter.also mehr wie volksverhetzung kann man von dem schwachmaten auch net erwarten,False,True,True,"[{""role"": ""system"", ""content"": ""You are a legal expert for defamatory offenses according the the German Criminal Code (Â§Â§185-187 StGB). Help the user decide whether given posts fall within in the scope of these articles.""}, {""role"": ""user"", ""content"": ""Is the following post criminally relevant with respect to Â§Â§185-187 StGB (Defamatory Offense)? Answer only with 'True' (criminally relevant according to Â§Â§185-187 StGB) or 'False' (not criminally relevant according to Â§Â§185-187 StGB).""}, {""role"": ""user"", ""content"": ""den war sicher zu lange der sonne in der wüste ausgesetzt. war mal politiker ....politiker =volksverräter.also mehr wie volksverhetzung kann man von dem schwachmaten auch net erwarten""}]"
536,Der ISLAM ist ein KULT der auf einer sehr gefährlichen HETZ-und Gewaltschrift beruht die zu keiner Freiheitlichen Ordnung paßt !,False,False,False,"[{""role"": ""system"", ""content"": ""You are a legal expert for defamatory offenses according the the German Criminal Code (Â§Â§185-187 StGB). Help the user decide whether given posts fall within in the scope of these articles.""}, {""role"": ""user"", ""content"": ""Is the following post criminally relevant with respect to Â§Â§185-187 StGB (Defamatory Offense)? Answer only with 'True' (criminally relevant according to Â§Â§185-187 StGB) or 'False' (not criminally relevant according to Â§Â§185-187 StGB).""}, {""role"": ""user"", ""content"": ""Der ISLAM ist ein KULT der auf einer sehr gefährlichen HETZ-und Gewaltschrift beruht die zu keiner Freiheitlichen Ordnung paßt !""}]"
1096111673760588,Trecker mit Gülle kommen lassen und drauf auf das Pack. Dann laufen sie von alleine.,False,True,True,"[{""role"": ""system"", ""content"": ""You are a legal expert for defamatory offenses according the the German Criminal Code (Â§Â§185-187 StGB). Help the user decide whether given posts fall within in the scope of these articles.""}, {""role"": ""user"", ""content"": ""Is the following post criminally relevant with respect to Â§Â§185-187 StGB (Defamatory Offense)? Answer only with 'True' (criminally relevant according to Â§Â§185-187 StGB) or 'False' (not criminally relevant according to Â§Â§185-187 StGB).""}, {""role"": ""user"", ""content"": ""Trecker mit Gülle kommen lassen und drauf auf das Pack. Dann laufen sie von alleine.""}]"
458,"@BILD Warum lese ich nix über Abgaswerten von ausländischen Autos.Werden diese Daten uns unterschlagen?Kann mir beim besten Willen nicht vorstellen ,dass nur bei deutschen Automotoren geschummelt wurde!!!!!!",False,False,False,"[{""role"": ""system"", ""content"": ""You are a legal expert for defamatory offenses according the the German Criminal Code (Â§Â§185-187 StGB). Help the user decide whether given posts fall within in the scope of these articles.""}, {""role"": ""user"", ""content"": ""Is the following post criminally relevant with respect to Â§Â§185-187 StGB (Defamatory Offense)? Answer only with 'True' (criminally relevant according to Â§Â§185-187 StGB) or 'False' (not criminally relevant according to Â§Â§185-187 StGB).""}, {""role"": ""user"", ""content"": ""@BILD Warum lese ich nix über Abgaswerten von ausländischen Autos.Werden diese Daten uns unterschlagen?Kann mir beim besten Willen nicht vorstellen ,dass nur bei deutschen Automotoren geschummelt wurde!!!!!!""}]"
1077,@MenschMerz @michael_lgg Hier sind schon ein paar richtig dumme Menschen unterwegs.... |LBR| Gegen wenn oder was habt ihr eigentlich vor der AfD gehetzt und gestänkert? |LBR| Ich pubertierende Pickelplantagen...,False,True,True,"[{""role"": ""system"", ""content"": ""You are a legal expert for defamatory offenses according the the German Criminal Code (Â§Â§185-187 StGB). Help the user decide whether given posts fall within in the scope of these articles.""}, {""role"": ""user"", ""content"": ""Is the following post criminally relevant with respect to Â§Â§185-187 StGB (Defamatory Offense)? Answer only with 'True' (criminally relevant according to Â§Â§185-187 StGB) or 'False' (not criminally relevant according to Â§Â§185-187 StGB).""}, {""role"": ""user"", ""content"": ""@MenschMerz @michael_lgg Hier sind schon ein paar richtig dumme Menschen unterwegs.... |LBR| Gegen wenn oder was habt ihr eigentlich vor der AfD gehetzt und gestänkert? |LBR| Ich pubertierende Pickelplantagen...""}]"
1055665507805205,Diese ganzen vermummten Tanten will ich aber auch nicht hier haben.,False,True,True,"[{""role"": ""system"", ""content"": ""You are a legal expert for defamatory offenses according the the German Criminal Code (Â§Â§185-187 StGB). Help the user decide whether given posts fall within in the scope of these articles.""}, {""role"": ""user"", ""content"": ""Is the following post criminally relevant with respect to Â§Â§185-187 StGB (Defamatory Offense)? Answer only with 'True' (criminally relevant according to Â§Â§185-187 StGB) or 'False' (not criminally relevant according to Â§Â§185-187 StGB).""}, {""role"": ""user"", ""content"": ""Diese ganzen vermummten Tanten will ich aber auch nicht hier haben.""}]"
858369210868170,"Leiber x-Asylanten, als so hässliche Deutsche wie Rene",True,True,True,"[{""role"": ""system"", ""content"": ""You are a legal expert for defamatory offenses according the the German Criminal Code (Â§Â§185-187 StGB). Help the user decide whether given posts fall within in the scope of these articles.""}, {""role"": ""user"", ""content"": ""Is the following post criminally relevant with respect to Â§Â§185-187 StGB (Defamatory Offense)? Answer only with 'True' (criminally relevant according to Â§Â§185-187 StGB) or 'False' (not criminally relevant according to Â§Â§185-187 StGB).""}, {""role"": ""user"", ""content"": ""Leiber x-Asylanten, als so hässliche Deutsche wie Rene""}]"
313,@AuswaertigesAmt @RegSprecher Überall werden Millionen unserer Steuergelder veruntreut! Während zig Millionen in Deutschland fehlen um z. B. Armut und marode Infrastruktur zu bekämpfen!,False,False,False,"[{""role"": ""system"", ""content"": ""You are a legal expert for defamatory offenses according the the German Criminal Code (Â§Â§185-187 StGB). Help the user decide whether given posts fall within in the scope of these articles.""}, {""role"": ""user"", ""content"": ""Is the following post criminally relevant with respect to Â§Â§185-187 StGB (Defamatory Offense)? Answer only with 'True' (criminally relevant according to Â§Â§185-187 StGB) or 'False' (not criminally relevant according to Â§Â§185-187 StGB).""}, {""role"": ""user"", ""content"": ""@AuswaertigesAmt @RegSprecher Überall werden Millionen unserer Steuergelder veruntreut! Während zig Millionen in Deutschland fehlen um z. B. Armut und marode Infrastruktur zu bekämpfen!""}]"
1011547062217050,Polizei hat wohl die Anweisung alles was mit Arabern zu tuen hat zu vertuschen damit wir nicht auf die Barrikaden gehen. ich bin ja mal gespannt wann die erste Bombe in Deutschland hoch geht dann wird gesagt das war der Müllmann,False,True,True,"[{""role"": ""system"", ""content"": ""You are a legal expert for defamatory offenses according the the German Criminal Code (Â§Â§185-187 StGB). Help the user decide whether given posts fall within in the scope of these articles.""}, {""role"": ""user"", ""content"": ""Is the following post criminally relevant with respect to Â§Â§185-187 StGB (Defamatory Offense)? Answer only with 'True' (criminally relevant according to Â§Â§185-187 StGB) or 'False' (not criminally relevant according to Â§Â§185-187 StGB).""}, {""role"": ""user"", ""content"": ""Polizei hat wohl die Anweisung alles was mit Arabern zu tuen hat zu vertuschen damit wir nicht auf die Barrikaden gehen. ich bin ja mal gespannt wann die erste Bombe in Deutschland hoch geht dann wird gesagt das war der Müllmann""}]"
1056748071030282,"...guten Morgen,liebe Britta: ...verrate uns doch bitte, aus welchem Jahrhundert Du bist??? Vielleicht können wir von Dir etwas lernen!Schönen Tag noch! Calle",False,False,False,"[{""role"": ""system"", ""content"": ""You are a legal expert for defamatory offenses according the the German Criminal Code (Â§Â§185-187 StGB). Help the user decide whether given posts fall within in the scope of these articles.""}, {""role"": ""user"", ""content"": ""Is the following post criminally relevant with respect to Â§Â§185-187 StGB (Defamatory Offense)? Answer only with 'True' (criminally relevant according to Â§Â§185-187 StGB) or 'False' (not criminally relevant according to Â§Â§185-187 StGB).""}, {""role"": ""user"", ""content"": ""...guten Morgen,liebe Britta: ...verrate uns doch bitte, aus welchem Jahrhundert Du bist??? Vielleicht können wir von Dir etwas lernen!Schönen Tag noch! Calle""}]"
1011498262221930,"Ein Hotelzimmer für eine Familienfeier, mit Gasflaschen und Camingkocher ??????. Warum auch nicht ? Vielleicht hatten die kein Restaurant, wo Halal gekocht wird. ??
Kann das Hotel froh sein, dass es keine Afrikaner waren, die hätten sich wahrscheinlich um ein Lagerfeuer gesetzt.????",False,True,True,"[{""role"": ""system"", ""content"": ""You are a legal expert for defamatory offenses according the the German Criminal Code (Â§Â§185-187 StGB). Help the user decide whether given posts fall within in the scope of these articles.""}, {""role"": ""user"", ""content"": ""Is the following post criminally relevant with respect to Â§Â§185-187 StGB (Defamatory Offense)? Answer only with 'True' (criminally relevant according to Â§Â§185-187 StGB) or 'False' (not criminally relevant according to Â§Â§185-187 StGB).""}, {""role"": ""user"", ""content"": ""Ein Hotelzimmer für eine Familienfeier, mit Gasflaschen und Camingkocher ??????. Warum auch nicht ? Vielleicht hatten die kein Restaurant, wo Halal gekocht wird. ??\r\nKann das Hotel froh sein, dass es keine Afrikaner waren, die hätten sich wahrscheinlich um ein Lagerfeuer gesetzt.????""}]"
1011258655579224,"Iris Frühling gibt noch genug, die in ihren Arsch kriechen, bei mir in der Umgebung etliche.",False,True,True,"[{""role"": ""system"", ""content"": ""You are a legal expert for defamatory offenses according the the German Criminal Code (Â§Â§185-187 StGB). Help the user decide whether given posts fall within in the scope of these articles.""}, {""role"": ""user"", ""content"": ""Is the following post criminally relevant with respect to Â§Â§185-187 StGB (Defamatory Offense)? Answer only with 'True' (criminally relevant according to Â§Â§185-187 StGB) or 'False' (not criminally relevant according to Â§Â§185-187 StGB).""}, {""role"": ""user"", ""content"": ""Iris Frühling gibt noch genug, die in ihren Arsch kriechen, bei mir in der Umgebung etliche.""}]"
1134242149947540,"Völlig verblödet die alte.. Ich wechsel die Straßenseite, so wie es geht, wenn mir sowas entgegen kommt..",True,True,True,"[{""role"": ""system"", ""content"": ""You are a legal expert for defamatory offenses according the the German Criminal Code (Â§Â§185-187 StGB). Help the user decide whether given posts fall within in the scope of these articles.""}, {""role"": ""user"", ""content"": ""Is the following post criminally relevant with respect to Â§Â§185-187 StGB (Defamatory Offense)? Answer only with 'True' (criminally relevant according to Â§Â§185-187 StGB) or 'False' (not criminally relevant according to Â§Â§185-187 StGB).""}, {""role"": ""user"", ""content"": ""Völlig verblödet die alte.. Ich wechsel die Straßenseite, so wie es geht, wenn mir sowas entgegen kommt..""}]"
1012235445481545,Schweineblut in alle Getränke und speisen unter mischen und dan öffentlich machen dan verhungern die,False,False,False,"[{""role"": ""system"", ""content"": ""You are a legal expert for defamatory offenses according the the German Criminal Code (Â§Â§185-187 StGB). Help the user decide whether given posts fall within in the scope of these articles.""}, {""role"": ""user"", ""content"": ""Is the following post criminally relevant with respect to Â§Â§185-187 StGB (Defamatory Offense)? Answer only with 'True' (criminally relevant according to Â§Â§185-187 StGB) or 'False' (not criminally relevant according to Â§Â§185-187 StGB).""}, {""role"": ""user"", ""content"": ""Schweineblut in alle Getränke und speisen unter mischen und dan öffentlich machen dan verhungern die""}]"
1011273445577745,"Helmut Bue ich brauche nicht alles nachplappern was mir eingegeben wird! Stellen Sie sich vor....ich kann selbständig denken ?? Ja sowas gibt es....da staunen Sie was. 
Richtig Lügenpresse....als ich auf einer Pegida Demo war und die wirklich friedlich war....und ich dann am nächsten Tag beim WDR lesen muss dass die Stimmung agressiv war....was soll man denn dann dazu sagen? Ist richtig diese Berichterstattung? Wohl kaum! 
Und ich war selbst dabei und konnte mir meinen eigenen Eindruck verschaffen!!! 
In den Medien steht auch immer....die Deutschen finden das mit dem Flüchtlingsstrom toll.....jeder mit dem ich gesprochen habe sieht das komischerweise anders! Dann haben mich wohl die Leute angelogen und die Medien haben Recht. So muss es dann wohl sein.
Vielleicht sollten Sie einfach nur mal mit offenen Augen durch die Welt gehen und manches auch mal hinterfragen. Aber Sie scheinen ja andersherum den Medien alles zu glauben. Dann machen Sie das und schlafen einfach weiter. Solche Leute wie Sie nennt man auch Realitätsverweigerer!!!",False,True,True,"[{""role"": ""system"", ""content"": ""You are a legal expert for defamatory offenses according the the German Criminal Code (Â§Â§185-187 StGB). Help the user decide whether given posts fall within in the scope of these articles.""}, {""role"": ""user"", ""content"": ""Is the following post criminally relevant with respect to Â§Â§185-187 StGB (Defamatory Offense)? Answer only with 'True' (criminally relevant according to Â§Â§185-187 StGB) or 'False' (not criminally relevant according to Â§Â§185-187 StGB).""}, {""role"": ""user"", ""content"": ""Helmut Bue ich brauche nicht alles nachplappern was mir eingegeben wird! Stellen Sie sich vor....ich kann selbständig denken ?? Ja sowas gibt es....da staunen Sie was. \r\nRichtig Lügenpresse....als ich auf einer Pegida Demo war und die wirklich friedlich war....und ich dann am nächsten Tag beim WDR lesen muss dass die Stimmung agressiv war....was soll man denn dann dazu sagen? Ist richtig diese Berichterstattung? Wohl kaum! \r\nUnd ich war selbst dabei und konnte mir meinen eigenen Eindruck verschaffen!!! \r\nIn den Medien steht auch immer....die Deutschen finden das mit dem Flüchtlingsstrom toll.....jeder mit dem ich gesprochen habe sieht das komischerweise anders! Dann haben mich wohl die Leute angelogen und die Medien haben Recht. So muss es dann wohl sein.\r\nVielleicht sollten Sie einfach nur mal mit offenen Augen durch die Welt gehen und manches auch mal hinterfragen. Aber Sie scheinen ja andersherum den Medien alles zu glauben. Dann machen Sie das und schlafen einfach weiter. Solche Leute wie Sie nennt man auch Realitätsverweigerer!!!""}]"
882717521766672,"[@IND]
was meinst du wie egal wir denen sind!diese typen würden uns verrecken lassen,weil wir schweinefleischfressender abschaum sind!
um die kinder in syrien sollte man sich gedanken machen u nicht um diese typen!",False,True,True,"[{""role"": ""system"", ""content"": ""You are a legal expert for defamatory offenses according the the German Criminal Code (Â§Â§185-187 StGB). Help the user decide whether given posts fall within in the scope of these articles.""}, {""role"": ""user"", ""content"": ""Is the following post criminally relevant with respect to Â§Â§185-187 StGB (Defamatory Offense)? Answer only with 'True' (criminally relevant according to Â§Â§185-187 StGB) or 'False' (not criminally relevant according to Â§Â§185-187 StGB).""}, {""role"": ""user"", ""content"": ""[@IND]\r\nwas meinst du wie egal wir denen sind!diese typen würden uns verrecken lassen,weil wir schweinefleischfressender abschaum sind!\r\num die kinder in syrien sollte man sich gedanken machen u nicht um diese typen!""}]"
1096081857096903,"Von wegen alle friedlich? wer später bremst ist länger schnell und hat keine ""Flüchtlinge"" an der Fensterscheibe. Und warum schaut die Polizei eigentlich nur zu statt zu räumen?",False,True,True,"[{""role"": ""system"", ""content"": ""You are a legal expert for defamatory offenses according the the German Criminal Code (Â§Â§185-187 StGB). Help the user decide whether given posts fall within in the scope of these articles.""}, {""role"": ""user"", ""content"": ""Is the following post criminally relevant with respect to Â§Â§185-187 StGB (Defamatory Offense)? Answer only with 'True' (criminally relevant according to Â§Â§185-187 StGB) or 'False' (not criminally relevant according to Â§Â§185-187 StGB).""}, {""role"": ""user"", ""content"": ""Von wegen alle friedlich? wer später bremst ist länger schnell und hat keine \""Flüchtlinge\"" an der Fensterscheibe. Und warum schaut die Polizei eigentlich nur zu statt zu räumen?""}]"
856841487687609,Need the same in England good luck in your battle against the cancer that's spreading across Europe,False,False,False,"[{""role"": ""system"", ""content"": ""You are a legal expert for defamatory offenses according the the German Criminal Code (Â§Â§185-187 StGB). Help the user decide whether given posts fall within in the scope of these articles.""}, {""role"": ""user"", ""content"": ""Is the following post criminally relevant with respect to Â§Â§185-187 StGB (Defamatory Offense)? Answer only with 'True' (criminally relevant according to Â§Â§185-187 StGB) or 'False' (not criminally relevant according to Â§Â§185-187 StGB).""}, {""role"": ""user"", ""content"": ""Need the same in England good luck in your battle against the cancer that's spreading across Europe""}]"
857581637613594,"Wer keine Ahnung von der Realität hat sollte die Fresse halten, kleines Antideutsches Philipp Würstchen :D https://www.youtube.com/watch?v=Lnk2DRqUoGQ",True,True,True,"[{""role"": ""system"", ""content"": ""You are a legal expert for defamatory offenses according the the German Criminal Code (Â§Â§185-187 StGB). Help the user decide whether given posts fall within in the scope of these articles.""}, {""role"": ""user"", ""content"": ""Is the following post criminally relevant with respect to Â§Â§185-187 StGB (Defamatory Offense)? Answer only with 'True' (criminally relevant according to Â§Â§185-187 StGB) or 'False' (not criminally relevant according to Â§Â§185-187 StGB).""}, {""role"": ""user"", ""content"": ""Wer keine Ahnung von der Realität hat sollte die Fresse halten, kleines Antideutsches Philipp Würstchen :D https://www.youtube.com/watch?v=Lnk2DRqUoGQ""}]"
1064986786873077,"Wann wird denn mal vermeldet, ""Flüchtling findet Arbeit"" und nimmt sie begeistert an, weil er kein Geld vom Staat haben will.....
Ups.....",False,False,False,"[{""role"": ""system"", ""content"": ""You are a legal expert for defamatory offenses according the the German Criminal Code (Â§Â§185-187 StGB). Help the user decide whether given posts fall within in the scope of these articles.""}, {""role"": ""user"", ""content"": ""Is the following post criminally relevant with respect to Â§Â§185-187 StGB (Defamatory Offense)? Answer only with 'True' (criminally relevant according to Â§Â§185-187 StGB) or 'False' (not criminally relevant according to Â§Â§185-187 StGB).""}, {""role"": ""user"", ""content"": ""Wann wird denn mal vermeldet, \""Flüchtling findet Arbeit\"" und nimmt sie begeistert an, weil er kein Geld vom Staat haben will.....\r\nUps.....""}]"
1007226645982425,"hab grad in fb gelesen das solche politiker ein leben lang falsch liegen , erst wenn´s begraben sind liegen sie richtig",False,True,True,"[{""role"": ""system"", ""content"": ""You are a legal expert for defamatory offenses according the the German Criminal Code (Â§Â§185-187 StGB). Help the user decide whether given posts fall within in the scope of these articles.""}, {""role"": ""user"", ""content"": ""Is the following post criminally relevant with respect to Â§Â§185-187 StGB (Defamatory Offense)? Answer only with 'True' (criminally relevant according to Â§Â§185-187 StGB) or 'False' (not criminally relevant according to Â§Â§185-187 StGB).""}, {""role"": ""user"", ""content"": ""hab grad in fb gelesen das solche politiker ein leben lang falsch liegen , erst wenn´s begraben sind liegen sie richtig""}]"
982801071758316,"Ich hab mir das Heut auch im Fernseh angeschaut und hab gedacht ich spinne!! Die Medien reden dieses Verhalten immer noch schön, es waren ja live Bilder und ich schwöre Euch ich sah weder wirklich Frauen noch Kinder nur Männer die dreckig in die Kammera grinsen und gewaltätig sind!! Ich hab immer gesagt Menschen die wirklich in Not sind sollte man Helfen aber das ist kein Spass mehr!! Langsam sollten sogar die letzten Gutmenschen merken das was uns ""Mutti"" ins Land geholt hat zu 80% nichts mit Kriegsflüchtlingen und traumatisierten Familien zu tun hat!!! Wer mir das jetzt noch erzählen will leidet unter Realitätsverlust!!! Merkel und der Rest dieser Verbrecher macht Deutschland kaputt!!",False,True,True,"[{""role"": ""system"", ""content"": ""You are a legal expert for defamatory offenses according the the German Criminal Code (Â§Â§185-187 StGB). Help the user decide whether given posts fall within in the scope of these articles.""}, {""role"": ""user"", ""content"": ""Is the following post criminally relevant with respect to Â§Â§185-187 StGB (Defamatory Offense)? Answer only with 'True' (criminally relevant according to Â§Â§185-187 StGB) or 'False' (not criminally relevant according to Â§Â§185-187 StGB).""}, {""role"": ""user"", ""content"": ""Ich hab mir das Heut auch im Fernseh angeschaut und hab gedacht ich spinne!! Die Medien reden dieses Verhalten immer noch schön, es waren ja live Bilder und ich schwöre Euch ich sah weder wirklich Frauen noch Kinder nur Männer die dreckig in die Kammera grinsen und gewaltätig sind!! Ich hab immer gesagt Menschen die wirklich in Not sind sollte man Helfen aber das ist kein Spass mehr!! Langsam sollten sogar die letzten Gutmenschen merken das was uns \""Mutti\"" ins Land geholt hat zu 80% nichts mit Kriegsflüchtlingen und traumatisierten Familien zu tun hat!!! Wer mir das jetzt noch erzählen will leidet unter Realitätsverlust!!! Merkel und der Rest dieser Verbrecher macht Deutschland kaputt!!""}]"
1007136965991393,Ausser Putin  sind alle Koranarschkriecher,False,True,True,"[{""role"": ""system"", ""content"": ""You are a legal expert for defamatory offenses according the the German Criminal Code (Â§Â§185-187 StGB). Help the user decide whether given posts fall within in the scope of these articles.""}, {""role"": ""user"", ""content"": ""Is the following post criminally relevant with respect to Â§Â§185-187 StGB (Defamatory Offense)? Answer only with 'True' (criminally relevant according to Â§Â§185-187 StGB) or 'False' (not criminally relevant according to Â§Â§185-187 StGB).""}, {""role"": ""user"", ""content"": ""Ausser Putin  sind alle Koranarschkriecher""}]"
1134469146591507,"lerne jedes Mal welche vor dem Eingang am Kaufland kennen. Junge Männer mit Migrationshintergrund pfeifen leichter bekleideten Frauen hinterher, teilweise verfolgen/bedrängen sie sie und die weibliche Kopftuch-Elite bespuckt die soeben genannten Frauen und pöbelt irgendwas hinterher.",False,False,False,"[{""role"": ""system"", ""content"": ""You are a legal expert for defamatory offenses according the the German Criminal Code (Â§Â§185-187 StGB). Help the user decide whether given posts fall within in the scope of these articles.""}, {""role"": ""user"", ""content"": ""Is the following post criminally relevant with respect to Â§Â§185-187 StGB (Defamatory Offense)? Answer only with 'True' (criminally relevant according to Â§Â§185-187 StGB) or 'False' (not criminally relevant according to Â§Â§185-187 StGB).""}, {""role"": ""user"", ""content"": ""lerne jedes Mal welche vor dem Eingang am Kaufland kennen. Junge Männer mit Migrationshintergrund pfeifen leichter bekleideten Frauen hinterher, teilweise verfolgen/bedrängen sie sie und die weibliche Kopftuch-Elite bespuckt die soeben genannten Frauen und pöbelt irgendwas hinterher.""}]"
991421430896280,"Die Merkel dient der USA und mus vollbringen das was ihre befohlen wurde,Sie mus gestopt werden solange wir noch nicht komplett verkauft sind.Von den ganzen etablierten politiker hatt das land kein einzige patriot,alles verräter.",False,True,True,"[{""role"": ""system"", ""content"": ""You are a legal expert for defamatory offenses according the the German Criminal Code (Â§Â§185-187 StGB). Help the user decide whether given posts fall within in the scope of these articles.""}, {""role"": ""user"", ""content"": ""Is the following post criminally relevant with respect to Â§Â§185-187 StGB (Defamatory Offense)? Answer only with 'True' (criminally relevant according to Â§Â§185-187 StGB) or 'False' (not criminally relevant according to Â§Â§185-187 StGB).""}, {""role"": ""user"", ""content"": ""Die Merkel dient der USA und mus vollbringen das was ihre befohlen wurde,Sie mus gestopt werden solange wir noch nicht komplett verkauft sind.Von den ganzen etablierten politiker hatt das land kein einzige patriot,alles verräter.""}]"
612,@Lexie_M_ @Westminster1000 Gesicht???? Was für ein Gesicht. Der hat nicht einmal einen Hals. Bei uns heißt so etwas Wutzekopp.,True,True,True,"[{""role"": ""system"", ""content"": ""You are a legal expert for defamatory offenses according the the German Criminal Code (Â§Â§185-187 StGB). Help the user decide whether given posts fall within in the scope of these articles.""}, {""role"": ""user"", ""content"": ""Is the following post criminally relevant with respect to Â§Â§185-187 StGB (Defamatory Offense)? Answer only with 'True' (criminally relevant according to Â§Â§185-187 StGB) or 'False' (not criminally relevant according to Â§Â§185-187 StGB).""}, {""role"": ""user"", ""content"": ""@Lexie_M_ @Westminster1000 Gesicht???? Was für ein Gesicht. Der hat nicht einmal einen Hals. Bei uns heißt so etwas Wutzekopp.""}]"
1066,"@Fraulein_Antje @BlondJedi Wer den spektakulär dummen Böhmermann für voll nimmt, der soll das doch tun ! Ich habe noch Hoffnung für Deutschland, da kann so ein dummer Bengel nichts dran ändern nur weil er zu beschränkt im Schädel ist !",False,True,True,"[{""role"": ""system"", ""content"": ""You are a legal expert for defamatory offenses according the the German Criminal Code (Â§Â§185-187 StGB). Help the user decide whether given posts fall within in the scope of these articles.""}, {""role"": ""user"", ""content"": ""Is the following post criminally relevant with respect to Â§Â§185-187 StGB (Defamatory Offense)? Answer only with 'True' (criminally relevant according to Â§Â§185-187 StGB) or 'False' (not criminally relevant according to Â§Â§185-187 StGB).""}, {""role"": ""user"", ""content"": ""@Fraulein_Antje @BlondJedi Wer den spektakulär dummen Böhmermann für voll nimmt, der soll das doch tun ! Ich habe noch Hoffnung für Deutschland, da kann so ein dummer Bengel nichts dran ändern nur weil er zu beschränkt im Schädel ist !""}]"
1152504144788007,"Ich habe den Beginn dieser Masseninvasion noch bildlich vor meinen Augen. Und von beginn an war JEDER, der an dieser Invasion zweifelte oder seine Bedenken kund tat, ein Nazi, Rechter, Rechtspopulistisch und Fremdenfeindlich. Von Beginn an, als hätte man sich das schon frühzeitig so zurecht gelegt, weil man mit der Gegenwehr der Bevölkerung rechnete.",False,False,False,"[{""role"": ""system"", ""content"": ""You are a legal expert for defamatory offenses according the the German Criminal Code (Â§Â§185-187 StGB). Help the user decide whether given posts fall within in the scope of these articles.""}, {""role"": ""user"", ""content"": ""Is the following post criminally relevant with respect to Â§Â§185-187 StGB (Defamatory Offense)? Answer only with 'True' (criminally relevant according to Â§Â§185-187 StGB) or 'False' (not criminally relevant according to Â§Â§185-187 StGB).""}, {""role"": ""user"", ""content"": ""Ich habe den Beginn dieser Masseninvasion noch bildlich vor meinen Augen. Und von beginn an war JEDER, der an dieser Invasion zweifelte oder seine Bedenken kund tat, ein Nazi, Rechter, Rechtspopulistisch und Fremdenfeindlich. Von Beginn an, als hätte man sich das schon frühzeitig so zurecht gelegt, weil man mit der Gegenwehr der Bevölkerung rechnete.""}]"
1065215890183500,"Manch ein Flüchtling hat auch schon was tolles in Rucksäcken ,  Handtaschen ,  Jackentaschen oder Hosentaschen gefunden .",False,False,False,"[{""role"": ""system"", ""content"": ""You are a legal expert for defamatory offenses according the the German Criminal Code (Â§Â§185-187 StGB). Help the user decide whether given posts fall within in the scope of these articles.""}, {""role"": ""user"", ""content"": ""Is the following post criminally relevant with respect to Â§Â§185-187 StGB (Defamatory Offense)? Answer only with 'True' (criminally relevant according to Â§Â§185-187 StGB) or 'False' (not criminally relevant according to Â§Â§185-187 StGB).""}, {""role"": ""user"", ""content"": ""Manch ein Flüchtling hat auch schon was tolles in Rucksäcken ,  Handtaschen ,  Jackentaschen oder Hosentaschen gefunden .""}]"
858382724200152,Leute egal was die Medien berichten wir müssen weiter machen!!! Denn was hier abgeht ist nicht Tragbar!!! Jetzt bringen sie schon Ausländer dazu Aussagen zu machen da sie Angegriffen von Deutschen würden und wir wissen ja das man schnell eine Meinung so Gestalten kann in Wort oder Bild!!! Und naturlich sagt man gleich wieder es war Pegida oder es geht von Pegida aus!!!,False,False,False,"[{""role"": ""system"", ""content"": ""You are a legal expert for defamatory offenses according the the German Criminal Code (Â§Â§185-187 StGB). Help the user decide whether given posts fall within in the scope of these articles.""}, {""role"": ""user"", ""content"": ""Is the following post criminally relevant with respect to Â§Â§185-187 StGB (Defamatory Offense)? Answer only with 'True' (criminally relevant according to Â§Â§185-187 StGB) or 'False' (not criminally relevant according to Â§Â§185-187 StGB).""}, {""role"": ""user"", ""content"": ""Leute egal was die Medien berichten wir müssen weiter machen!!! Denn was hier abgeht ist nicht Tragbar!!! Jetzt bringen sie schon Ausländer dazu Aussagen zu machen da sie Angegriffen von Deutschen würden und wir wissen ja das man schnell eine Meinung so Gestalten kann in Wort oder Bild!!! Und naturlich sagt man gleich wieder es war Pegida oder es geht von Pegida aus!!!""}]"
1092,@Frank_Pasemann @CDU Steinmeier die überflüssige Wurst wird es schon so hinbiegen das Verlierer weiter regieren...und uns dann erklären dieses sei Volkeswille ....! |LBR| Spätestens jetzt müsste es doch jeder erkennen...R.I.P. Deutschland,False,True,True,"[{""role"": ""system"", ""content"": ""You are a legal expert for defamatory offenses according the the German Criminal Code (Â§Â§185-187 StGB). Help the user decide whether given posts fall within in the scope of these articles.""}, {""role"": ""user"", ""content"": ""Is the following post criminally relevant with respect to Â§Â§185-187 StGB (Defamatory Offense)? Answer only with 'True' (criminally relevant according to Â§Â§185-187 StGB) or 'False' (not criminally relevant according to Â§Â§185-187 StGB).""}, {""role"": ""user"", ""content"": ""@Frank_Pasemann @CDU Steinmeier die überflüssige Wurst wird es schon so hinbiegen das Verlierer weiter regieren...und uns dann erklären dieses sei Volkeswille ....! |LBR| Spätestens jetzt müsste es doch jeder erkennen...R.I.P. Deutschland""}]"
205,@Jala_varietas @Grals_Hueter Die Julia hat ja auch 20 Kalte Lötstellen im Kopf. Bestimmt ein Kind der 68er. Sorry aber die hätte man besser ins Klo gewichst. Da wären die heute noch auf Reißen.,True,True,True,"[{""role"": ""system"", ""content"": ""You are a legal expert for defamatory offenses according the the German Criminal Code (Â§Â§185-187 StGB). Help the user decide whether given posts fall within in the scope of these articles.""}, {""role"": ""user"", ""content"": ""Is the following post criminally relevant with respect to Â§Â§185-187 StGB (Defamatory Offense)? Answer only with 'True' (criminally relevant according to Â§Â§185-187 StGB) or 'False' (not criminally relevant according to Â§Â§185-187 StGB).""}, {""role"": ""user"", ""content"": ""@Jala_varietas @Grals_Hueter Die Julia hat ja auch 20 Kalte Lötstellen im Kopf. Bestimmt ein Kind der 68er. Sorry aber die hätte man besser ins Klo gewichst. Da wären die heute noch auf Reißen.""}]"
1124357164269372,"Für mich mich sind diese vermummten , alles kaputt machenden Linken Antifa Deutschlandzerstörer  , Linke Nazis !",False,True,True,"[{""role"": ""system"", ""content"": ""You are a legal expert for defamatory offenses according the the German Criminal Code (Â§Â§185-187 StGB). Help the user decide whether given posts fall within in the scope of these articles.""}, {""role"": ""user"", ""content"": ""Is the following post criminally relevant with respect to Â§Â§185-187 StGB (Defamatory Offense)? Answer only with 'True' (criminally relevant according to Â§Â§185-187 StGB) or 'False' (not criminally relevant according to Â§Â§185-187 StGB).""}, {""role"": ""user"", ""content"": ""Für mich mich sind diese vermummten , alles kaputt machenden Linken Antifa Deutschlandzerstörer  , Linke Nazis !""}]"
1640,Ihr sats dreck klaut nichts da du dumme nutte stimmte laengst ihr widerlichen huren,True,True,True,"[{""role"": ""system"", ""content"": ""You are a legal expert for defamatory offenses according the the German Criminal Code (Â§Â§185-187 StGB). Help the user decide whether given posts fall within in the scope of these articles.""}, {""role"": ""user"", ""content"": ""Is the following post criminally relevant with respect to Â§Â§185-187 StGB (Defamatory Offense)? Answer only with 'True' (criminally relevant according to Â§Â§185-187 StGB) or 'False' (not criminally relevant according to Â§Â§185-187 StGB).""}, {""role"": ""user"", ""content"": ""Ihr sats dreck klaut nichts da du dumme nutte stimmte laengst ihr widerlichen huren""}]"
1079,"@Juergen_Fritz @NoHerrman @Leif_Erik_Holm @KrahMax @S_Muenzenmaier Die ganze „Mafia“ in Berlin muss weg, das Volk kann es auch selbst, dazu brauchen wir keine Politmarionetten.",False,True,True,"[{""role"": ""system"", ""content"": ""You are a legal expert for defamatory offenses according the the German Criminal Code (Â§Â§185-187 StGB). Help the user decide whether given posts fall within in the scope of these articles.""}, {""role"": ""user"", ""content"": ""Is the following post criminally relevant with respect to Â§Â§185-187 StGB (Defamatory Offense)? Answer only with 'True' (criminally relevant according to Â§Â§185-187 StGB) or 'False' (not criminally relevant according to Â§Â§185-187 StGB).""}, {""role"": ""user"", ""content"": ""@Juergen_Fritz @NoHerrman @Leif_Erik_Holm @KrahMax @S_Muenzenmaier Die ganze „Mafia“ in Berlin muss weg, das Volk kann es auch selbst, dazu brauchen wir keine Politmarionetten.""}]"
1038651359506620,Fazit nach der Sylvesternacht: die Migranten machen lustig weiter. Links dazu könnte man Seitenweise posten.,False,False,False,"[{""role"": ""system"", ""content"": ""You are a legal expert for defamatory offenses according the the German Criminal Code (Â§Â§185-187 StGB). Help the user decide whether given posts fall within in the scope of these articles.""}, {""role"": ""user"", ""content"": ""Is the following post criminally relevant with respect to Â§Â§185-187 StGB (Defamatory Offense)? Answer only with 'True' (criminally relevant according to Â§Â§185-187 StGB) or 'False' (not criminally relevant according to Â§Â§185-187 StGB).""}, {""role"": ""user"", ""content"": ""Fazit nach der Sylvesternacht: die Migranten machen lustig weiter. Links dazu könnte man Seitenweise posten.""}]"
856817221023369,"Marco Bloedorn: Der Osten hat also weniger Musels und soll deshalb die Klappe halten? Interpretiere ich das richtig? Wären es 2% oder 5% oder 20%, dann hätten sie schon das Recht? Ist das nicht auch eine sehr feine Art des Rassismus? Und schon einmal was von Wehret den Anfängen gehört?? 1933? Hitler hat Mein Kampf geschrieben und das dann auch umgesetzt, obwohl es niemand geglaubt hat. Die Musels haben ihren Koran. Eine faschistische Ideologie. Ich komme aus dem Westen und wenn ich durchs Ruhrgebiet laufe, könnte ich jedes Jahr mehr kotzen. Ich will ein buntes, weltoffenes, freies Europa der Deutschen, Italiener, Spanier, Schweden, Polen ...  - für eine faschistische Weltanschauung wie den Islam ist darin kein Platz.",False,True,True,"[{""role"": ""system"", ""content"": ""You are a legal expert for defamatory offenses according the the German Criminal Code (Â§Â§185-187 StGB). Help the user decide whether given posts fall within in the scope of these articles.""}, {""role"": ""user"", ""content"": ""Is the following post criminally relevant with respect to Â§Â§185-187 StGB (Defamatory Offense)? Answer only with 'True' (criminally relevant according to Â§Â§185-187 StGB) or 'False' (not criminally relevant according to Â§Â§185-187 StGB).""}, {""role"": ""user"", ""content"": ""Marco Bloedorn: Der Osten hat also weniger Musels und soll deshalb die Klappe halten? Interpretiere ich das richtig? Wären es 2% oder 5% oder 20%, dann hätten sie schon das Recht? Ist das nicht auch eine sehr feine Art des Rassismus? Und schon einmal was von Wehret den Anfängen gehört?? 1933? Hitler hat Mein Kampf geschrieben und das dann auch umgesetzt, obwohl es niemand geglaubt hat. Die Musels haben ihren Koran. Eine faschistische Ideologie. Ich komme aus dem Westen und wenn ich durchs Ruhrgebiet laufe, könnte ich jedes Jahr mehr kotzen. Ich will ein buntes, weltoffenes, freies Europa der Deutschen, Italiener, Spanier, Schweden, Polen ...  - für eine faschistische Weltanschauung wie den Islam ist darin kein Platz.""}]"
982965621741861,Es wird Zeit das ein Aufräumer kommt mit Oberlippenbart,False,True,True,"[{""role"": ""system"", ""content"": ""You are a legal expert for defamatory offenses according the the German Criminal Code (Â§Â§185-187 StGB). Help the user decide whether given posts fall within in the scope of these articles.""}, {""role"": ""user"", ""content"": ""Is the following post criminally relevant with respect to Â§Â§185-187 StGB (Defamatory Offense)? Answer only with 'True' (criminally relevant according to Â§Â§185-187 StGB) or 'False' (not criminally relevant according to Â§Â§185-187 StGB).""}, {""role"": ""user"", ""content"": ""Es wird Zeit das ein Aufräumer kommt mit Oberlippenbart""}]"
885730401465384,Dann hatte die Bundesregierung aber auch keine Daseins Berechtigung..Die haelfte von denen sind ebenfalls Vorbestraft,False,True,True,"[{""role"": ""system"", ""content"": ""You are a legal expert for defamatory offenses according the the German Criminal Code (Â§Â§185-187 StGB). Help the user decide whether given posts fall within in the scope of these articles.""}, {""role"": ""user"", ""content"": ""Is the following post criminally relevant with respect to Â§Â§185-187 StGB (Defamatory Offense)? Answer only with 'True' (criminally relevant according to Â§Â§185-187 StGB) or 'False' (not criminally relevant according to Â§Â§185-187 StGB).""}, {""role"": ""user"", ""content"": ""Dann hatte die Bundesregierung aber auch keine Daseins Berechtigung..Die haelfte von denen sind ebenfalls Vorbestraft""}]"
857167654321659,"Ich wäre dafür das die Regierung euch in einer kleinen Stadt einen grossen Zoo gründet,damit ihr mit euren ganzen Anhängern  eine bleibe findet,wenn es euch in Deutschland nicht mehr gefällt dann seid ihr da gut aufgehoben..das wäre nämlich das beste für die ganze Welt und unsere Heimat Deutschland.",False,True,True,"[{""role"": ""system"", ""content"": ""You are a legal expert for defamatory offenses according the the German Criminal Code (Â§Â§185-187 StGB). Help the user decide whether given posts fall within in the scope of these articles.""}, {""role"": ""user"", ""content"": ""Is the following post criminally relevant with respect to Â§Â§185-187 StGB (Defamatory Offense)? Answer only with 'True' (criminally relevant according to Â§Â§185-187 StGB) or 'False' (not criminally relevant according to Â§Â§185-187 StGB).""}, {""role"": ""user"", ""content"": ""Ich wäre dafür das die Regierung euch in einer kleinen Stadt einen grossen Zoo gründet,damit ihr mit euren ganzen Anhängern  eine bleibe findet,wenn es euch in Deutschland nicht mehr gefällt dann seid ihr da gut aufgehoben..das wäre nämlich das beste für die ganze Welt und unsere Heimat Deutschland.""}]"
1012028732168883,Die CSU hat die jagt nach dem wähler eroffnet PEGIDA und die AFD bereiten kopfschmerzen dem Seehofer und wieder hat dieser alter Bayer millionen menschen als Ratten genant.,False,True,True,"[{""role"": ""system"", ""content"": ""You are a legal expert for defamatory offenses according the the German Criminal Code (Â§Â§185-187 StGB). Help the user decide whether given posts fall within in the scope of these articles.""}, {""role"": ""user"", ""content"": ""Is the following post criminally relevant with respect to Â§Â§185-187 StGB (Defamatory Offense)? Answer only with 'True' (criminally relevant according to Â§Â§185-187 StGB) or 'False' (not criminally relevant according to Â§Â§185-187 StGB).""}, {""role"": ""user"", ""content"": ""Die CSU hat die jagt nach dem wähler eroffnet PEGIDA und die AFD bereiten kopfschmerzen dem Seehofer und wieder hat dieser alter Bayer millionen menschen als Ratten genant.""}]"
943,"Heilige FÄKALIEN, da läuft gerade Anne Will(schön sein) auf 3SAT!Keine Ahnung ob Wiederholung oder so,iss auch egal ! NUR SO EINEN HAUFEN GEMEINSCHMUTZIGER DUMMHEIT HAB ich selten gesehen ! Spiegelt voll den ZUSTAND DEUTSCHLANDS ! BÖSER TRUMP, SUPER MUSLIME !",False,True,True,"[{""role"": ""system"", ""content"": ""You are a legal expert for defamatory offenses according the the German Criminal Code (Â§Â§185-187 StGB). Help the user decide whether given posts fall within in the scope of these articles.""}, {""role"": ""user"", ""content"": ""Is the following post criminally relevant with respect to Â§Â§185-187 StGB (Defamatory Offense)? Answer only with 'True' (criminally relevant according to Â§Â§185-187 StGB) or 'False' (not criminally relevant according to Â§Â§185-187 StGB).""}, {""role"": ""user"", ""content"": ""Heilige FÄKALIEN, da läuft gerade Anne Will(schön sein) auf 3SAT!Keine Ahnung ob Wiederholung oder so,iss auch egal ! NUR SO EINEN HAUFEN GEMEINSCHMUTZIGER DUMMHEIT HAB ich selten gesehen ! Spiegelt voll den ZUSTAND DEUTSCHLANDS ! BÖSER TRUMP, SUPER MUSLIME !""}]"
856754921029599,"Und selbst wenn Nazis darunter sind. Wenn sie auch nur einen Punkt der Pegida befürworten, können sie doch an der Demo teilnehmen, wie jeder andere auch. Und dann alle als braun zu bezeichnen, zeugt nur von mangelnder Intelligenz. Da es ja offensichtlich ist, dass hauptsächlich der ganz normale Bürger auf die Straße geht. Aber Hauptsache braun und Nazi schreien. Das ist ja das Trend Argument schlechthin der Dummen",False,True,True,"[{""role"": ""system"", ""content"": ""You are a legal expert for defamatory offenses according the the German Criminal Code (Â§Â§185-187 StGB). Help the user decide whether given posts fall within in the scope of these articles.""}, {""role"": ""user"", ""content"": ""Is the following post criminally relevant with respect to Â§Â§185-187 StGB (Defamatory Offense)? Answer only with 'True' (criminally relevant according to Â§Â§185-187 StGB) or 'False' (not criminally relevant according to Â§Â§185-187 StGB).""}, {""role"": ""user"", ""content"": ""Und selbst wenn Nazis darunter sind. Wenn sie auch nur einen Punkt der Pegida befürworten, können sie doch an der Demo teilnehmen, wie jeder andere auch. Und dann alle als braun zu bezeichnen, zeugt nur von mangelnder Intelligenz. Da es ja offensichtlich ist, dass hauptsächlich der ganz normale Bürger auf die Straße geht. Aber Hauptsache braun und Nazi schreien. Das ist ja das Trend Argument schlechthin der Dummen""}]"
1134145993290489,Dumme Kuh,False,True,True,"[{""role"": ""system"", ""content"": ""You are a legal expert for defamatory offenses according the the German Criminal Code (Â§Â§185-187 StGB). Help the user decide whether given posts fall within in the scope of these articles.""}, {""role"": ""user"", ""content"": ""Is the following post criminally relevant with respect to Â§Â§185-187 StGB (Defamatory Offense)? Answer only with 'True' (criminally relevant according to Â§Â§185-187 StGB) or 'False' (not criminally relevant according to Â§Â§185-187 StGB).""}, {""role"": ""user"", ""content"": ""Dumme Kuh""}]"
882695811768843,"War bestimmt a Nazi.. Ach nee sind ja die eigenen Landsleute oder Mitbewohner die das machen. Was ich nicht verstehe, sie flüchten vor tot und Gewalt im eigenen Land aber bringen sich hier wo sie in Sicherheit sind gegenseitig um... Da sieht mann mal das es nicht auszuschließen ist das sich nicht doch Radikale als Flüchtlinge ausgeben und hier etwas planen bzw. wenn jemand anderer Meinung ist sich gegenseitig töten. Abschieben allesamt!",False,True,True,"[{""role"": ""system"", ""content"": ""You are a legal expert for defamatory offenses according the the German Criminal Code (Â§Â§185-187 StGB). Help the user decide whether given posts fall within in the scope of these articles.""}, {""role"": ""user"", ""content"": ""Is the following post criminally relevant with respect to Â§Â§185-187 StGB (Defamatory Offense)? Answer only with 'True' (criminally relevant according to Â§Â§185-187 StGB) or 'False' (not criminally relevant according to Â§Â§185-187 StGB).""}, {""role"": ""user"", ""content"": ""War bestimmt a Nazi.. Ach nee sind ja die eigenen Landsleute oder Mitbewohner die das machen. Was ich nicht verstehe, sie flüchten vor tot und Gewalt im eigenen Land aber bringen sich hier wo sie in Sicherheit sind gegenseitig um... Da sieht mann mal das es nicht auszuschließen ist das sich nicht doch Radikale als Flüchtlinge ausgeben und hier etwas planen bzw. wenn jemand anderer Meinung ist sich gegenseitig töten. Abschieben allesamt!""}]"
129,@happyhaidrich3 @ExilSchlangi @ItsAMettWorld @drolnegul @Octopussietus Was wollen diese linken eigentlich damit erreichen ?,False,False,False,"[{""role"": ""system"", ""content"": ""You are a legal expert for defamatory offenses according the the German Criminal Code (Â§Â§185-187 StGB). Help the user decide whether given posts fall within in the scope of these articles.""}, {""role"": ""user"", ""content"": ""Is the following post criminally relevant with respect to Â§Â§185-187 StGB (Defamatory Offense)? Answer only with 'True' (criminally relevant according to Â§Â§185-187 StGB) or 'False' (not criminally relevant according to Â§Â§185-187 StGB).""}, {""role"": ""user"", ""content"": ""@happyhaidrich3 @ExilSchlangi @ItsAMettWorld @drolnegul @Octopussietus Was wollen diese linken eigentlich damit erreichen ?""}]"
982714248433665,"Michael Karlshorst Michael Karlshorst nein es gefällt uns besser wenn die Ungarn mit Steinen beworfen werden,du hohle Nuss!",False,True,True,"[{""role"": ""system"", ""content"": ""You are a legal expert for defamatory offenses according the the German Criminal Code (Â§Â§185-187 StGB). Help the user decide whether given posts fall within in the scope of these articles.""}, {""role"": ""user"", ""content"": ""Is the following post criminally relevant with respect to Â§Â§185-187 StGB (Defamatory Offense)? Answer only with 'True' (criminally relevant according to Â§Â§185-187 StGB) or 'False' (not criminally relevant according to Â§Â§185-187 StGB).""}, {""role"": ""user"", ""content"": ""Michael Karlshorst Michael Karlshorst nein es gefällt uns besser wenn die Ungarn mit Steinen beworfen werden,du hohle Nuss!""}]"
806,"@tagesschau Der Tod von Maria aus #Freiburg-vom ""Flüchtling"" #HusseinK brutalst ermordert-wurde auch erst durch öffentlichen Druck publik gemacht. |LBR| Euer Problem:über refcrime wird immer noch staatsgetreu geschwiegen-bei deutschen Tätern undifferenziert in Endlosschleife berichtet.",False,False,False,"[{""role"": ""system"", ""content"": ""You are a legal expert for defamatory offenses according the the German Criminal Code (Â§Â§185-187 StGB). Help the user decide whether given posts fall within in the scope of these articles.""}, {""role"": ""user"", ""content"": ""Is the following post criminally relevant with respect to Â§Â§185-187 StGB (Defamatory Offense)? Answer only with 'True' (criminally relevant according to Â§Â§185-187 StGB) or 'False' (not criminally relevant according to Â§Â§185-187 StGB).""}, {""role"": ""user"", ""content"": ""@tagesschau Der Tod von Maria aus #Freiburg-vom \""Flüchtling\"" #HusseinK brutalst ermordert-wurde auch erst durch öffentlichen Druck publik gemacht. |LBR| Euer Problem:über refcrime wird immer noch staatsgetreu geschwiegen-bei deutschen Tätern undifferenziert in Endlosschleife berichtet.""}]"
856887151016376,In dieser Gruppe  braucht man kein Niveau . .... sonst würde  man zu sehr mit Überlegenheit  glänzen und damit können die Pegida  Anhänger   (Trottel) nicht umgehen . ....,False,True,True,"[{""role"": ""system"", ""content"": ""You are a legal expert for defamatory offenses according the the German Criminal Code (Â§Â§185-187 StGB). Help the user decide whether given posts fall within in the scope of these articles.""}, {""role"": ""user"", ""content"": ""Is the following post criminally relevant with respect to Â§Â§185-187 StGB (Defamatory Offense)? Answer only with 'True' (criminally relevant according to Â§Â§185-187 StGB) or 'False' (not criminally relevant according to Â§Â§185-187 StGB).""}, {""role"": ""user"", ""content"": ""In dieser Gruppe  braucht man kein Niveau . .... sonst würde  man zu sehr mit Überlegenheit  glänzen und damit können die Pegida  Anhänger   (Trottel) nicht umgehen . ....""}]"
1232,"Martina Gerle Die Staatsangestellten unter NAZI MERKEL UND NAZI STEINMEIER kommen mit zu viel Schrott durch. Das Problem ist oben, man liest es immer häufiger, ich weiß nicht, was da passiert ist, aber: Steinmeier hält nach seinem Instagram-Post vom Mai 2019 das Grundgesetz für eine Zumutung, Merkel lobt immer wieder ihre polnische Herkunft und ihre polnischen Vorfahren, ihr Opa war Gestapo- Hauptwachtmeister. Da unternehmen die Nazinachfahren hinter Lambrecht und dem Bundesverfassungsgericht auch nichts dagegen. Wir haben es versucht. Hier nach Artikel 20/4 Grundgesetz, unabänderbar, und Schulwissen vor Merkel.",True,True,True,"[{""role"": ""system"", ""content"": ""You are a legal expert for defamatory offenses according the the German Criminal Code (Â§Â§185-187 StGB). Help the user decide whether given posts fall within in the scope of these articles.""}, {""role"": ""user"", ""content"": ""Is the following post criminally relevant with respect to Â§Â§185-187 StGB (Defamatory Offense)? Answer only with 'True' (criminally relevant according to Â§Â§185-187 StGB) or 'False' (not criminally relevant according to Â§Â§185-187 StGB).""}, {""role"": ""user"", ""content"": ""Martina Gerle Die Staatsangestellten unter NAZI MERKEL UND NAZI STEINMEIER kommen mit zu viel Schrott durch. Das Problem ist oben, man liest es immer häufiger, ich weiß nicht, was da passiert ist, aber: Steinmeier hält nach seinem Instagram-Post vom Mai 2019 das Grundgesetz für eine Zumutung, Merkel lobt immer wieder ihre polnische Herkunft und ihre polnischen Vorfahren, ihr Opa war Gestapo- Hauptwachtmeister. Da unternehmen die Nazinachfahren hinter Lambrecht und dem Bundesverfassungsgericht auch nichts dagegen. Wir haben es versucht. Hier nach Artikel 20/4 Grundgesetz, unabänderbar, und Schulwissen vor Merkel.""}]"
856888294349595,"da fragen die sich warum wir auf die Straße gehen, die arme Frau und kein Arsch da oben interessiert das, das wird noch schön geredet, Ehrenmord und sone scheiße. wo bleibt hier die Mahnwache?....stimmt ja ist ja nur ne deutsche, wenn s ein Türke wäre gehen sie sogar selber auf die Straße....so darf es nicht weiter gehen,,,wo bleibt hier die Gerechtigkeit?",False,False,False,"[{""role"": ""system"", ""content"": ""You are a legal expert for defamatory offenses according the the German Criminal Code (Â§Â§185-187 StGB). Help the user decide whether given posts fall within in the scope of these articles.""}, {""role"": ""user"", ""content"": ""Is the following post criminally relevant with respect to Â§Â§185-187 StGB (Defamatory Offense)? Answer only with 'True' (criminally relevant according to Â§Â§185-187 StGB) or 'False' (not criminally relevant according to Â§Â§185-187 StGB).""}, {""role"": ""user"", ""content"": ""da fragen die sich warum wir auf die Straße gehen, die arme Frau und kein Arsch da oben interessiert das, das wird noch schön geredet, Ehrenmord und sone scheiße. wo bleibt hier die Mahnwache?....stimmt ja ist ja nur ne deutsche, wenn s ein Türke wäre gehen sie sogar selber auf die Straße....so darf es nicht weiter gehen,,,wo bleibt hier die Gerechtigkeit?""}]"
856812907690467,"Kommentare wie die von Marco zeugen einfach von Dummheit und Blindheit. Wer schon mal live auf einer Pegida Demo war weiß genau das wir die Polizisten höchsten zum regeln des Verkehrs brauchen würden. Ihr solltet euch mal langsam um diese Linksfaschistische Szene Gedanken machen! Wegen diesen Chaoten muss jedesmal ein Herr von Polizisten vor Ort sein! Auch heute wieder bei unserer Demo Smalltalk mit den Beamten die ohne Helm und ganz ruhig agierten. Bei den Chaoten hingegen Polizisten in voller Montur Helme auf, Visier unten und den Schlagstock griffbereit dazu immer Hektik und Beleidigungen den Beamten gegenüber!",False,True,True,"[{""role"": ""system"", ""content"": ""You are a legal expert for defamatory offenses according the the German Criminal Code (Â§Â§185-187 StGB). Help the user decide whether given posts fall within in the scope of these articles.""}, {""role"": ""user"", ""content"": ""Is the following post criminally relevant with respect to Â§Â§185-187 StGB (Defamatory Offense)? Answer only with 'True' (criminally relevant according to Â§Â§185-187 StGB) or 'False' (not criminally relevant according to Â§Â§185-187 StGB).""}, {""role"": ""user"", ""content"": ""Kommentare wie die von Marco zeugen einfach von Dummheit und Blindheit. Wer schon mal live auf einer Pegida Demo war weiß genau das wir die Polizisten höchsten zum regeln des Verkehrs brauchen würden. Ihr solltet euch mal langsam um diese Linksfaschistische Szene Gedanken machen! Wegen diesen Chaoten muss jedesmal ein Herr von Polizisten vor Ort sein! Auch heute wieder bei unserer Demo Smalltalk mit den Beamten die ohne Helm und ganz ruhig agierten. Bei den Chaoten hingegen Polizisten in voller Montur Helme auf, Visier unten und den Schlagstock griffbereit dazu immer Hektik und Beleidigungen den Beamten gegenüber!""}]"
1105692122802543,"Aber Vorsicht! Wenn die Lasagne in der Kantine aus ist, stehen die Helfer der GSG 9 sicher schon parat, um für Ordnung und Sicherheit zu sorgen. Da muss man gewaltig aufpassen! Nicht das da die Terrorinstrumente wie Silvesterknaller, Schweineschnitzel oder gar Wasserpistolen gegen die Moschee eingesetzt werden! Der Staatsschutz steht sicher auch im Startloch! Liebe Dresdner Kameraden, im Geiste bin ich bei euch. Und wenn alle Stricke reissen, dann bringe ich zwei Kanister Schweineblut vorbei. Muss nur mal ne Wildsau stehen bleiben!",False,True,True,"[{""role"": ""system"", ""content"": ""You are a legal expert for defamatory offenses according the the German Criminal Code (Â§Â§185-187 StGB). Help the user decide whether given posts fall within in the scope of these articles.""}, {""role"": ""user"", ""content"": ""Is the following post criminally relevant with respect to Â§Â§185-187 StGB (Defamatory Offense)? Answer only with 'True' (criminally relevant according to Â§Â§185-187 StGB) or 'False' (not criminally relevant according to Â§Â§185-187 StGB).""}, {""role"": ""user"", ""content"": ""Aber Vorsicht! Wenn die Lasagne in der Kantine aus ist, stehen die Helfer der GSG 9 sicher schon parat, um für Ordnung und Sicherheit zu sorgen. Da muss man gewaltig aufpassen! Nicht das da die Terrorinstrumente wie Silvesterknaller, Schweineschnitzel oder gar Wasserpistolen gegen die Moschee eingesetzt werden! Der Staatsschutz steht sicher auch im Startloch! Liebe Dresdner Kameraden, im Geiste bin ich bei euch. Und wenn alle Stricke reissen, dann bringe ich zwei Kanister Schweineblut vorbei. Muss nur mal ne Wildsau stehen bleiben!""}]"
856906357681122,We need you here in USA ! together we can defeat muslim terrorism !,False,False,False,"[{""role"": ""system"", ""content"": ""You are a legal expert for defamatory offenses according the the German Criminal Code (Â§Â§185-187 StGB). Help the user decide whether given posts fall within in the scope of these articles.""}, {""role"": ""user"", ""content"": ""Is the following post criminally relevant with respect to Â§Â§185-187 StGB (Defamatory Offense)? Answer only with 'True' (criminally relevant according to Â§Â§185-187 StGB) or 'False' (not criminally relevant according to Â§Â§185-187 StGB).""}, {""role"": ""user"", ""content"": ""We need you here in USA ! together we can defeat muslim terrorism !""}]"
894610427244048,Dem haben die Kameltreiber der IS ganzschön geschadet.,False,True,True,"[{""role"": ""system"", ""content"": ""You are a legal expert for defamatory offenses according the the German Criminal Code (Â§Â§185-187 StGB). Help the user decide whether given posts fall within in the scope of these articles.""}, {""role"": ""user"", ""content"": ""Is the following post criminally relevant with respect to Â§Â§185-187 StGB (Defamatory Offense)? Answer only with 'True' (criminally relevant according to Â§Â§185-187 StGB) or 'False' (not criminally relevant according to Â§Â§185-187 StGB).""}, {""role"": ""user"", ""content"": ""Dem haben die Kameltreiber der IS ganzschön geschadet.""}]"
876833045688453,"Bremen wird auch das erste Bundesland sein was einen Moslemischen Bürgermeister hat.Sie werden auch bald beim Bund um mehr Geld betteln , können ja nicht die erhöhten Sicherheitsmaßnahmen für ihre desolate Muti-Kulti Politik bezahlen.",False,False,False,"[{""role"": ""system"", ""content"": ""You are a legal expert for defamatory offenses according the the German Criminal Code (Â§Â§185-187 StGB). Help the user decide whether given posts fall within in the scope of these articles.""}, {""role"": ""user"", ""content"": ""Is the following post criminally relevant with respect to Â§Â§185-187 StGB (Defamatory Offense)? Answer only with 'True' (criminally relevant according to Â§Â§185-187 StGB) or 'False' (not criminally relevant according to Â§Â§185-187 StGB).""}, {""role"": ""user"", ""content"": ""Bremen wird auch das erste Bundesland sein was einen Moslemischen Bürgermeister hat.Sie werden auch bald beim Bund um mehr Geld betteln , können ja nicht die erhöhten Sicherheitsmaßnahmen für ihre desolate Muti-Kulti Politik bezahlen.""}]"
856747901030301,"Von wegen...""hat den Höhepunkt erreicht und ist jetzt im Auflösen begriffen""...
Hätten die staatlichen Politikwissenschaftler gern. Zum Studium der Politikwissenschaften gehört auch Geschichte... wohl nicht richtig aufgepasst beim Thema ""89er Wende""?
Großartig!
Euer Leipziger ??",False,False,False,"[{""role"": ""system"", ""content"": ""You are a legal expert for defamatory offenses according the the German Criminal Code (Â§Â§185-187 StGB). Help the user decide whether given posts fall within in the scope of these articles.""}, {""role"": ""user"", ""content"": ""Is the following post criminally relevant with respect to Â§Â§185-187 StGB (Defamatory Offense)? Answer only with 'True' (criminally relevant according to Â§Â§185-187 StGB) or 'False' (not criminally relevant according to Â§Â§185-187 StGB).""}, {""role"": ""user"", ""content"": ""Von wegen...\""hat den Höhepunkt erreicht und ist jetzt im Auflösen begriffen\""...\r\nHätten die staatlichen Politikwissenschaftler gern. Zum Studium der Politikwissenschaften gehört auch Geschichte... wohl nicht richtig aufgepasst beim Thema \""89er Wende\""?\r\nGroßartig!\r\nEuer Leipziger ??""}]"
1007164525988637,Die Drecksäcke kommen wenigstens nicht mehr als traumatisierte Flüchtlinge nach Deutschland.Und Steinmeier sollte lieber alten Omas im Seniorenheim Geschichten vorlesen.,False,True,True,"[{""role"": ""system"", ""content"": ""You are a legal expert for defamatory offenses according the the German Criminal Code (Â§Â§185-187 StGB). Help the user decide whether given posts fall within in the scope of these articles.""}, {""role"": ""user"", ""content"": ""Is the following post criminally relevant with respect to Â§Â§185-187 StGB (Defamatory Offense)? Answer only with 'True' (criminally relevant according to Â§Â§185-187 StGB) or 'False' (not criminally relevant according to Â§Â§185-187 StGB).""}, {""role"": ""user"", ""content"": ""Die Drecksäcke kommen wenigstens nicht mehr als traumatisierte Flüchtlinge nach Deutschland.Und Steinmeier sollte lieber alten Omas im Seniorenheim Geschichten vorlesen.""}]"
856744794363945,1× hu bi???  Mega Dummschwätzer!!!,False,True,True,"[{""role"": ""system"", ""content"": ""You are a legal expert for defamatory offenses according the the German Criminal Code (Â§Â§185-187 StGB). Help the user decide whether given posts fall within in the scope of these articles.""}, {""role"": ""user"", ""content"": ""Is the following post criminally relevant with respect to Â§Â§185-187 StGB (Defamatory Offense)? Answer only with 'True' (criminally relevant according to Â§Â§185-187 StGB) or 'False' (not criminally relevant according to Â§Â§185-187 StGB).""}, {""role"": ""user"", ""content"": ""1× hu bi???  Mega Dummschwätzer!!!""}]"
1134486796589742,80%  haben Ihre Ausweise weggeschmissen oder gefälschte...wenn man aus Syrien oder dem Irak kommt braucht man das nicht....das sagt wohl alles....,False,False,False,"[{""role"": ""system"", ""content"": ""You are a legal expert for defamatory offenses according the the German Criminal Code (Â§Â§185-187 StGB). Help the user decide whether given posts fall within in the scope of these articles.""}, {""role"": ""user"", ""content"": ""Is the following post criminally relevant with respect to Â§Â§185-187 StGB (Defamatory Offense)? Answer only with 'True' (criminally relevant according to Â§Â§185-187 StGB) or 'False' (not criminally relevant according to Â§Â§185-187 StGB).""}, {""role"": ""user"", ""content"": ""80%  haben Ihre Ausweise weggeschmissen oder gefälschte...wenn man aus Syrien oder dem Irak kommt braucht man das nicht....das sagt wohl alles....""}]"
876363285735429,"Wenn auch nur ein einizger deswegen weniger kommt.....dann hat es sich gelohnt und nun schreit wieder....Deutschland soll schön bunt sein, dass macht Spaß und Bombenstimmung, wie in Braunschwaich und Bremen.",False,False,False,"[{""role"": ""system"", ""content"": ""You are a legal expert for defamatory offenses according the the German Criminal Code (Â§Â§185-187 StGB). Help the user decide whether given posts fall within in the scope of these articles.""}, {""role"": ""user"", ""content"": ""Is the following post criminally relevant with respect to Â§Â§185-187 StGB (Defamatory Offense)? Answer only with 'True' (criminally relevant according to Â§Â§185-187 StGB) or 'False' (not criminally relevant according to Â§Â§185-187 StGB).""}, {""role"": ""user"", ""content"": ""Wenn auch nur ein einizger deswegen weniger kommt.....dann hat es sich gelohnt und nun schreit wieder....Deutschland soll schön bunt sein, dass macht Spaß und Bombenstimmung, wie in Braunschwaich und Bremen.""}]"
894895843882173,"he he du du ,wir sind ein Flüchtlingsland und brauchen Facharbeiter im Eseltreiben, sagt unser fetter Gabriel",False,True,True,"[{""role"": ""system"", ""content"": ""You are a legal expert for defamatory offenses according the the German Criminal Code (Â§Â§185-187 StGB). Help the user decide whether given posts fall within in the scope of these articles.""}, {""role"": ""user"", ""content"": ""Is the following post criminally relevant with respect to Â§Â§185-187 StGB (Defamatory Offense)? Answer only with 'True' (criminally relevant according to Â§Â§185-187 StGB) or 'False' (not criminally relevant according to Â§Â§185-187 StGB).""}, {""role"": ""user"", ""content"": ""he he du du ,wir sind ein Flüchtlingsland und brauchen Facharbeiter im Eseltreiben, sagt unser fetter Gabriel""}]"
857167690988322,"Das war doppelmord, an maria Maria und ihrem Baby !!! wenn ich an die Tat denke werde ich immer wieder wütend, und aggressiv ....was die beiden in diesen Minuten durch gemacht haben kann man sich nicht vor stellen...diese Bestien , diese Mörder ....die beiden Türken sollten in der Hölle schmoren!!!!!!",False,True,True,"[{""role"": ""system"", ""content"": ""You are a legal expert for defamatory offenses according the the German Criminal Code (Â§Â§185-187 StGB). Help the user decide whether given posts fall within in the scope of these articles.""}, {""role"": ""user"", ""content"": ""Is the following post criminally relevant with respect to Â§Â§185-187 StGB (Defamatory Offense)? Answer only with 'True' (criminally relevant according to Â§Â§185-187 StGB) or 'False' (not criminally relevant according to Â§Â§185-187 StGB).""}, {""role"": ""user"", ""content"": ""Das war doppelmord, an maria Maria und ihrem Baby !!! wenn ich an die Tat denke werde ich immer wieder wütend, und aggressiv ....was die beiden in diesen Minuten durch gemacht haben kann man sich nicht vor stellen...diese Bestien , diese Mörder ....die beiden Türken sollten in der Hölle schmoren!!!!!!""}]"
297,@Christophgiesa @mollemopp 1. hat in meinem Leben nicht einmal mein Herz rechts geschlagen u 2. d. Antwort lässt auf wenig Bildung schließen,False,True,True,"[{""role"": ""system"", ""content"": ""You are a legal expert for defamatory offenses according the the German Criminal Code (Â§Â§185-187 StGB). Help the user decide whether given posts fall within in the scope of these articles.""}, {""role"": ""user"", ""content"": ""Is the following post criminally relevant with respect to Â§Â§185-187 StGB (Defamatory Offense)? Answer only with 'True' (criminally relevant according to Â§Â§185-187 StGB) or 'False' (not criminally relevant according to Â§Â§185-187 StGB).""}, {""role"": ""user"", ""content"": ""@Christophgiesa @mollemopp 1. hat in meinem Leben nicht einmal mein Herz rechts geschlagen u 2. d. Antwort lässt auf wenig Bildung schließen""}]"
413,@RamazanAkbas37 @BilgiliUeretmen Das ist ein Spinner der Türken hasst,False,True,True,"[{""role"": ""system"", ""content"": ""You are a legal expert for defamatory offenses according the the German Criminal Code (Â§Â§185-187 StGB). Help the user decide whether given posts fall within in the scope of these articles.""}, {""role"": ""user"", ""content"": ""Is the following post criminally relevant with respect to Â§Â§185-187 StGB (Defamatory Offense)? Answer only with 'True' (criminally relevant according to Â§Â§185-187 StGB) or 'False' (not criminally relevant according to Â§Â§185-187 StGB).""}, {""role"": ""user"", ""content"": ""@RamazanAkbas37 @BilgiliUeretmen Das ist ein Spinner der Türken hasst""}]"
1064983413540081,lach mich weg was diese lieben schwerverbrecher nicht alles so finden,False,True,True,"[{""role"": ""system"", ""content"": ""You are a legal expert for defamatory offenses according the the German Criminal Code (Â§Â§185-187 StGB). Help the user decide whether given posts fall within in the scope of these articles.""}, {""role"": ""user"", ""content"": ""Is the following post criminally relevant with respect to Â§Â§185-187 StGB (Defamatory Offense)? Answer only with 'True' (criminally relevant according to Â§Â§185-187 StGB) or 'False' (not criminally relevant according to Â§Â§185-187 StGB).""}, {""role"": ""user"", ""content"": ""lach mich weg was diese lieben schwerverbrecher nicht alles so finden""}]"
1123568547681567,"Ich hoffe, 
dass diserVolksverraeter dort landet,  wo er hingehört. Auf dem politischen Misthaufen der europäischen Politikgeschichte.",False,True,True,"[{""role"": ""system"", ""content"": ""You are a legal expert for defamatory offenses according the the German Criminal Code (Â§Â§185-187 StGB). Help the user decide whether given posts fall within in the scope of these articles.""}, {""role"": ""user"", ""content"": ""Is the following post criminally relevant with respect to Â§Â§185-187 StGB (Defamatory Offense)? Answer only with 'True' (criminally relevant according to Â§Â§185-187 StGB) or 'False' (not criminally relevant according to Â§Â§185-187 StGB).""}, {""role"": ""user"", ""content"": ""Ich hoffe, \r\ndass diserVolksverraeter dort landet,  wo er hingehört. Auf dem politischen Misthaufen der europäischen Politikgeschichte.""}]"
856754974362927,"Ihr könnt kein Mathe und wie es scheint auch keine deutsche Rechtschreibung und Grammatik. Aber rettet ruhig weiter eurer Abendland. (Pssssst. Vorsicht, ihr schreibt arabische Zahlen.)",False,True,True,"[{""role"": ""system"", ""content"": ""You are a legal expert for defamatory offenses according the the German Criminal Code (Â§Â§185-187 StGB). Help the user decide whether given posts fall within in the scope of these articles.""}, {""role"": ""user"", ""content"": ""Is the following post criminally relevant with respect to Â§Â§185-187 StGB (Defamatory Offense)? Answer only with 'True' (criminally relevant according to Â§Â§185-187 StGB) or 'False' (not criminally relevant according to Â§Â§185-187 StGB).""}, {""role"": ""user"", ""content"": ""Ihr könnt kein Mathe und wie es scheint auch keine deutsche Rechtschreibung und Grammatik. Aber rettet ruhig weiter eurer Abendland. (Pssssst. Vorsicht, ihr schreibt arabische Zahlen.)""}]"
1035121239859632,"wir sind brüder und schwestern und lassen uns von so einem, wie hat er immer gesagt "" ARSCHLOCH"" nicht trennen und von unserem weg abbringen -- deshalb auch noch viel mut und kraft für 2016",False,True,True,"[{""role"": ""system"", ""content"": ""You are a legal expert for defamatory offenses according the the German Criminal Code (Â§Â§185-187 StGB). Help the user decide whether given posts fall within in the scope of these articles.""}, {""role"": ""user"", ""content"": ""Is the following post criminally relevant with respect to Â§Â§185-187 StGB (Defamatory Offense)? Answer only with 'True' (criminally relevant according to Â§Â§185-187 StGB) or 'False' (not criminally relevant according to Â§Â§185-187 StGB).""}, {""role"": ""user"", ""content"": ""wir sind brüder und schwestern und lassen uns von so einem, wie hat er immer gesagt \"" ARSCHLOCH\"" nicht trennen und von unserem weg abbringen -- deshalb auch noch viel mut und kraft für 2016""}]"
1035105359861220,"Respect for Pegida, you should kick out of your Country, Zionist Merkel",False,True,True,"[{""role"": ""system"", ""content"": ""You are a legal expert for defamatory offenses according the the German Criminal Code (Â§Â§185-187 StGB). Help the user decide whether given posts fall within in the scope of these articles.""}, {""role"": ""user"", ""content"": ""Is the following post criminally relevant with respect to Â§Â§185-187 StGB (Defamatory Offense)? Answer only with 'True' (criminally relevant according to Â§Â§185-187 StGB) or 'False' (not criminally relevant according to Â§Â§185-187 StGB).""}, {""role"": ""user"", ""content"": ""Respect for Pegida, you should kick out of your Country, Zionist Merkel""}]"
1236,@Coliban Ey nazi du hurensohn. Steck deinen Kopf in die Mülltonne und zähl mal so lange du kannst danach bist du so eine richtige AfD missgeburt. Du Opfer!,True,True,True,"[{""role"": ""system"", ""content"": ""You are a legal expert for defamatory offenses according the the German Criminal Code (Â§Â§185-187 StGB). Help the user decide whether given posts fall within in the scope of these articles.""}, {""role"": ""user"", ""content"": ""Is the following post criminally relevant with respect to Â§Â§185-187 StGB (Defamatory Offense)? Answer only with 'True' (criminally relevant according to Â§Â§185-187 StGB) or 'False' (not criminally relevant according to Â§Â§185-187 StGB).""}, {""role"": ""user"", ""content"": ""@Coliban Ey nazi du hurensohn. Steck deinen Kopf in die Mülltonne und zähl mal so lange du kannst danach bist du so eine richtige AfD missgeburt. Du Opfer!""}]"
864,"Keine Strafen für türkische Doppelstaatsbürger. Sofortige Aberkennung |LBR| der österr. Staatsbürgerschaft, und ab damit ins Sultanat.",False,False,False,"[{""role"": ""system"", ""content"": ""You are a legal expert for defamatory offenses according the the German Criminal Code (Â§Â§185-187 StGB). Help the user decide whether given posts fall within in the scope of these articles.""}, {""role"": ""user"", ""content"": ""Is the following post criminally relevant with respect to Â§Â§185-187 StGB (Defamatory Offense)? Answer only with 'True' (criminally relevant according to Â§Â§185-187 StGB) or 'False' (not criminally relevant according to Â§Â§185-187 StGB).""}, {""role"": ""user"", ""content"": ""Keine Strafen für türkische Doppelstaatsbürger. Sofortige Aberkennung |LBR| der österr. Staatsbürgerschaft, und ab damit ins Sultanat.""}]"
999,"Kirchhoff, ist Ihnen entgangen, dass 98 % der Migranten aus |LBR| Marokko nicht als Flüchtlinge anerkannt werden? Lassen Sie |LBR| Ihre blöden Ideen.",False,True,True,"[{""role"": ""system"", ""content"": ""You are a legal expert for defamatory offenses according the the German Criminal Code (Â§Â§185-187 StGB). Help the user decide whether given posts fall within in the scope of these articles.""}, {""role"": ""user"", ""content"": ""Is the following post criminally relevant with respect to Â§Â§185-187 StGB (Defamatory Offense)? Answer only with 'True' (criminally relevant according to Â§Â§185-187 StGB) or 'False' (not criminally relevant according to Â§Â§185-187 StGB).""}, {""role"": ""user"", ""content"": ""Kirchhoff, ist Ihnen entgangen, dass 98 % der Migranten aus |LBR| Marokko nicht als Flüchtlinge anerkannt werden? Lassen Sie |LBR| Ihre blöden Ideen.""}]"
1043629225675500,"Mischpoke ist mein Zusatz, stammt nicht von Frau Festerling! Wo habe ich das noch mal gehört?... Kann es sein, dass ein Politiker Pegida-Anhänger so betituliert hat?... Jepp, das war doch der grüne Kiffer-Cem! ;)",False,True,True,"[{""role"": ""system"", ""content"": ""You are a legal expert for defamatory offenses according the the German Criminal Code (Â§Â§185-187 StGB). Help the user decide whether given posts fall within in the scope of these articles.""}, {""role"": ""user"", ""content"": ""Is the following post criminally relevant with respect to Â§Â§185-187 StGB (Defamatory Offense)? Answer only with 'True' (criminally relevant according to Â§Â§185-187 StGB) or 'False' (not criminally relevant according to Â§Â§185-187 StGB).""}, {""role"": ""user"", ""content"": ""Mischpoke ist mein Zusatz, stammt nicht von Frau Festerling! Wo habe ich das noch mal gehört?... Kann es sein, dass ein Politiker Pegida-Anhänger so betituliert hat?... Jepp, das war doch der grüne Kiffer-Cem! ;)""}]"
982663215105435,"Das aufwachen , das dass deutsche volk überrumpelt wurde , und dieses Land Ausländer freundlich ist und Inländer feindlich",False,False,False,"[{""role"": ""system"", ""content"": ""You are a legal expert for defamatory offenses according the the German Criminal Code (Â§Â§185-187 StGB). Help the user decide whether given posts fall within in the scope of these articles.""}, {""role"": ""user"", ""content"": ""Is the following post criminally relevant with respect to Â§Â§185-187 StGB (Defamatory Offense)? Answer only with 'True' (criminally relevant according to Â§Â§185-187 StGB) or 'False' (not criminally relevant according to Â§Â§185-187 StGB).""}, {""role"": ""user"", ""content"": ""Das aufwachen , das dass deutsche volk überrumpelt wurde , und dieses Land Ausländer freundlich ist und Inländer feindlich""}]"
543,"@anna_IIna So sieht es in einem Land aus welches vor der Verblödung steht...ich hasse dumme Menschen, erst recht wenn es meine eigenen Landsleute sind...furchtbar",False,False,False,"[{""role"": ""system"", ""content"": ""You are a legal expert for defamatory offenses according the the German Criminal Code (Â§Â§185-187 StGB). Help the user decide whether given posts fall within in the scope of these articles.""}, {""role"": ""user"", ""content"": ""Is the following post criminally relevant with respect to Â§Â§185-187 StGB (Defamatory Offense)? Answer only with 'True' (criminally relevant according to Â§Â§185-187 StGB) or 'False' (not criminally relevant according to Â§Â§185-187 StGB).""}, {""role"": ""user"", ""content"": ""@anna_IIna So sieht es in einem Land aus welches vor der Verblödung steht...ich hasse dumme Menschen, erst recht wenn es meine eigenen Landsleute sind...furchtbar""}]"
858354074203017,"Seid doch mal ehrlich euch sind bestimmt die Bananen ausgegangen ihr armen gefrusteten. Der Lügenpresse habt ihr es nicht zu verdanken das ihr im Rest der BRD als grosser Witz gelten tut das habt ihr gantz allein geschafft.Und jetzt rennt ihr einer von der FDP nach nachdem euer ""Führer"" sich selbst zerstört hat. Armes Dresden das es euch ertragen muss und das nach Lichtenhagen. Ihr habt nichts verstanden.",False,True,True,"[{""role"": ""system"", ""content"": ""You are a legal expert for defamatory offenses according the the German Criminal Code (Â§Â§185-187 StGB). Help the user decide whether given posts fall within in the scope of these articles.""}, {""role"": ""user"", ""content"": ""Is the following post criminally relevant with respect to Â§Â§185-187 StGB (Defamatory Offense)? Answer only with 'True' (criminally relevant according to Â§Â§185-187 StGB) or 'False' (not criminally relevant according to Â§Â§185-187 StGB).""}, {""role"": ""user"", ""content"": ""Seid doch mal ehrlich euch sind bestimmt die Bananen ausgegangen ihr armen gefrusteten. Der Lügenpresse habt ihr es nicht zu verdanken das ihr im Rest der BRD als grosser Witz gelten tut das habt ihr gantz allein geschafft.Und jetzt rennt ihr einer von der FDP nach nachdem euer \""Führer\"" sich selbst zerstört hat. Armes Dresden das es euch ertragen muss und das nach Lichtenhagen. Ihr habt nichts verstanden.""}]"
874,"@waszumelden @MDRAktuell Ist doch kein ""schlimmer Rassismus"" wenn er gegen Schonlängerhierlebende geht. Schliesslich muß man jede Chance nutzen, den Deutschen kleinzuhalten- "" nach DER Vergangenheit...""",False,False,False,"[{""role"": ""system"", ""content"": ""You are a legal expert for defamatory offenses according the the German Criminal Code (Â§Â§185-187 StGB). Help the user decide whether given posts fall within in the scope of these articles.""}, {""role"": ""user"", ""content"": ""Is the following post criminally relevant with respect to Â§Â§185-187 StGB (Defamatory Offense)? Answer only with 'True' (criminally relevant according to Â§Â§185-187 StGB) or 'False' (not criminally relevant according to Â§Â§185-187 StGB).""}, {""role"": ""user"", ""content"": ""@waszumelden @MDRAktuell Ist doch kein \""schlimmer Rassismus\"" wenn er gegen Schonlängerhierlebende geht. Schliesslich muß man jede Chance nutzen, den Deutschen kleinzuhalten- \"" nach DER Vergangenheit...\""""}]"
876336235738134,"stehlen, rauben, vergewaltigen, totschlagen, erstechen, verbrennen, drogenhandel, kinderschänden, prostitution, beleidigen, vandalismus. hab ich was vergessen? achja, und unsere kohle kassieren.",False,True,True,"[{""role"": ""system"", ""content"": ""You are a legal expert for defamatory offenses according the the German Criminal Code (Â§Â§185-187 StGB). Help the user decide whether given posts fall within in the scope of these articles.""}, {""role"": ""user"", ""content"": ""Is the following post criminally relevant with respect to Â§Â§185-187 StGB (Defamatory Offense)? Answer only with 'True' (criminally relevant according to Â§Â§185-187 StGB) or 'False' (not criminally relevant according to Â§Â§185-187 StGB).""}, {""role"": ""user"", ""content"": ""stehlen, rauben, vergewaltigen, totschlagen, erstechen, verbrennen, drogenhandel, kinderschänden, prostitution, beleidigen, vandalismus. hab ich was vergessen? achja, und unsere kohle kassieren.""}]"
857992397572518,Frau Göhler ist anscheinend eine verkappte Linke!,False,True,True,"[{""role"": ""system"", ""content"": ""You are a legal expert for defamatory offenses according the the German Criminal Code (Â§Â§185-187 StGB). Help the user decide whether given posts fall within in the scope of these articles.""}, {""role"": ""user"", ""content"": ""Is the following post criminally relevant with respect to Â§Â§185-187 StGB (Defamatory Offense)? Answer only with 'True' (criminally relevant according to Â§Â§185-187 StGB) or 'False' (not criminally relevant according to Â§Â§185-187 StGB).""}, {""role"": ""user"", ""content"": ""Frau Göhler ist anscheinend eine verkappte Linke!""}]"
690,@GrueneHD @GoeringEckardt Mit Grünen Verrückten kann man nicht diskutieren!!!!,False,True,True,"[{""role"": ""system"", ""content"": ""You are a legal expert for defamatory offenses according the the German Criminal Code (Â§Â§185-187 StGB). Help the user decide whether given posts fall within in the scope of these articles.""}, {""role"": ""user"", ""content"": ""Is the following post criminally relevant with respect to Â§Â§185-187 StGB (Defamatory Offense)? Answer only with 'True' (criminally relevant according to Â§Â§185-187 StGB) or 'False' (not criminally relevant according to Â§Â§185-187 StGB).""}, {""role"": ""user"", ""content"": ""@GrueneHD @GoeringEckardt Mit Grünen Verrückten kann man nicht diskutieren!!!!""}]"
895171390521285,"Das waren auch mit hoher Wahrscheinlichkeit Zeilen die aus den Kontext gerissen wurden und nun zu Propagandazwecken missbraucht werden. Naja, Intelligenz ist dir gewiss ein Fremdwort!",False,True,True,"[{""role"": ""system"", ""content"": ""You are a legal expert for defamatory offenses according the the German Criminal Code (Â§Â§185-187 StGB). Help the user decide whether given posts fall within in the scope of these articles.""}, {""role"": ""user"", ""content"": ""Is the following post criminally relevant with respect to Â§Â§185-187 StGB (Defamatory Offense)? Answer only with 'True' (criminally relevant according to Â§Â§185-187 StGB) or 'False' (not criminally relevant according to Â§Â§185-187 StGB).""}, {""role"": ""user"", ""content"": ""Das waren auch mit hoher Wahrscheinlichkeit Zeilen die aus den Kontext gerissen wurden und nun zu Propagandazwecken missbraucht werden. Naja, Intelligenz ist dir gewiss ein Fremdwort!""}]"
1038633839508372,Mit den Asylanten-Pack kuscheln und gegen deutsche Bürger Wasserwerfer einsetzen.Müssen wir uns selbst bewaffnen und dieses Pack aus ihren Unterkünfte holen,False,True,True,"[{""role"": ""system"", ""content"": ""You are a legal expert for defamatory offenses according the the German Criminal Code (Â§Â§185-187 StGB). Help the user decide whether given posts fall within in the scope of these articles.""}, {""role"": ""user"", ""content"": ""Is the following post criminally relevant with respect to Â§Â§185-187 StGB (Defamatory Offense)? Answer only with 'True' (criminally relevant according to Â§Â§185-187 StGB) or 'False' (not criminally relevant according to Â§Â§185-187 StGB).""}, {""role"": ""user"", ""content"": ""Mit den Asylanten-Pack kuscheln und gegen deutsche Bürger Wasserwerfer einsetzen.Müssen wir uns selbst bewaffnen und dieses Pack aus ihren Unterkünfte holen""}]"
1260,Du bist eine kleine Hure. Du dreckige Missgeburt,True,True,True,"[{""role"": ""system"", ""content"": ""You are a legal expert for defamatory offenses according the the German Criminal Code (Â§Â§185-187 StGB). Help the user decide whether given posts fall within in the scope of these articles.""}, {""role"": ""user"", ""content"": ""Is the following post criminally relevant with respect to Â§Â§185-187 StGB (Defamatory Offense)? Answer only with 'True' (criminally relevant according to Â§Â§185-187 StGB) or 'False' (not criminally relevant according to Â§Â§185-187 StGB).""}, {""role"": ""user"", ""content"": ""Du bist eine kleine Hure. Du dreckige Missgeburt""}]"
1812,"Hallo ""Schiessen, Schützen, Kontrollieren"", ich hätte da mal eine Frage: Wie schaffen es denn Nigger und Batschaken in ein germanisches Heiligtum, nämlich den deutschen Polizeidienst? Ich finde gut, dass Ihr soetwas mal zeigt! - Aber vielleicht bin ich ja auf dem falschen Dampfer und Eure Dokumentation ist auch wieder nur dreckige Judenpropaganda zur Untergrabung und Vernichtung der deutschen Nation und der germanischen Bevölkerung. - Zeigt doch einfach auch mal die dreckigen linksradikalen Kommunistensäue, die dreckigen Judenhuren und nicht zuletzt natürlich die dreckigen Juden oder Parasiten selbst, die hinter dieser Niggerpolitik stehen!!! - Deutschland ist kein Vielvölkerstaat wie der Vielvölkerstaat USA, den die Juden erst zu einem todkranken Vielvölkerstaat gemacht haben.-Ich, als Urdeutscher jedenfalls, lebe noch von der Restwürde die mir geblieben ist, alles andere wurde mir genommen. Und deshalb würde ich lieber sterben als mich von einem dreckigen Nigger- oder Batschaken-Bullen zurechtweisen zu lassen. heil Germanien, Heil Donald Trump, Heil Vladimir Putin, Heil, Heil, Heil !!!",True,True,True,"[{""role"": ""system"", ""content"": ""You are a legal expert for defamatory offenses according the the German Criminal Code (Â§Â§185-187 StGB). Help the user decide whether given posts fall within in the scope of these articles.""}, {""role"": ""user"", ""content"": ""Is the following post criminally relevant with respect to Â§Â§185-187 StGB (Defamatory Offense)? Answer only with 'True' (criminally relevant according to Â§Â§185-187 StGB) or 'False' (not criminally relevant according to Â§Â§185-187 StGB).""}, {""role"": ""user"", ""content"": ""Hallo \""Schiessen, Schützen, Kontrollieren\"", ich hätte da mal eine Frage: Wie schaffen es denn Nigger und Batschaken in ein germanisches Heiligtum, nämlich den deutschen Polizeidienst? Ich finde gut, dass Ihr soetwas mal zeigt! - Aber vielleicht bin ich ja auf dem falschen Dampfer und Eure Dokumentation ist auch wieder nur dreckige Judenpropaganda zur Untergrabung und Vernichtung der deutschen Nation und der germanischen Bevölkerung. - Zeigt doch einfach auch mal die dreckigen linksradikalen Kommunistensäue, die dreckigen Judenhuren und nicht zuletzt natürlich die dreckigen Juden oder Parasiten selbst, die hinter dieser Niggerpolitik stehen!!! - Deutschland ist kein Vielvölkerstaat wie der Vielvölkerstaat USA, den die Juden erst zu einem todkranken Vielvölkerstaat gemacht haben.-Ich, als Urdeutscher jedenfalls, lebe noch von der Restwürde die mir geblieben ist, alles andere wurde mir genommen. Und deshalb würde ich lieber sterben als mich von einem dreckigen Nigger- oder Batschaken-Bullen zurechtweisen zu lassen. heil Germanien, Heil Donald Trump, Heil Vladimir Putin, Heil, Heil, Heil !!!""}]"
1035149949856761,"Taha Tek Was soll ich in Syrien? Ich kenne dieses Land nicht einmal. Es ist mir auch völlig egal, was dort vor sich geht. Was in DEUTSCHLAND vor sich geht wird man auf die eine oder andere Art beeinflussen können. Leider dann nicht zum Besten der restlichen Welt. Oder haben Sie einen Rat, wie man die Moslems aus Deutschland ( geräuschlos) wieder hinausbefördert?",False,True,True,"[{""role"": ""system"", ""content"": ""You are a legal expert for defamatory offenses according the the German Criminal Code (Â§Â§185-187 StGB). Help the user decide whether given posts fall within in the scope of these articles.""}, {""role"": ""user"", ""content"": ""Is the following post criminally relevant with respect to Â§Â§185-187 StGB (Defamatory Offense)? Answer only with 'True' (criminally relevant according to Â§Â§185-187 StGB) or 'False' (not criminally relevant according to Â§Â§185-187 StGB).""}, {""role"": ""user"", ""content"": ""Taha Tek Was soll ich in Syrien? Ich kenne dieses Land nicht einmal. Es ist mir auch völlig egal, was dort vor sich geht. Was in DEUTSCHLAND vor sich geht wird man auf die eine oder andere Art beeinflussen können. Leider dann nicht zum Besten der restlichen Welt. Oder haben Sie einen Rat, wie man die Moslems aus Deutschland ( geräuschlos) wieder hinausbefördert?""}]"
1012238215481268,"Haha, da merkt man wieder Hirn vergessen ihr Antifa!!! Ich kenne ihn nur als Striezelmarkt, er hieß noch nie anders.",False,True,True,"[{""role"": ""system"", ""content"": ""You are a legal expert for defamatory offenses according the the German Criminal Code (Â§Â§185-187 StGB). Help the user decide whether given posts fall within in the scope of these articles.""}, {""role"": ""user"", ""content"": ""Is the following post criminally relevant with respect to Â§Â§185-187 StGB (Defamatory Offense)? Answer only with 'True' (criminally relevant according to Â§Â§185-187 StGB) or 'False' (not criminally relevant according to Â§Â§185-187 StGB).""}, {""role"": ""user"", ""content"": ""Haha, da merkt man wieder Hirn vergessen ihr Antifa!!! Ich kenne ihn nur als Striezelmarkt, er hieß noch nie anders.""}]"
982744198430670,"Wenn dann dieser Abschaum erst mal hier eingefallen ist, wird es garantiert auch nicht besser. Lass diesem Pack nicht seinen Willen und es tickt unkontrollierbar aus.",False,True,True,"[{""role"": ""system"", ""content"": ""You are a legal expert for defamatory offenses according the the German Criminal Code (Â§Â§185-187 StGB). Help the user decide whether given posts fall within in the scope of these articles.""}, {""role"": ""user"", ""content"": ""Is the following post criminally relevant with respect to Â§Â§185-187 StGB (Defamatory Offense)? Answer only with 'True' (criminally relevant according to Â§Â§185-187 StGB) or 'False' (not criminally relevant according to Â§Â§185-187 StGB).""}, {""role"": ""user"", ""content"": ""Wenn dann dieser Abschaum erst mal hier eingefallen ist, wird es garantiert auch nicht besser. Lass diesem Pack nicht seinen Willen und es tickt unkontrollierbar aus.""}]"
315,"@Waldoknalldo @SteveMotley Ja, viele sind seit geraumer Zeit Zwitter out",False,False,False,"[{""role"": ""system"", ""content"": ""You are a legal expert for defamatory offenses according the the German Criminal Code (Â§Â§185-187 StGB). Help the user decide whether given posts fall within in the scope of these articles.""}, {""role"": ""user"", ""content"": ""Is the following post criminally relevant with respect to Â§Â§185-187 StGB (Defamatory Offense)? Answer only with 'True' (criminally relevant according to Â§Â§185-187 StGB) or 'False' (not criminally relevant according to Â§Â§185-187 StGB).""}, {""role"": ""user"", ""content"": ""@Waldoknalldo @SteveMotley Ja, viele sind seit geraumer Zeit Zwitter out""}]"
1095965297108559,"Solange diesen unverschämten Typen das Schlaraffenland in Deutschland geboten wird, tun die einfach alles dafür, um hierher zu kommen. Die werfen sogar ihre Kinder vors Auto. Werden eben dann neue gemacht.",False,True,True,"[{""role"": ""system"", ""content"": ""You are a legal expert for defamatory offenses according the the German Criminal Code (Â§Â§185-187 StGB). Help the user decide whether given posts fall within in the scope of these articles.""}, {""role"": ""user"", ""content"": ""Is the following post criminally relevant with respect to Â§Â§185-187 StGB (Defamatory Offense)? Answer only with 'True' (criminally relevant according to Â§Â§185-187 StGB) or 'False' (not criminally relevant according to Â§Â§185-187 StGB).""}, {""role"": ""user"", ""content"": ""Solange diesen unverschämten Typen das Schlaraffenland in Deutschland geboten wird, tun die einfach alles dafür, um hierher zu kommen. Die werfen sogar ihre Kinder vors Auto. Werden eben dann neue gemacht.""}]"
855025747869183,"Sebastian Nick,Du kleiner dummer Junge,hast keine Ahnung vom Leben.Ich möchte dir so gerne eine neue saubere Windel überziehen.Die hast du dringend nötig!",True,True,True,"[{""role"": ""system"", ""content"": ""You are a legal expert for defamatory offenses according the the German Criminal Code (Â§Â§185-187 StGB). Help the user decide whether given posts fall within in the scope of these articles.""}, {""role"": ""user"", ""content"": ""Is the following post criminally relevant with respect to Â§Â§185-187 StGB (Defamatory Offense)? Answer only with 'True' (criminally relevant according to Â§Â§185-187 StGB) or 'False' (not criminally relevant according to Â§Â§185-187 StGB).""}, {""role"": ""user"", ""content"": ""Sebastian Nick,Du kleiner dummer Junge,hast keine Ahnung vom Leben.Ich möchte dir so gerne eine neue saubere Windel überziehen.Die hast du dringend nötig!""}]"
1105686159469806,"Regierungsverrat des eigenen Volkes! Wiedervereinigung war nicht mit den Türken gemeint, die mit dem Genozid gegen Armenier im ersten WK Kaiserreich verraten haben, Wolgadeutschen haben damals gegen Türken gekämpft.",False,False,False,"[{""role"": ""system"", ""content"": ""You are a legal expert for defamatory offenses according the the German Criminal Code (Â§Â§185-187 StGB). Help the user decide whether given posts fall within in the scope of these articles.""}, {""role"": ""user"", ""content"": ""Is the following post criminally relevant with respect to Â§Â§185-187 StGB (Defamatory Offense)? Answer only with 'True' (criminally relevant according to Â§Â§185-187 StGB) or 'False' (not criminally relevant according to Â§Â§185-187 StGB).""}, {""role"": ""user"", ""content"": ""Regierungsverrat des eigenen Volkes! Wiedervereinigung war nicht mit den Türken gemeint, die mit dem Genozid gegen Armenier im ersten WK Kaiserreich verraten haben, Wolgadeutschen haben damals gegen Türken gekämpft.""}]"
987839707921119,"Tja, diese elenden heuchlerischen linken Säcke. Wenn's ihnen selbst an den Kragen geht, machen sie galant einen Rückzieher. Einfach reinsetzen, wird doch neuerdings selbst bei Privatwohnungen so gehandhabt. Wenn hier endlich wieder die richtigen an der Macht sein, alle rausschmeißen, Linke, Autonome, Grüne = raus! Pass entziehen, Fingerabdrücke, dass sie dieses Land nie wieder betreten können und dann auf eine einsame Insel verfrachten zusammen mit den Eindringlingen.",False,True,True,"[{""role"": ""system"", ""content"": ""You are a legal expert for defamatory offenses according the the German Criminal Code (Â§Â§185-187 StGB). Help the user decide whether given posts fall within in the scope of these articles.""}, {""role"": ""user"", ""content"": ""Is the following post criminally relevant with respect to Â§Â§185-187 StGB (Defamatory Offense)? Answer only with 'True' (criminally relevant according to Â§Â§185-187 StGB) or 'False' (not criminally relevant according to Â§Â§185-187 StGB).""}, {""role"": ""user"", ""content"": ""Tja, diese elenden heuchlerischen linken Säcke. Wenn's ihnen selbst an den Kragen geht, machen sie galant einen Rückzieher. Einfach reinsetzen, wird doch neuerdings selbst bei Privatwohnungen so gehandhabt. Wenn hier endlich wieder die richtigen an der Macht sein, alle rausschmeißen, Linke, Autonome, Grüne = raus! Pass entziehen, Fingerabdrücke, dass sie dieses Land nie wieder betreten können und dann auf eine einsame Insel verfrachten zusammen mit den Eindringlingen.""}]"
1035614636476959,Aha da stehen also die Patrioten gegen Flüchtlinge zu demonstrieren ist voll patriotisch ihr seit Abschaum nichts weiter Abschaum und gehört auf der Straße angespuckt,False,True,True,"[{""role"": ""system"", ""content"": ""You are a legal expert for defamatory offenses according the the German Criminal Code (Â§Â§185-187 StGB). Help the user decide whether given posts fall within in the scope of these articles.""}, {""role"": ""user"", ""content"": ""Is the following post criminally relevant with respect to Â§Â§185-187 StGB (Defamatory Offense)? Answer only with 'True' (criminally relevant according to Â§Â§185-187 StGB) or 'False' (not criminally relevant according to Â§Â§185-187 StGB).""}, {""role"": ""user"", ""content"": ""Aha da stehen also die Patrioten gegen Flüchtlinge zu demonstrieren ist voll patriotisch ihr seit Abschaum nichts weiter Abschaum und gehört auf der Straße angespuckt""}]"
885662138138877,Heul leiser....,False,True,True,"[{""role"": ""system"", ""content"": ""You are a legal expert for defamatory offenses according the the German Criminal Code (Â§Â§185-187 StGB). Help the user decide whether given posts fall within in the scope of these articles.""}, {""role"": ""user"", ""content"": ""Is the following post criminally relevant with respect to Â§Â§185-187 StGB (Defamatory Offense)? Answer only with 'True' (criminally relevant according to Â§Â§185-187 StGB) or 'False' (not criminally relevant according to Â§Â§185-187 StGB).""}, {""role"": ""user"", ""content"": ""Heul leiser....""}]"
982654138439676,Die Politiker raffen es einfach nicht....nur mal so damals wer Grenze überschreitet wurde erschossen.Da war auch nix mit Menschenrechte.....ich versteh nur eins nicht da wo Krieg herrscht können oder wollen sie nicht kämpfen aber hier haben die ausgehungerten erschöpften Fachkräfte die Kraft die Polizei zu beschmeissen und den Zaun einzutreten....sorry ich kann echt nur noch mit den Kopf schütteln und schreien  wie man immer noch so verblendet sein kann und immer noch glaubt das sowas vor Krieg geflüchtet sein soll......,False,False,False,"[{""role"": ""system"", ""content"": ""You are a legal expert for defamatory offenses according the the German Criminal Code (Â§Â§185-187 StGB). Help the user decide whether given posts fall within in the scope of these articles.""}, {""role"": ""user"", ""content"": ""Is the following post criminally relevant with respect to Â§Â§185-187 StGB (Defamatory Offense)? Answer only with 'True' (criminally relevant according to Â§Â§185-187 StGB) or 'False' (not criminally relevant according to Â§Â§185-187 StGB).""}, {""role"": ""user"", ""content"": ""Die Politiker raffen es einfach nicht....nur mal so damals wer Grenze überschreitet wurde erschossen.Da war auch nix mit Menschenrechte.....ich versteh nur eins nicht da wo Krieg herrscht können oder wollen sie nicht kämpfen aber hier haben die ausgehungerten erschöpften Fachkräfte die Kraft die Polizei zu beschmeissen und den Zaun einzutreten....sorry ich kann echt nur noch mit den Kopf schütteln und schreien  wie man immer noch so verblendet sein kann und immer noch glaubt das sowas vor Krieg geflüchtet sein soll......""}]"
885814264790331,"Man beachte die Wortwahl: ""umstrittene"" Demokratieerklärung. Was könnte an einer Demokratieerklärung umstritten sein? Nix. Offenbar will aber der Journalist seine steuerzahlenden Leser schon mal darauf vorbereiten, daß sie Anschläge radikaler Organisationen vermehrt hinzunehmen haben.",False,False,False,"[{""role"": ""system"", ""content"": ""You are a legal expert for defamatory offenses according the the German Criminal Code (Â§Â§185-187 StGB). Help the user decide whether given posts fall within in the scope of these articles.""}, {""role"": ""user"", ""content"": ""Is the following post criminally relevant with respect to Â§Â§185-187 StGB (Defamatory Offense)? Answer only with 'True' (criminally relevant according to Â§Â§185-187 StGB) or 'False' (not criminally relevant according to Â§Â§185-187 StGB).""}, {""role"": ""user"", ""content"": ""Man beachte die Wortwahl: \""umstrittene\"" Demokratieerklärung. Was könnte an einer Demokratieerklärung umstritten sein? Nix. Offenbar will aber der Journalist seine steuerzahlenden Leser schon mal darauf vorbereiten, daß sie Anschläge radikaler Organisationen vermehrt hinzunehmen haben.""}]"
465,"@Die_Gruenen @GoeringEckardt @sat1 @ClausStrunz Die allerwichtigste Frage ist doch, ""Wie entsorge ich die Grünen""! - Einfach nicht wählen! Die Chancen stehen gut!!!!",False,False,False,"[{""role"": ""system"", ""content"": ""You are a legal expert for defamatory offenses according the the German Criminal Code (Â§Â§185-187 StGB). Help the user decide whether given posts fall within in the scope of these articles.""}, {""role"": ""user"", ""content"": ""Is the following post criminally relevant with respect to Â§Â§185-187 StGB (Defamatory Offense)? Answer only with 'True' (criminally relevant according to Â§Â§185-187 StGB) or 'False' (not criminally relevant according to Â§Â§185-187 StGB).""}, {""role"": ""user"", ""content"": ""@Die_Gruenen @GoeringEckardt @sat1 @ClausStrunz Die allerwichtigste Frage ist doch, \""Wie entsorge ich die Grünen\""! - Einfach nicht wählen! Die Chancen stehen gut!!!!""}]"
1010336555671434,"Nein David Hohensee Der Islam ist nicht friedlich,da wird zu Mord und Todschlag aufgerufen und anderen Leuten den Schädel einzuschlagen.Türken sind kriminelles Ungeziefer,das vernichtet werden muß .Notfalls mit Atomaren Gegenschlägen bis den Scheißern ihr Hühnerfraß im Hals stecken bleibt",False,True,True,"[{""role"": ""system"", ""content"": ""You are a legal expert for defamatory offenses according the the German Criminal Code (Â§Â§185-187 StGB). Help the user decide whether given posts fall within in the scope of these articles.""}, {""role"": ""user"", ""content"": ""Is the following post criminally relevant with respect to Â§Â§185-187 StGB (Defamatory Offense)? Answer only with 'True' (criminally relevant according to Â§Â§185-187 StGB) or 'False' (not criminally relevant according to Â§Â§185-187 StGB).""}, {""role"": ""user"", ""content"": ""Nein David Hohensee Der Islam ist nicht friedlich,da wird zu Mord und Todschlag aufgerufen und anderen Leuten den Schädel einzuschlagen.Türken sind kriminelles Ungeziefer,das vernichtet werden muß .Notfalls mit Atomaren Gegenschlägen bis den Scheißern ihr Hühnerfraß im Hals stecken bleibt""}]"
201,@polizeiberlin @ARDde Und was sagt Euer #Fakenfinder so? |LBR| #ausgruenden,False,False,False,"[{""role"": ""system"", ""content"": ""You are a legal expert for defamatory offenses according the the German Criminal Code (Â§Â§185-187 StGB). Help the user decide whether given posts fall within in the scope of these articles.""}, {""role"": ""user"", ""content"": ""Is the following post criminally relevant with respect to Â§Â§185-187 StGB (Defamatory Offense)? Answer only with 'True' (criminally relevant according to Â§Â§185-187 StGB) or 'False' (not criminally relevant according to Â§Â§185-187 StGB).""}, {""role"": ""user"", ""content"": ""@polizeiberlin @ARDde Und was sagt Euer #Fakenfinder so? |LBR| #ausgruenden""}]"
977136285658128,"Gerade eben bei N-TV Die Betreuung und Versorgung der Asylanten wird teuer. Wird diese sog. Politiker nicht groß stören. Die beraten wahrscheinlich jetzt schon, wie das von uns Steuerzahler wieder gestemmt wird. Daraus läuft alles heraus.",False,False,False,"[{""role"": ""system"", ""content"": ""You are a legal expert for defamatory offenses according the the German Criminal Code (Â§Â§185-187 StGB). Help the user decide whether given posts fall within in the scope of these articles.""}, {""role"": ""user"", ""content"": ""Is the following post criminally relevant with respect to Â§Â§185-187 StGB (Defamatory Offense)? Answer only with 'True' (criminally relevant according to Â§Â§185-187 StGB) or 'False' (not criminally relevant according to Â§Â§185-187 StGB).""}, {""role"": ""user"", ""content"": ""Gerade eben bei N-TV Die Betreuung und Versorgung der Asylanten wird teuer. Wird diese sog. Politiker nicht groß stören. Die beraten wahrscheinlich jetzt schon, wie das von uns Steuerzahler wieder gestemmt wird. Daraus läuft alles heraus.""}]"
855329687838789,aber eins vermisse ich wenn ich ehrlich bin und es sein darf! was kommt dann? wenn wir ehrlich sind hat doch jede geschichte ein widerholungsdatum ;)  damals war es wien was fast unter dem sichel gefallen wäre und heute klopft man bei uns an weil es gewisse parteien es nicht auf die reihe bekommen...massen begeistern kann jeder aber massen führen ??? ich bin ehrlich gesagt wieder für ein königreich unsere wurzeln reichen von englang bis russland somit ist eine basis da und putin (so viele ihn auch nicht leiden können) ist aber mehr am stolz als unser einer...er steht gegen den ami und seine korruption...woher das eigentlich erst kommt das der vermummte so ein hass auf uns hat...denn ich glaube nicht das 45 mosleme von uns entsorgt wurden (höfflich gesagt) sondern sie waren auf deutscher seite...wer geschichte kennt weiß das...darum ein könig und alles wird wieder gut... wir brauchen führung und keine geier die sich am volk ernähren...monarchie hört aufs volk denn könige können  abgesetzt werden diese politiker der gmbh leider nicht den sie werden von den alliierten ernährt !!!! also zurück zu dem was wir eins wahren......ein volk mit stolz und ziele !!!!!!!!!!!!!!!!!!!!!,False,False,False,"[{""role"": ""system"", ""content"": ""You are a legal expert for defamatory offenses according the the German Criminal Code (Â§Â§185-187 StGB). Help the user decide whether given posts fall within in the scope of these articles.""}, {""role"": ""user"", ""content"": ""Is the following post criminally relevant with respect to Â§Â§185-187 StGB (Defamatory Offense)? Answer only with 'True' (criminally relevant according to Â§Â§185-187 StGB) or 'False' (not criminally relevant according to Â§Â§185-187 StGB).""}, {""role"": ""user"", ""content"": ""aber eins vermisse ich wenn ich ehrlich bin und es sein darf! was kommt dann? wenn wir ehrlich sind hat doch jede geschichte ein widerholungsdatum ;)  damals war es wien was fast unter dem sichel gefallen wäre und heute klopft man bei uns an weil es gewisse parteien es nicht auf die reihe bekommen...massen begeistern kann jeder aber massen führen ??? ich bin ehrlich gesagt wieder für ein königreich unsere wurzeln reichen von englang bis russland somit ist eine basis da und putin (so viele ihn auch nicht leiden können) ist aber mehr am stolz als unser einer...er steht gegen den ami und seine korruption...woher das eigentlich erst kommt das der vermummte so ein hass auf uns hat...denn ich glaube nicht das 45 mosleme von uns entsorgt wurden (höfflich gesagt) sondern sie waren auf deutscher seite...wer geschichte kennt weiß das...darum ein könig und alles wird wieder gut... wir brauchen führung und keine geier die sich am volk ernähren...monarchie hört aufs volk denn könige können  abgesetzt werden diese politiker der gmbh leider nicht den sie werden von den alliierten ernährt !!!! also zurück zu dem was wir eins wahren......ein volk mit stolz und ziele !!!!!!!!!!!!!!!!!!!!!""}]"
952229008148856,"No.WE ow no one ANYTHING. WE don't take anything, but the asylanders DO CRIME against US. They rape our children and woman, they rob our oldest, and so much more. But, one more time, WE, the normal people, DO NOTHING AGAINST THEM AND OW NO ONE ANYTHING. Go home.",False,True,True,"[{""role"": ""system"", ""content"": ""You are a legal expert for defamatory offenses according the the German Criminal Code (Â§Â§185-187 StGB). Help the user decide whether given posts fall within in the scope of these articles.""}, {""role"": ""user"", ""content"": ""Is the following post criminally relevant with respect to Â§Â§185-187 StGB (Defamatory Offense)? Answer only with 'True' (criminally relevant according to Â§Â§185-187 StGB) or 'False' (not criminally relevant according to Â§Â§185-187 StGB).""}, {""role"": ""user"", ""content"": ""No.WE ow no one ANYTHING. WE don't take anything, but the asylanders DO CRIME against US. They rape our children and woman, they rob our oldest, and so much more. But, one more time, WE, the normal people, DO NOTHING AGAINST THEM AND OW NO ONE ANYTHING. Go home.""}]"
1055294291175660,weg mit dreck an der grenze stehen lassen,False,True,True,"[{""role"": ""system"", ""content"": ""You are a legal expert for defamatory offenses according the the German Criminal Code (Â§Â§185-187 StGB). Help the user decide whether given posts fall within in the scope of these articles.""}, {""role"": ""user"", ""content"": ""Is the following post criminally relevant with respect to Â§Â§185-187 StGB (Defamatory Offense)? Answer only with 'True' (criminally relevant according to Â§Â§185-187 StGB) or 'False' (not criminally relevant according to Â§Â§185-187 StGB).""}, {""role"": ""user"", ""content"": ""weg mit dreck an der grenze stehen lassen""}]"
858,@Hartes_Geld @BejuBinich Frankreich ist ein Land der Feiglinge....Deutschland sowieso...,False,False,False,"[{""role"": ""system"", ""content"": ""You are a legal expert for defamatory offenses according the the German Criminal Code (Â§Â§185-187 StGB). Help the user decide whether given posts fall within in the scope of these articles.""}, {""role"": ""user"", ""content"": ""Is the following post criminally relevant with respect to Â§Â§185-187 StGB (Defamatory Offense)? Answer only with 'True' (criminally relevant according to Â§Â§185-187 StGB) or 'False' (not criminally relevant according to Â§Â§185-187 StGB).""}, {""role"": ""user"", ""content"": ""@Hartes_Geld @BejuBinich Frankreich ist ein Land der Feiglinge....Deutschland sowieso...""}]"
966892863349137,"Hartmut Schulz , UPS wieder so ein Nazi der nur Müll von sich gibt. Bachmann und seine Nazitruppe sind doch schon Angezeigt worden. Was braucht ihr noch mehr ??? Bachmann - Petry - Festerlin = Nazis !!! Aber bei Hitler war das ja auch nicht anders. Wann schreit ihr nun mal "" Bachmann mein Führer "" und Heil Bachmann..... Man seid ihr alle Bekloppt....",True,True,True,"[{""role"": ""system"", ""content"": ""You are a legal expert for defamatory offenses according the the German Criminal Code (Â§Â§185-187 StGB). Help the user decide whether given posts fall within in the scope of these articles.""}, {""role"": ""user"", ""content"": ""Is the following post criminally relevant with respect to Â§Â§185-187 StGB (Defamatory Offense)? Answer only with 'True' (criminally relevant according to Â§Â§185-187 StGB) or 'False' (not criminally relevant according to Â§Â§185-187 StGB).""}, {""role"": ""user"", ""content"": ""Hartmut Schulz , UPS wieder so ein Nazi der nur Müll von sich gibt. Bachmann und seine Nazitruppe sind doch schon Angezeigt worden. Was braucht ihr noch mehr ??? Bachmann - Petry - Festerlin = Nazis !!! Aber bei Hitler war das ja auch nicht anders. Wann schreit ihr nun mal \"" Bachmann mein Führer \"" und Heil Bachmann..... Man seid ihr alle Bekloppt....""}]"
298,@BILD Die meisten Deutschen misstrauen Merkel! |LBR| Warum schreibt dieses Vasallenpack der deutschen Lügenpresse nicht mal darüber!!!!,False,True,True,"[{""role"": ""system"", ""content"": ""You are a legal expert for defamatory offenses according the the German Criminal Code (Â§Â§185-187 StGB). Help the user decide whether given posts fall within in the scope of these articles.""}, {""role"": ""user"", ""content"": ""Is the following post criminally relevant with respect to Â§Â§185-187 StGB (Defamatory Offense)? Answer only with 'True' (criminally relevant according to Â§Â§185-187 StGB) or 'False' (not criminally relevant according to Â§Â§185-187 StGB).""}, {""role"": ""user"", ""content"": ""@BILD Die meisten Deutschen misstrauen Merkel! |LBR| Warum schreibt dieses Vasallenpack der deutschen Lügenpresse nicht mal darüber!!!!""}]"
858412804197144,Komisch das die meisten Profile ohne Foto sind ! Ich lach mich weg zu wenig Anhänger wahrscheinlich jetzt müsst ihr auch jeder ein zweit acc. Zulegen echt Arm ??,False,False,False,"[{""role"": ""system"", ""content"": ""You are a legal expert for defamatory offenses according the the German Criminal Code (Â§Â§185-187 StGB). Help the user decide whether given posts fall within in the scope of these articles.""}, {""role"": ""user"", ""content"": ""Is the following post criminally relevant with respect to Â§Â§185-187 StGB (Defamatory Offense)? Answer only with 'True' (criminally relevant according to Â§Â§185-187 StGB) or 'False' (not criminally relevant according to Â§Â§185-187 StGB).""}, {""role"": ""user"", ""content"": ""Komisch das die meisten Profile ohne Foto sind ! Ich lach mich weg zu wenig Anhänger wahrscheinlich jetzt müsst ihr auch jeder ein zweit acc. Zulegen echt Arm ??""}]"
321,"@petpanther0 @machtjanix23 @NoHerrman @teite99 @info2099 @lifetrend @ThomasGBauer @SchmiddieMaik @AthinaMala @charlie_silve @willjrosenblatt @feldenfrizz @nasanasal @_macmike @ellibisathide @MD_Franz Habe andere Erfahrungen gemacht, in der Schweiz war es kein Problem und hier in Ungarn auch nicht,in NY kannst Du überall Kurse finden.",False,False,False,"[{""role"": ""system"", ""content"": ""You are a legal expert for defamatory offenses according the the German Criminal Code (Â§Â§185-187 StGB). Help the user decide whether given posts fall within in the scope of these articles.""}, {""role"": ""user"", ""content"": ""Is the following post criminally relevant with respect to Â§Â§185-187 StGB (Defamatory Offense)? Answer only with 'True' (criminally relevant according to Â§Â§185-187 StGB) or 'False' (not criminally relevant according to Â§Â§185-187 StGB).""}, {""role"": ""user"", ""content"": ""@petpanther0 @machtjanix23 @NoHerrman @teite99 @info2099 @lifetrend @ThomasGBauer @SchmiddieMaik @AthinaMala @charlie_silve @willjrosenblatt @feldenfrizz @nasanasal @_macmike @ellibisathide @MD_Franz Habe andere Erfahrungen gemacht, in der Schweiz war es kein Problem und hier in Ungarn auch nicht,in NY kannst Du überall Kurse finden.""}]"
1063258277045928,"Ich hoffe, dass nun die Regelung der Abschiebung gilt. Und nicht, dass der  Somalier jetzt noch auf Kosten der Steuerzahler für Jahre inhaftiert wird. Und natürlich müsste ein lebenslanges Einreiseverbot in europäische Staaten gelten. Seine Haft soll er in seiner Heimat absitzen!",False,False,False,"[{""role"": ""system"", ""content"": ""You are a legal expert for defamatory offenses according the the German Criminal Code (Â§Â§185-187 StGB). Help the user decide whether given posts fall within in the scope of these articles.""}, {""role"": ""user"", ""content"": ""Is the following post criminally relevant with respect to Â§Â§185-187 StGB (Defamatory Offense)? Answer only with 'True' (criminally relevant according to Â§Â§185-187 StGB) or 'False' (not criminally relevant according to Â§Â§185-187 StGB).""}, {""role"": ""user"", ""content"": ""Ich hoffe, dass nun die Regelung der Abschiebung gilt. Und nicht, dass der  Somalier jetzt noch auf Kosten der Steuerzahler für Jahre inhaftiert wird. Und natürlich müsste ein lebenslanges Einreiseverbot in europäische Staaten gelten. Seine Haft soll er in seiner Heimat absitzen!""}]"
1052387834799639,"Leute geht alle Wählen! Das ist Extrem wichtig, es ist das Wichtigste überhaupt! Macht es nicht wie die Politiker, nur Reden, es bringt nichts! Ihr müsst Aktiv Wählen. Lasst uns alle unsere Meinung über diese korrupten Lobbyisten Politiker zum Ausdruck bringen. Es gibt keine Ausrede. Die Wahl ist Sonntags, da findet man immer die paar Minuten, ein Kreuz zu setzen! Ihr müsst Wählen, also eine Wahl treffen, nicht ungültig machen oder so einen Mist, es bringt nichts! Außer das eure Stimmen im Nachgang denen zu gute kommen! Nur das Kreuz bei Parteien bringt was! Und für alle die, die sagen wen soll ich denn wählen, die sind alle scheisse! Denen kann ich nur empfehlen, wählt irgend eine kleine Popel Partei (z.B. Biertrinker oder wie die alle heißen), was denkt ihr wie dumm es ausschaut wenn die viel weniger Stimmen bekommen ( denn die bekommen dann eure Stimme nicht mal im Nachgang) und der Prozentsatz bei ""sonstige"" nicht nur 2 oder 3 Prozent beträgt sondern zweistellig ist! Also Leute nochmal geht wählen, macht ein Kreuz eurer Wahl und achtet darauf das der Stimmzettel gültig ist!

Lasst euch nicht beirren, von versprechen die jetzt kommen oder hinhalte Taktiken der Politiker! Die machen jetzt alles um nicht unter zu gehen! Erinnert euch wie die bis Ende 2015 geredet haben! Vergesst das nicht! Das sind Wendehälse, nichts anderes! Lasst euch nicht verarschen! Die sagen jetzt alles und würden bestimmt sogar ihre Kinder und Eltern verkaufen um stimmen zu bekommen! Es wird Zeit denen mal zu zeigen was Sie die letzten Jahrzehnte diesem Land angetan haben! Die müssen soviel stimmen verlieren das es denen weh tut. Bedenkt eine Wahl gibt denen 4 Jahre die Macht!  Leute geht wählen!",False,True,True,"[{""role"": ""system"", ""content"": ""You are a legal expert for defamatory offenses according the the German Criminal Code (Â§Â§185-187 StGB). Help the user decide whether given posts fall within in the scope of these articles.""}, {""role"": ""user"", ""content"": ""Is the following post criminally relevant with respect to Â§Â§185-187 StGB (Defamatory Offense)? Answer only with 'True' (criminally relevant according to Â§Â§185-187 StGB) or 'False' (not criminally relevant according to Â§Â§185-187 StGB).""}, {""role"": ""user"", ""content"": ""Leute geht alle Wählen! Das ist Extrem wichtig, es ist das Wichtigste überhaupt! Macht es nicht wie die Politiker, nur Reden, es bringt nichts! Ihr müsst Aktiv Wählen. Lasst uns alle unsere Meinung über diese korrupten Lobbyisten Politiker zum Ausdruck bringen. Es gibt keine Ausrede. Die Wahl ist Sonntags, da findet man immer die paar Minuten, ein Kreuz zu setzen! Ihr müsst Wählen, also eine Wahl treffen, nicht ungültig machen oder so einen Mist, es bringt nichts! Außer das eure Stimmen im Nachgang denen zu gute kommen! Nur das Kreuz bei Parteien bringt was! Und für alle die, die sagen wen soll ich denn wählen, die sind alle scheisse! Denen kann ich nur empfehlen, wählt irgend eine kleine Popel Partei (z.B. Biertrinker oder wie die alle heißen), was denkt ihr wie dumm es ausschaut wenn die viel weniger Stimmen bekommen ( denn die bekommen dann eure Stimme nicht mal im Nachgang) und der Prozentsatz bei \""sonstige\"" nicht nur 2 oder 3 Prozent beträgt sondern zweistellig ist! Also Leute nochmal geht wählen, macht ein Kreuz eurer Wahl und achtet darauf das der Stimmzettel gültig ist!\r\n\r\nLasst euch nicht beirren, von versprechen die jetzt kommen oder hinhalte Taktiken der Politiker! Die machen jetzt alles um nicht unter zu gehen! Erinnert euch wie die bis Ende 2015 geredet haben! Vergesst das nicht! Das sind Wendehälse, nichts anderes! Lasst euch nicht verarschen! Die sagen jetzt alles und würden bestimmt sogar ihre Kinder und Eltern verkaufen um stimmen zu bekommen! Es wird Zeit denen mal zu zeigen was Sie die letzten Jahrzehnte diesem Land angetan haben! Die müssen soviel stimmen verlieren das es denen weh tut. Bedenkt eine Wahl gibt denen 4 Jahre die Macht!  Leute geht wählen!""}]"
876286949076396,vorallem ist das net schädlich sondern gut kommt wenigstens weniger rein von denn sogenannten fachkräfte,False,False,False,"[{""role"": ""system"", ""content"": ""You are a legal expert for defamatory offenses according the the German Criminal Code (Â§Â§185-187 StGB). Help the user decide whether given posts fall within in the scope of these articles.""}, {""role"": ""user"", ""content"": ""Is the following post criminally relevant with respect to Â§Â§185-187 StGB (Defamatory Offense)? Answer only with 'True' (criminally relevant according to Â§Â§185-187 StGB) or 'False' (not criminally relevant according to Â§Â§185-187 StGB).""}, {""role"": ""user"", ""content"": ""vorallem ist das net schädlich sondern gut kommt wenigstens weniger rein von denn sogenannten fachkräfte""}]"
895570657148025,"Wie sind Sie denn drauf? Gehts noch? Sie können doch die Demonstranten, die sich gegen kriminelle Wirtschaftsflüchtlinge gem. des 19 Punkte -Kataloges stellen, nicht mit den Rechtsradikalen gleichsetzen! Sie werden doch auch nicht als Anhänger  linker brandschatzender und totschlägerischer Chaoten bezeichnet, nur weil Sie anderer Meinung als die der Montagsdemonstranten sind! Haben Sie sich eigentlich mit Zielen von Pegida auseinandergesetzt? Oder sind Sie ein so unbedarfter Gutmensch der nur helfen will und die Augen vor der Wirklichkeit - der realen Parallelwelten mit den eigenen Gesetzmäßigkeiten - wissentlich verschließt?",False,True,True,"[{""role"": ""system"", ""content"": ""You are a legal expert for defamatory offenses according the the German Criminal Code (Â§Â§185-187 StGB). Help the user decide whether given posts fall within in the scope of these articles.""}, {""role"": ""user"", ""content"": ""Is the following post criminally relevant with respect to Â§Â§185-187 StGB (Defamatory Offense)? Answer only with 'True' (criminally relevant according to Â§Â§185-187 StGB) or 'False' (not criminally relevant according to Â§Â§185-187 StGB).""}, {""role"": ""user"", ""content"": ""Wie sind Sie denn drauf? Gehts noch? Sie können doch die Demonstranten, die sich gegen kriminelle Wirtschaftsflüchtlinge gem. des 19 Punkte -Kataloges stellen, nicht mit den Rechtsradikalen gleichsetzen! Sie werden doch auch nicht als Anhänger  linker brandschatzender und totschlägerischer Chaoten bezeichnet, nur weil Sie anderer Meinung als die der Montagsdemonstranten sind! Haben Sie sich eigentlich mit Zielen von Pegida auseinandergesetzt? Oder sind Sie ein so unbedarfter Gutmensch der nur helfen will und die Augen vor der Wirklichkeit - der realen Parallelwelten mit den eigenen Gesetzmäßigkeiten - wissentlich verschließt?""}]"
882751998429891,"Das steht in Internet.....und es ist im Grunde auch egal...seid wann ist ein Marokaner ein Flüchtling......fehlt bei denen die Sonne oder ist er vor den Urlaubern geflüchtet......ist doch alles bullenshit..
Die Türen für gewisse Flüchtlinge oder aber auch Asylers sollten jetzt mal geschlossen werden.....wir sind doch mittlerweile das einzige Land noch das sich so verarschen lässt....und die obersten Zehntausend damit Geld machen...dabei aber unsere armen Menschen arme kranke Rentners u.s.w....den Tritt in den Arsch kriegen....
Viele Asyler seh ich hier mit teure Handys .....leben besser wie ein armer Rentner der Jahre lang geschuftet hat....der sein Arsch für Deutschland hingehalten hat....die Frauen Deutschland wieder aufgebaut haben......
Viele Leben in einer schweren Armutsgrenze
Aber nein es müssen immer noch mehr Asyler hier rein......das ziehe ich ins lächerliche.....weil Koffer packen und raus hier...die sollen bei sich erstmal Ordnung schaffen....wenn alle flüchten ist dem Land auch nicht geholfen.....oder?",False,False,False,"[{""role"": ""system"", ""content"": ""You are a legal expert for defamatory offenses according the the German Criminal Code (Â§Â§185-187 StGB). Help the user decide whether given posts fall within in the scope of these articles.""}, {""role"": ""user"", ""content"": ""Is the following post criminally relevant with respect to Â§Â§185-187 StGB (Defamatory Offense)? Answer only with 'True' (criminally relevant according to Â§Â§185-187 StGB) or 'False' (not criminally relevant according to Â§Â§185-187 StGB).""}, {""role"": ""user"", ""content"": ""Das steht in Internet.....und es ist im Grunde auch egal...seid wann ist ein Marokaner ein Flüchtling......fehlt bei denen die Sonne oder ist er vor den Urlaubern geflüchtet......ist doch alles bullenshit..\r\nDie Türen für gewisse Flüchtlinge oder aber auch Asylers sollten jetzt mal geschlossen werden.....wir sind doch mittlerweile das einzige Land noch das sich so verarschen lässt....und die obersten Zehntausend damit Geld machen...dabei aber unsere armen Menschen arme kranke Rentners u.s.w....den Tritt in den Arsch kriegen....\r\nViele Asyler seh ich hier mit teure Handys .....leben besser wie ein armer Rentner der Jahre lang geschuftet hat....der sein Arsch für Deutschland hingehalten hat....die Frauen Deutschland wieder aufgebaut haben......\r\nViele Leben in einer schweren Armutsgrenze\r\nAber nein es müssen immer noch mehr Asyler hier rein......das ziehe ich ins lächerliche.....weil Koffer packen und raus hier...die sollen bei sich erstmal Ordnung schaffen....wenn alle flüchten ist dem Land auch nicht geholfen.....oder?""}]"
977,"@P_Plattform @Renft1964 Die Prozentzahlen der Grünen, beziffern nur die Idiotenzahlen in Deutschland!",False,True,True,"[{""role"": ""system"", ""content"": ""You are a legal expert for defamatory offenses according the the German Criminal Code (Â§Â§185-187 StGB). Help the user decide whether given posts fall within in the scope of these articles.""}, {""role"": ""user"", ""content"": ""Is the following post criminally relevant with respect to Â§Â§185-187 StGB (Defamatory Offense)? Answer only with 'True' (criminally relevant according to Â§Â§185-187 StGB) or 'False' (not criminally relevant according to Â§Â§185-187 StGB).""}, {""role"": ""user"", ""content"": ""@P_Plattform @Renft1964 Die Prozentzahlen der Grünen, beziffern nur die Idiotenzahlen in Deutschland!""}]"
1328,"Ihr blöden Arschlöcher schützt die Täter im hanauer Fall. Es gag sofort nach der Tat Telefonaufzeichnungen, die zeigen, dass der angebliche Mörder nicht der war, als der er schossen worden ist und seine Mutter auch, die hätte bestätigen können, dass er zu Hause war. Es waren zwei und mit ausländischem Akzent. Ihr seid Systemhuren, die nicht einmal einen Orgasmu bekommen. Arschlöcher, die hoffentlich von den Hinterbliebenen eingeholt werden, die wissen dass der Scheißstaat das insziniert hat. Dann tritt diese hässliche Käthe mit dem Vogelnest quf dem Kopf der Dummheit auf, der ich eine in die Fresse knallen.",True,True,True,"[{""role"": ""system"", ""content"": ""You are a legal expert for defamatory offenses according the the German Criminal Code (Â§Â§185-187 StGB). Help the user decide whether given posts fall within in the scope of these articles.""}, {""role"": ""user"", ""content"": ""Is the following post criminally relevant with respect to Â§Â§185-187 StGB (Defamatory Offense)? Answer only with 'True' (criminally relevant according to Â§Â§185-187 StGB) or 'False' (not criminally relevant according to Â§Â§185-187 StGB).""}, {""role"": ""user"", ""content"": ""Ihr blöden Arschlöcher schützt die Täter im hanauer Fall. Es gag sofort nach der Tat Telefonaufzeichnungen, die zeigen, dass der angebliche Mörder nicht der war, als der er schossen worden ist und seine Mutter auch, die hätte bestätigen können, dass er zu Hause war. Es waren zwei und mit ausländischem Akzent. Ihr seid Systemhuren, die nicht einmal einen Orgasmu bekommen. Arschlöcher, die hoffentlich von den Hinterbliebenen eingeholt werden, die wissen dass der Scheißstaat das insziniert hat. Dann tritt diese hässliche Käthe mit dem Vogelnest quf dem Kopf der Dummheit auf, der ich eine in die Fresse knallen.""}]"
1091884417516647,Das Wort Arbeit gibt es bei den Kameltreibern nicht ??,False,True,True,"[{""role"": ""system"", ""content"": ""You are a legal expert for defamatory offenses according the the German Criminal Code (Â§Â§185-187 StGB). Help the user decide whether given posts fall within in the scope of these articles.""}, {""role"": ""user"", ""content"": ""Is the following post criminally relevant with respect to Â§Â§185-187 StGB (Defamatory Offense)? Answer only with 'True' (criminally relevant according to Â§Â§185-187 StGB) or 'False' (not criminally relevant according to Â§Â§185-187 StGB).""}, {""role"": ""user"", ""content"": ""Das Wort Arbeit gibt es bei den Kameltreibern nicht ??""}]"
982660695105687,"Das sind dann wohl die hochqualifizierten Fachkräfte die Deutschland so dringend braucht, die an der Ungarisch-Serbischen Grenze randalieren und die Polizei angreifen. Ein Asylanten-Mob, aus der Gegend aus der ich komme sagt man Pack dazu, interessiert sich einen feuchten Scheißdreck für die Gesetze andere Staaten. Die setzen I H R E N Willen durch und das mit gewalttätigen Mitteln gegen Menschen und Sachen. Ic h kann mir vorstellen, wie die sich in Deutschland benehmen, wenn denen irgendetwas nicht in den Kram passt.  Da ist das mehrfache ziehen der Notbremse in einem Sonderzug noch eine Petitesse. Das sind ganz überwiegend junge Männer. Ich frage mich, warum diese ""Männer"" nicht das Recht und die Freiheit des syrischen Volkes tapfer  verteidigen. Warum verteidigen die nicht ihre Heimat ? Übrigens: im Zuge der Gleichberechtigung dürfen auch die Frauen mit der Waffe in der Hand Ihre Heimat verteidigen. Bringt eure Kinder und Großeltern in Sicherheit und dann kämpft. Und bevor mir irgendwelche Gutmenschen erklären, warum das nicht möglich sein soll, möchte ich nur an die polnische Heimatarmee erinnern, die sich gegen die deutschen Aggressoren verteidigt haben (Warschauer Aufstand). 1943 haben sich die gefangenen Juden im Warschauer Ghetto gegen die Nazis erhoben. Im Oktober 1944 kam es zu einem bewaffneten Aufstand der Sonderkommandos  im KZ Auschwitz. In allen besetzten Ländern gab es Partisaneneinheiten, die gekämpft haben.  W A R U M sollten also syrische ""Männer"" und Frauen nicht kämpfen können  ? Entweder, die wollen der deutschen Wirtschaft unter die Arme greifen (""Fachkräftemangel""), oder aber, es ist halt einfacher, sich in Länder zu flüchten, die andere in Jahrhunderten aufgebaut und zum blühen gebracht haben. Mein Respekt vor den syrischen ""Männern"" ist nicht Null, er bewegt sich im Minusbereich.",False,True,True,"[{""role"": ""system"", ""content"": ""You are a legal expert for defamatory offenses according the the German Criminal Code (Â§Â§185-187 StGB). Help the user decide whether given posts fall within in the scope of these articles.""}, {""role"": ""user"", ""content"": ""Is the following post criminally relevant with respect to Â§Â§185-187 StGB (Defamatory Offense)? Answer only with 'True' (criminally relevant according to Â§Â§185-187 StGB) or 'False' (not criminally relevant according to Â§Â§185-187 StGB).""}, {""role"": ""user"", ""content"": ""Das sind dann wohl die hochqualifizierten Fachkräfte die Deutschland so dringend braucht, die an der Ungarisch-Serbischen Grenze randalieren und die Polizei angreifen. Ein Asylanten-Mob, aus der Gegend aus der ich komme sagt man Pack dazu, interessiert sich einen feuchten Scheißdreck für die Gesetze andere Staaten. Die setzen I H R E N Willen durch und das mit gewalttätigen Mitteln gegen Menschen und Sachen. Ic h kann mir vorstellen, wie die sich in Deutschland benehmen, wenn denen irgendetwas nicht in den Kram passt.  Da ist das mehrfache ziehen der Notbremse in einem Sonderzug noch eine Petitesse. Das sind ganz überwiegend junge Männer. Ich frage mich, warum diese \""Männer\"" nicht das Recht und die Freiheit des syrischen Volkes tapfer  verteidigen. Warum verteidigen die nicht ihre Heimat ? Übrigens: im Zuge der Gleichberechtigung dürfen auch die Frauen mit der Waffe in der Hand Ihre Heimat verteidigen. Bringt eure Kinder und Großeltern in Sicherheit und dann kämpft. Und bevor mir irgendwelche Gutmenschen erklären, warum das nicht möglich sein soll, möchte ich nur an die polnische Heimatarmee erinnern, die sich gegen die deutschen Aggressoren verteidigt haben (Warschauer Aufstand). 1943 haben sich die gefangenen Juden im Warschauer Ghetto gegen die Nazis erhoben. Im Oktober 1944 kam es zu einem bewaffneten Aufstand der Sonderkommandos  im KZ Auschwitz. In allen besetzten Ländern gab es Partisaneneinheiten, die gekämpft haben.  W A R U M sollten also syrische \""Männer\"" und Frauen nicht kämpfen können  ? Entweder, die wollen der deutschen Wirtschaft unter die Arme greifen (\""Fachkräftemangel\""), oder aber, es ist halt einfacher, sich in Länder zu flüchten, die andere in Jahrhunderten aufgebaut und zum blühen gebracht haben. Mein Respekt vor den syrischen \""Männern\"" ist nicht Null, er bewegt sich im Minusbereich.""}]"
895227663848991,"Vorallem nicht Malte Stierwall, wenn man ein Blick in dein Profil wirft und Posts die den ""germanischen Geist"" kultivieren! Letztenendes ist es das, wofür PEGIDA eigentlich steht, nämlich Rassismus, Faschismus, Nationalsozialismus und Islamophobie!",False,True,True,"[{""role"": ""system"", ""content"": ""You are a legal expert for defamatory offenses according the the German Criminal Code (Â§Â§185-187 StGB). Help the user decide whether given posts fall within in the scope of these articles.""}, {""role"": ""user"", ""content"": ""Is the following post criminally relevant with respect to Â§Â§185-187 StGB (Defamatory Offense)? Answer only with 'True' (criminally relevant according to Â§Â§185-187 StGB) or 'False' (not criminally relevant according to Â§Â§185-187 StGB).""}, {""role"": ""user"", ""content"": ""Vorallem nicht Malte Stierwall, wenn man ein Blick in dein Profil wirft und Posts die den \""germanischen Geist\"" kultivieren! Letztenendes ist es das, wofür PEGIDA eigentlich steht, nämlich Rassismus, Faschismus, Nationalsozialismus und Islamophobie!""}]"
1057052507666505,garnicht erst reinlassen diesen Abschaum aber dafür ist es schon zu spät,False,True,True,"[{""role"": ""system"", ""content"": ""You are a legal expert for defamatory offenses according the the German Criminal Code (Â§Â§185-187 StGB). Help the user decide whether given posts fall within in the scope of these articles.""}, {""role"": ""user"", ""content"": ""Is the following post criminally relevant with respect to Â§Â§185-187 StGB (Defamatory Offense)? Answer only with 'True' (criminally relevant according to Â§Â§185-187 StGB) or 'False' (not criminally relevant according to Â§Â§185-187 StGB).""}, {""role"": ""user"", ""content"": ""garnicht erst reinlassen diesen Abschaum aber dafür ist es schon zu spät""}]"
946005722104518,"Afghanistan, Syrien, Irak, Somalia und Eritrea.
Das sind die primitivsten muslimische Länder der Welt. Und die werden jetzt uns mit ihrer rückständigen Kultur und mit hoher Kriminalität bereichern.
Grenzen zu für diese ""Menschen"".",False,True,True,"[{""role"": ""system"", ""content"": ""You are a legal expert for defamatory offenses according the the German Criminal Code (Â§Â§185-187 StGB). Help the user decide whether given posts fall within in the scope of these articles.""}, {""role"": ""user"", ""content"": ""Is the following post criminally relevant with respect to Â§Â§185-187 StGB (Defamatory Offense)? Answer only with 'True' (criminally relevant according to Â§Â§185-187 StGB) or 'False' (not criminally relevant according to Â§Â§185-187 StGB).""}, {""role"": ""user"", ""content"": ""Afghanistan, Syrien, Irak, Somalia und Eritrea.\r\nDas sind die primitivsten muslimische Länder der Welt. Und die werden jetzt uns mit ihrer rückständigen Kultur und mit hoher Kriminalität bereichern.\r\nGrenzen zu für diese \""Menschen\"".""}]"
998432306861859,"Warum zentralisiert sich das 'EGI'-Geschehen eigentlich nur auf den Raum Dresden? In Berlin sitzen die eigentlichen Rattenfänger, die das politische, grünversiffte Chaos zu verantworten haben. Die Rede/Vorlesung von Akif war eher etwas chaotisch, hätte besser ablaufen können. Dass Lutz sich öffentlich entschuldigt hat, was er persönlich nicht zu verantworten hat, Orga hin oder her, fand ich eher fehl am Platz. Das ist schon wieder fast buckeln vor denjenigenen, denen man Widerstand entgegenbringen will. Hab den Livestream komplett verfolgt, einziger Störfall waren die Pfeifkonzerte aus den Seitengassen der ehemaligen RefutschiesWelcomeLuftballonaufbläserhttp://journalistenwatch.com/cms/es-geht-um-viel-sehr-viel-in-deutschland-steht-die-meinungsfreiheit-auf-dem-spiel/",False,True,True,"[{""role"": ""system"", ""content"": ""You are a legal expert for defamatory offenses according the the German Criminal Code (Â§Â§185-187 StGB). Help the user decide whether given posts fall within in the scope of these articles.""}, {""role"": ""user"", ""content"": ""Is the following post criminally relevant with respect to Â§Â§185-187 StGB (Defamatory Offense)? Answer only with 'True' (criminally relevant according to Â§Â§185-187 StGB) or 'False' (not criminally relevant according to Â§Â§185-187 StGB).""}, {""role"": ""user"", ""content"": ""Warum zentralisiert sich das 'EGI'-Geschehen eigentlich nur auf den Raum Dresden? In Berlin sitzen die eigentlichen Rattenfänger, die das politische, grünversiffte Chaos zu verantworten haben. Die Rede/Vorlesung von Akif war eher etwas chaotisch, hätte besser ablaufen können. Dass Lutz sich öffentlich entschuldigt hat, was er persönlich nicht zu verantworten hat, Orga hin oder her, fand ich eher fehl am Platz. Das ist schon wieder fast buckeln vor denjenigenen, denen man Widerstand entgegenbringen will. Hab den Livestream komplett verfolgt, einziger Störfall waren die Pfeifkonzerte aus den Seitengassen der ehemaligen RefutschiesWelcomeLuftballonaufbläserhttp://journalistenwatch.com/cms/es-geht-um-viel-sehr-viel-in-deutschland-steht-die-meinungsfreiheit-auf-dem-spiel/""}]"
1056654487706307,this is why we don't want Fag**d  Socialists or Democrats or Liberals in USA. thanx stupid backstabber European politicians to open the people eyes to see who the hell realy you are,False,True,True,"[{""role"": ""system"", ""content"": ""You are a legal expert for defamatory offenses according the the German Criminal Code (Â§Â§185-187 StGB). Help the user decide whether given posts fall within in the scope of these articles.""}, {""role"": ""user"", ""content"": ""Is the following post criminally relevant with respect to Â§Â§185-187 StGB (Defamatory Offense)? Answer only with 'True' (criminally relevant according to Â§Â§185-187 StGB) or 'False' (not criminally relevant according to Â§Â§185-187 StGB).""}, {""role"": ""user"", ""content"": ""this is why we don't want Fag**d  Socialists or Democrats or Liberals in USA. thanx stupid backstabber European politicians to open the people eyes to see who the hell realy you are""}]"
857518137619944,fränkchen du schimmelmöse wattis denn da los fühlst du dich angegriffen? denk an meine worte: pegida geht unter!,True,True,True,"[{""role"": ""system"", ""content"": ""You are a legal expert for defamatory offenses according the the German Criminal Code (Â§Â§185-187 StGB). Help the user decide whether given posts fall within in the scope of these articles.""}, {""role"": ""user"", ""content"": ""Is the following post criminally relevant with respect to Â§Â§185-187 StGB (Defamatory Offense)? Answer only with 'True' (criminally relevant according to Â§Â§185-187 StGB) or 'False' (not criminally relevant according to Â§Â§185-187 StGB).""}, {""role"": ""user"", ""content"": ""fränkchen du schimmelmöse wattis denn da los fühlst du dich angegriffen? denk an meine worte: pegida geht unter!""}]"
982685418436548,"Ramon De la Perez, ??????????Realist ??????????wohl eher medienverblödet ????????",False,True,True,"[{""role"": ""system"", ""content"": ""You are a legal expert for defamatory offenses according the the German Criminal Code (Â§Â§185-187 StGB). Help the user decide whether given posts fall within in the scope of these articles.""}, {""role"": ""user"", ""content"": ""Is the following post criminally relevant with respect to Â§Â§185-187 StGB (Defamatory Offense)? Answer only with 'True' (criminally relevant according to Â§Â§185-187 StGB) or 'False' (not criminally relevant according to Â§Â§185-187 StGB).""}, {""role"": ""user"", ""content"": ""Ramon De la Perez, ??????????Realist ??????????wohl eher medienverblödet ????????""}]"
1038630682842021,Der PEGIDAwarnminister Maas klappert das Internet ab nach Hasskommentaren von Pegidaanhängern. Die Verabredung zur Gewalt zu Sylvester von Migranten übersieht er dabei geflissentlich. Genauso wie die Gewaltaufrufe der Antifa.,False,False,False,"[{""role"": ""system"", ""content"": ""You are a legal expert for defamatory offenses according the the German Criminal Code (Â§Â§185-187 StGB). Help the user decide whether given posts fall within in the scope of these articles.""}, {""role"": ""user"", ""content"": ""Is the following post criminally relevant with respect to Â§Â§185-187 StGB (Defamatory Offense)? Answer only with 'True' (criminally relevant according to Â§Â§185-187 StGB) or 'False' (not criminally relevant according to Â§Â§185-187 StGB).""}, {""role"": ""user"", ""content"": ""Der PEGIDAwarnminister Maas klappert das Internet ab nach Hasskommentaren von Pegidaanhängern. Die Verabredung zur Gewalt zu Sylvester von Migranten übersieht er dabei geflissentlich. Genauso wie die Gewaltaufrufe der Antifa.""}]"
1007296922642064,"Das sind alles Vaterlandsverräter, Fahnenflüchtige und Desserteure, vor solchen Menschen habe Ich keine Achtung !!! Wo wäre Deutschland, wenn jeder nach und während dem Krieg abgehauen wäre ???",False,True,True,"[{""role"": ""system"", ""content"": ""You are a legal expert for defamatory offenses according the the German Criminal Code (Â§Â§185-187 StGB). Help the user decide whether given posts fall within in the scope of these articles.""}, {""role"": ""user"", ""content"": ""Is the following post criminally relevant with respect to Â§Â§185-187 StGB (Defamatory Offense)? Answer only with 'True' (criminally relevant according to Â§Â§185-187 StGB) or 'False' (not criminally relevant according to Â§Â§185-187 StGB).""}, {""role"": ""user"", ""content"": ""Das sind alles Vaterlandsverräter, Fahnenflüchtige und Desserteure, vor solchen Menschen habe Ich keine Achtung !!! Wo wäre Deutschland, wenn jeder nach und während dem Krieg abgehauen wäre ???""}]"
982689381769485,"[@IND] la Perez Student oder Schüler oder arbeitsuchend?
Scheinst wohl keine Frau Oder Kinder zu haben oder Steuern zu zahlen alle sagen ja und Amen lasst sie rein, wohnst du wie andere in der Nähe von solchen Leuten und hast jeden Tag Angst das sie sich an wem den du kennst vergehen?
Bei uns haben die sich bei der spielzeugausgabe gegenseitig verprügelt weil die nur das beste und tollste haben wollen.
Wohnst du in einer großen Stadt in der deutsche auf der Straße leben müssen nichts zu essen haben der Flüchtling an denen vorbei geht mit guten Klamotten und nem Handy in der Hand?
Anscheinend nicht!!!",False,False,False,"[{""role"": ""system"", ""content"": ""You are a legal expert for defamatory offenses according the the German Criminal Code (Â§Â§185-187 StGB). Help the user decide whether given posts fall within in the scope of these articles.""}, {""role"": ""user"", ""content"": ""Is the following post criminally relevant with respect to Â§Â§185-187 StGB (Defamatory Offense)? Answer only with 'True' (criminally relevant according to Â§Â§185-187 StGB) or 'False' (not criminally relevant according to Â§Â§185-187 StGB).""}, {""role"": ""user"", ""content"": ""[@IND] la Perez Student oder Schüler oder arbeitsuchend?\r\nScheinst wohl keine Frau Oder Kinder zu haben oder Steuern zu zahlen alle sagen ja und Amen lasst sie rein, wohnst du wie andere in der Nähe von solchen Leuten und hast jeden Tag Angst das sie sich an wem den du kennst vergehen?\r\nBei uns haben die sich bei der spielzeugausgabe gegenseitig verprügelt weil die nur das beste und tollste haben wollen.\r\nWohnst du in einer großen Stadt in der deutsche auf der Straße leben müssen nichts zu essen haben der Flüchtling an denen vorbei geht mit guten Klamotten und nem Handy in der Hand?\r\nAnscheinend nicht!!!""}]"
1108120012559754,"Das ist die erste WiFi Generation die von der Geburt bis zum Erwachsenen WiFi und den Chemikalien der Chemtrails ausgesetzt waren. Die Chemikalien der Chemtrails lagern sich ab in den Gehirnen und per WiFi werden sie Nachts im Schlaf angesteuert. Es ist eine Methode der Gedanken Kontrolle. Das Gehirn hat keinen Fire Wall und Elektro Magnetische Wellen sind geeignet an das Unterbewußtsein Nachrichten zu senden. Je nachdem was die Bediener der Waffe vorhaben. Liebt Flüchtlinge und Afrikanische Kultur Bereicherer oder durchbrecht die Absperrungen am Brenner. Normale Männer können sie so über Nacht zu Schwulen machen, normale Leute zu religiösen Fanatikern usw.!",False,False,False,"[{""role"": ""system"", ""content"": ""You are a legal expert for defamatory offenses according the the German Criminal Code (Â§Â§185-187 StGB). Help the user decide whether given posts fall within in the scope of these articles.""}, {""role"": ""user"", ""content"": ""Is the following post criminally relevant with respect to Â§Â§185-187 StGB (Defamatory Offense)? Answer only with 'True' (criminally relevant according to Â§Â§185-187 StGB) or 'False' (not criminally relevant according to Â§Â§185-187 StGB).""}, {""role"": ""user"", ""content"": ""Das ist die erste WiFi Generation die von der Geburt bis zum Erwachsenen WiFi und den Chemikalien der Chemtrails ausgesetzt waren. Die Chemikalien der Chemtrails lagern sich ab in den Gehirnen und per WiFi werden sie Nachts im Schlaf angesteuert. Es ist eine Methode der Gedanken Kontrolle. Das Gehirn hat keinen Fire Wall und Elektro Magnetische Wellen sind geeignet an das Unterbewußtsein Nachrichten zu senden. Je nachdem was die Bediener der Waffe vorhaben. Liebt Flüchtlinge und Afrikanische Kultur Bereicherer oder durchbrecht die Absperrungen am Brenner. Normale Männer können sie so über Nacht zu Schwulen machen, normale Leute zu religiösen Fanatikern usw.!""}]"
