id,description,DEF,predicted_label,reply,prompt,fold,error_type
138,"@Yorck_ Ist doch wahr, denn dieses dicke Etwas bekommt kaum zwei zusammenhängenden Sätze heraus und von sinnvoll rede ich garnicht erst 😜",True,False, False,"[{""role"": ""system"", ""content"": ""You are a legal expert for defamatory offenses according the the German Criminal Code (§§185-187 StGB). Help the user decide whether given posts fall within in the scope of these articles.""}, {""role"": ""user"", ""content"": ""Step 1: A defamatory object can be a living individual, a group of persons that is distinguishable from the general public such that every member of that group could feel their honor is infringed or collective entities such as governments or press companies with a recognised social role and who act with a collective, single will.\nIs there a defamatory object in this statement? \nNo → STOP (NOT criminally relevant according to §§185-187 StGB)\nYes → Step 2\n\nStep 2: A disparaging statement is a statement which interferes with the potential victim's right to honour. It is already fulfilled by expressing contempt or disrespect through the allegation of shortcomings that could reduce the victim’s social standing.\nIs there a disparaging statement directed towards the defamatory object?\nNo → STOP (NOT criminally relevant according to §§185-187 StGB)\nYes → Step 3\n\nStep 3: A factual claim is a stetement that can be proven to be true or untrue in front of a court. A value judgment constitutes and expression of personal opinions.\nIs it primarily a value judgement and NOT primarily a factual claim?\nNo → STOP (NOT criminally relevant according to §§185-187 StGB)\nYes → Step 4\n\nStep 4: An abusive insult is a statement that constitutes breaking a taboo by itself and intends only the defamation of the victim without any substantiated contribution.\nIs the statement an abusive insult?\nYes → STOP (criminally RELEVANT according to §§185-187 StGB)\nNo → Step 5\n\nStep 5: A statement is of public interest if it contains a contribution to the public discourse with respect to a particular relevant topic of public interest.\nIs the statement of public interest?\nYes → STOP (NOT criminally relevant according to §§185-187 StGB)\nNo → Step 6\n\nStep 6: A statement is considered abusive criticism if it goes beyond plausible criticism by primarily intending to abusively offend the victim, hereby neglecting a substantiated contribution.\nIs the statement abusive criticism?\nYes → STOP (criminally RELEVANT according to §§185-187 StGB)\nNo → STOP (NOT criminally relevant according to §§185-187 StGB)\n\n\nAccording to this decision schema, decide whether the following text is criminally revant according to §§185-187 StGB (Defamatory Offense). Answer only with 'True' (criminally relevant according to §§185-187 StGB) or 'False' (not criminally relevant according to §§185-187 StGB).""}, {""role"": ""user"", ""content"": ""@Yorck_ Ist doch wahr, denn dieses dicke Etwas bekommt kaum zwei zusammenhängenden Sätze heraus und von sinnvoll rede ich garnicht erst 😜""}]",1,FN
173,@burghard_r @SM100d Was ist den das fette etwas da ..?,True,False, False,"[{""role"": ""system"", ""content"": ""You are a legal expert for defamatory offenses according the the German Criminal Code (§§185-187 StGB). Help the user decide whether given posts fall within in the scope of these articles.""}, {""role"": ""user"", ""content"": ""Step 1: A defamatory object can be a living individual, a group of persons that is distinguishable from the general public such that every member of that group could feel their honor is infringed or collective entities such as governments or press companies with a recognised social role and who act with a collective, single will.\nIs there a defamatory object in this statement? \nNo → STOP (NOT criminally relevant according to §§185-187 StGB)\nYes → Step 2\n\nStep 2: A disparaging statement is a statement which interferes with the potential victim's right to honour. It is already fulfilled by expressing contempt or disrespect through the allegation of shortcomings that could reduce the victim’s social standing.\nIs there a disparaging statement directed towards the defamatory object?\nNo → STOP (NOT criminally relevant according to §§185-187 StGB)\nYes → Step 3\n\nStep 3: A factual claim is a stetement that can be proven to be true or untrue in front of a court. A value judgment constitutes and expression of personal opinions.\nIs it primarily a value judgement and NOT primarily a factual claim?\nNo → STOP (NOT criminally relevant according to §§185-187 StGB)\nYes → Step 4\n\nStep 4: An abusive insult is a statement that constitutes breaking a taboo by itself and intends only the defamation of the victim without any substantiated contribution.\nIs the statement an abusive insult?\nYes → STOP (criminally RELEVANT according to §§185-187 StGB)\nNo → Step 5\n\nStep 5: A statement is of public interest if it contains a contribution to the public discourse with respect to a particular relevant topic of public interest.\nIs the statement of public interest?\nYes → STOP (NOT criminally relevant according to §§185-187 StGB)\nNo → Step 6\n\nStep 6: A statement is considered abusive criticism if it goes beyond plausible criticism by primarily intending to abusively offend the victim, hereby neglecting a substantiated contribution.\nIs the statement abusive criticism?\nYes → STOP (criminally RELEVANT according to §§185-187 StGB)\nNo → STOP (NOT criminally relevant according to §§185-187 StGB)\n\n\nAccording to this decision schema, decide whether the following text is criminally revant according to §§185-187 StGB (Defamatory Offense). Answer only with 'True' (criminally relevant according to §§185-187 StGB) or 'False' (not criminally relevant according to §§185-187 StGB).""}, {""role"": ""user"", ""content"": ""@burghard_r @SM100d Was ist den das fette etwas da ..?""}]",2,FN
195,@SawsanChebli @SawsanChebli ...sich damit auch noch brüsten ist schön...dämlich... |LBR| Wenn man tief genug gräbt findet man tatsächlich immer noch eine dümmere deutsche...obwohl bei Katja an der Oberfläche kratzen schon ausreicht....😃😃,True,False, False,"[{""role"": ""system"", ""content"": ""You are a legal expert for defamatory offenses according the the German Criminal Code (§§185-187 StGB). Help the user decide whether given posts fall within in the scope of these articles.""}, {""role"": ""user"", ""content"": ""Step 1: A defamatory object can be a living individual, a group of persons that is distinguishable from the general public such that every member of that group could feel their honor is infringed or collective entities such as governments or press companies with a recognised social role and who act with a collective, single will.\nIs there a defamatory object in this statement? \nNo → STOP (NOT criminally relevant according to §§185-187 StGB)\nYes → Step 2\n\nStep 2: A disparaging statement is a statement which interferes with the potential victim's right to honour. It is already fulfilled by expressing contempt or disrespect through the allegation of shortcomings that could reduce the victim’s social standing.\nIs there a disparaging statement directed towards the defamatory object?\nNo → STOP (NOT criminally relevant according to §§185-187 StGB)\nYes → Step 3\n\nStep 3: A factual claim is a stetement that can be proven to be true or untrue in front of a court. A value judgment constitutes and expression of personal opinions.\nIs it primarily a value judgement and NOT primarily a factual claim?\nNo → STOP (NOT criminally relevant according to §§185-187 StGB)\nYes → Step 4\n\nStep 4: An abusive insult is a statement that constitutes breaking a taboo by itself and intends only the defamation of the victim without any substantiated contribution.\nIs the statement an abusive insult?\nYes → STOP (criminally RELEVANT according to §§185-187 StGB)\nNo → Step 5\n\nStep 5: A statement is of public interest if it contains a contribution to the public discourse with respect to a particular relevant topic of public interest.\nIs the statement of public interest?\nYes → STOP (NOT criminally relevant according to §§185-187 StGB)\nNo → Step 6\n\nStep 6: A statement is considered abusive criticism if it goes beyond plausible criticism by primarily intending to abusively offend the victim, hereby neglecting a substantiated contribution.\nIs the statement abusive criticism?\nYes → STOP (criminally RELEVANT according to §§185-187 StGB)\nNo → STOP (NOT criminally relevant according to §§185-187 StGB)\n\n\nAccording to this decision schema, decide whether the following text is criminally revant according to §§185-187 StGB (Defamatory Offense). Answer only with 'True' (criminally relevant according to §§185-187 StGB) or 'False' (not criminally relevant according to §§185-187 StGB).""}, {""role"": ""user"", ""content"": ""@SawsanChebli @SawsanChebli ...sich damit auch noch brüsten ist schön...dämlich... |LBR| Wenn man tief genug gräbt findet man tatsächlich immer noch eine dümmere deutsche...obwohl bei Katja an der Oberfläche kratzen schon ausreicht....😃😃""}]",3,FN
205,@Jala_varietas @Grals_Hueter Die Julia hat ja auch 20 Kalte Lötstellen im Kopf. Bestimmt ein Kind der 68er. Sorry aber die hätte man besser ins Klo gewichst. Da wären die heute noch auf Reißen.,True,False, False,"[{""role"": ""system"", ""content"": ""You are a legal expert for defamatory offenses according the the German Criminal Code (§§185-187 StGB). Help the user decide whether given posts fall within in the scope of these articles.""}, {""role"": ""user"", ""content"": ""Step 1: A defamatory object can be a living individual, a group of persons that is distinguishable from the general public such that every member of that group could feel their honor is infringed or collective entities such as governments or press companies with a recognised social role and who act with a collective, single will.\nIs there a defamatory object in this statement? \nNo → STOP (NOT criminally relevant according to §§185-187 StGB)\nYes → Step 2\n\nStep 2: A disparaging statement is a statement which interferes with the potential victim's right to honour. It is already fulfilled by expressing contempt or disrespect through the allegation of shortcomings that could reduce the victim’s social standing.\nIs there a disparaging statement directed towards the defamatory object?\nNo → STOP (NOT criminally relevant according to §§185-187 StGB)\nYes → Step 3\n\nStep 3: A factual claim is a stetement that can be proven to be true or untrue in front of a court. A value judgment constitutes and expression of personal opinions.\nIs it primarily a value judgement and NOT primarily a factual claim?\nNo → STOP (NOT criminally relevant according to §§185-187 StGB)\nYes → Step 4\n\nStep 4: An abusive insult is a statement that constitutes breaking a taboo by itself and intends only the defamation of the victim without any substantiated contribution.\nIs the statement an abusive insult?\nYes → STOP (criminally RELEVANT according to §§185-187 StGB)\nNo → Step 5\n\nStep 5: A statement is of public interest if it contains a contribution to the public discourse with respect to a particular relevant topic of public interest.\nIs the statement of public interest?\nYes → STOP (NOT criminally relevant according to §§185-187 StGB)\nNo → Step 6\n\nStep 6: A statement is considered abusive criticism if it goes beyond plausible criticism by primarily intending to abusively offend the victim, hereby neglecting a substantiated contribution.\nIs the statement abusive criticism?\nYes → STOP (criminally RELEVANT according to §§185-187 StGB)\nNo → STOP (NOT criminally relevant according to §§185-187 StGB)\n\n\nAccording to this decision schema, decide whether the following text is criminally revant according to §§185-187 StGB (Defamatory Offense). Answer only with 'True' (criminally relevant according to §§185-187 StGB) or 'False' (not criminally relevant according to §§185-187 StGB).""}, {""role"": ""user"", ""content"": ""@Jala_varietas @Grals_Hueter Die Julia hat ja auch 20 Kalte Lötstellen im Kopf. Bestimmt ein Kind der 68er. Sorry aber die hätte man besser ins Klo gewichst. Da wären die heute noch auf Reißen.""}]",1,FN
280,@AfDBerlin @krippmarie @SawsanChebli @SawsanChebli ..wurdest Du Luder Du nicht mit Rede.-und Schreibverbot belegt ..? |LBR| Berlin Berlin....Migranten überall...im Rathaus und auf Straßen...ne richtige Kanackenstadt geworden..oder heißt es Kanackenstaat..,True,False, False,"[{""role"": ""system"", ""content"": ""You are a legal expert for defamatory offenses according the the German Criminal Code (§§185-187 StGB). Help the user decide whether given posts fall within in the scope of these articles.""}, {""role"": ""user"", ""content"": ""Step 1: A defamatory object can be a living individual, a group of persons that is distinguishable from the general public such that every member of that group could feel their honor is infringed or collective entities such as governments or press companies with a recognised social role and who act with a collective, single will.\nIs there a defamatory object in this statement? \nNo → STOP (NOT criminally relevant according to §§185-187 StGB)\nYes → Step 2\n\nStep 2: A disparaging statement is a statement which interferes with the potential victim's right to honour. It is already fulfilled by expressing contempt or disrespect through the allegation of shortcomings that could reduce the victim’s social standing.\nIs there a disparaging statement directed towards the defamatory object?\nNo → STOP (NOT criminally relevant according to §§185-187 StGB)\nYes → Step 3\n\nStep 3: A factual claim is a stetement that can be proven to be true or untrue in front of a court. A value judgment constitutes and expression of personal opinions.\nIs it primarily a value judgement and NOT primarily a factual claim?\nNo → STOP (NOT criminally relevant according to §§185-187 StGB)\nYes → Step 4\n\nStep 4: An abusive insult is a statement that constitutes breaking a taboo by itself and intends only the defamation of the victim without any substantiated contribution.\nIs the statement an abusive insult?\nYes → STOP (criminally RELEVANT according to §§185-187 StGB)\nNo → Step 5\n\nStep 5: A statement is of public interest if it contains a contribution to the public discourse with respect to a particular relevant topic of public interest.\nIs the statement of public interest?\nYes → STOP (NOT criminally relevant according to §§185-187 StGB)\nNo → Step 6\n\nStep 6: A statement is considered abusive criticism if it goes beyond plausible criticism by primarily intending to abusively offend the victim, hereby neglecting a substantiated contribution.\nIs the statement abusive criticism?\nYes → STOP (criminally RELEVANT according to §§185-187 StGB)\nNo → STOP (NOT criminally relevant according to §§185-187 StGB)\n\n\nAccording to this decision schema, decide whether the following text is criminally revant according to §§185-187 StGB (Defamatory Offense). Answer only with 'True' (criminally relevant according to §§185-187 StGB) or 'False' (not criminally relevant according to §§185-187 StGB).""}, {""role"": ""user"", ""content"": ""@AfDBerlin @krippmarie @SawsanChebli @SawsanChebli ..wurdest Du Luder Du nicht mit Rede.-und Schreibverbot belegt ..? |LBR| Berlin Berlin....Migranten überall...im Rathaus und auf Straßen...ne richtige Kanackenstadt geworden..oder heißt es Kanackenstaat..""}]",2,FN
303,"@anna_IIna Das sind doch alles masturbierende Pickelplatagen, keine Ahnung von Etwas...deswegen werden sie bestimmt Berufspolitiker..😃😃",False,True, True,"[{""role"": ""system"", ""content"": ""You are a legal expert for defamatory offenses according the the German Criminal Code (§§185-187 StGB). Help the user decide whether given posts fall within in the scope of these articles.""}, {""role"": ""user"", ""content"": ""Step 1: A defamatory object can be a living individual, a group of persons that is distinguishable from the general public such that every member of that group could feel their honor is infringed or collective entities such as governments or press companies with a recognised social role and who act with a collective, single will.\nIs there a defamatory object in this statement? \nNo → STOP (NOT criminally relevant according to §§185-187 StGB)\nYes → Step 2\n\nStep 2: A disparaging statement is a statement which interferes with the potential victim's right to honour. It is already fulfilled by expressing contempt or disrespect through the allegation of shortcomings that could reduce the victim’s social standing.\nIs there a disparaging statement directed towards the defamatory object?\nNo → STOP (NOT criminally relevant according to §§185-187 StGB)\nYes → Step 3\n\nStep 3: A factual claim is a stetement that can be proven to be true or untrue in front of a court. A value judgment constitutes and expression of personal opinions.\nIs it primarily a value judgement and NOT primarily a factual claim?\nNo → STOP (NOT criminally relevant according to §§185-187 StGB)\nYes → Step 4\n\nStep 4: An abusive insult is a statement that constitutes breaking a taboo by itself and intends only the defamation of the victim without any substantiated contribution.\nIs the statement an abusive insult?\nYes → STOP (criminally RELEVANT according to §§185-187 StGB)\nNo → Step 5\n\nStep 5: A statement is of public interest if it contains a contribution to the public discourse with respect to a particular relevant topic of public interest.\nIs the statement of public interest?\nYes → STOP (NOT criminally relevant according to §§185-187 StGB)\nNo → Step 6\n\nStep 6: A statement is considered abusive criticism if it goes beyond plausible criticism by primarily intending to abusively offend the victim, hereby neglecting a substantiated contribution.\nIs the statement abusive criticism?\nYes → STOP (criminally RELEVANT according to §§185-187 StGB)\nNo → STOP (NOT criminally relevant according to §§185-187 StGB)\n\n\nAccording to this decision schema, decide whether the following text is criminally revant according to §§185-187 StGB (Defamatory Offense). Answer only with 'True' (criminally relevant according to §§185-187 StGB) or 'False' (not criminally relevant according to §§185-187 StGB).""}, {""role"": ""user"", ""content"": ""@anna_IIna Das sind doch alles masturbierende Pickelplatagen, keine Ahnung von Etwas...deswegen werden sie bestimmt Berufspolitiker..😃😃""}]",0,FP
305,@Heinrich_Krug Na klar kriegt der Lob von allen Seiten...ist ja ein Merkel-Blindenhund. |LBR| Wollt ihr tatsächliche Opfer sehen dann geht auf Friedhöfe oder sprecht mit den Angehörigen..!,False,True, True,"[{""role"": ""system"", ""content"": ""You are a legal expert for defamatory offenses according the the German Criminal Code (§§185-187 StGB). Help the user decide whether given posts fall within in the scope of these articles.""}, {""role"": ""user"", ""content"": ""Step 1: A defamatory object can be a living individual, a group of persons that is distinguishable from the general public such that every member of that group could feel their honor is infringed or collective entities such as governments or press companies with a recognised social role and who act with a collective, single will.\nIs there a defamatory object in this statement? \nNo → STOP (NOT criminally relevant according to §§185-187 StGB)\nYes → Step 2\n\nStep 2: A disparaging statement is a statement which interferes with the potential victim's right to honour. It is already fulfilled by expressing contempt or disrespect through the allegation of shortcomings that could reduce the victim’s social standing.\nIs there a disparaging statement directed towards the defamatory object?\nNo → STOP (NOT criminally relevant according to §§185-187 StGB)\nYes → Step 3\n\nStep 3: A factual claim is a stetement that can be proven to be true or untrue in front of a court. A value judgment constitutes and expression of personal opinions.\nIs it primarily a value judgement and NOT primarily a factual claim?\nNo → STOP (NOT criminally relevant according to §§185-187 StGB)\nYes → Step 4\n\nStep 4: An abusive insult is a statement that constitutes breaking a taboo by itself and intends only the defamation of the victim without any substantiated contribution.\nIs the statement an abusive insult?\nYes → STOP (criminally RELEVANT according to §§185-187 StGB)\nNo → Step 5\n\nStep 5: A statement is of public interest if it contains a contribution to the public discourse with respect to a particular relevant topic of public interest.\nIs the statement of public interest?\nYes → STOP (NOT criminally relevant according to §§185-187 StGB)\nNo → Step 6\n\nStep 6: A statement is considered abusive criticism if it goes beyond plausible criticism by primarily intending to abusively offend the victim, hereby neglecting a substantiated contribution.\nIs the statement abusive criticism?\nYes → STOP (criminally RELEVANT according to §§185-187 StGB)\nNo → STOP (NOT criminally relevant according to §§185-187 StGB)\n\n\nAccording to this decision schema, decide whether the following text is criminally revant according to §§185-187 StGB (Defamatory Offense). Answer only with 'True' (criminally relevant according to §§185-187 StGB) or 'False' (not criminally relevant according to §§185-187 StGB).""}, {""role"": ""user"", ""content"": ""@Heinrich_Krug Na klar kriegt der Lob von allen Seiten...ist ja ein Merkel-Blindenhund. |LBR| Wollt ihr tatsächliche Opfer sehen dann geht auf Friedhöfe oder sprecht mit den Angehörigen..!""}]",3,FP
355,Irgendwie verständlich daß Berlusconi diesen #Schulz mit einem KZ-Aufseher verglich.,True,False, False,"[{""role"": ""system"", ""content"": ""You are a legal expert for defamatory offenses according the the German Criminal Code (§§185-187 StGB). Help the user decide whether given posts fall within in the scope of these articles.""}, {""role"": ""user"", ""content"": ""Step 1: A defamatory object can be a living individual, a group of persons that is distinguishable from the general public such that every member of that group could feel their honor is infringed or collective entities such as governments or press companies with a recognised social role and who act with a collective, single will.\nIs there a defamatory object in this statement? \nNo → STOP (NOT criminally relevant according to §§185-187 StGB)\nYes → Step 2\n\nStep 2: A disparaging statement is a statement which interferes with the potential victim's right to honour. It is already fulfilled by expressing contempt or disrespect through the allegation of shortcomings that could reduce the victim’s social standing.\nIs there a disparaging statement directed towards the defamatory object?\nNo → STOP (NOT criminally relevant according to §§185-187 StGB)\nYes → Step 3\n\nStep 3: A factual claim is a stetement that can be proven to be true or untrue in front of a court. A value judgment constitutes and expression of personal opinions.\nIs it primarily a value judgement and NOT primarily a factual claim?\nNo → STOP (NOT criminally relevant according to §§185-187 StGB)\nYes → Step 4\n\nStep 4: An abusive insult is a statement that constitutes breaking a taboo by itself and intends only the defamation of the victim without any substantiated contribution.\nIs the statement an abusive insult?\nYes → STOP (criminally RELEVANT according to §§185-187 StGB)\nNo → Step 5\n\nStep 5: A statement is of public interest if it contains a contribution to the public discourse with respect to a particular relevant topic of public interest.\nIs the statement of public interest?\nYes → STOP (NOT criminally relevant according to §§185-187 StGB)\nNo → Step 6\n\nStep 6: A statement is considered abusive criticism if it goes beyond plausible criticism by primarily intending to abusively offend the victim, hereby neglecting a substantiated contribution.\nIs the statement abusive criticism?\nYes → STOP (criminally RELEVANT according to §§185-187 StGB)\nNo → STOP (NOT criminally relevant according to §§185-187 StGB)\n\n\nAccording to this decision schema, decide whether the following text is criminally revant according to §§185-187 StGB (Defamatory Offense). Answer only with 'True' (criminally relevant according to §§185-187 StGB) or 'False' (not criminally relevant according to §§185-187 StGB).""}, {""role"": ""user"", ""content"": ""Irgendwie verständlich daß Berlusconi diesen #Schulz mit einem KZ-Aufseher verglich.""}]",0,FN
356,"Und zu dir,H,MAAS,am frühen Morgen, tust du nicht so wie das Volk es will, so lecke es am ARSCHE !(f.n.G.v.B) Lauf Forrest !!",True,False, False,"[{""role"": ""system"", ""content"": ""You are a legal expert for defamatory offenses according the the German Criminal Code (§§185-187 StGB). Help the user decide whether given posts fall within in the scope of these articles.""}, {""role"": ""user"", ""content"": ""Step 1: A defamatory object can be a living individual, a group of persons that is distinguishable from the general public such that every member of that group could feel their honor is infringed or collective entities such as governments or press companies with a recognised social role and who act with a collective, single will.\nIs there a defamatory object in this statement? \nNo → STOP (NOT criminally relevant according to §§185-187 StGB)\nYes → Step 2\n\nStep 2: A disparaging statement is a statement which interferes with the potential victim's right to honour. It is already fulfilled by expressing contempt or disrespect through the allegation of shortcomings that could reduce the victim’s social standing.\nIs there a disparaging statement directed towards the defamatory object?\nNo → STOP (NOT criminally relevant according to §§185-187 StGB)\nYes → Step 3\n\nStep 3: A factual claim is a stetement that can be proven to be true or untrue in front of a court. A value judgment constitutes and expression of personal opinions.\nIs it primarily a value judgement and NOT primarily a factual claim?\nNo → STOP (NOT criminally relevant according to §§185-187 StGB)\nYes → Step 4\n\nStep 4: An abusive insult is a statement that constitutes breaking a taboo by itself and intends only the defamation of the victim without any substantiated contribution.\nIs the statement an abusive insult?\nYes → STOP (criminally RELEVANT according to §§185-187 StGB)\nNo → Step 5\n\nStep 5: A statement is of public interest if it contains a contribution to the public discourse with respect to a particular relevant topic of public interest.\nIs the statement of public interest?\nYes → STOP (NOT criminally relevant according to §§185-187 StGB)\nNo → Step 6\n\nStep 6: A statement is considered abusive criticism if it goes beyond plausible criticism by primarily intending to abusively offend the victim, hereby neglecting a substantiated contribution.\nIs the statement abusive criticism?\nYes → STOP (criminally RELEVANT according to §§185-187 StGB)\nNo → STOP (NOT criminally relevant according to §§185-187 StGB)\n\n\nAccording to this decision schema, decide whether the following text is criminally revant according to §§185-187 StGB (Defamatory Offense). Answer only with 'True' (criminally relevant according to §§185-187 StGB) or 'False' (not criminally relevant according to §§185-187 StGB).""}, {""role"": ""user"", ""content"": ""Und zu dir,H,MAAS,am frühen Morgen, tust du nicht so wie das Volk es will, so lecke es am ARSCHE !(f.n.G.v.B) Lauf Forrest !!""}]",3,FN
411,"@Ralf_Stegner Sie sind leider ohne Bildung und ohne orthographische |LBR| Grundkenntnisse berechtigt, Ihren politischen Müll hinauszuonanieren.",False,True, True,"[{""role"": ""system"", ""content"": ""You are a legal expert for defamatory offenses according the the German Criminal Code (§§185-187 StGB). Help the user decide whether given posts fall within in the scope of these articles.""}, {""role"": ""user"", ""content"": ""Step 1: A defamatory object can be a living individual, a group of persons that is distinguishable from the general public such that every member of that group could feel their honor is infringed or collective entities such as governments or press companies with a recognised social role and who act with a collective, single will.\nIs there a defamatory object in this statement? \nNo → STOP (NOT criminally relevant according to §§185-187 StGB)\nYes → Step 2\n\nStep 2: A disparaging statement is a statement which interferes with the potential victim's right to honour. It is already fulfilled by expressing contempt or disrespect through the allegation of shortcomings that could reduce the victim’s social standing.\nIs there a disparaging statement directed towards the defamatory object?\nNo → STOP (NOT criminally relevant according to §§185-187 StGB)\nYes → Step 3\n\nStep 3: A factual claim is a stetement that can be proven to be true or untrue in front of a court. A value judgment constitutes and expression of personal opinions.\nIs it primarily a value judgement and NOT primarily a factual claim?\nNo → STOP (NOT criminally relevant according to §§185-187 StGB)\nYes → Step 4\n\nStep 4: An abusive insult is a statement that constitutes breaking a taboo by itself and intends only the defamation of the victim without any substantiated contribution.\nIs the statement an abusive insult?\nYes → STOP (criminally RELEVANT according to §§185-187 StGB)\nNo → Step 5\n\nStep 5: A statement is of public interest if it contains a contribution to the public discourse with respect to a particular relevant topic of public interest.\nIs the statement of public interest?\nYes → STOP (NOT criminally relevant according to §§185-187 StGB)\nNo → Step 6\n\nStep 6: A statement is considered abusive criticism if it goes beyond plausible criticism by primarily intending to abusively offend the victim, hereby neglecting a substantiated contribution.\nIs the statement abusive criticism?\nYes → STOP (criminally RELEVANT according to §§185-187 StGB)\nNo → STOP (NOT criminally relevant according to §§185-187 StGB)\n\n\nAccording to this decision schema, decide whether the following text is criminally revant according to §§185-187 StGB (Defamatory Offense). Answer only with 'True' (criminally relevant according to §§185-187 StGB) or 'False' (not criminally relevant according to §§185-187 StGB).""}, {""role"": ""user"", ""content"": ""@Ralf_Stegner Sie sind leider ohne Bildung und ohne orthographische |LBR| Grundkenntnisse berechtigt, Ihren politischen Müll hinauszuonanieren.""}]",2,FP
501,"@SJW_MadBunny @Steffmann45 @machtjanix23 @troll_putin @petpanther0 @mastermikeg @Norbinator2403 @ennof_ @AthinaMala @NancyPeggyMandy @info2099 @lifetrend @ThomasGBauer @SchmiddieMaik @charlie_silve @NoHerrman @willjrosenblatt @feldenfrizz @nasanasal @_macmike @ellibisathide @MD_Franz Das ist genauso ein Spinner, wie der andere. Gestern setzt sich heute fort - oh mein Gott!",True,False, False,"[{""role"": ""system"", ""content"": ""You are a legal expert for defamatory offenses according the the German Criminal Code (§§185-187 StGB). Help the user decide whether given posts fall within in the scope of these articles.""}, {""role"": ""user"", ""content"": ""Step 1: A defamatory object can be a living individual, a group of persons that is distinguishable from the general public such that every member of that group could feel their honor is infringed or collective entities such as governments or press companies with a recognised social role and who act with a collective, single will.\nIs there a defamatory object in this statement? \nNo → STOP (NOT criminally relevant according to §§185-187 StGB)\nYes → Step 2\n\nStep 2: A disparaging statement is a statement which interferes with the potential victim's right to honour. It is already fulfilled by expressing contempt or disrespect through the allegation of shortcomings that could reduce the victim’s social standing.\nIs there a disparaging statement directed towards the defamatory object?\nNo → STOP (NOT criminally relevant according to §§185-187 StGB)\nYes → Step 3\n\nStep 3: A factual claim is a stetement that can be proven to be true or untrue in front of a court. A value judgment constitutes and expression of personal opinions.\nIs it primarily a value judgement and NOT primarily a factual claim?\nNo → STOP (NOT criminally relevant according to §§185-187 StGB)\nYes → Step 4\n\nStep 4: An abusive insult is a statement that constitutes breaking a taboo by itself and intends only the defamation of the victim without any substantiated contribution.\nIs the statement an abusive insult?\nYes → STOP (criminally RELEVANT according to §§185-187 StGB)\nNo → Step 5\n\nStep 5: A statement is of public interest if it contains a contribution to the public discourse with respect to a particular relevant topic of public interest.\nIs the statement of public interest?\nYes → STOP (NOT criminally relevant according to §§185-187 StGB)\nNo → Step 6\n\nStep 6: A statement is considered abusive criticism if it goes beyond plausible criticism by primarily intending to abusively offend the victim, hereby neglecting a substantiated contribution.\nIs the statement abusive criticism?\nYes → STOP (criminally RELEVANT according to §§185-187 StGB)\nNo → STOP (NOT criminally relevant according to §§185-187 StGB)\n\n\nAccording to this decision schema, decide whether the following text is criminally revant according to §§185-187 StGB (Defamatory Offense). Answer only with 'True' (criminally relevant according to §§185-187 StGB) or 'False' (not criminally relevant according to §§185-187 StGB).""}, {""role"": ""user"", ""content"": ""@SJW_MadBunny @Steffmann45 @machtjanix23 @troll_putin @petpanther0 @mastermikeg @Norbinator2403 @ennof_ @AthinaMala @NancyPeggyMandy @info2099 @lifetrend @ThomasGBauer @SchmiddieMaik @charlie_silve @NoHerrman @willjrosenblatt @feldenfrizz @nasanasal @_macmike @ellibisathide @MD_Franz Das ist genauso ein Spinner, wie der andere. Gestern setzt sich heute fort - oh mein Gott!""}]",3,FN
510,@Ralf_Stegner Stegner du alter Nazi...du darfst doch nicht sprechen wenn der Schulz es dir nicht erlaubt...,False,True, True,"[{""role"": ""system"", ""content"": ""You are a legal expert for defamatory offenses according the the German Criminal Code (§§185-187 StGB). Help the user decide whether given posts fall within in the scope of these articles.""}, {""role"": ""user"", ""content"": ""Step 1: A defamatory object can be a living individual, a group of persons that is distinguishable from the general public such that every member of that group could feel their honor is infringed or collective entities such as governments or press companies with a recognised social role and who act with a collective, single will.\nIs there a defamatory object in this statement? \nNo → STOP (NOT criminally relevant according to §§185-187 StGB)\nYes → Step 2\n\nStep 2: A disparaging statement is a statement which interferes with the potential victim's right to honour. It is already fulfilled by expressing contempt or disrespect through the allegation of shortcomings that could reduce the victim’s social standing.\nIs there a disparaging statement directed towards the defamatory object?\nNo → STOP (NOT criminally relevant according to §§185-187 StGB)\nYes → Step 3\n\nStep 3: A factual claim is a stetement that can be proven to be true or untrue in front of a court. A value judgment constitutes and expression of personal opinions.\nIs it primarily a value judgement and NOT primarily a factual claim?\nNo → STOP (NOT criminally relevant according to §§185-187 StGB)\nYes → Step 4\n\nStep 4: An abusive insult is a statement that constitutes breaking a taboo by itself and intends only the defamation of the victim without any substantiated contribution.\nIs the statement an abusive insult?\nYes → STOP (criminally RELEVANT according to §§185-187 StGB)\nNo → Step 5\n\nStep 5: A statement is of public interest if it contains a contribution to the public discourse with respect to a particular relevant topic of public interest.\nIs the statement of public interest?\nYes → STOP (NOT criminally relevant according to §§185-187 StGB)\nNo → Step 6\n\nStep 6: A statement is considered abusive criticism if it goes beyond plausible criticism by primarily intending to abusively offend the victim, hereby neglecting a substantiated contribution.\nIs the statement abusive criticism?\nYes → STOP (criminally RELEVANT according to §§185-187 StGB)\nNo → STOP (NOT criminally relevant according to §§185-187 StGB)\n\n\nAccording to this decision schema, decide whether the following text is criminally revant according to §§185-187 StGB (Defamatory Offense). Answer only with 'True' (criminally relevant according to §§185-187 StGB) or 'False' (not criminally relevant according to §§185-187 StGB).""}, {""role"": ""user"", ""content"": ""@Ralf_Stegner Stegner du alter Nazi...du darfst doch nicht sprechen wenn der Schulz es dir nicht erlaubt...""}]",3,FP
512,@KaiserDesRap Wer so redet gehört sich Verdroschen,True,False, False,"[{""role"": ""system"", ""content"": ""You are a legal expert for defamatory offenses according the the German Criminal Code (§§185-187 StGB). Help the user decide whether given posts fall within in the scope of these articles.""}, {""role"": ""user"", ""content"": ""Step 1: A defamatory object can be a living individual, a group of persons that is distinguishable from the general public such that every member of that group could feel their honor is infringed or collective entities such as governments or press companies with a recognised social role and who act with a collective, single will.\nIs there a defamatory object in this statement? \nNo → STOP (NOT criminally relevant according to §§185-187 StGB)\nYes → Step 2\n\nStep 2: A disparaging statement is a statement which interferes with the potential victim's right to honour. It is already fulfilled by expressing contempt or disrespect through the allegation of shortcomings that could reduce the victim’s social standing.\nIs there a disparaging statement directed towards the defamatory object?\nNo → STOP (NOT criminally relevant according to §§185-187 StGB)\nYes → Step 3\n\nStep 3: A factual claim is a stetement that can be proven to be true or untrue in front of a court. A value judgment constitutes and expression of personal opinions.\nIs it primarily a value judgement and NOT primarily a factual claim?\nNo → STOP (NOT criminally relevant according to §§185-187 StGB)\nYes → Step 4\n\nStep 4: An abusive insult is a statement that constitutes breaking a taboo by itself and intends only the defamation of the victim without any substantiated contribution.\nIs the statement an abusive insult?\nYes → STOP (criminally RELEVANT according to §§185-187 StGB)\nNo → Step 5\n\nStep 5: A statement is of public interest if it contains a contribution to the public discourse with respect to a particular relevant topic of public interest.\nIs the statement of public interest?\nYes → STOP (NOT criminally relevant according to §§185-187 StGB)\nNo → Step 6\n\nStep 6: A statement is considered abusive criticism if it goes beyond plausible criticism by primarily intending to abusively offend the victim, hereby neglecting a substantiated contribution.\nIs the statement abusive criticism?\nYes → STOP (criminally RELEVANT according to §§185-187 StGB)\nNo → STOP (NOT criminally relevant according to §§185-187 StGB)\n\n\nAccording to this decision schema, decide whether the following text is criminally revant according to §§185-187 StGB (Defamatory Offense). Answer only with 'True' (criminally relevant according to §§185-187 StGB) or 'False' (not criminally relevant according to §§185-187 StGB).""}, {""role"": ""user"", ""content"": ""@KaiserDesRap Wer so redet gehört sich Verdroschen""}]",0,FN
568,"@noherrmann @Eddie_1412 Die ist nicht nur peinlich,hat einen Riss in der Schüssel, das Unfähigste, was mir diesbezüglich bisher begegnet ist",False,True, True,"[{""role"": ""system"", ""content"": ""You are a legal expert for defamatory offenses according the the German Criminal Code (§§185-187 StGB). Help the user decide whether given posts fall within in the scope of these articles.""}, {""role"": ""user"", ""content"": ""Step 1: A defamatory object can be a living individual, a group of persons that is distinguishable from the general public such that every member of that group could feel their honor is infringed or collective entities such as governments or press companies with a recognised social role and who act with a collective, single will.\nIs there a defamatory object in this statement? \nNo → STOP (NOT criminally relevant according to §§185-187 StGB)\nYes → Step 2\n\nStep 2: A disparaging statement is a statement which interferes with the potential victim's right to honour. It is already fulfilled by expressing contempt or disrespect through the allegation of shortcomings that could reduce the victim’s social standing.\nIs there a disparaging statement directed towards the defamatory object?\nNo → STOP (NOT criminally relevant according to §§185-187 StGB)\nYes → Step 3\n\nStep 3: A factual claim is a stetement that can be proven to be true or untrue in front of a court. A value judgment constitutes and expression of personal opinions.\nIs it primarily a value judgement and NOT primarily a factual claim?\nNo → STOP (NOT criminally relevant according to §§185-187 StGB)\nYes → Step 4\n\nStep 4: An abusive insult is a statement that constitutes breaking a taboo by itself and intends only the defamation of the victim without any substantiated contribution.\nIs the statement an abusive insult?\nYes → STOP (criminally RELEVANT according to §§185-187 StGB)\nNo → Step 5\n\nStep 5: A statement is of public interest if it contains a contribution to the public discourse with respect to a particular relevant topic of public interest.\nIs the statement of public interest?\nYes → STOP (NOT criminally relevant according to §§185-187 StGB)\nNo → Step 6\n\nStep 6: A statement is considered abusive criticism if it goes beyond plausible criticism by primarily intending to abusively offend the victim, hereby neglecting a substantiated contribution.\nIs the statement abusive criticism?\nYes → STOP (criminally RELEVANT according to §§185-187 StGB)\nNo → STOP (NOT criminally relevant according to §§185-187 StGB)\n\n\nAccording to this decision schema, decide whether the following text is criminally revant according to §§185-187 StGB (Defamatory Offense). Answer only with 'True' (criminally relevant according to §§185-187 StGB) or 'False' (not criminally relevant according to §§185-187 StGB).""}, {""role"": ""user"", ""content"": ""@noherrmann @Eddie_1412 Die ist nicht nur peinlich,hat einen Riss in der Schüssel, das Unfähigste, was mir diesbezüglich bisher begegnet ist""}]",2,FP
573,"@welt Ich habe mal geträumt,ja ein Albtraum, ich wäre der SED-Stasi-Trulla auf Ohrfeigenabstand nahe gekommen und mit jedem Watschen wurde sie häßlicher und gruseliger. Erst als ich die Faust einsetzte bekam ihre Horrorfratze die Schönheit die sie verdient !",True,False, False,"[{""role"": ""system"", ""content"": ""You are a legal expert for defamatory offenses according the the German Criminal Code (§§185-187 StGB). Help the user decide whether given posts fall within in the scope of these articles.""}, {""role"": ""user"", ""content"": ""Step 1: A defamatory object can be a living individual, a group of persons that is distinguishable from the general public such that every member of that group could feel their honor is infringed or collective entities such as governments or press companies with a recognised social role and who act with a collective, single will.\nIs there a defamatory object in this statement? \nNo → STOP (NOT criminally relevant according to §§185-187 StGB)\nYes → Step 2\n\nStep 2: A disparaging statement is a statement which interferes with the potential victim's right to honour. It is already fulfilled by expressing contempt or disrespect through the allegation of shortcomings that could reduce the victim’s social standing.\nIs there a disparaging statement directed towards the defamatory object?\nNo → STOP (NOT criminally relevant according to §§185-187 StGB)\nYes → Step 3\n\nStep 3: A factual claim is a stetement that can be proven to be true or untrue in front of a court. A value judgment constitutes and expression of personal opinions.\nIs it primarily a value judgement and NOT primarily a factual claim?\nNo → STOP (NOT criminally relevant according to §§185-187 StGB)\nYes → Step 4\n\nStep 4: An abusive insult is a statement that constitutes breaking a taboo by itself and intends only the defamation of the victim without any substantiated contribution.\nIs the statement an abusive insult?\nYes → STOP (criminally RELEVANT according to §§185-187 StGB)\nNo → Step 5\n\nStep 5: A statement is of public interest if it contains a contribution to the public discourse with respect to a particular relevant topic of public interest.\nIs the statement of public interest?\nYes → STOP (NOT criminally relevant according to §§185-187 StGB)\nNo → Step 6\n\nStep 6: A statement is considered abusive criticism if it goes beyond plausible criticism by primarily intending to abusively offend the victim, hereby neglecting a substantiated contribution.\nIs the statement abusive criticism?\nYes → STOP (criminally RELEVANT according to §§185-187 StGB)\nNo → STOP (NOT criminally relevant according to §§185-187 StGB)\n\n\nAccording to this decision schema, decide whether the following text is criminally revant according to §§185-187 StGB (Defamatory Offense). Answer only with 'True' (criminally relevant according to §§185-187 StGB) or 'False' (not criminally relevant according to §§185-187 StGB).""}, {""role"": ""user"", ""content"": ""@welt Ich habe mal geträumt,ja ein Albtraum, ich wäre der SED-Stasi-Trulla auf Ohrfeigenabstand nahe gekommen und mit jedem Watschen wurde sie häßlicher und gruseliger. Erst als ich die Faust einsetzte bekam ihre Horrorfratze die Schönheit die sie verdient !""}]",3,FN
607,"Allein die Stimme der ZDF-Slomka bringt mich ""alten Mann"" zum ko***, ganz abgesehen von ihren hirnlosen Kommentaren &gt; unterste Schublade 😜",True,False, False,"[{""role"": ""system"", ""content"": ""You are a legal expert for defamatory offenses according the the German Criminal Code (§§185-187 StGB). Help the user decide whether given posts fall within in the scope of these articles.""}, {""role"": ""user"", ""content"": ""Step 1: A defamatory object can be a living individual, a group of persons that is distinguishable from the general public such that every member of that group could feel their honor is infringed or collective entities such as governments or press companies with a recognised social role and who act with a collective, single will.\nIs there a defamatory object in this statement? \nNo → STOP (NOT criminally relevant according to §§185-187 StGB)\nYes → Step 2\n\nStep 2: A disparaging statement is a statement which interferes with the potential victim's right to honour. It is already fulfilled by expressing contempt or disrespect through the allegation of shortcomings that could reduce the victim’s social standing.\nIs there a disparaging statement directed towards the defamatory object?\nNo → STOP (NOT criminally relevant according to §§185-187 StGB)\nYes → Step 3\n\nStep 3: A factual claim is a stetement that can be proven to be true or untrue in front of a court. A value judgment constitutes and expression of personal opinions.\nIs it primarily a value judgement and NOT primarily a factual claim?\nNo → STOP (NOT criminally relevant according to §§185-187 StGB)\nYes → Step 4\n\nStep 4: An abusive insult is a statement that constitutes breaking a taboo by itself and intends only the defamation of the victim without any substantiated contribution.\nIs the statement an abusive insult?\nYes → STOP (criminally RELEVANT according to §§185-187 StGB)\nNo → Step 5\n\nStep 5: A statement is of public interest if it contains a contribution to the public discourse with respect to a particular relevant topic of public interest.\nIs the statement of public interest?\nYes → STOP (NOT criminally relevant according to §§185-187 StGB)\nNo → Step 6\n\nStep 6: A statement is considered abusive criticism if it goes beyond plausible criticism by primarily intending to abusively offend the victim, hereby neglecting a substantiated contribution.\nIs the statement abusive criticism?\nYes → STOP (criminally RELEVANT according to §§185-187 StGB)\nNo → STOP (NOT criminally relevant according to §§185-187 StGB)\n\n\nAccording to this decision schema, decide whether the following text is criminally revant according to §§185-187 StGB (Defamatory Offense). Answer only with 'True' (criminally relevant according to §§185-187 StGB) or 'False' (not criminally relevant according to §§185-187 StGB).""}, {""role"": ""user"", ""content"": ""Allein die Stimme der ZDF-Slomka bringt mich \""alten Mann\"" zum ko***, ganz abgesehen von ihren hirnlosen Kommentaren &gt; unterste Schublade 😜""}]",3,FN
641,@Junge_Freiheit Ja die schauen auch abgemagert aus...speziell das fette Altmaier-Etwas....,True,False, False,"[{""role"": ""system"", ""content"": ""You are a legal expert for defamatory offenses according the the German Criminal Code (§§185-187 StGB). Help the user decide whether given posts fall within in the scope of these articles.""}, {""role"": ""user"", ""content"": ""Step 1: A defamatory object can be a living individual, a group of persons that is distinguishable from the general public such that every member of that group could feel their honor is infringed or collective entities such as governments or press companies with a recognised social role and who act with a collective, single will.\nIs there a defamatory object in this statement? \nNo → STOP (NOT criminally relevant according to §§185-187 StGB)\nYes → Step 2\n\nStep 2: A disparaging statement is a statement which interferes with the potential victim's right to honour. It is already fulfilled by expressing contempt or disrespect through the allegation of shortcomings that could reduce the victim’s social standing.\nIs there a disparaging statement directed towards the defamatory object?\nNo → STOP (NOT criminally relevant according to §§185-187 StGB)\nYes → Step 3\n\nStep 3: A factual claim is a stetement that can be proven to be true or untrue in front of a court. A value judgment constitutes and expression of personal opinions.\nIs it primarily a value judgement and NOT primarily a factual claim?\nNo → STOP (NOT criminally relevant according to §§185-187 StGB)\nYes → Step 4\n\nStep 4: An abusive insult is a statement that constitutes breaking a taboo by itself and intends only the defamation of the victim without any substantiated contribution.\nIs the statement an abusive insult?\nYes → STOP (criminally RELEVANT according to §§185-187 StGB)\nNo → Step 5\n\nStep 5: A statement is of public interest if it contains a contribution to the public discourse with respect to a particular relevant topic of public interest.\nIs the statement of public interest?\nYes → STOP (NOT criminally relevant according to §§185-187 StGB)\nNo → Step 6\n\nStep 6: A statement is considered abusive criticism if it goes beyond plausible criticism by primarily intending to abusively offend the victim, hereby neglecting a substantiated contribution.\nIs the statement abusive criticism?\nYes → STOP (criminally RELEVANT according to §§185-187 StGB)\nNo → STOP (NOT criminally relevant according to §§185-187 StGB)\n\n\nAccording to this decision schema, decide whether the following text is criminally revant according to §§185-187 StGB (Defamatory Offense). Answer only with 'True' (criminally relevant according to §§185-187 StGB) or 'False' (not criminally relevant according to §§185-187 StGB).""}, {""role"": ""user"", ""content"": ""@Junge_Freiheit Ja die schauen auch abgemagert aus...speziell das fette Altmaier-Etwas....""}]",0,FN
642,@Einzelfallbearb @georgesoros @de_sputnik Ist eigentlich noch niemand auf die Idee gekommen diesen Soros endgültig zu ......*zensiert*?! 😉👎,True,False, False,"[{""role"": ""system"", ""content"": ""You are a legal expert for defamatory offenses according the the German Criminal Code (§§185-187 StGB). Help the user decide whether given posts fall within in the scope of these articles.""}, {""role"": ""user"", ""content"": ""Step 1: A defamatory object can be a living individual, a group of persons that is distinguishable from the general public such that every member of that group could feel their honor is infringed or collective entities such as governments or press companies with a recognised social role and who act with a collective, single will.\nIs there a defamatory object in this statement? \nNo → STOP (NOT criminally relevant according to §§185-187 StGB)\nYes → Step 2\n\nStep 2: A disparaging statement is a statement which interferes with the potential victim's right to honour. It is already fulfilled by expressing contempt or disrespect through the allegation of shortcomings that could reduce the victim’s social standing.\nIs there a disparaging statement directed towards the defamatory object?\nNo → STOP (NOT criminally relevant according to §§185-187 StGB)\nYes → Step 3\n\nStep 3: A factual claim is a stetement that can be proven to be true or untrue in front of a court. A value judgment constitutes and expression of personal opinions.\nIs it primarily a value judgement and NOT primarily a factual claim?\nNo → STOP (NOT criminally relevant according to §§185-187 StGB)\nYes → Step 4\n\nStep 4: An abusive insult is a statement that constitutes breaking a taboo by itself and intends only the defamation of the victim without any substantiated contribution.\nIs the statement an abusive insult?\nYes → STOP (criminally RELEVANT according to §§185-187 StGB)\nNo → Step 5\n\nStep 5: A statement is of public interest if it contains a contribution to the public discourse with respect to a particular relevant topic of public interest.\nIs the statement of public interest?\nYes → STOP (NOT criminally relevant according to §§185-187 StGB)\nNo → Step 6\n\nStep 6: A statement is considered abusive criticism if it goes beyond plausible criticism by primarily intending to abusively offend the victim, hereby neglecting a substantiated contribution.\nIs the statement abusive criticism?\nYes → STOP (criminally RELEVANT according to §§185-187 StGB)\nNo → STOP (NOT criminally relevant according to §§185-187 StGB)\n\n\nAccording to this decision schema, decide whether the following text is criminally revant according to §§185-187 StGB (Defamatory Offense). Answer only with 'True' (criminally relevant according to §§185-187 StGB) or 'False' (not criminally relevant according to §§185-187 StGB).""}, {""role"": ""user"", ""content"": ""@Einzelfallbearb @georgesoros @de_sputnik Ist eigentlich noch niemand auf die Idee gekommen diesen Soros endgültig zu ......*zensiert*?! 😉👎""}]",2,FN
660,@Schlonz58 @welt Merkels Vasall mehr sage ich nicht du Dumm-Deutscher!!,False,True, True,"[{""role"": ""system"", ""content"": ""You are a legal expert for defamatory offenses according the the German Criminal Code (§§185-187 StGB). Help the user decide whether given posts fall within in the scope of these articles.""}, {""role"": ""user"", ""content"": ""Step 1: A defamatory object can be a living individual, a group of persons that is distinguishable from the general public such that every member of that group could feel their honor is infringed or collective entities such as governments or press companies with a recognised social role and who act with a collective, single will.\nIs there a defamatory object in this statement? \nNo → STOP (NOT criminally relevant according to §§185-187 StGB)\nYes → Step 2\n\nStep 2: A disparaging statement is a statement which interferes with the potential victim's right to honour. It is already fulfilled by expressing contempt or disrespect through the allegation of shortcomings that could reduce the victim’s social standing.\nIs there a disparaging statement directed towards the defamatory object?\nNo → STOP (NOT criminally relevant according to §§185-187 StGB)\nYes → Step 3\n\nStep 3: A factual claim is a stetement that can be proven to be true or untrue in front of a court. A value judgment constitutes and expression of personal opinions.\nIs it primarily a value judgement and NOT primarily a factual claim?\nNo → STOP (NOT criminally relevant according to §§185-187 StGB)\nYes → Step 4\n\nStep 4: An abusive insult is a statement that constitutes breaking a taboo by itself and intends only the defamation of the victim without any substantiated contribution.\nIs the statement an abusive insult?\nYes → STOP (criminally RELEVANT according to §§185-187 StGB)\nNo → Step 5\n\nStep 5: A statement is of public interest if it contains a contribution to the public discourse with respect to a particular relevant topic of public interest.\nIs the statement of public interest?\nYes → STOP (NOT criminally relevant according to §§185-187 StGB)\nNo → Step 6\n\nStep 6: A statement is considered abusive criticism if it goes beyond plausible criticism by primarily intending to abusively offend the victim, hereby neglecting a substantiated contribution.\nIs the statement abusive criticism?\nYes → STOP (criminally RELEVANT according to §§185-187 StGB)\nNo → STOP (NOT criminally relevant according to §§185-187 StGB)\n\n\nAccording to this decision schema, decide whether the following text is criminally revant according to §§185-187 StGB (Defamatory Offense). Answer only with 'True' (criminally relevant according to §§185-187 StGB) or 'False' (not criminally relevant according to §§185-187 StGB).""}, {""role"": ""user"", ""content"": ""@Schlonz58 @welt Merkels Vasall mehr sage ich nicht du Dumm-Deutscher!!""}]",1,FP
696,@Lexie_M_ @MiriamOzen Abnehmen hat sich nicht gelohnt...fett weg Hirn weg...!,True,False, False,"[{""role"": ""system"", ""content"": ""You are a legal expert for defamatory offenses according the the German Criminal Code (§§185-187 StGB). Help the user decide whether given posts fall within in the scope of these articles.""}, {""role"": ""user"", ""content"": ""Step 1: A defamatory object can be a living individual, a group of persons that is distinguishable from the general public such that every member of that group could feel their honor is infringed or collective entities such as governments or press companies with a recognised social role and who act with a collective, single will.\nIs there a defamatory object in this statement? \nNo → STOP (NOT criminally relevant according to §§185-187 StGB)\nYes → Step 2\n\nStep 2: A disparaging statement is a statement which interferes with the potential victim's right to honour. It is already fulfilled by expressing contempt or disrespect through the allegation of shortcomings that could reduce the victim’s social standing.\nIs there a disparaging statement directed towards the defamatory object?\nNo → STOP (NOT criminally relevant according to §§185-187 StGB)\nYes → Step 3\n\nStep 3: A factual claim is a stetement that can be proven to be true or untrue in front of a court. A value judgment constitutes and expression of personal opinions.\nIs it primarily a value judgement and NOT primarily a factual claim?\nNo → STOP (NOT criminally relevant according to §§185-187 StGB)\nYes → Step 4\n\nStep 4: An abusive insult is a statement that constitutes breaking a taboo by itself and intends only the defamation of the victim without any substantiated contribution.\nIs the statement an abusive insult?\nYes → STOP (criminally RELEVANT according to §§185-187 StGB)\nNo → Step 5\n\nStep 5: A statement is of public interest if it contains a contribution to the public discourse with respect to a particular relevant topic of public interest.\nIs the statement of public interest?\nYes → STOP (NOT criminally relevant according to §§185-187 StGB)\nNo → Step 6\n\nStep 6: A statement is considered abusive criticism if it goes beyond plausible criticism by primarily intending to abusively offend the victim, hereby neglecting a substantiated contribution.\nIs the statement abusive criticism?\nYes → STOP (criminally RELEVANT according to §§185-187 StGB)\nNo → STOP (NOT criminally relevant according to §§185-187 StGB)\n\n\nAccording to this decision schema, decide whether the following text is criminally revant according to §§185-187 StGB (Defamatory Offense). Answer only with 'True' (criminally relevant according to §§185-187 StGB) or 'False' (not criminally relevant according to §§185-187 StGB).""}, {""role"": ""user"", ""content"": ""@Lexie_M_ @MiriamOzen Abnehmen hat sich nicht gelohnt...fett weg Hirn weg...!""}]",0,FN
697,@Hartes_Geld @PatMair1 So einen wie den haben wir früher in der Pfeife geraucht. Heute auch noch,True,False, False,"[{""role"": ""system"", ""content"": ""You are a legal expert for defamatory offenses according the the German Criminal Code (§§185-187 StGB). Help the user decide whether given posts fall within in the scope of these articles.""}, {""role"": ""user"", ""content"": ""Step 1: A defamatory object can be a living individual, a group of persons that is distinguishable from the general public such that every member of that group could feel their honor is infringed or collective entities such as governments or press companies with a recognised social role and who act with a collective, single will.\nIs there a defamatory object in this statement? \nNo → STOP (NOT criminally relevant according to §§185-187 StGB)\nYes → Step 2\n\nStep 2: A disparaging statement is a statement which interferes with the potential victim's right to honour. It is already fulfilled by expressing contempt or disrespect through the allegation of shortcomings that could reduce the victim’s social standing.\nIs there a disparaging statement directed towards the defamatory object?\nNo → STOP (NOT criminally relevant according to §§185-187 StGB)\nYes → Step 3\n\nStep 3: A factual claim is a stetement that can be proven to be true or untrue in front of a court. A value judgment constitutes and expression of personal opinions.\nIs it primarily a value judgement and NOT primarily a factual claim?\nNo → STOP (NOT criminally relevant according to §§185-187 StGB)\nYes → Step 4\n\nStep 4: An abusive insult is a statement that constitutes breaking a taboo by itself and intends only the defamation of the victim without any substantiated contribution.\nIs the statement an abusive insult?\nYes → STOP (criminally RELEVANT according to §§185-187 StGB)\nNo → Step 5\n\nStep 5: A statement is of public interest if it contains a contribution to the public discourse with respect to a particular relevant topic of public interest.\nIs the statement of public interest?\nYes → STOP (NOT criminally relevant according to §§185-187 StGB)\nNo → Step 6\n\nStep 6: A statement is considered abusive criticism if it goes beyond plausible criticism by primarily intending to abusively offend the victim, hereby neglecting a substantiated contribution.\nIs the statement abusive criticism?\nYes → STOP (criminally RELEVANT according to §§185-187 StGB)\nNo → STOP (NOT criminally relevant according to §§185-187 StGB)\n\n\nAccording to this decision schema, decide whether the following text is criminally revant according to §§185-187 StGB (Defamatory Offense). Answer only with 'True' (criminally relevant according to §§185-187 StGB) or 'False' (not criminally relevant according to §§185-187 StGB).""}, {""role"": ""user"", ""content"": ""@Hartes_Geld @PatMair1 So einen wie den haben wir früher in der Pfeife geraucht. Heute auch noch""}]",1,FN
698,"MERKEL MUß WEG !! UND DAS SCHNELL UND RÜCKSTANDSLOS !! DIESER GRÖßENWAHNSINNIGE ALKOHOLIKER SCHULZ DARF HIER NICHTS ZU SAGEN HABEN, AUßER IN DER GESCHLOSENEN! DAS DARF DOCH ALLES NICHT WAHR SEIN !",False,True, True,"[{""role"": ""system"", ""content"": ""You are a legal expert for defamatory offenses according the the German Criminal Code (§§185-187 StGB). Help the user decide whether given posts fall within in the scope of these articles.""}, {""role"": ""user"", ""content"": ""Step 1: A defamatory object can be a living individual, a group of persons that is distinguishable from the general public such that every member of that group could feel their honor is infringed or collective entities such as governments or press companies with a recognised social role and who act with a collective, single will.\nIs there a defamatory object in this statement? \nNo → STOP (NOT criminally relevant according to §§185-187 StGB)\nYes → Step 2\n\nStep 2: A disparaging statement is a statement which interferes with the potential victim's right to honour. It is already fulfilled by expressing contempt or disrespect through the allegation of shortcomings that could reduce the victim’s social standing.\nIs there a disparaging statement directed towards the defamatory object?\nNo → STOP (NOT criminally relevant according to §§185-187 StGB)\nYes → Step 3\n\nStep 3: A factual claim is a stetement that can be proven to be true or untrue in front of a court. A value judgment constitutes and expression of personal opinions.\nIs it primarily a value judgement and NOT primarily a factual claim?\nNo → STOP (NOT criminally relevant according to §§185-187 StGB)\nYes → Step 4\n\nStep 4: An abusive insult is a statement that constitutes breaking a taboo by itself and intends only the defamation of the victim without any substantiated contribution.\nIs the statement an abusive insult?\nYes → STOP (criminally RELEVANT according to §§185-187 StGB)\nNo → Step 5\n\nStep 5: A statement is of public interest if it contains a contribution to the public discourse with respect to a particular relevant topic of public interest.\nIs the statement of public interest?\nYes → STOP (NOT criminally relevant according to §§185-187 StGB)\nNo → Step 6\n\nStep 6: A statement is considered abusive criticism if it goes beyond plausible criticism by primarily intending to abusively offend the victim, hereby neglecting a substantiated contribution.\nIs the statement abusive criticism?\nYes → STOP (criminally RELEVANT according to §§185-187 StGB)\nNo → STOP (NOT criminally relevant according to §§185-187 StGB)\n\n\nAccording to this decision schema, decide whether the following text is criminally revant according to §§185-187 StGB (Defamatory Offense). Answer only with 'True' (criminally relevant according to §§185-187 StGB) or 'False' (not criminally relevant according to §§185-187 StGB).""}, {""role"": ""user"", ""content"": ""MERKEL MUß WEG !! UND DAS SCHNELL UND RÜCKSTANDSLOS !! DIESER GRÖßENWAHNSINNIGE ALKOHOLIKER SCHULZ DARF HIER NICHTS ZU SAGEN HABEN, AUßER IN DER GESCHLOSENEN! DAS DARF DOCH ALLES NICHT WAHR SEIN !""}]",0,FP
733,@F_von_Steiner @krippmarie @loriotfehlt @OssiMarzahn76 Bist du ein asozialer Penner so werde Politiker ...gelingt Anwälten und Immobilienmakler auch..😃😃,False,True, True,"[{""role"": ""system"", ""content"": ""You are a legal expert for defamatory offenses according the the German Criminal Code (§§185-187 StGB). Help the user decide whether given posts fall within in the scope of these articles.""}, {""role"": ""user"", ""content"": ""Step 1: A defamatory object can be a living individual, a group of persons that is distinguishable from the general public such that every member of that group could feel their honor is infringed or collective entities such as governments or press companies with a recognised social role and who act with a collective, single will.\nIs there a defamatory object in this statement? \nNo → STOP (NOT criminally relevant according to §§185-187 StGB)\nYes → Step 2\n\nStep 2: A disparaging statement is a statement which interferes with the potential victim's right to honour. It is already fulfilled by expressing contempt or disrespect through the allegation of shortcomings that could reduce the victim’s social standing.\nIs there a disparaging statement directed towards the defamatory object?\nNo → STOP (NOT criminally relevant according to §§185-187 StGB)\nYes → Step 3\n\nStep 3: A factual claim is a stetement that can be proven to be true or untrue in front of a court. A value judgment constitutes and expression of personal opinions.\nIs it primarily a value judgement and NOT primarily a factual claim?\nNo → STOP (NOT criminally relevant according to §§185-187 StGB)\nYes → Step 4\n\nStep 4: An abusive insult is a statement that constitutes breaking a taboo by itself and intends only the defamation of the victim without any substantiated contribution.\nIs the statement an abusive insult?\nYes → STOP (criminally RELEVANT according to §§185-187 StGB)\nNo → Step 5\n\nStep 5: A statement is of public interest if it contains a contribution to the public discourse with respect to a particular relevant topic of public interest.\nIs the statement of public interest?\nYes → STOP (NOT criminally relevant according to §§185-187 StGB)\nNo → Step 6\n\nStep 6: A statement is considered abusive criticism if it goes beyond plausible criticism by primarily intending to abusively offend the victim, hereby neglecting a substantiated contribution.\nIs the statement abusive criticism?\nYes → STOP (criminally RELEVANT according to §§185-187 StGB)\nNo → STOP (NOT criminally relevant according to §§185-187 StGB)\n\n\nAccording to this decision schema, decide whether the following text is criminally revant according to §§185-187 StGB (Defamatory Offense). Answer only with 'True' (criminally relevant according to §§185-187 StGB) or 'False' (not criminally relevant according to §§185-187 StGB).""}, {""role"": ""user"", ""content"": ""@F_von_Steiner @krippmarie @loriotfehlt @OssiMarzahn76 Bist du ein asozialer Penner so werde Politiker ...gelingt Anwälten und Immobilienmakler auch..😃😃""}]",0,FP
741,@MD_Franz @krippmarie Dumm wie Lauch...außen zwar grün aber innen auch hohl...!!,False,True, True,"[{""role"": ""system"", ""content"": ""You are a legal expert for defamatory offenses according the the German Criminal Code (§§185-187 StGB). Help the user decide whether given posts fall within in the scope of these articles.""}, {""role"": ""user"", ""content"": ""Step 1: A defamatory object can be a living individual, a group of persons that is distinguishable from the general public such that every member of that group could feel their honor is infringed or collective entities such as governments or press companies with a recognised social role and who act with a collective, single will.\nIs there a defamatory object in this statement? \nNo → STOP (NOT criminally relevant according to §§185-187 StGB)\nYes → Step 2\n\nStep 2: A disparaging statement is a statement which interferes with the potential victim's right to honour. It is already fulfilled by expressing contempt or disrespect through the allegation of shortcomings that could reduce the victim’s social standing.\nIs there a disparaging statement directed towards the defamatory object?\nNo → STOP (NOT criminally relevant according to §§185-187 StGB)\nYes → Step 3\n\nStep 3: A factual claim is a stetement that can be proven to be true or untrue in front of a court. A value judgment constitutes and expression of personal opinions.\nIs it primarily a value judgement and NOT primarily a factual claim?\nNo → STOP (NOT criminally relevant according to §§185-187 StGB)\nYes → Step 4\n\nStep 4: An abusive insult is a statement that constitutes breaking a taboo by itself and intends only the defamation of the victim without any substantiated contribution.\nIs the statement an abusive insult?\nYes → STOP (criminally RELEVANT according to §§185-187 StGB)\nNo → Step 5\n\nStep 5: A statement is of public interest if it contains a contribution to the public discourse with respect to a particular relevant topic of public interest.\nIs the statement of public interest?\nYes → STOP (NOT criminally relevant according to §§185-187 StGB)\nNo → Step 6\n\nStep 6: A statement is considered abusive criticism if it goes beyond plausible criticism by primarily intending to abusively offend the victim, hereby neglecting a substantiated contribution.\nIs the statement abusive criticism?\nYes → STOP (criminally RELEVANT according to §§185-187 StGB)\nNo → STOP (NOT criminally relevant according to §§185-187 StGB)\n\n\nAccording to this decision schema, decide whether the following text is criminally revant according to §§185-187 StGB (Defamatory Offense). Answer only with 'True' (criminally relevant according to §§185-187 StGB) or 'False' (not criminally relevant according to §§185-187 StGB).""}, {""role"": ""user"", ""content"": ""@MD_Franz @krippmarie Dumm wie Lauch...außen zwar grün aber innen auch hohl...!!""}]",1,FP
774,Drachenlord wird immer fetter bald kann man die Sau schlachten und damit eine ganze Familie eine Woche ernähren,True,False, False,"[{""role"": ""system"", ""content"": ""You are a legal expert for defamatory offenses according the the German Criminal Code (§§185-187 StGB). Help the user decide whether given posts fall within in the scope of these articles.""}, {""role"": ""user"", ""content"": ""Step 1: A defamatory object can be a living individual, a group of persons that is distinguishable from the general public such that every member of that group could feel their honor is infringed or collective entities such as governments or press companies with a recognised social role and who act with a collective, single will.\nIs there a defamatory object in this statement? \nNo → STOP (NOT criminally relevant according to §§185-187 StGB)\nYes → Step 2\n\nStep 2: A disparaging statement is a statement which interferes with the potential victim's right to honour. It is already fulfilled by expressing contempt or disrespect through the allegation of shortcomings that could reduce the victim’s social standing.\nIs there a disparaging statement directed towards the defamatory object?\nNo → STOP (NOT criminally relevant according to §§185-187 StGB)\nYes → Step 3\n\nStep 3: A factual claim is a stetement that can be proven to be true or untrue in front of a court. A value judgment constitutes and expression of personal opinions.\nIs it primarily a value judgement and NOT primarily a factual claim?\nNo → STOP (NOT criminally relevant according to §§185-187 StGB)\nYes → Step 4\n\nStep 4: An abusive insult is a statement that constitutes breaking a taboo by itself and intends only the defamation of the victim without any substantiated contribution.\nIs the statement an abusive insult?\nYes → STOP (criminally RELEVANT according to §§185-187 StGB)\nNo → Step 5\n\nStep 5: A statement is of public interest if it contains a contribution to the public discourse with respect to a particular relevant topic of public interest.\nIs the statement of public interest?\nYes → STOP (NOT criminally relevant according to §§185-187 StGB)\nNo → Step 6\n\nStep 6: A statement is considered abusive criticism if it goes beyond plausible criticism by primarily intending to abusively offend the victim, hereby neglecting a substantiated contribution.\nIs the statement abusive criticism?\nYes → STOP (criminally RELEVANT according to §§185-187 StGB)\nNo → STOP (NOT criminally relevant according to §§185-187 StGB)\n\n\nAccording to this decision schema, decide whether the following text is criminally revant according to §§185-187 StGB (Defamatory Offense). Answer only with 'True' (criminally relevant according to §§185-187 StGB) or 'False' (not criminally relevant according to §§185-187 StGB).""}, {""role"": ""user"", ""content"": ""Drachenlord wird immer fetter bald kann man die Sau schlachten und damit eine ganze Familie eine Woche ernähren""}]",0,FN
784,@Gauinator Würde lachen wenn er wirklich mal vom 1 stock ins Erdgeschoss mit seinem Fettarsch durchbricht,True,False, False,"[{""role"": ""system"", ""content"": ""You are a legal expert for defamatory offenses according the the German Criminal Code (§§185-187 StGB). Help the user decide whether given posts fall within in the scope of these articles.""}, {""role"": ""user"", ""content"": ""Step 1: A defamatory object can be a living individual, a group of persons that is distinguishable from the general public such that every member of that group could feel their honor is infringed or collective entities such as governments or press companies with a recognised social role and who act with a collective, single will.\nIs there a defamatory object in this statement? \nNo → STOP (NOT criminally relevant according to §§185-187 StGB)\nYes → Step 2\n\nStep 2: A disparaging statement is a statement which interferes with the potential victim's right to honour. It is already fulfilled by expressing contempt or disrespect through the allegation of shortcomings that could reduce the victim’s social standing.\nIs there a disparaging statement directed towards the defamatory object?\nNo → STOP (NOT criminally relevant according to §§185-187 StGB)\nYes → Step 3\n\nStep 3: A factual claim is a stetement that can be proven to be true or untrue in front of a court. A value judgment constitutes and expression of personal opinions.\nIs it primarily a value judgement and NOT primarily a factual claim?\nNo → STOP (NOT criminally relevant according to §§185-187 StGB)\nYes → Step 4\n\nStep 4: An abusive insult is a statement that constitutes breaking a taboo by itself and intends only the defamation of the victim without any substantiated contribution.\nIs the statement an abusive insult?\nYes → STOP (criminally RELEVANT according to §§185-187 StGB)\nNo → Step 5\n\nStep 5: A statement is of public interest if it contains a contribution to the public discourse with respect to a particular relevant topic of public interest.\nIs the statement of public interest?\nYes → STOP (NOT criminally relevant according to §§185-187 StGB)\nNo → Step 6\n\nStep 6: A statement is considered abusive criticism if it goes beyond plausible criticism by primarily intending to abusively offend the victim, hereby neglecting a substantiated contribution.\nIs the statement abusive criticism?\nYes → STOP (criminally RELEVANT according to §§185-187 StGB)\nNo → STOP (NOT criminally relevant according to §§185-187 StGB)\n\n\nAccording to this decision schema, decide whether the following text is criminally revant according to §§185-187 StGB (Defamatory Offense). Answer only with 'True' (criminally relevant according to §§185-187 StGB) or 'False' (not criminally relevant according to §§185-187 StGB).""}, {""role"": ""user"", ""content"": ""@Gauinator Würde lachen wenn er wirklich mal vom 1 stock ins Erdgeschoss mit seinem Fettarsch durchbricht""}]",0,FN
826,"@SchaarSevi @Ofenschlampe Ich nenne solche Kaliber Bessermenschen. Die bezeichnen dich als Mörder,  wenn du eine Fruchtfliege killst, haben aber selbst x-fach abgetrieben. |LBR| #Doppelmoral |LBR| #Narzissmus",False,True, True,"[{""role"": ""system"", ""content"": ""You are a legal expert for defamatory offenses according the the German Criminal Code (§§185-187 StGB). Help the user decide whether given posts fall within in the scope of these articles.""}, {""role"": ""user"", ""content"": ""Step 1: A defamatory object can be a living individual, a group of persons that is distinguishable from the general public such that every member of that group could feel their honor is infringed or collective entities such as governments or press companies with a recognised social role and who act with a collective, single will.\nIs there a defamatory object in this statement? \nNo → STOP (NOT criminally relevant according to §§185-187 StGB)\nYes → Step 2\n\nStep 2: A disparaging statement is a statement which interferes with the potential victim's right to honour. It is already fulfilled by expressing contempt or disrespect through the allegation of shortcomings that could reduce the victim’s social standing.\nIs there a disparaging statement directed towards the defamatory object?\nNo → STOP (NOT criminally relevant according to §§185-187 StGB)\nYes → Step 3\n\nStep 3: A factual claim is a stetement that can be proven to be true or untrue in front of a court. A value judgment constitutes and expression of personal opinions.\nIs it primarily a value judgement and NOT primarily a factual claim?\nNo → STOP (NOT criminally relevant according to §§185-187 StGB)\nYes → Step 4\n\nStep 4: An abusive insult is a statement that constitutes breaking a taboo by itself and intends only the defamation of the victim without any substantiated contribution.\nIs the statement an abusive insult?\nYes → STOP (criminally RELEVANT according to §§185-187 StGB)\nNo → Step 5\n\nStep 5: A statement is of public interest if it contains a contribution to the public discourse with respect to a particular relevant topic of public interest.\nIs the statement of public interest?\nYes → STOP (NOT criminally relevant according to §§185-187 StGB)\nNo → Step 6\n\nStep 6: A statement is considered abusive criticism if it goes beyond plausible criticism by primarily intending to abusively offend the victim, hereby neglecting a substantiated contribution.\nIs the statement abusive criticism?\nYes → STOP (criminally RELEVANT according to §§185-187 StGB)\nNo → STOP (NOT criminally relevant according to §§185-187 StGB)\n\n\nAccording to this decision schema, decide whether the following text is criminally revant according to §§185-187 StGB (Defamatory Offense). Answer only with 'True' (criminally relevant according to §§185-187 StGB) or 'False' (not criminally relevant according to §§185-187 StGB).""}, {""role"": ""user"", ""content"": ""@SchaarSevi @Ofenschlampe Ich nenne solche Kaliber Bessermenschen. Die bezeichnen dich als Mörder,  wenn du eine Fruchtfliege killst, haben aber selbst x-fach abgetrieben. |LBR| #Doppelmoral |LBR| #Narzissmus""}]",0,FP
829,@Mirapi_NRW @Gerry_Grantler Die strotzt vor Blödheit! Teilt sich mit Fatima Roth einen 40er-IQ!,False,True, True,"[{""role"": ""system"", ""content"": ""You are a legal expert for defamatory offenses according the the German Criminal Code (§§185-187 StGB). Help the user decide whether given posts fall within in the scope of these articles.""}, {""role"": ""user"", ""content"": ""Step 1: A defamatory object can be a living individual, a group of persons that is distinguishable from the general public such that every member of that group could feel their honor is infringed or collective entities such as governments or press companies with a recognised social role and who act with a collective, single will.\nIs there a defamatory object in this statement? \nNo → STOP (NOT criminally relevant according to §§185-187 StGB)\nYes → Step 2\n\nStep 2: A disparaging statement is a statement which interferes with the potential victim's right to honour. It is already fulfilled by expressing contempt or disrespect through the allegation of shortcomings that could reduce the victim’s social standing.\nIs there a disparaging statement directed towards the defamatory object?\nNo → STOP (NOT criminally relevant according to §§185-187 StGB)\nYes → Step 3\n\nStep 3: A factual claim is a stetement that can be proven to be true or untrue in front of a court. A value judgment constitutes and expression of personal opinions.\nIs it primarily a value judgement and NOT primarily a factual claim?\nNo → STOP (NOT criminally relevant according to §§185-187 StGB)\nYes → Step 4\n\nStep 4: An abusive insult is a statement that constitutes breaking a taboo by itself and intends only the defamation of the victim without any substantiated contribution.\nIs the statement an abusive insult?\nYes → STOP (criminally RELEVANT according to §§185-187 StGB)\nNo → Step 5\n\nStep 5: A statement is of public interest if it contains a contribution to the public discourse with respect to a particular relevant topic of public interest.\nIs the statement of public interest?\nYes → STOP (NOT criminally relevant according to §§185-187 StGB)\nNo → Step 6\n\nStep 6: A statement is considered abusive criticism if it goes beyond plausible criticism by primarily intending to abusively offend the victim, hereby neglecting a substantiated contribution.\nIs the statement abusive criticism?\nYes → STOP (criminally RELEVANT according to §§185-187 StGB)\nNo → STOP (NOT criminally relevant according to §§185-187 StGB)\n\n\nAccording to this decision schema, decide whether the following text is criminally revant according to §§185-187 StGB (Defamatory Offense). Answer only with 'True' (criminally relevant according to §§185-187 StGB) or 'False' (not criminally relevant according to §§185-187 StGB).""}, {""role"": ""user"", ""content"": ""@Mirapi_NRW @Gerry_Grantler Die strotzt vor Blödheit! Teilt sich mit Fatima Roth einen 40er-IQ!""}]",3,FP
884,Was ein Hurensohn muss man sein um Imp zu unterstützen,False,True, True,"[{""role"": ""system"", ""content"": ""You are a legal expert for defamatory offenses according the the German Criminal Code (§§185-187 StGB). Help the user decide whether given posts fall within in the scope of these articles.""}, {""role"": ""user"", ""content"": ""Step 1: A defamatory object can be a living individual, a group of persons that is distinguishable from the general public such that every member of that group could feel their honor is infringed or collective entities such as governments or press companies with a recognised social role and who act with a collective, single will.\nIs there a defamatory object in this statement? \nNo → STOP (NOT criminally relevant according to §§185-187 StGB)\nYes → Step 2\n\nStep 2: A disparaging statement is a statement which interferes with the potential victim's right to honour. It is already fulfilled by expressing contempt or disrespect through the allegation of shortcomings that could reduce the victim’s social standing.\nIs there a disparaging statement directed towards the defamatory object?\nNo → STOP (NOT criminally relevant according to §§185-187 StGB)\nYes → Step 3\n\nStep 3: A factual claim is a stetement that can be proven to be true or untrue in front of a court. A value judgment constitutes and expression of personal opinions.\nIs it primarily a value judgement and NOT primarily a factual claim?\nNo → STOP (NOT criminally relevant according to §§185-187 StGB)\nYes → Step 4\n\nStep 4: An abusive insult is a statement that constitutes breaking a taboo by itself and intends only the defamation of the victim without any substantiated contribution.\nIs the statement an abusive insult?\nYes → STOP (criminally RELEVANT according to §§185-187 StGB)\nNo → Step 5\n\nStep 5: A statement is of public interest if it contains a contribution to the public discourse with respect to a particular relevant topic of public interest.\nIs the statement of public interest?\nYes → STOP (NOT criminally relevant according to §§185-187 StGB)\nNo → Step 6\n\nStep 6: A statement is considered abusive criticism if it goes beyond plausible criticism by primarily intending to abusively offend the victim, hereby neglecting a substantiated contribution.\nIs the statement abusive criticism?\nYes → STOP (criminally RELEVANT according to §§185-187 StGB)\nNo → STOP (NOT criminally relevant according to §§185-187 StGB)\n\n\nAccording to this decision schema, decide whether the following text is criminally revant according to §§185-187 StGB (Defamatory Offense). Answer only with 'True' (criminally relevant according to §§185-187 StGB) or 'False' (not criminally relevant according to §§185-187 StGB).""}, {""role"": ""user"", ""content"": ""Was ein Hurensohn muss man sein um Imp zu unterstützen""}]",3,FP
887,@CsendC @MiriamOzen Was für eine ekelhafte Person....der alte..!!,False,True, True,"[{""role"": ""system"", ""content"": ""You are a legal expert for defamatory offenses according the the German Criminal Code (§§185-187 StGB). Help the user decide whether given posts fall within in the scope of these articles.""}, {""role"": ""user"", ""content"": ""Step 1: A defamatory object can be a living individual, a group of persons that is distinguishable from the general public such that every member of that group could feel their honor is infringed or collective entities such as governments or press companies with a recognised social role and who act with a collective, single will.\nIs there a defamatory object in this statement? \nNo → STOP (NOT criminally relevant according to §§185-187 StGB)\nYes → Step 2\n\nStep 2: A disparaging statement is a statement which interferes with the potential victim's right to honour. It is already fulfilled by expressing contempt or disrespect through the allegation of shortcomings that could reduce the victim’s social standing.\nIs there a disparaging statement directed towards the defamatory object?\nNo → STOP (NOT criminally relevant according to §§185-187 StGB)\nYes → Step 3\n\nStep 3: A factual claim is a stetement that can be proven to be true or untrue in front of a court. A value judgment constitutes and expression of personal opinions.\nIs it primarily a value judgement and NOT primarily a factual claim?\nNo → STOP (NOT criminally relevant according to §§185-187 StGB)\nYes → Step 4\n\nStep 4: An abusive insult is a statement that constitutes breaking a taboo by itself and intends only the defamation of the victim without any substantiated contribution.\nIs the statement an abusive insult?\nYes → STOP (criminally RELEVANT according to §§185-187 StGB)\nNo → Step 5\n\nStep 5: A statement is of public interest if it contains a contribution to the public discourse with respect to a particular relevant topic of public interest.\nIs the statement of public interest?\nYes → STOP (NOT criminally relevant according to §§185-187 StGB)\nNo → Step 6\n\nStep 6: A statement is considered abusive criticism if it goes beyond plausible criticism by primarily intending to abusively offend the victim, hereby neglecting a substantiated contribution.\nIs the statement abusive criticism?\nYes → STOP (criminally RELEVANT according to §§185-187 StGB)\nNo → STOP (NOT criminally relevant according to §§185-187 StGB)\n\n\nAccording to this decision schema, decide whether the following text is criminally revant according to §§185-187 StGB (Defamatory Offense). Answer only with 'True' (criminally relevant according to §§185-187 StGB) or 'False' (not criminally relevant according to §§185-187 StGB).""}, {""role"": ""user"", ""content"": ""@CsendC @MiriamOzen Was für eine ekelhafte Person....der alte..!!""}]",1,FP
979,"Oh Gott, sehe gerade Laschet in den n-tv Nachrichten, ich glaube ich muss ko***, mir ist schlecht 🤢🤢🤢",True,False, False,"[{""role"": ""system"", ""content"": ""You are a legal expert for defamatory offenses according the the German Criminal Code (§§185-187 StGB). Help the user decide whether given posts fall within in the scope of these articles.""}, {""role"": ""user"", ""content"": ""Step 1: A defamatory object can be a living individual, a group of persons that is distinguishable from the general public such that every member of that group could feel their honor is infringed or collective entities such as governments or press companies with a recognised social role and who act with a collective, single will.\nIs there a defamatory object in this statement? \nNo → STOP (NOT criminally relevant according to §§185-187 StGB)\nYes → Step 2\n\nStep 2: A disparaging statement is a statement which interferes with the potential victim's right to honour. It is already fulfilled by expressing contempt or disrespect through the allegation of shortcomings that could reduce the victim’s social standing.\nIs there a disparaging statement directed towards the defamatory object?\nNo → STOP (NOT criminally relevant according to §§185-187 StGB)\nYes → Step 3\n\nStep 3: A factual claim is a stetement that can be proven to be true or untrue in front of a court. A value judgment constitutes and expression of personal opinions.\nIs it primarily a value judgement and NOT primarily a factual claim?\nNo → STOP (NOT criminally relevant according to §§185-187 StGB)\nYes → Step 4\n\nStep 4: An abusive insult is a statement that constitutes breaking a taboo by itself and intends only the defamation of the victim without any substantiated contribution.\nIs the statement an abusive insult?\nYes → STOP (criminally RELEVANT according to §§185-187 StGB)\nNo → Step 5\n\nStep 5: A statement is of public interest if it contains a contribution to the public discourse with respect to a particular relevant topic of public interest.\nIs the statement of public interest?\nYes → STOP (NOT criminally relevant according to §§185-187 StGB)\nNo → Step 6\n\nStep 6: A statement is considered abusive criticism if it goes beyond plausible criticism by primarily intending to abusively offend the victim, hereby neglecting a substantiated contribution.\nIs the statement abusive criticism?\nYes → STOP (criminally RELEVANT according to §§185-187 StGB)\nNo → STOP (NOT criminally relevant according to §§185-187 StGB)\n\n\nAccording to this decision schema, decide whether the following text is criminally revant according to §§185-187 StGB (Defamatory Offense). Answer only with 'True' (criminally relevant according to §§185-187 StGB) or 'False' (not criminally relevant according to §§185-187 StGB).""}, {""role"": ""user"", ""content"": ""Oh Gott, sehe gerade Laschet in den n-tv Nachrichten, ich glaube ich muss ko***, mir ist schlecht 🤢🤢🤢""}]",3,FN
1009,@RvrsApacheMastr Braucht dieses Pack jetzt noch jemanden zum Arsch abputzen?,False,True, True,"[{""role"": ""system"", ""content"": ""You are a legal expert for defamatory offenses according the the German Criminal Code (§§185-187 StGB). Help the user decide whether given posts fall within in the scope of these articles.""}, {""role"": ""user"", ""content"": ""Step 1: A defamatory object can be a living individual, a group of persons that is distinguishable from the general public such that every member of that group could feel their honor is infringed or collective entities such as governments or press companies with a recognised social role and who act with a collective, single will.\nIs there a defamatory object in this statement? \nNo → STOP (NOT criminally relevant according to §§185-187 StGB)\nYes → Step 2\n\nStep 2: A disparaging statement is a statement which interferes with the potential victim's right to honour. It is already fulfilled by expressing contempt or disrespect through the allegation of shortcomings that could reduce the victim’s social standing.\nIs there a disparaging statement directed towards the defamatory object?\nNo → STOP (NOT criminally relevant according to §§185-187 StGB)\nYes → Step 3\n\nStep 3: A factual claim is a stetement that can be proven to be true or untrue in front of a court. A value judgment constitutes and expression of personal opinions.\nIs it primarily a value judgement and NOT primarily a factual claim?\nNo → STOP (NOT criminally relevant according to §§185-187 StGB)\nYes → Step 4\n\nStep 4: An abusive insult is a statement that constitutes breaking a taboo by itself and intends only the defamation of the victim without any substantiated contribution.\nIs the statement an abusive insult?\nYes → STOP (criminally RELEVANT according to §§185-187 StGB)\nNo → Step 5\n\nStep 5: A statement is of public interest if it contains a contribution to the public discourse with respect to a particular relevant topic of public interest.\nIs the statement of public interest?\nYes → STOP (NOT criminally relevant according to §§185-187 StGB)\nNo → Step 6\n\nStep 6: A statement is considered abusive criticism if it goes beyond plausible criticism by primarily intending to abusively offend the victim, hereby neglecting a substantiated contribution.\nIs the statement abusive criticism?\nYes → STOP (criminally RELEVANT according to §§185-187 StGB)\nNo → STOP (NOT criminally relevant according to §§185-187 StGB)\n\n\nAccording to this decision schema, decide whether the following text is criminally revant according to §§185-187 StGB (Defamatory Offense). Answer only with 'True' (criminally relevant according to §§185-187 StGB) or 'False' (not criminally relevant according to §§185-187 StGB).""}, {""role"": ""user"", ""content"": ""@RvrsApacheMastr Braucht dieses Pack jetzt noch jemanden zum Arsch abputzen?""}]",2,FP
1021,"@BILD_LA Ein krimineller, perverser Dummkopf, der bald endlich schlechte deutsche Geschichte ist!",False,True, True,"[{""role"": ""system"", ""content"": ""You are a legal expert for defamatory offenses according the the German Criminal Code (§§185-187 StGB). Help the user decide whether given posts fall within in the scope of these articles.""}, {""role"": ""user"", ""content"": ""Step 1: A defamatory object can be a living individual, a group of persons that is distinguishable from the general public such that every member of that group could feel their honor is infringed or collective entities such as governments or press companies with a recognised social role and who act with a collective, single will.\nIs there a defamatory object in this statement? \nNo → STOP (NOT criminally relevant according to §§185-187 StGB)\nYes → Step 2\n\nStep 2: A disparaging statement is a statement which interferes with the potential victim's right to honour. It is already fulfilled by expressing contempt or disrespect through the allegation of shortcomings that could reduce the victim’s social standing.\nIs there a disparaging statement directed towards the defamatory object?\nNo → STOP (NOT criminally relevant according to §§185-187 StGB)\nYes → Step 3\n\nStep 3: A factual claim is a stetement that can be proven to be true or untrue in front of a court. A value judgment constitutes and expression of personal opinions.\nIs it primarily a value judgement and NOT primarily a factual claim?\nNo → STOP (NOT criminally relevant according to §§185-187 StGB)\nYes → Step 4\n\nStep 4: An abusive insult is a statement that constitutes breaking a taboo by itself and intends only the defamation of the victim without any substantiated contribution.\nIs the statement an abusive insult?\nYes → STOP (criminally RELEVANT according to §§185-187 StGB)\nNo → Step 5\n\nStep 5: A statement is of public interest if it contains a contribution to the public discourse with respect to a particular relevant topic of public interest.\nIs the statement of public interest?\nYes → STOP (NOT criminally relevant according to §§185-187 StGB)\nNo → Step 6\n\nStep 6: A statement is considered abusive criticism if it goes beyond plausible criticism by primarily intending to abusively offend the victim, hereby neglecting a substantiated contribution.\nIs the statement abusive criticism?\nYes → STOP (criminally RELEVANT according to §§185-187 StGB)\nNo → STOP (NOT criminally relevant according to §§185-187 StGB)\n\n\nAccording to this decision schema, decide whether the following text is criminally revant according to §§185-187 StGB (Defamatory Offense). Answer only with 'True' (criminally relevant according to §§185-187 StGB) or 'False' (not criminally relevant according to §§185-187 StGB).""}, {""role"": ""user"", ""content"": ""@BILD_LA Ein krimineller, perverser Dummkopf, der bald endlich schlechte deutsche Geschichte ist!""}]",2,FP
1029,"@dushanwegner @Heinrich_Krug Hey Leute, wir haben so lange die Warzentusse ertragen...das mit dem Kleinwüchsigem kriegen wir auch hin...",True,False, False,"[{""role"": ""system"", ""content"": ""You are a legal expert for defamatory offenses according the the German Criminal Code (§§185-187 StGB). Help the user decide whether given posts fall within in the scope of these articles.""}, {""role"": ""user"", ""content"": ""Step 1: A defamatory object can be a living individual, a group of persons that is distinguishable from the general public such that every member of that group could feel their honor is infringed or collective entities such as governments or press companies with a recognised social role and who act with a collective, single will.\nIs there a defamatory object in this statement? \nNo → STOP (NOT criminally relevant according to §§185-187 StGB)\nYes → Step 2\n\nStep 2: A disparaging statement is a statement which interferes with the potential victim's right to honour. It is already fulfilled by expressing contempt or disrespect through the allegation of shortcomings that could reduce the victim’s social standing.\nIs there a disparaging statement directed towards the defamatory object?\nNo → STOP (NOT criminally relevant according to §§185-187 StGB)\nYes → Step 3\n\nStep 3: A factual claim is a stetement that can be proven to be true or untrue in front of a court. A value judgment constitutes and expression of personal opinions.\nIs it primarily a value judgement and NOT primarily a factual claim?\nNo → STOP (NOT criminally relevant according to §§185-187 StGB)\nYes → Step 4\n\nStep 4: An abusive insult is a statement that constitutes breaking a taboo by itself and intends only the defamation of the victim without any substantiated contribution.\nIs the statement an abusive insult?\nYes → STOP (criminally RELEVANT according to §§185-187 StGB)\nNo → Step 5\n\nStep 5: A statement is of public interest if it contains a contribution to the public discourse with respect to a particular relevant topic of public interest.\nIs the statement of public interest?\nYes → STOP (NOT criminally relevant according to §§185-187 StGB)\nNo → Step 6\n\nStep 6: A statement is considered abusive criticism if it goes beyond plausible criticism by primarily intending to abusively offend the victim, hereby neglecting a substantiated contribution.\nIs the statement abusive criticism?\nYes → STOP (criminally RELEVANT according to §§185-187 StGB)\nNo → STOP (NOT criminally relevant according to §§185-187 StGB)\n\n\nAccording to this decision schema, decide whether the following text is criminally revant according to §§185-187 StGB (Defamatory Offense). Answer only with 'True' (criminally relevant according to §§185-187 StGB) or 'False' (not criminally relevant according to §§185-187 StGB).""}, {""role"": ""user"", ""content"": ""@dushanwegner @Heinrich_Krug Hey Leute, wir haben so lange die Warzentusse ertragen...das mit dem Kleinwüchsigem kriegen wir auch hin...""}]",3,FN
1059,@DuHugonotte @bzberlin @focus_regional Man hört noch nicht einmal einen Judenfurz💨,True,False, False,"[{""role"": ""system"", ""content"": ""You are a legal expert for defamatory offenses according the the German Criminal Code (§§185-187 StGB). Help the user decide whether given posts fall within in the scope of these articles.""}, {""role"": ""user"", ""content"": ""Step 1: A defamatory object can be a living individual, a group of persons that is distinguishable from the general public such that every member of that group could feel their honor is infringed or collective entities such as governments or press companies with a recognised social role and who act with a collective, single will.\nIs there a defamatory object in this statement? \nNo → STOP (NOT criminally relevant according to §§185-187 StGB)\nYes → Step 2\n\nStep 2: A disparaging statement is a statement which interferes with the potential victim's right to honour. It is already fulfilled by expressing contempt or disrespect through the allegation of shortcomings that could reduce the victim’s social standing.\nIs there a disparaging statement directed towards the defamatory object?\nNo → STOP (NOT criminally relevant according to §§185-187 StGB)\nYes → Step 3\n\nStep 3: A factual claim is a stetement that can be proven to be true or untrue in front of a court. A value judgment constitutes and expression of personal opinions.\nIs it primarily a value judgement and NOT primarily a factual claim?\nNo → STOP (NOT criminally relevant according to §§185-187 StGB)\nYes → Step 4\n\nStep 4: An abusive insult is a statement that constitutes breaking a taboo by itself and intends only the defamation of the victim without any substantiated contribution.\nIs the statement an abusive insult?\nYes → STOP (criminally RELEVANT according to §§185-187 StGB)\nNo → Step 5\n\nStep 5: A statement is of public interest if it contains a contribution to the public discourse with respect to a particular relevant topic of public interest.\nIs the statement of public interest?\nYes → STOP (NOT criminally relevant according to §§185-187 StGB)\nNo → Step 6\n\nStep 6: A statement is considered abusive criticism if it goes beyond plausible criticism by primarily intending to abusively offend the victim, hereby neglecting a substantiated contribution.\nIs the statement abusive criticism?\nYes → STOP (criminally RELEVANT according to §§185-187 StGB)\nNo → STOP (NOT criminally relevant according to §§185-187 StGB)\n\n\nAccording to this decision schema, decide whether the following text is criminally revant according to §§185-187 StGB (Defamatory Offense). Answer only with 'True' (criminally relevant according to §§185-187 StGB) or 'False' (not criminally relevant according to §§185-187 StGB).""}, {""role"": ""user"", ""content"": ""@DuHugonotte @bzberlin @focus_regional Man hört noch nicht einmal einen Judenfurz💨""}]",0,FN
1060,@66Freedom66 Dreckiger Neger...dreckiges Pack...die Deutschen lieben sie halt..!!,False,True, True,"[{""role"": ""system"", ""content"": ""You are a legal expert for defamatory offenses according the the German Criminal Code (§§185-187 StGB). Help the user decide whether given posts fall within in the scope of these articles.""}, {""role"": ""user"", ""content"": ""Step 1: A defamatory object can be a living individual, a group of persons that is distinguishable from the general public such that every member of that group could feel their honor is infringed or collective entities such as governments or press companies with a recognised social role and who act with a collective, single will.\nIs there a defamatory object in this statement? \nNo → STOP (NOT criminally relevant according to §§185-187 StGB)\nYes → Step 2\n\nStep 2: A disparaging statement is a statement which interferes with the potential victim's right to honour. It is already fulfilled by expressing contempt or disrespect through the allegation of shortcomings that could reduce the victim’s social standing.\nIs there a disparaging statement directed towards the defamatory object?\nNo → STOP (NOT criminally relevant according to §§185-187 StGB)\nYes → Step 3\n\nStep 3: A factual claim is a stetement that can be proven to be true or untrue in front of a court. A value judgment constitutes and expression of personal opinions.\nIs it primarily a value judgement and NOT primarily a factual claim?\nNo → STOP (NOT criminally relevant according to §§185-187 StGB)\nYes → Step 4\n\nStep 4: An abusive insult is a statement that constitutes breaking a taboo by itself and intends only the defamation of the victim without any substantiated contribution.\nIs the statement an abusive insult?\nYes → STOP (criminally RELEVANT according to §§185-187 StGB)\nNo → Step 5\n\nStep 5: A statement is of public interest if it contains a contribution to the public discourse with respect to a particular relevant topic of public interest.\nIs the statement of public interest?\nYes → STOP (NOT criminally relevant according to §§185-187 StGB)\nNo → Step 6\n\nStep 6: A statement is considered abusive criticism if it goes beyond plausible criticism by primarily intending to abusively offend the victim, hereby neglecting a substantiated contribution.\nIs the statement abusive criticism?\nYes → STOP (criminally RELEVANT according to §§185-187 StGB)\nNo → STOP (NOT criminally relevant according to §§185-187 StGB)\n\n\nAccording to this decision schema, decide whether the following text is criminally revant according to §§185-187 StGB (Defamatory Offense). Answer only with 'True' (criminally relevant according to §§185-187 StGB) or 'False' (not criminally relevant according to §§185-187 StGB).""}, {""role"": ""user"", ""content"": ""@66Freedom66 Dreckiger Neger...dreckiges Pack...die Deutschen lieben sie halt..!!""}]",2,FP
1067,@SandraSigel @anna_IIna Die Arschlöscher der Justiz leben in einem eigenen Biotop,False,True, True,"[{""role"": ""system"", ""content"": ""You are a legal expert for defamatory offenses according the the German Criminal Code (§§185-187 StGB). Help the user decide whether given posts fall within in the scope of these articles.""}, {""role"": ""user"", ""content"": ""Step 1: A defamatory object can be a living individual, a group of persons that is distinguishable from the general public such that every member of that group could feel their honor is infringed or collective entities such as governments or press companies with a recognised social role and who act with a collective, single will.\nIs there a defamatory object in this statement? \nNo → STOP (NOT criminally relevant according to §§185-187 StGB)\nYes → Step 2\n\nStep 2: A disparaging statement is a statement which interferes with the potential victim's right to honour. It is already fulfilled by expressing contempt or disrespect through the allegation of shortcomings that could reduce the victim’s social standing.\nIs there a disparaging statement directed towards the defamatory object?\nNo → STOP (NOT criminally relevant according to §§185-187 StGB)\nYes → Step 3\n\nStep 3: A factual claim is a stetement that can be proven to be true or untrue in front of a court. A value judgment constitutes and expression of personal opinions.\nIs it primarily a value judgement and NOT primarily a factual claim?\nNo → STOP (NOT criminally relevant according to §§185-187 StGB)\nYes → Step 4\n\nStep 4: An abusive insult is a statement that constitutes breaking a taboo by itself and intends only the defamation of the victim without any substantiated contribution.\nIs the statement an abusive insult?\nYes → STOP (criminally RELEVANT according to §§185-187 StGB)\nNo → Step 5\n\nStep 5: A statement is of public interest if it contains a contribution to the public discourse with respect to a particular relevant topic of public interest.\nIs the statement of public interest?\nYes → STOP (NOT criminally relevant according to §§185-187 StGB)\nNo → Step 6\n\nStep 6: A statement is considered abusive criticism if it goes beyond plausible criticism by primarily intending to abusively offend the victim, hereby neglecting a substantiated contribution.\nIs the statement abusive criticism?\nYes → STOP (criminally RELEVANT according to §§185-187 StGB)\nNo → STOP (NOT criminally relevant according to §§185-187 StGB)\n\n\nAccording to this decision schema, decide whether the following text is criminally revant according to §§185-187 StGB (Defamatory Offense). Answer only with 'True' (criminally relevant according to §§185-187 StGB) or 'False' (not criminally relevant according to §§185-187 StGB).""}, {""role"": ""user"", ""content"": ""@SandraSigel @anna_IIna Die Arschlöscher der Justiz leben in einem eigenen Biotop""}]",1,FP
1171,"Realität ist keine Beleidigung. Wer so fett ist, daß die Gesichtskontur weg ist, sollte anderen, gesunden Menschen vllt etwas vom Royal TS Menü erzählen, aber nicht von Impfpflichten.",True,False, False,"[{""role"": ""system"", ""content"": ""You are a legal expert for defamatory offenses according the the German Criminal Code (§§185-187 StGB). Help the user decide whether given posts fall within in the scope of these articles.""}, {""role"": ""user"", ""content"": ""Step 1: A defamatory object can be a living individual, a group of persons that is distinguishable from the general public such that every member of that group could feel their honor is infringed or collective entities such as governments or press companies with a recognised social role and who act with a collective, single will.\nIs there a defamatory object in this statement? \nNo → STOP (NOT criminally relevant according to §§185-187 StGB)\nYes → Step 2\n\nStep 2: A disparaging statement is a statement which interferes with the potential victim's right to honour. It is already fulfilled by expressing contempt or disrespect through the allegation of shortcomings that could reduce the victim’s social standing.\nIs there a disparaging statement directed towards the defamatory object?\nNo → STOP (NOT criminally relevant according to §§185-187 StGB)\nYes → Step 3\n\nStep 3: A factual claim is a stetement that can be proven to be true or untrue in front of a court. A value judgment constitutes and expression of personal opinions.\nIs it primarily a value judgement and NOT primarily a factual claim?\nNo → STOP (NOT criminally relevant according to §§185-187 StGB)\nYes → Step 4\n\nStep 4: An abusive insult is a statement that constitutes breaking a taboo by itself and intends only the defamation of the victim without any substantiated contribution.\nIs the statement an abusive insult?\nYes → STOP (criminally RELEVANT according to §§185-187 StGB)\nNo → Step 5\n\nStep 5: A statement is of public interest if it contains a contribution to the public discourse with respect to a particular relevant topic of public interest.\nIs the statement of public interest?\nYes → STOP (NOT criminally relevant according to §§185-187 StGB)\nNo → Step 6\n\nStep 6: A statement is considered abusive criticism if it goes beyond plausible criticism by primarily intending to abusively offend the victim, hereby neglecting a substantiated contribution.\nIs the statement abusive criticism?\nYes → STOP (criminally RELEVANT according to §§185-187 StGB)\nNo → STOP (NOT criminally relevant according to §§185-187 StGB)\n\n\nAccording to this decision schema, decide whether the following text is criminally revant according to §§185-187 StGB (Defamatory Offense). Answer only with 'True' (criminally relevant according to §§185-187 StGB) or 'False' (not criminally relevant according to §§185-187 StGB).""}, {""role"": ""user"", ""content"": ""Realität ist keine Beleidigung. Wer so fett ist, daß die Gesichtskontur weg ist, sollte anderen, gesunden Menschen vllt etwas vom Royal TS Menü erzählen, aber nicht von Impfpflichten.""}]",1,FN
1179,"@Hans456789 @Karl_Lauterbach Dummschwätzer, bist sicher auch einer derjenigen welche für jeden Blödsinn auf die Straße laufen, weil ihnen zuhause Keiner zuhört.",True,False, False,"[{""role"": ""system"", ""content"": ""You are a legal expert for defamatory offenses according the the German Criminal Code (§§185-187 StGB). Help the user decide whether given posts fall within in the scope of these articles.""}, {""role"": ""user"", ""content"": ""Step 1: A defamatory object can be a living individual, a group of persons that is distinguishable from the general public such that every member of that group could feel their honor is infringed or collective entities such as governments or press companies with a recognised social role and who act with a collective, single will.\nIs there a defamatory object in this statement? \nNo → STOP (NOT criminally relevant according to §§185-187 StGB)\nYes → Step 2\n\nStep 2: A disparaging statement is a statement which interferes with the potential victim's right to honour. It is already fulfilled by expressing contempt or disrespect through the allegation of shortcomings that could reduce the victim’s social standing.\nIs there a disparaging statement directed towards the defamatory object?\nNo → STOP (NOT criminally relevant according to §§185-187 StGB)\nYes → Step 3\n\nStep 3: A factual claim is a stetement that can be proven to be true or untrue in front of a court. A value judgment constitutes and expression of personal opinions.\nIs it primarily a value judgement and NOT primarily a factual claim?\nNo → STOP (NOT criminally relevant according to §§185-187 StGB)\nYes → Step 4\n\nStep 4: An abusive insult is a statement that constitutes breaking a taboo by itself and intends only the defamation of the victim without any substantiated contribution.\nIs the statement an abusive insult?\nYes → STOP (criminally RELEVANT according to §§185-187 StGB)\nNo → Step 5\n\nStep 5: A statement is of public interest if it contains a contribution to the public discourse with respect to a particular relevant topic of public interest.\nIs the statement of public interest?\nYes → STOP (NOT criminally relevant according to §§185-187 StGB)\nNo → Step 6\n\nStep 6: A statement is considered abusive criticism if it goes beyond plausible criticism by primarily intending to abusively offend the victim, hereby neglecting a substantiated contribution.\nIs the statement abusive criticism?\nYes → STOP (criminally RELEVANT according to §§185-187 StGB)\nNo → STOP (NOT criminally relevant according to §§185-187 StGB)\n\n\nAccording to this decision schema, decide whether the following text is criminally revant according to §§185-187 StGB (Defamatory Offense). Answer only with 'True' (criminally relevant according to §§185-187 StGB) or 'False' (not criminally relevant according to §§185-187 StGB).""}, {""role"": ""user"", ""content"": ""@Hans456789 @Karl_Lauterbach Dummschwätzer, bist sicher auch einer derjenigen welche für jeden Blödsinn auf die Straße laufen, weil ihnen zuhause Keiner zuhört.""}]",3,FN
1193,"@TROLL47111 @Birgit_Kelle @sunny_sommer @CDU Ich glaub es erst, wenn sie wirklich ganz weg ist, dieser grünen Schabracke Merkel traue ich inzwischen alles zu!",True,False, False,"[{""role"": ""system"", ""content"": ""You are a legal expert for defamatory offenses according the the German Criminal Code (§§185-187 StGB). Help the user decide whether given posts fall within in the scope of these articles.""}, {""role"": ""user"", ""content"": ""Step 1: A defamatory object can be a living individual, a group of persons that is distinguishable from the general public such that every member of that group could feel their honor is infringed or collective entities such as governments or press companies with a recognised social role and who act with a collective, single will.\nIs there a defamatory object in this statement? \nNo → STOP (NOT criminally relevant according to §§185-187 StGB)\nYes → Step 2\n\nStep 2: A disparaging statement is a statement which interferes with the potential victim's right to honour. It is already fulfilled by expressing contempt or disrespect through the allegation of shortcomings that could reduce the victim’s social standing.\nIs there a disparaging statement directed towards the defamatory object?\nNo → STOP (NOT criminally relevant according to §§185-187 StGB)\nYes → Step 3\n\nStep 3: A factual claim is a stetement that can be proven to be true or untrue in front of a court. A value judgment constitutes and expression of personal opinions.\nIs it primarily a value judgement and NOT primarily a factual claim?\nNo → STOP (NOT criminally relevant according to §§185-187 StGB)\nYes → Step 4\n\nStep 4: An abusive insult is a statement that constitutes breaking a taboo by itself and intends only the defamation of the victim without any substantiated contribution.\nIs the statement an abusive insult?\nYes → STOP (criminally RELEVANT according to §§185-187 StGB)\nNo → Step 5\n\nStep 5: A statement is of public interest if it contains a contribution to the public discourse with respect to a particular relevant topic of public interest.\nIs the statement of public interest?\nYes → STOP (NOT criminally relevant according to §§185-187 StGB)\nNo → Step 6\n\nStep 6: A statement is considered abusive criticism if it goes beyond plausible criticism by primarily intending to abusively offend the victim, hereby neglecting a substantiated contribution.\nIs the statement abusive criticism?\nYes → STOP (criminally RELEVANT according to §§185-187 StGB)\nNo → STOP (NOT criminally relevant according to §§185-187 StGB)\n\n\nAccording to this decision schema, decide whether the following text is criminally revant according to §§185-187 StGB (Defamatory Offense). Answer only with 'True' (criminally relevant according to §§185-187 StGB) or 'False' (not criminally relevant according to §§185-187 StGB).""}, {""role"": ""user"", ""content"": ""@TROLL47111 @Birgit_Kelle @sunny_sommer @CDU Ich glaub es erst, wenn sie wirklich ganz weg ist, dieser grünen Schabracke Merkel traue ich inzwischen alles zu!""}]",1,FN
1213,@Ralf_Stegner Warum tust du dich nicht mit dir selbst zusammen und gründest die VDP (Vereinigte Deppen Partei)?,True,False, False,"[{""role"": ""system"", ""content"": ""You are a legal expert for defamatory offenses according the the German Criminal Code (§§185-187 StGB). Help the user decide whether given posts fall within in the scope of these articles.""}, {""role"": ""user"", ""content"": ""Step 1: A defamatory object can be a living individual, a group of persons that is distinguishable from the general public such that every member of that group could feel their honor is infringed or collective entities such as governments or press companies with a recognised social role and who act with a collective, single will.\nIs there a defamatory object in this statement? \nNo → STOP (NOT criminally relevant according to §§185-187 StGB)\nYes → Step 2\n\nStep 2: A disparaging statement is a statement which interferes with the potential victim's right to honour. It is already fulfilled by expressing contempt or disrespect through the allegation of shortcomings that could reduce the victim’s social standing.\nIs there a disparaging statement directed towards the defamatory object?\nNo → STOP (NOT criminally relevant according to §§185-187 StGB)\nYes → Step 3\n\nStep 3: A factual claim is a stetement that can be proven to be true or untrue in front of a court. A value judgment constitutes and expression of personal opinions.\nIs it primarily a value judgement and NOT primarily a factual claim?\nNo → STOP (NOT criminally relevant according to §§185-187 StGB)\nYes → Step 4\n\nStep 4: An abusive insult is a statement that constitutes breaking a taboo by itself and intends only the defamation of the victim without any substantiated contribution.\nIs the statement an abusive insult?\nYes → STOP (criminally RELEVANT according to §§185-187 StGB)\nNo → Step 5\n\nStep 5: A statement is of public interest if it contains a contribution to the public discourse with respect to a particular relevant topic of public interest.\nIs the statement of public interest?\nYes → STOP (NOT criminally relevant according to §§185-187 StGB)\nNo → Step 6\n\nStep 6: A statement is considered abusive criticism if it goes beyond plausible criticism by primarily intending to abusively offend the victim, hereby neglecting a substantiated contribution.\nIs the statement abusive criticism?\nYes → STOP (criminally RELEVANT according to §§185-187 StGB)\nNo → STOP (NOT criminally relevant according to §§185-187 StGB)\n\n\nAccording to this decision schema, decide whether the following text is criminally revant according to §§185-187 StGB (Defamatory Offense). Answer only with 'True' (criminally relevant according to §§185-187 StGB) or 'False' (not criminally relevant according to §§185-187 StGB).""}, {""role"": ""user"", ""content"": ""@Ralf_Stegner Warum tust du dich nicht mit dir selbst zusammen und gründest die VDP (Vereinigte Deppen Partei)?""}]",3,FN
1228,"Es vergeht kaum ein Tag, an dem Merkels Invasoren niemand abstechen oder vergewaltigen. #Merkel hat die Sicherheit ihrem Wahn geopfert.",True,False, False,"[{""role"": ""system"", ""content"": ""You are a legal expert for defamatory offenses according the the German Criminal Code (§§185-187 StGB). Help the user decide whether given posts fall within in the scope of these articles.""}, {""role"": ""user"", ""content"": ""Step 1: A defamatory object can be a living individual, a group of persons that is distinguishable from the general public such that every member of that group could feel their honor is infringed or collective entities such as governments or press companies with a recognised social role and who act with a collective, single will.\nIs there a defamatory object in this statement? \nNo → STOP (NOT criminally relevant according to §§185-187 StGB)\nYes → Step 2\n\nStep 2: A disparaging statement is a statement which interferes with the potential victim's right to honour. It is already fulfilled by expressing contempt or disrespect through the allegation of shortcomings that could reduce the victim’s social standing.\nIs there a disparaging statement directed towards the defamatory object?\nNo → STOP (NOT criminally relevant according to §§185-187 StGB)\nYes → Step 3\n\nStep 3: A factual claim is a stetement that can be proven to be true or untrue in front of a court. A value judgment constitutes and expression of personal opinions.\nIs it primarily a value judgement and NOT primarily a factual claim?\nNo → STOP (NOT criminally relevant according to §§185-187 StGB)\nYes → Step 4\n\nStep 4: An abusive insult is a statement that constitutes breaking a taboo by itself and intends only the defamation of the victim without any substantiated contribution.\nIs the statement an abusive insult?\nYes → STOP (criminally RELEVANT according to §§185-187 StGB)\nNo → Step 5\n\nStep 5: A statement is of public interest if it contains a contribution to the public discourse with respect to a particular relevant topic of public interest.\nIs the statement of public interest?\nYes → STOP (NOT criminally relevant according to §§185-187 StGB)\nNo → Step 6\n\nStep 6: A statement is considered abusive criticism if it goes beyond plausible criticism by primarily intending to abusively offend the victim, hereby neglecting a substantiated contribution.\nIs the statement abusive criticism?\nYes → STOP (criminally RELEVANT according to §§185-187 StGB)\nNo → STOP (NOT criminally relevant according to §§185-187 StGB)\n\n\nAccording to this decision schema, decide whether the following text is criminally revant according to §§185-187 StGB (Defamatory Offense). Answer only with 'True' (criminally relevant according to §§185-187 StGB) or 'False' (not criminally relevant according to §§185-187 StGB).""}, {""role"": ""user"", ""content"": ""Es vergeht kaum ein Tag, an dem Merkels Invasoren niemand abstechen oder vergewaltigen. #Merkel hat die Sicherheit ihrem Wahn geopfert.""}]",1,FN
1231,"Kaltblütige Morde gab es von diesem dreckspack welches von arschlöchern als Rackete und co eingeschleppt wird genug Das dann irgendwann mal Echo kommt ist logisch, zumindest jedem der logisch denken kann In vielen Ländern wären diese Mittelmeer Affen Tag und Nacht durch die Straßen gejagt für ihre Straftaten In ALLEN Ostblockstatten gibt es solch ein Benehmen von Gästen nicht In Deutschland findest du in Innenstädten mehr shisga Bars türkische Friseur und Supermärkte als rasen auf der Wiese Deutschland wird komplett ruiniert ob Kultur Tradition usw. Schuld sind nichtmal diese Import Kriminellen Nein schuld ist diese dreckige Regierung inkl. ihrer Schwachsinn gutmensch Sekte und einer Justiz die Putin vor lachen irgendwann umbringt In Polen traut sich so ein Ziegenbart im Bettlaken bekleidet nicht eine Sekunde auf die Straße In Ungarn gibt es sogar Döner und Gyros ABER die Besitzer dieser Restaurants sind Ungarn und auch deren Arbeiter In den Ostblockstaaten lässt man sich weder Immobilien noch Arbeitsplätze von diesem pack wegnehmen die dann mit amg Mercedes abends in den Großstädten pralen und Rennen fahren Oder die Mädchen in Bordelle stecken an jeder Ecke drogen verkaufen und scheissen aufs Gesetz Sollen die mal probieren in Polen Tschechien oder Ungarn Da bekommen die dermaßen auf ihre große fresse das spricht sich bis in deren Heimat rum",True,False, False,"[{""role"": ""system"", ""content"": ""You are a legal expert for defamatory offenses according the the German Criminal Code (§§185-187 StGB). Help the user decide whether given posts fall within in the scope of these articles.""}, {""role"": ""user"", ""content"": ""Step 1: A defamatory object can be a living individual, a group of persons that is distinguishable from the general public such that every member of that group could feel their honor is infringed or collective entities such as governments or press companies with a recognised social role and who act with a collective, single will.\nIs there a defamatory object in this statement? \nNo → STOP (NOT criminally relevant according to §§185-187 StGB)\nYes → Step 2\n\nStep 2: A disparaging statement is a statement which interferes with the potential victim's right to honour. It is already fulfilled by expressing contempt or disrespect through the allegation of shortcomings that could reduce the victim’s social standing.\nIs there a disparaging statement directed towards the defamatory object?\nNo → STOP (NOT criminally relevant according to §§185-187 StGB)\nYes → Step 3\n\nStep 3: A factual claim is a stetement that can be proven to be true or untrue in front of a court. A value judgment constitutes and expression of personal opinions.\nIs it primarily a value judgement and NOT primarily a factual claim?\nNo → STOP (NOT criminally relevant according to §§185-187 StGB)\nYes → Step 4\n\nStep 4: An abusive insult is a statement that constitutes breaking a taboo by itself and intends only the defamation of the victim without any substantiated contribution.\nIs the statement an abusive insult?\nYes → STOP (criminally RELEVANT according to §§185-187 StGB)\nNo → Step 5\n\nStep 5: A statement is of public interest if it contains a contribution to the public discourse with respect to a particular relevant topic of public interest.\nIs the statement of public interest?\nYes → STOP (NOT criminally relevant according to §§185-187 StGB)\nNo → Step 6\n\nStep 6: A statement is considered abusive criticism if it goes beyond plausible criticism by primarily intending to abusively offend the victim, hereby neglecting a substantiated contribution.\nIs the statement abusive criticism?\nYes → STOP (criminally RELEVANT according to §§185-187 StGB)\nNo → STOP (NOT criminally relevant according to §§185-187 StGB)\n\n\nAccording to this decision schema, decide whether the following text is criminally revant according to §§185-187 StGB (Defamatory Offense). Answer only with 'True' (criminally relevant according to §§185-187 StGB) or 'False' (not criminally relevant according to §§185-187 StGB).""}, {""role"": ""user"", ""content"": ""Kaltblütige Morde gab es von diesem dreckspack welches von arschlöchern als Rackete und co eingeschleppt wird genug Das dann irgendwann mal Echo kommt ist logisch, zumindest jedem der logisch denken kann In vielen Ländern wären diese Mittelmeer Affen Tag und Nacht durch die Straßen gejagt für ihre Straftaten In ALLEN Ostblockstatten gibt es solch ein Benehmen von Gästen nicht In Deutschland findest du in Innenstädten mehr shisga Bars türkische Friseur und Supermärkte als rasen auf der Wiese Deutschland wird komplett ruiniert ob Kultur Tradition usw. Schuld sind nichtmal diese Import Kriminellen Nein schuld ist diese dreckige Regierung inkl. ihrer Schwachsinn gutmensch Sekte und einer Justiz die Putin vor lachen irgendwann umbringt In Polen traut sich so ein Ziegenbart im Bettlaken bekleidet nicht eine Sekunde auf die Straße In Ungarn gibt es sogar Döner und Gyros ABER die Besitzer dieser Restaurants sind Ungarn und auch deren Arbeiter In den Ostblockstaaten lässt man sich weder Immobilien noch Arbeitsplätze von diesem pack wegnehmen die dann mit amg Mercedes abends in den Großstädten pralen und Rennen fahren Oder die Mädchen in Bordelle stecken an jeder Ecke drogen verkaufen und scheissen aufs Gesetz Sollen die mal probieren in Polen Tschechien oder Ungarn Da bekommen die dermaßen auf ihre große fresse das spricht sich bis in deren Heimat rum""}]",3,FN
1232,"Martina Gerle Die Staatsangestellten unter NAZI MERKEL UND NAZI STEINMEIER kommen mit zu viel Schrott durch. Das Problem ist oben, man liest es immer häufiger, ich weiß nicht, was da passiert ist, aber: Steinmeier hält nach seinem Instagram-Post vom Mai 2019 das Grundgesetz für eine Zumutung, Merkel lobt immer wieder ihre polnische Herkunft und ihre polnischen Vorfahren, ihr Opa war Gestapo- Hauptwachtmeister. Da unternehmen die Nazinachfahren hinter Lambrecht und dem Bundesverfassungsgericht auch nichts dagegen. Wir haben es versucht. Hier nach Artikel 20/4 Grundgesetz, unabänderbar, und Schulwissen vor Merkel.",True,False, False,"[{""role"": ""system"", ""content"": ""You are a legal expert for defamatory offenses according the the German Criminal Code (§§185-187 StGB). Help the user decide whether given posts fall within in the scope of these articles.""}, {""role"": ""user"", ""content"": ""Step 1: A defamatory object can be a living individual, a group of persons that is distinguishable from the general public such that every member of that group could feel their honor is infringed or collective entities such as governments or press companies with a recognised social role and who act with a collective, single will.\nIs there a defamatory object in this statement? \nNo → STOP (NOT criminally relevant according to §§185-187 StGB)\nYes → Step 2\n\nStep 2: A disparaging statement is a statement which interferes with the potential victim's right to honour. It is already fulfilled by expressing contempt or disrespect through the allegation of shortcomings that could reduce the victim’s social standing.\nIs there a disparaging statement directed towards the defamatory object?\nNo → STOP (NOT criminally relevant according to §§185-187 StGB)\nYes → Step 3\n\nStep 3: A factual claim is a stetement that can be proven to be true or untrue in front of a court. A value judgment constitutes and expression of personal opinions.\nIs it primarily a value judgement and NOT primarily a factual claim?\nNo → STOP (NOT criminally relevant according to §§185-187 StGB)\nYes → Step 4\n\nStep 4: An abusive insult is a statement that constitutes breaking a taboo by itself and intends only the defamation of the victim without any substantiated contribution.\nIs the statement an abusive insult?\nYes → STOP (criminally RELEVANT according to §§185-187 StGB)\nNo → Step 5\n\nStep 5: A statement is of public interest if it contains a contribution to the public discourse with respect to a particular relevant topic of public interest.\nIs the statement of public interest?\nYes → STOP (NOT criminally relevant according to §§185-187 StGB)\nNo → Step 6\n\nStep 6: A statement is considered abusive criticism if it goes beyond plausible criticism by primarily intending to abusively offend the victim, hereby neglecting a substantiated contribution.\nIs the statement abusive criticism?\nYes → STOP (criminally RELEVANT according to §§185-187 StGB)\nNo → STOP (NOT criminally relevant according to §§185-187 StGB)\n\n\nAccording to this decision schema, decide whether the following text is criminally revant according to §§185-187 StGB (Defamatory Offense). Answer only with 'True' (criminally relevant according to §§185-187 StGB) or 'False' (not criminally relevant according to §§185-187 StGB).""}, {""role"": ""user"", ""content"": ""Martina Gerle Die Staatsangestellten unter NAZI MERKEL UND NAZI STEINMEIER kommen mit zu viel Schrott durch. Das Problem ist oben, man liest es immer häufiger, ich weiß nicht, was da passiert ist, aber: Steinmeier hält nach seinem Instagram-Post vom Mai 2019 das Grundgesetz für eine Zumutung, Merkel lobt immer wieder ihre polnische Herkunft und ihre polnischen Vorfahren, ihr Opa war Gestapo- Hauptwachtmeister. Da unternehmen die Nazinachfahren hinter Lambrecht und dem Bundesverfassungsgericht auch nichts dagegen. Wir haben es versucht. Hier nach Artikel 20/4 Grundgesetz, unabänderbar, und Schulwissen vor Merkel.""}]",1,FN
1292,.@unvcted so zuerst dich und deinen freund behindert gefickt und jetzt sie auch noch ich küss dochn euer herz aber von euch wird jetzt kommen den kindergarten  gebe ich mir nicht mimimi https://t.co/LlPceqnqx2,True,False, False,"[{""role"": ""system"", ""content"": ""You are a legal expert for defamatory offenses according the the German Criminal Code (§§185-187 StGB). Help the user decide whether given posts fall within in the scope of these articles.""}, {""role"": ""user"", ""content"": ""Step 1: A defamatory object can be a living individual, a group of persons that is distinguishable from the general public such that every member of that group could feel their honor is infringed or collective entities such as governments or press companies with a recognised social role and who act with a collective, single will.\nIs there a defamatory object in this statement? \nNo → STOP (NOT criminally relevant according to §§185-187 StGB)\nYes → Step 2\n\nStep 2: A disparaging statement is a statement which interferes with the potential victim's right to honour. It is already fulfilled by expressing contempt or disrespect through the allegation of shortcomings that could reduce the victim’s social standing.\nIs there a disparaging statement directed towards the defamatory object?\nNo → STOP (NOT criminally relevant according to §§185-187 StGB)\nYes → Step 3\n\nStep 3: A factual claim is a stetement that can be proven to be true or untrue in front of a court. A value judgment constitutes and expression of personal opinions.\nIs it primarily a value judgement and NOT primarily a factual claim?\nNo → STOP (NOT criminally relevant according to §§185-187 StGB)\nYes → Step 4\n\nStep 4: An abusive insult is a statement that constitutes breaking a taboo by itself and intends only the defamation of the victim without any substantiated contribution.\nIs the statement an abusive insult?\nYes → STOP (criminally RELEVANT according to §§185-187 StGB)\nNo → Step 5\n\nStep 5: A statement is of public interest if it contains a contribution to the public discourse with respect to a particular relevant topic of public interest.\nIs the statement of public interest?\nYes → STOP (NOT criminally relevant according to §§185-187 StGB)\nNo → Step 6\n\nStep 6: A statement is considered abusive criticism if it goes beyond plausible criticism by primarily intending to abusively offend the victim, hereby neglecting a substantiated contribution.\nIs the statement abusive criticism?\nYes → STOP (criminally RELEVANT according to §§185-187 StGB)\nNo → STOP (NOT criminally relevant according to §§185-187 StGB)\n\n\nAccording to this decision schema, decide whether the following text is criminally revant according to §§185-187 StGB (Defamatory Offense). Answer only with 'True' (criminally relevant according to §§185-187 StGB) or 'False' (not criminally relevant according to §§185-187 StGB).""}, {""role"": ""user"", ""content"": "".@unvcted so zuerst dich und deinen freund behindert gefickt und jetzt sie auch noch ich küss dochn euer herz aber von euch wird jetzt kommen den kindergarten  gebe ich mir nicht mimimi https://t.co/LlPceqnqx2""}]",2,FN
1305,"So richtig scharf auf ein freies Leben sind offensichtlich unsere Neger offensichtlich nicht. Das einzige, worauf die scharf sind, sind die jeweiligen Sozialleistungen und Kohle.... naja, das konnte man natürlich nicht wissen.",True,False, False,"[{""role"": ""system"", ""content"": ""You are a legal expert for defamatory offenses according the the German Criminal Code (§§185-187 StGB). Help the user decide whether given posts fall within in the scope of these articles.""}, {""role"": ""user"", ""content"": ""Step 1: A defamatory object can be a living individual, a group of persons that is distinguishable from the general public such that every member of that group could feel their honor is infringed or collective entities such as governments or press companies with a recognised social role and who act with a collective, single will.\nIs there a defamatory object in this statement? \nNo → STOP (NOT criminally relevant according to §§185-187 StGB)\nYes → Step 2\n\nStep 2: A disparaging statement is a statement which interferes with the potential victim's right to honour. It is already fulfilled by expressing contempt or disrespect through the allegation of shortcomings that could reduce the victim’s social standing.\nIs there a disparaging statement directed towards the defamatory object?\nNo → STOP (NOT criminally relevant according to §§185-187 StGB)\nYes → Step 3\n\nStep 3: A factual claim is a stetement that can be proven to be true or untrue in front of a court. A value judgment constitutes and expression of personal opinions.\nIs it primarily a value judgement and NOT primarily a factual claim?\nNo → STOP (NOT criminally relevant according to §§185-187 StGB)\nYes → Step 4\n\nStep 4: An abusive insult is a statement that constitutes breaking a taboo by itself and intends only the defamation of the victim without any substantiated contribution.\nIs the statement an abusive insult?\nYes → STOP (criminally RELEVANT according to §§185-187 StGB)\nNo → Step 5\n\nStep 5: A statement is of public interest if it contains a contribution to the public discourse with respect to a particular relevant topic of public interest.\nIs the statement of public interest?\nYes → STOP (NOT criminally relevant according to §§185-187 StGB)\nNo → Step 6\n\nStep 6: A statement is considered abusive criticism if it goes beyond plausible criticism by primarily intending to abusively offend the victim, hereby neglecting a substantiated contribution.\nIs the statement abusive criticism?\nYes → STOP (criminally RELEVANT according to §§185-187 StGB)\nNo → STOP (NOT criminally relevant according to §§185-187 StGB)\n\n\nAccording to this decision schema, decide whether the following text is criminally revant according to §§185-187 StGB (Defamatory Offense). Answer only with 'True' (criminally relevant according to §§185-187 StGB) or 'False' (not criminally relevant according to §§185-187 StGB).""}, {""role"": ""user"", ""content"": ""So richtig scharf auf ein freies Leben sind offensichtlich unsere Neger offensichtlich nicht. Das einzige, worauf die scharf sind, sind die jeweiligen Sozialleistungen und Kohle.... naja, das konnte man natürlich nicht wissen.""}]",2,FN
1315,"WAS SOLL der ganse tubohawoo odder wie das heissen tut, nur weil nen arischer bolizist nen neger nen bisschen gedrückt hat??? ja klaaaaaaar, sofort die antifa gegen den FÜHRER donält trump, aba an dem beissen di dreks linken neger sich die zähne aus, der schiesst wirklich, bernd höcke kriegt nen stender.VOLK! sehr gut, donält trump tut was gegen neger, nicht wie im stasi ddr2 soros bill gates dreks mürkülül, jeder fernünftige faschist tut was gegen neger (und musels, unt türken, und behinderte, unt aale die keine bio deutschen arier ossylanten sint),. VOLK! DEEP STATE, soros, bill gates, im erika, aales roter fersiffter drek deru uns mit negern fluten will, aber wiehr in sachsen, wiehr wehlen aefde. VOLK! tränen gas unt schlag stöcke isst schwul, trump muss panse aufie strasse rollen lassen unt aale neger unt antifa platt fahren tuen, nur noch trump, putin, orban unt aefde. VOLK! dreks lügenpresse, son drek, dass isst doch nur die antifa die aales gabuttmachen will mit der ausrede dass nen neger ausgeschwitzt wurde, nur noch aefde. VOLK! waruhm, waruhm müssen wiehr rinder aus kanaggen ländern imboprtieren, wiehr aefde ossyclanten tuen fordern run, nur noch bio deutsches rind aus sachsen. VOLK!",True,False, False,"[{""role"": ""system"", ""content"": ""You are a legal expert for defamatory offenses according the the German Criminal Code (§§185-187 StGB). Help the user decide whether given posts fall within in the scope of these articles.""}, {""role"": ""user"", ""content"": ""Step 1: A defamatory object can be a living individual, a group of persons that is distinguishable from the general public such that every member of that group could feel their honor is infringed or collective entities such as governments or press companies with a recognised social role and who act with a collective, single will.\nIs there a defamatory object in this statement? \nNo → STOP (NOT criminally relevant according to §§185-187 StGB)\nYes → Step 2\n\nStep 2: A disparaging statement is a statement which interferes with the potential victim's right to honour. It is already fulfilled by expressing contempt or disrespect through the allegation of shortcomings that could reduce the victim’s social standing.\nIs there a disparaging statement directed towards the defamatory object?\nNo → STOP (NOT criminally relevant according to §§185-187 StGB)\nYes → Step 3\n\nStep 3: A factual claim is a stetement that can be proven to be true or untrue in front of a court. A value judgment constitutes and expression of personal opinions.\nIs it primarily a value judgement and NOT primarily a factual claim?\nNo → STOP (NOT criminally relevant according to §§185-187 StGB)\nYes → Step 4\n\nStep 4: An abusive insult is a statement that constitutes breaking a taboo by itself and intends only the defamation of the victim without any substantiated contribution.\nIs the statement an abusive insult?\nYes → STOP (criminally RELEVANT according to §§185-187 StGB)\nNo → Step 5\n\nStep 5: A statement is of public interest if it contains a contribution to the public discourse with respect to a particular relevant topic of public interest.\nIs the statement of public interest?\nYes → STOP (NOT criminally relevant according to §§185-187 StGB)\nNo → Step 6\n\nStep 6: A statement is considered abusive criticism if it goes beyond plausible criticism by primarily intending to abusively offend the victim, hereby neglecting a substantiated contribution.\nIs the statement abusive criticism?\nYes → STOP (criminally RELEVANT according to §§185-187 StGB)\nNo → STOP (NOT criminally relevant according to §§185-187 StGB)\n\n\nAccording to this decision schema, decide whether the following text is criminally revant according to §§185-187 StGB (Defamatory Offense). Answer only with 'True' (criminally relevant according to §§185-187 StGB) or 'False' (not criminally relevant according to §§185-187 StGB).""}, {""role"": ""user"", ""content"": ""WAS SOLL der ganse tubohawoo odder wie das heissen tut, nur weil nen arischer bolizist nen neger nen bisschen gedrückt hat??? ja klaaaaaaar, sofort die antifa gegen den FÜHRER donält trump, aba an dem beissen di dreks linken neger sich die zähne aus, der schiesst wirklich, bernd höcke kriegt nen stender.VOLK! sehr gut, donält trump tut was gegen neger, nicht wie im stasi ddr2 soros bill gates dreks mürkülül, jeder fernünftige faschist tut was gegen neger (und musels, unt türken, und behinderte, unt aale die keine bio deutschen arier ossylanten sint),. VOLK! DEEP STATE, soros, bill gates, im erika, aales roter fersiffter drek deru uns mit negern fluten will, aber wiehr in sachsen, wiehr wehlen aefde. VOLK! tränen gas unt schlag stöcke isst schwul, trump muss panse aufie strasse rollen lassen unt aale neger unt antifa platt fahren tuen, nur noch trump, putin, orban unt aefde. VOLK! dreks lügenpresse, son drek, dass isst doch nur die antifa die aales gabuttmachen will mit der ausrede dass nen neger ausgeschwitzt wurde, nur noch aefde. VOLK! waruhm, waruhm müssen wiehr rinder aus kanaggen ländern imboprtieren, wiehr aefde ossyclanten tuen fordern run, nur noch bio deutsches rind aus sachsen. VOLK!""}]",1,FN
1318,"Es gibt Menschen, die sich wagen, die Wahrheit beim Namen zu nennen und müssen dafür durch die Judenbrut und ihren Pestbeulen um ihre Gesundheit, ihre Familie, ihre Kinder und womöglich um ihr Leben fürchten und dazu gehört neben Kirsten Heisig und vielen deutschen Patrioten anderer Länder auch Prof. Bilyana Martinovski.",True,False, False,"[{""role"": ""system"", ""content"": ""You are a legal expert for defamatory offenses according the the German Criminal Code (§§185-187 StGB). Help the user decide whether given posts fall within in the scope of these articles.""}, {""role"": ""user"", ""content"": ""Step 1: A defamatory object can be a living individual, a group of persons that is distinguishable from the general public such that every member of that group could feel their honor is infringed or collective entities such as governments or press companies with a recognised social role and who act with a collective, single will.\nIs there a defamatory object in this statement? \nNo → STOP (NOT criminally relevant according to §§185-187 StGB)\nYes → Step 2\n\nStep 2: A disparaging statement is a statement which interferes with the potential victim's right to honour. It is already fulfilled by expressing contempt or disrespect through the allegation of shortcomings that could reduce the victim’s social standing.\nIs there a disparaging statement directed towards the defamatory object?\nNo → STOP (NOT criminally relevant according to §§185-187 StGB)\nYes → Step 3\n\nStep 3: A factual claim is a stetement that can be proven to be true or untrue in front of a court. A value judgment constitutes and expression of personal opinions.\nIs it primarily a value judgement and NOT primarily a factual claim?\nNo → STOP (NOT criminally relevant according to §§185-187 StGB)\nYes → Step 4\n\nStep 4: An abusive insult is a statement that constitutes breaking a taboo by itself and intends only the defamation of the victim without any substantiated contribution.\nIs the statement an abusive insult?\nYes → STOP (criminally RELEVANT according to §§185-187 StGB)\nNo → Step 5\n\nStep 5: A statement is of public interest if it contains a contribution to the public discourse with respect to a particular relevant topic of public interest.\nIs the statement of public interest?\nYes → STOP (NOT criminally relevant according to §§185-187 StGB)\nNo → Step 6\n\nStep 6: A statement is considered abusive criticism if it goes beyond plausible criticism by primarily intending to abusively offend the victim, hereby neglecting a substantiated contribution.\nIs the statement abusive criticism?\nYes → STOP (criminally RELEVANT according to §§185-187 StGB)\nNo → STOP (NOT criminally relevant according to §§185-187 StGB)\n\n\nAccording to this decision schema, decide whether the following text is criminally revant according to §§185-187 StGB (Defamatory Offense). Answer only with 'True' (criminally relevant according to §§185-187 StGB) or 'False' (not criminally relevant according to §§185-187 StGB).""}, {""role"": ""user"", ""content"": ""Es gibt Menschen, die sich wagen, die Wahrheit beim Namen zu nennen und müssen dafür durch die Judenbrut und ihren Pestbeulen um ihre Gesundheit, ihre Familie, ihre Kinder und womöglich um ihr Leben fürchten und dazu gehört neben Kirsten Heisig und vielen deutschen Patrioten anderer Länder auch Prof. Bilyana Martinovski.""}]",2,FN
1322,@USER Jeder toter Neger ist ein guter Neger... Dasselbe gilt für Juden.,True,False, False,"[{""role"": ""system"", ""content"": ""You are a legal expert for defamatory offenses according the the German Criminal Code (§§185-187 StGB). Help the user decide whether given posts fall within in the scope of these articles.""}, {""role"": ""user"", ""content"": ""Step 1: A defamatory object can be a living individual, a group of persons that is distinguishable from the general public such that every member of that group could feel their honor is infringed or collective entities such as governments or press companies with a recognised social role and who act with a collective, single will.\nIs there a defamatory object in this statement? \nNo → STOP (NOT criminally relevant according to §§185-187 StGB)\nYes → Step 2\n\nStep 2: A disparaging statement is a statement which interferes with the potential victim's right to honour. It is already fulfilled by expressing contempt or disrespect through the allegation of shortcomings that could reduce the victim’s social standing.\nIs there a disparaging statement directed towards the defamatory object?\nNo → STOP (NOT criminally relevant according to §§185-187 StGB)\nYes → Step 3\n\nStep 3: A factual claim is a stetement that can be proven to be true or untrue in front of a court. A value judgment constitutes and expression of personal opinions.\nIs it primarily a value judgement and NOT primarily a factual claim?\nNo → STOP (NOT criminally relevant according to §§185-187 StGB)\nYes → Step 4\n\nStep 4: An abusive insult is a statement that constitutes breaking a taboo by itself and intends only the defamation of the victim without any substantiated contribution.\nIs the statement an abusive insult?\nYes → STOP (criminally RELEVANT according to §§185-187 StGB)\nNo → Step 5\n\nStep 5: A statement is of public interest if it contains a contribution to the public discourse with respect to a particular relevant topic of public interest.\nIs the statement of public interest?\nYes → STOP (NOT criminally relevant according to §§185-187 StGB)\nNo → Step 6\n\nStep 6: A statement is considered abusive criticism if it goes beyond plausible criticism by primarily intending to abusively offend the victim, hereby neglecting a substantiated contribution.\nIs the statement abusive criticism?\nYes → STOP (criminally RELEVANT according to §§185-187 StGB)\nNo → STOP (NOT criminally relevant according to §§185-187 StGB)\n\n\nAccording to this decision schema, decide whether the following text is criminally revant according to §§185-187 StGB (Defamatory Offense). Answer only with 'True' (criminally relevant according to §§185-187 StGB) or 'False' (not criminally relevant according to §§185-187 StGB).""}, {""role"": ""user"", ""content"": ""@USER Jeder toter Neger ist ein guter Neger... Dasselbe gilt für Juden.""}]",1,FN
1323,"Dreckige bastarde, die sollen jeden Tag drum beten das nicht so einer wie ich diese wiederwärtigen Wesen in die Finger bekomme. Für das leid was die den kl. Engeln angetan haben würde ich sie nicht töten, der Tod wäre für die ein Geschenk.",True,False, False,"[{""role"": ""system"", ""content"": ""You are a legal expert for defamatory offenses according the the German Criminal Code (§§185-187 StGB). Help the user decide whether given posts fall within in the scope of these articles.""}, {""role"": ""user"", ""content"": ""Step 1: A defamatory object can be a living individual, a group of persons that is distinguishable from the general public such that every member of that group could feel their honor is infringed or collective entities such as governments or press companies with a recognised social role and who act with a collective, single will.\nIs there a defamatory object in this statement? \nNo → STOP (NOT criminally relevant according to §§185-187 StGB)\nYes → Step 2\n\nStep 2: A disparaging statement is a statement which interferes with the potential victim's right to honour. It is already fulfilled by expressing contempt or disrespect through the allegation of shortcomings that could reduce the victim’s social standing.\nIs there a disparaging statement directed towards the defamatory object?\nNo → STOP (NOT criminally relevant according to §§185-187 StGB)\nYes → Step 3\n\nStep 3: A factual claim is a stetement that can be proven to be true or untrue in front of a court. A value judgment constitutes and expression of personal opinions.\nIs it primarily a value judgement and NOT primarily a factual claim?\nNo → STOP (NOT criminally relevant according to §§185-187 StGB)\nYes → Step 4\n\nStep 4: An abusive insult is a statement that constitutes breaking a taboo by itself and intends only the defamation of the victim without any substantiated contribution.\nIs the statement an abusive insult?\nYes → STOP (criminally RELEVANT according to §§185-187 StGB)\nNo → Step 5\n\nStep 5: A statement is of public interest if it contains a contribution to the public discourse with respect to a particular relevant topic of public interest.\nIs the statement of public interest?\nYes → STOP (NOT criminally relevant according to §§185-187 StGB)\nNo → Step 6\n\nStep 6: A statement is considered abusive criticism if it goes beyond plausible criticism by primarily intending to abusively offend the victim, hereby neglecting a substantiated contribution.\nIs the statement abusive criticism?\nYes → STOP (criminally RELEVANT according to §§185-187 StGB)\nNo → STOP (NOT criminally relevant according to §§185-187 StGB)\n\n\nAccording to this decision schema, decide whether the following text is criminally revant according to §§185-187 StGB (Defamatory Offense). Answer only with 'True' (criminally relevant according to §§185-187 StGB) or 'False' (not criminally relevant according to §§185-187 StGB).""}, {""role"": ""user"", ""content"": ""Dreckige bastarde, die sollen jeden Tag drum beten das nicht so einer wie ich diese wiederwärtigen Wesen in die Finger bekomme. Für das leid was die den kl. Engeln angetan haben würde ich sie nicht töten, der Tod wäre für die ein Geschenk.""}]",1,FN
1325,Ne frage du scheisst auf Solidarität wenn gegenüber wenns gegen Moslems ist haste recht scheisse bei den Menschen auf Nächstenliebe das sind keine Menschen das pure böse und Sie nennen sich gottesfürchtig das ich nicht lache drevks Volk Dämonen,True,False, False,"[{""role"": ""system"", ""content"": ""You are a legal expert for defamatory offenses according the the German Criminal Code (§§185-187 StGB). Help the user decide whether given posts fall within in the scope of these articles.""}, {""role"": ""user"", ""content"": ""Step 1: A defamatory object can be a living individual, a group of persons that is distinguishable from the general public such that every member of that group could feel their honor is infringed or collective entities such as governments or press companies with a recognised social role and who act with a collective, single will.\nIs there a defamatory object in this statement? \nNo → STOP (NOT criminally relevant according to §§185-187 StGB)\nYes → Step 2\n\nStep 2: A disparaging statement is a statement which interferes with the potential victim's right to honour. It is already fulfilled by expressing contempt or disrespect through the allegation of shortcomings that could reduce the victim’s social standing.\nIs there a disparaging statement directed towards the defamatory object?\nNo → STOP (NOT criminally relevant according to §§185-187 StGB)\nYes → Step 3\n\nStep 3: A factual claim is a stetement that can be proven to be true or untrue in front of a court. A value judgment constitutes and expression of personal opinions.\nIs it primarily a value judgement and NOT primarily a factual claim?\nNo → STOP (NOT criminally relevant according to §§185-187 StGB)\nYes → Step 4\n\nStep 4: An abusive insult is a statement that constitutes breaking a taboo by itself and intends only the defamation of the victim without any substantiated contribution.\nIs the statement an abusive insult?\nYes → STOP (criminally RELEVANT according to §§185-187 StGB)\nNo → Step 5\n\nStep 5: A statement is of public interest if it contains a contribution to the public discourse with respect to a particular relevant topic of public interest.\nIs the statement of public interest?\nYes → STOP (NOT criminally relevant according to §§185-187 StGB)\nNo → Step 6\n\nStep 6: A statement is considered abusive criticism if it goes beyond plausible criticism by primarily intending to abusively offend the victim, hereby neglecting a substantiated contribution.\nIs the statement abusive criticism?\nYes → STOP (criminally RELEVANT according to §§185-187 StGB)\nNo → STOP (NOT criminally relevant according to §§185-187 StGB)\n\n\nAccording to this decision schema, decide whether the following text is criminally revant according to §§185-187 StGB (Defamatory Offense). Answer only with 'True' (criminally relevant according to §§185-187 StGB) or 'False' (not criminally relevant according to §§185-187 StGB).""}, {""role"": ""user"", ""content"": ""Ne frage du scheisst auf Solidarität wenn gegenüber wenns gegen Moslems ist haste recht scheisse bei den Menschen auf Nächstenliebe das sind keine Menschen das pure böse und Sie nennen sich gottesfürchtig das ich nicht lache drevks Volk Dämonen""}]",1,FN
1338,Hat ein Neger das Recht soetwas zu sagen ..also bitte wo sind wir denn gelandet..,True,False, False,"[{""role"": ""system"", ""content"": ""You are a legal expert for defamatory offenses according the the German Criminal Code (§§185-187 StGB). Help the user decide whether given posts fall within in the scope of these articles.""}, {""role"": ""user"", ""content"": ""Step 1: A defamatory object can be a living individual, a group of persons that is distinguishable from the general public such that every member of that group could feel their honor is infringed or collective entities such as governments or press companies with a recognised social role and who act with a collective, single will.\nIs there a defamatory object in this statement? \nNo → STOP (NOT criminally relevant according to §§185-187 StGB)\nYes → Step 2\n\nStep 2: A disparaging statement is a statement which interferes with the potential victim's right to honour. It is already fulfilled by expressing contempt or disrespect through the allegation of shortcomings that could reduce the victim’s social standing.\nIs there a disparaging statement directed towards the defamatory object?\nNo → STOP (NOT criminally relevant according to §§185-187 StGB)\nYes → Step 3\n\nStep 3: A factual claim is a stetement that can be proven to be true or untrue in front of a court. A value judgment constitutes and expression of personal opinions.\nIs it primarily a value judgement and NOT primarily a factual claim?\nNo → STOP (NOT criminally relevant according to §§185-187 StGB)\nYes → Step 4\n\nStep 4: An abusive insult is a statement that constitutes breaking a taboo by itself and intends only the defamation of the victim without any substantiated contribution.\nIs the statement an abusive insult?\nYes → STOP (criminally RELEVANT according to §§185-187 StGB)\nNo → Step 5\n\nStep 5: A statement is of public interest if it contains a contribution to the public discourse with respect to a particular relevant topic of public interest.\nIs the statement of public interest?\nYes → STOP (NOT criminally relevant according to §§185-187 StGB)\nNo → Step 6\n\nStep 6: A statement is considered abusive criticism if it goes beyond plausible criticism by primarily intending to abusively offend the victim, hereby neglecting a substantiated contribution.\nIs the statement abusive criticism?\nYes → STOP (criminally RELEVANT according to §§185-187 StGB)\nNo → STOP (NOT criminally relevant according to §§185-187 StGB)\n\n\nAccording to this decision schema, decide whether the following text is criminally revant according to §§185-187 StGB (Defamatory Offense). Answer only with 'True' (criminally relevant according to §§185-187 StGB) or 'False' (not criminally relevant according to §§185-187 StGB).""}, {""role"": ""user"", ""content"": ""Hat ein Neger das Recht soetwas zu sagen ..also bitte wo sind wir denn gelandet..""}]",2,FN
1340,Gestern hat ein Typ aus meiner Klasse erzählt dass ein Negerweib ihn angegangen is weil er Neger gesagt hat. Der andere Typ aus unserer Klasse und ich haben ihn dann dazu angestachelt noch rassistischer zu sein. Leider viel zu cuck um mal irgendwas durchzuziehen.,True,False, False,"[{""role"": ""system"", ""content"": ""You are a legal expert for defamatory offenses according the the German Criminal Code (§§185-187 StGB). Help the user decide whether given posts fall within in the scope of these articles.""}, {""role"": ""user"", ""content"": ""Step 1: A defamatory object can be a living individual, a group of persons that is distinguishable from the general public such that every member of that group could feel their honor is infringed or collective entities such as governments or press companies with a recognised social role and who act with a collective, single will.\nIs there a defamatory object in this statement? \nNo → STOP (NOT criminally relevant according to §§185-187 StGB)\nYes → Step 2\n\nStep 2: A disparaging statement is a statement which interferes with the potential victim's right to honour. It is already fulfilled by expressing contempt or disrespect through the allegation of shortcomings that could reduce the victim’s social standing.\nIs there a disparaging statement directed towards the defamatory object?\nNo → STOP (NOT criminally relevant according to §§185-187 StGB)\nYes → Step 3\n\nStep 3: A factual claim is a stetement that can be proven to be true or untrue in front of a court. A value judgment constitutes and expression of personal opinions.\nIs it primarily a value judgement and NOT primarily a factual claim?\nNo → STOP (NOT criminally relevant according to §§185-187 StGB)\nYes → Step 4\n\nStep 4: An abusive insult is a statement that constitutes breaking a taboo by itself and intends only the defamation of the victim without any substantiated contribution.\nIs the statement an abusive insult?\nYes → STOP (criminally RELEVANT according to §§185-187 StGB)\nNo → Step 5\n\nStep 5: A statement is of public interest if it contains a contribution to the public discourse with respect to a particular relevant topic of public interest.\nIs the statement of public interest?\nYes → STOP (NOT criminally relevant according to §§185-187 StGB)\nNo → Step 6\n\nStep 6: A statement is considered abusive criticism if it goes beyond plausible criticism by primarily intending to abusively offend the victim, hereby neglecting a substantiated contribution.\nIs the statement abusive criticism?\nYes → STOP (criminally RELEVANT according to §§185-187 StGB)\nNo → STOP (NOT criminally relevant according to §§185-187 StGB)\n\n\nAccording to this decision schema, decide whether the following text is criminally revant according to §§185-187 StGB (Defamatory Offense). Answer only with 'True' (criminally relevant according to §§185-187 StGB) or 'False' (not criminally relevant according to §§185-187 StGB).""}, {""role"": ""user"", ""content"": ""Gestern hat ein Typ aus meiner Klasse erzählt dass ein Negerweib ihn angegangen is weil er Neger gesagt hat. Der andere Typ aus unserer Klasse und ich haben ihn dann dazu angestachelt noch rassistischer zu sein. Leider viel zu cuck um mal irgendwas durchzuziehen.""}]",2,FN
1344,die moslems haben es nicht anders verdient.diese kreaturen muessen vernichtet werden,False,True, True,"[{""role"": ""system"", ""content"": ""You are a legal expert for defamatory offenses according the the German Criminal Code (§§185-187 StGB). Help the user decide whether given posts fall within in the scope of these articles.""}, {""role"": ""user"", ""content"": ""Step 1: A defamatory object can be a living individual, a group of persons that is distinguishable from the general public such that every member of that group could feel their honor is infringed or collective entities such as governments or press companies with a recognised social role and who act with a collective, single will.\nIs there a defamatory object in this statement? \nNo → STOP (NOT criminally relevant according to §§185-187 StGB)\nYes → Step 2\n\nStep 2: A disparaging statement is a statement which interferes with the potential victim's right to honour. It is already fulfilled by expressing contempt or disrespect through the allegation of shortcomings that could reduce the victim’s social standing.\nIs there a disparaging statement directed towards the defamatory object?\nNo → STOP (NOT criminally relevant according to §§185-187 StGB)\nYes → Step 3\n\nStep 3: A factual claim is a stetement that can be proven to be true or untrue in front of a court. A value judgment constitutes and expression of personal opinions.\nIs it primarily a value judgement and NOT primarily a factual claim?\nNo → STOP (NOT criminally relevant according to §§185-187 StGB)\nYes → Step 4\n\nStep 4: An abusive insult is a statement that constitutes breaking a taboo by itself and intends only the defamation of the victim without any substantiated contribution.\nIs the statement an abusive insult?\nYes → STOP (criminally RELEVANT according to §§185-187 StGB)\nNo → Step 5\n\nStep 5: A statement is of public interest if it contains a contribution to the public discourse with respect to a particular relevant topic of public interest.\nIs the statement of public interest?\nYes → STOP (NOT criminally relevant according to §§185-187 StGB)\nNo → Step 6\n\nStep 6: A statement is considered abusive criticism if it goes beyond plausible criticism by primarily intending to abusively offend the victim, hereby neglecting a substantiated contribution.\nIs the statement abusive criticism?\nYes → STOP (criminally RELEVANT according to §§185-187 StGB)\nNo → STOP (NOT criminally relevant according to §§185-187 StGB)\n\n\nAccording to this decision schema, decide whether the following text is criminally revant according to §§185-187 StGB (Defamatory Offense). Answer only with 'True' (criminally relevant according to §§185-187 StGB) or 'False' (not criminally relevant according to §§185-187 StGB).""}, {""role"": ""user"", ""content"": ""die moslems haben es nicht anders verdient.diese kreaturen muessen vernichtet werden""}]",3,FP
1350,Wenn ein Drecks Kanake mir seiner Pedofilen Kinderehen Religion mit Stolz behaupten darf Muslime zu sein. Muss ich mich erst recht nicht schämen aus dem Land zukommen das Technisch am meisten für diese Welt getan hat.,True,False, False,"[{""role"": ""system"", ""content"": ""You are a legal expert for defamatory offenses according the the German Criminal Code (§§185-187 StGB). Help the user decide whether given posts fall within in the scope of these articles.""}, {""role"": ""user"", ""content"": ""Step 1: A defamatory object can be a living individual, a group of persons that is distinguishable from the general public such that every member of that group could feel their honor is infringed or collective entities such as governments or press companies with a recognised social role and who act with a collective, single will.\nIs there a defamatory object in this statement? \nNo → STOP (NOT criminally relevant according to §§185-187 StGB)\nYes → Step 2\n\nStep 2: A disparaging statement is a statement which interferes with the potential victim's right to honour. It is already fulfilled by expressing contempt or disrespect through the allegation of shortcomings that could reduce the victim’s social standing.\nIs there a disparaging statement directed towards the defamatory object?\nNo → STOP (NOT criminally relevant according to §§185-187 StGB)\nYes → Step 3\n\nStep 3: A factual claim is a stetement that can be proven to be true or untrue in front of a court. A value judgment constitutes and expression of personal opinions.\nIs it primarily a value judgement and NOT primarily a factual claim?\nNo → STOP (NOT criminally relevant according to §§185-187 StGB)\nYes → Step 4\n\nStep 4: An abusive insult is a statement that constitutes breaking a taboo by itself and intends only the defamation of the victim without any substantiated contribution.\nIs the statement an abusive insult?\nYes → STOP (criminally RELEVANT according to §§185-187 StGB)\nNo → Step 5\n\nStep 5: A statement is of public interest if it contains a contribution to the public discourse with respect to a particular relevant topic of public interest.\nIs the statement of public interest?\nYes → STOP (NOT criminally relevant according to §§185-187 StGB)\nNo → Step 6\n\nStep 6: A statement is considered abusive criticism if it goes beyond plausible criticism by primarily intending to abusively offend the victim, hereby neglecting a substantiated contribution.\nIs the statement abusive criticism?\nYes → STOP (criminally RELEVANT according to §§185-187 StGB)\nNo → STOP (NOT criminally relevant according to §§185-187 StGB)\n\n\nAccording to this decision schema, decide whether the following text is criminally revant according to §§185-187 StGB (Defamatory Offense). Answer only with 'True' (criminally relevant according to §§185-187 StGB) or 'False' (not criminally relevant according to §§185-187 StGB).""}, {""role"": ""user"", ""content"": ""Wenn ein Drecks Kanake mir seiner Pedofilen Kinderehen Religion mit Stolz behaupten darf Muslime zu sein. Muss ich mich erst recht nicht schämen aus dem Land zukommen das Technisch am meisten für diese Welt getan hat.""}]",2,FN
1351,Dann brauche ich ja auch kein Blatt mehr vor den Mund zu nehmen .... steckt dieses ganze links-grüne Anti deutsch denkende Drecksgesindel alle ins KZ und aus die Maus,True,False, False,"[{""role"": ""system"", ""content"": ""You are a legal expert for defamatory offenses according the the German Criminal Code (§§185-187 StGB). Help the user decide whether given posts fall within in the scope of these articles.""}, {""role"": ""user"", ""content"": ""Step 1: A defamatory object can be a living individual, a group of persons that is distinguishable from the general public such that every member of that group could feel their honor is infringed or collective entities such as governments or press companies with a recognised social role and who act with a collective, single will.\nIs there a defamatory object in this statement? \nNo → STOP (NOT criminally relevant according to §§185-187 StGB)\nYes → Step 2\n\nStep 2: A disparaging statement is a statement which interferes with the potential victim's right to honour. It is already fulfilled by expressing contempt or disrespect through the allegation of shortcomings that could reduce the victim’s social standing.\nIs there a disparaging statement directed towards the defamatory object?\nNo → STOP (NOT criminally relevant according to §§185-187 StGB)\nYes → Step 3\n\nStep 3: A factual claim is a stetement that can be proven to be true or untrue in front of a court. A value judgment constitutes and expression of personal opinions.\nIs it primarily a value judgement and NOT primarily a factual claim?\nNo → STOP (NOT criminally relevant according to §§185-187 StGB)\nYes → Step 4\n\nStep 4: An abusive insult is a statement that constitutes breaking a taboo by itself and intends only the defamation of the victim without any substantiated contribution.\nIs the statement an abusive insult?\nYes → STOP (criminally RELEVANT according to §§185-187 StGB)\nNo → Step 5\n\nStep 5: A statement is of public interest if it contains a contribution to the public discourse with respect to a particular relevant topic of public interest.\nIs the statement of public interest?\nYes → STOP (NOT criminally relevant according to §§185-187 StGB)\nNo → Step 6\n\nStep 6: A statement is considered abusive criticism if it goes beyond plausible criticism by primarily intending to abusively offend the victim, hereby neglecting a substantiated contribution.\nIs the statement abusive criticism?\nYes → STOP (criminally RELEVANT according to §§185-187 StGB)\nNo → STOP (NOT criminally relevant according to §§185-187 StGB)\n\n\nAccording to this decision schema, decide whether the following text is criminally revant according to §§185-187 StGB (Defamatory Offense). Answer only with 'True' (criminally relevant according to §§185-187 StGB) or 'False' (not criminally relevant according to §§185-187 StGB).""}, {""role"": ""user"", ""content"": ""Dann brauche ich ja auch kein Blatt mehr vor den Mund zu nehmen .... steckt dieses ganze links-grüne Anti deutsch denkende Drecksgesindel alle ins KZ und aus die Maus""}]",1,FN
1357,"Eigentlich guter Artikel. Fr. Prof. Ciesek, ist dennoch ein SCHLECHTER Mensch! Wieso? Weil Sie sehr intelligent ist und die folgen unseres Handels sehen müsste, dennoch unterstützt Sie eine Politik die Weltweit Kinder tötet! Mehr BÖSARTIGKEIT geht nicht!",True,False, False,"[{""role"": ""system"", ""content"": ""You are a legal expert for defamatory offenses according the the German Criminal Code (§§185-187 StGB). Help the user decide whether given posts fall within in the scope of these articles.""}, {""role"": ""user"", ""content"": ""Step 1: A defamatory object can be a living individual, a group of persons that is distinguishable from the general public such that every member of that group could feel their honor is infringed or collective entities such as governments or press companies with a recognised social role and who act with a collective, single will.\nIs there a defamatory object in this statement? \nNo → STOP (NOT criminally relevant according to §§185-187 StGB)\nYes → Step 2\n\nStep 2: A disparaging statement is a statement which interferes with the potential victim's right to honour. It is already fulfilled by expressing contempt or disrespect through the allegation of shortcomings that could reduce the victim’s social standing.\nIs there a disparaging statement directed towards the defamatory object?\nNo → STOP (NOT criminally relevant according to §§185-187 StGB)\nYes → Step 3\n\nStep 3: A factual claim is a stetement that can be proven to be true or untrue in front of a court. A value judgment constitutes and expression of personal opinions.\nIs it primarily a value judgement and NOT primarily a factual claim?\nNo → STOP (NOT criminally relevant according to §§185-187 StGB)\nYes → Step 4\n\nStep 4: An abusive insult is a statement that constitutes breaking a taboo by itself and intends only the defamation of the victim without any substantiated contribution.\nIs the statement an abusive insult?\nYes → STOP (criminally RELEVANT according to §§185-187 StGB)\nNo → Step 5\n\nStep 5: A statement is of public interest if it contains a contribution to the public discourse with respect to a particular relevant topic of public interest.\nIs the statement of public interest?\nYes → STOP (NOT criminally relevant according to §§185-187 StGB)\nNo → Step 6\n\nStep 6: A statement is considered abusive criticism if it goes beyond plausible criticism by primarily intending to abusively offend the victim, hereby neglecting a substantiated contribution.\nIs the statement abusive criticism?\nYes → STOP (criminally RELEVANT according to §§185-187 StGB)\nNo → STOP (NOT criminally relevant according to §§185-187 StGB)\n\n\nAccording to this decision schema, decide whether the following text is criminally revant according to §§185-187 StGB (Defamatory Offense). Answer only with 'True' (criminally relevant according to §§185-187 StGB) or 'False' (not criminally relevant according to §§185-187 StGB).""}, {""role"": ""user"", ""content"": ""Eigentlich guter Artikel. Fr. Prof. Ciesek, ist dennoch ein SCHLECHTER Mensch! Wieso? Weil Sie sehr intelligent ist und die folgen unseres Handels sehen müsste, dennoch unterstützt Sie eine Politik die Weltweit Kinder tötet! Mehr BÖSARTIGKEIT geht nicht!""}]",1,FN
1360,Boah Jungs Hitler bester Mann hat einfach die Fetten Juden gegrillt und an Afrika gespendet was ein Ehrenmann,True,False, False,"[{""role"": ""system"", ""content"": ""You are a legal expert for defamatory offenses according the the German Criminal Code (§§185-187 StGB). Help the user decide whether given posts fall within in the scope of these articles.""}, {""role"": ""user"", ""content"": ""Step 1: A defamatory object can be a living individual, a group of persons that is distinguishable from the general public such that every member of that group could feel their honor is infringed or collective entities such as governments or press companies with a recognised social role and who act with a collective, single will.\nIs there a defamatory object in this statement? \nNo → STOP (NOT criminally relevant according to §§185-187 StGB)\nYes → Step 2\n\nStep 2: A disparaging statement is a statement which interferes with the potential victim's right to honour. It is already fulfilled by expressing contempt or disrespect through the allegation of shortcomings that could reduce the victim’s social standing.\nIs there a disparaging statement directed towards the defamatory object?\nNo → STOP (NOT criminally relevant according to §§185-187 StGB)\nYes → Step 3\n\nStep 3: A factual claim is a stetement that can be proven to be true or untrue in front of a court. A value judgment constitutes and expression of personal opinions.\nIs it primarily a value judgement and NOT primarily a factual claim?\nNo → STOP (NOT criminally relevant according to §§185-187 StGB)\nYes → Step 4\n\nStep 4: An abusive insult is a statement that constitutes breaking a taboo by itself and intends only the defamation of the victim without any substantiated contribution.\nIs the statement an abusive insult?\nYes → STOP (criminally RELEVANT according to §§185-187 StGB)\nNo → Step 5\n\nStep 5: A statement is of public interest if it contains a contribution to the public discourse with respect to a particular relevant topic of public interest.\nIs the statement of public interest?\nYes → STOP (NOT criminally relevant according to §§185-187 StGB)\nNo → Step 6\n\nStep 6: A statement is considered abusive criticism if it goes beyond plausible criticism by primarily intending to abusively offend the victim, hereby neglecting a substantiated contribution.\nIs the statement abusive criticism?\nYes → STOP (criminally RELEVANT according to §§185-187 StGB)\nNo → STOP (NOT criminally relevant according to §§185-187 StGB)\n\n\nAccording to this decision schema, decide whether the following text is criminally revant according to §§185-187 StGB (Defamatory Offense). Answer only with 'True' (criminally relevant according to §§185-187 StGB) or 'False' (not criminally relevant according to §§185-187 StGB).""}, {""role"": ""user"", ""content"": ""Boah Jungs Hitler bester Mann hat einfach die Fetten Juden gegrillt und an Afrika gespendet was ein Ehrenmann""}]",3,FN
1370,Wie wer es andersrum die Ekeligen Schwarzen wieder raus aus Deutschland,True,False, False,"[{""role"": ""system"", ""content"": ""You are a legal expert for defamatory offenses according the the German Criminal Code (§§185-187 StGB). Help the user decide whether given posts fall within in the scope of these articles.""}, {""role"": ""user"", ""content"": ""Step 1: A defamatory object can be a living individual, a group of persons that is distinguishable from the general public such that every member of that group could feel their honor is infringed or collective entities such as governments or press companies with a recognised social role and who act with a collective, single will.\nIs there a defamatory object in this statement? \nNo → STOP (NOT criminally relevant according to §§185-187 StGB)\nYes → Step 2\n\nStep 2: A disparaging statement is a statement which interferes with the potential victim's right to honour. It is already fulfilled by expressing contempt or disrespect through the allegation of shortcomings that could reduce the victim’s social standing.\nIs there a disparaging statement directed towards the defamatory object?\nNo → STOP (NOT criminally relevant according to §§185-187 StGB)\nYes → Step 3\n\nStep 3: A factual claim is a stetement that can be proven to be true or untrue in front of a court. A value judgment constitutes and expression of personal opinions.\nIs it primarily a value judgement and NOT primarily a factual claim?\nNo → STOP (NOT criminally relevant according to §§185-187 StGB)\nYes → Step 4\n\nStep 4: An abusive insult is a statement that constitutes breaking a taboo by itself and intends only the defamation of the victim without any substantiated contribution.\nIs the statement an abusive insult?\nYes → STOP (criminally RELEVANT according to §§185-187 StGB)\nNo → Step 5\n\nStep 5: A statement is of public interest if it contains a contribution to the public discourse with respect to a particular relevant topic of public interest.\nIs the statement of public interest?\nYes → STOP (NOT criminally relevant according to §§185-187 StGB)\nNo → Step 6\n\nStep 6: A statement is considered abusive criticism if it goes beyond plausible criticism by primarily intending to abusively offend the victim, hereby neglecting a substantiated contribution.\nIs the statement abusive criticism?\nYes → STOP (criminally RELEVANT according to §§185-187 StGB)\nNo → STOP (NOT criminally relevant according to §§185-187 StGB)\n\n\nAccording to this decision schema, decide whether the following text is criminally revant according to §§185-187 StGB (Defamatory Offense). Answer only with 'True' (criminally relevant according to §§185-187 StGB) or 'False' (not criminally relevant according to §§185-187 StGB).""}, {""role"": ""user"", ""content"": ""Wie wer es andersrum die Ekeligen Schwarzen wieder raus aus Deutschland""}]",3,FN
1372,Ekelhafte Hurensöhne,True,False, False,"[{""role"": ""system"", ""content"": ""You are a legal expert for defamatory offenses according the the German Criminal Code (§§185-187 StGB). Help the user decide whether given posts fall within in the scope of these articles.""}, {""role"": ""user"", ""content"": ""Step 1: A defamatory object can be a living individual, a group of persons that is distinguishable from the general public such that every member of that group could feel their honor is infringed or collective entities such as governments or press companies with a recognised social role and who act with a collective, single will.\nIs there a defamatory object in this statement? \nNo → STOP (NOT criminally relevant according to §§185-187 StGB)\nYes → Step 2\n\nStep 2: A disparaging statement is a statement which interferes with the potential victim's right to honour. It is already fulfilled by expressing contempt or disrespect through the allegation of shortcomings that could reduce the victim’s social standing.\nIs there a disparaging statement directed towards the defamatory object?\nNo → STOP (NOT criminally relevant according to §§185-187 StGB)\nYes → Step 3\n\nStep 3: A factual claim is a stetement that can be proven to be true or untrue in front of a court. A value judgment constitutes and expression of personal opinions.\nIs it primarily a value judgement and NOT primarily a factual claim?\nNo → STOP (NOT criminally relevant according to §§185-187 StGB)\nYes → Step 4\n\nStep 4: An abusive insult is a statement that constitutes breaking a taboo by itself and intends only the defamation of the victim without any substantiated contribution.\nIs the statement an abusive insult?\nYes → STOP (criminally RELEVANT according to §§185-187 StGB)\nNo → Step 5\n\nStep 5: A statement is of public interest if it contains a contribution to the public discourse with respect to a particular relevant topic of public interest.\nIs the statement of public interest?\nYes → STOP (NOT criminally relevant according to §§185-187 StGB)\nNo → Step 6\n\nStep 6: A statement is considered abusive criticism if it goes beyond plausible criticism by primarily intending to abusively offend the victim, hereby neglecting a substantiated contribution.\nIs the statement abusive criticism?\nYes → STOP (criminally RELEVANT according to §§185-187 StGB)\nNo → STOP (NOT criminally relevant according to §§185-187 StGB)\n\n\nAccording to this decision schema, decide whether the following text is criminally revant according to §§185-187 StGB (Defamatory Offense). Answer only with 'True' (criminally relevant according to §§185-187 StGB) or 'False' (not criminally relevant according to §§185-187 StGB).""}, {""role"": ""user"", ""content"": ""Ekelhafte Hurensöhne""}]",0,FN
1381,Scheiss Moslems,True,False, False,"[{""role"": ""system"", ""content"": ""You are a legal expert for defamatory offenses according the the German Criminal Code (§§185-187 StGB). Help the user decide whether given posts fall within in the scope of these articles.""}, {""role"": ""user"", ""content"": ""Step 1: A defamatory object can be a living individual, a group of persons that is distinguishable from the general public such that every member of that group could feel their honor is infringed or collective entities such as governments or press companies with a recognised social role and who act with a collective, single will.\nIs there a defamatory object in this statement? \nNo → STOP (NOT criminally relevant according to §§185-187 StGB)\nYes → Step 2\n\nStep 2: A disparaging statement is a statement which interferes with the potential victim's right to honour. It is already fulfilled by expressing contempt or disrespect through the allegation of shortcomings that could reduce the victim’s social standing.\nIs there a disparaging statement directed towards the defamatory object?\nNo → STOP (NOT criminally relevant according to §§185-187 StGB)\nYes → Step 3\n\nStep 3: A factual claim is a stetement that can be proven to be true or untrue in front of a court. A value judgment constitutes and expression of personal opinions.\nIs it primarily a value judgement and NOT primarily a factual claim?\nNo → STOP (NOT criminally relevant according to §§185-187 StGB)\nYes → Step 4\n\nStep 4: An abusive insult is a statement that constitutes breaking a taboo by itself and intends only the defamation of the victim without any substantiated contribution.\nIs the statement an abusive insult?\nYes → STOP (criminally RELEVANT according to §§185-187 StGB)\nNo → Step 5\n\nStep 5: A statement is of public interest if it contains a contribution to the public discourse with respect to a particular relevant topic of public interest.\nIs the statement of public interest?\nYes → STOP (NOT criminally relevant according to §§185-187 StGB)\nNo → Step 6\n\nStep 6: A statement is considered abusive criticism if it goes beyond plausible criticism by primarily intending to abusively offend the victim, hereby neglecting a substantiated contribution.\nIs the statement abusive criticism?\nYes → STOP (criminally RELEVANT according to §§185-187 StGB)\nNo → STOP (NOT criminally relevant according to §§185-187 StGB)\n\n\nAccording to this decision schema, decide whether the following text is criminally revant according to §§185-187 StGB (Defamatory Offense). Answer only with 'True' (criminally relevant according to §§185-187 StGB) or 'False' (not criminally relevant according to §§185-187 StGB).""}, {""role"": ""user"", ""content"": ""Scheiss Moslems""}]",1,FN
1398,@deutscherThadd1 @staatsboss Jeder normaldenkende Mensch ist homosexuell wie oft denn noch dass du hrensogn es endlich verstehst,True,False, False,"[{""role"": ""system"", ""content"": ""You are a legal expert for defamatory offenses according the the German Criminal Code (§§185-187 StGB). Help the user decide whether given posts fall within in the scope of these articles.""}, {""role"": ""user"", ""content"": ""Step 1: A defamatory object can be a living individual, a group of persons that is distinguishable from the general public such that every member of that group could feel their honor is infringed or collective entities such as governments or press companies with a recognised social role and who act with a collective, single will.\nIs there a defamatory object in this statement? \nNo → STOP (NOT criminally relevant according to §§185-187 StGB)\nYes → Step 2\n\nStep 2: A disparaging statement is a statement which interferes with the potential victim's right to honour. It is already fulfilled by expressing contempt or disrespect through the allegation of shortcomings that could reduce the victim’s social standing.\nIs there a disparaging statement directed towards the defamatory object?\nNo → STOP (NOT criminally relevant according to §§185-187 StGB)\nYes → Step 3\n\nStep 3: A factual claim is a stetement that can be proven to be true or untrue in front of a court. A value judgment constitutes and expression of personal opinions.\nIs it primarily a value judgement and NOT primarily a factual claim?\nNo → STOP (NOT criminally relevant according to §§185-187 StGB)\nYes → Step 4\n\nStep 4: An abusive insult is a statement that constitutes breaking a taboo by itself and intends only the defamation of the victim without any substantiated contribution.\nIs the statement an abusive insult?\nYes → STOP (criminally RELEVANT according to §§185-187 StGB)\nNo → Step 5\n\nStep 5: A statement is of public interest if it contains a contribution to the public discourse with respect to a particular relevant topic of public interest.\nIs the statement of public interest?\nYes → STOP (NOT criminally relevant according to §§185-187 StGB)\nNo → Step 6\n\nStep 6: A statement is considered abusive criticism if it goes beyond plausible criticism by primarily intending to abusively offend the victim, hereby neglecting a substantiated contribution.\nIs the statement abusive criticism?\nYes → STOP (criminally RELEVANT according to §§185-187 StGB)\nNo → STOP (NOT criminally relevant according to §§185-187 StGB)\n\n\nAccording to this decision schema, decide whether the following text is criminally revant according to §§185-187 StGB (Defamatory Offense). Answer only with 'True' (criminally relevant according to §§185-187 StGB) or 'False' (not criminally relevant according to §§185-187 StGB).""}, {""role"": ""user"", ""content"": ""@deutscherThadd1 @staatsboss Jeder normaldenkende Mensch ist homosexuell wie oft denn noch dass du hrensogn es endlich verstehst""}]",3,FN
1401,@Exo50396249 Alle denken och bin mega homophob junge dabei habe ich garnix gegen die wenn die nicht wie so stöhnende affen reden,True,False, False,"[{""role"": ""system"", ""content"": ""You are a legal expert for defamatory offenses according the the German Criminal Code (§§185-187 StGB). Help the user decide whether given posts fall within in the scope of these articles.""}, {""role"": ""user"", ""content"": ""Step 1: A defamatory object can be a living individual, a group of persons that is distinguishable from the general public such that every member of that group could feel their honor is infringed or collective entities such as governments or press companies with a recognised social role and who act with a collective, single will.\nIs there a defamatory object in this statement? \nNo → STOP (NOT criminally relevant according to §§185-187 StGB)\nYes → Step 2\n\nStep 2: A disparaging statement is a statement which interferes with the potential victim's right to honour. It is already fulfilled by expressing contempt or disrespect through the allegation of shortcomings that could reduce the victim’s social standing.\nIs there a disparaging statement directed towards the defamatory object?\nNo → STOP (NOT criminally relevant according to §§185-187 StGB)\nYes → Step 3\n\nStep 3: A factual claim is a stetement that can be proven to be true or untrue in front of a court. A value judgment constitutes and expression of personal opinions.\nIs it primarily a value judgement and NOT primarily a factual claim?\nNo → STOP (NOT criminally relevant according to §§185-187 StGB)\nYes → Step 4\n\nStep 4: An abusive insult is a statement that constitutes breaking a taboo by itself and intends only the defamation of the victim without any substantiated contribution.\nIs the statement an abusive insult?\nYes → STOP (criminally RELEVANT according to §§185-187 StGB)\nNo → Step 5\n\nStep 5: A statement is of public interest if it contains a contribution to the public discourse with respect to a particular relevant topic of public interest.\nIs the statement of public interest?\nYes → STOP (NOT criminally relevant according to §§185-187 StGB)\nNo → Step 6\n\nStep 6: A statement is considered abusive criticism if it goes beyond plausible criticism by primarily intending to abusively offend the victim, hereby neglecting a substantiated contribution.\nIs the statement abusive criticism?\nYes → STOP (criminally RELEVANT according to §§185-187 StGB)\nNo → STOP (NOT criminally relevant according to §§185-187 StGB)\n\n\nAccording to this decision schema, decide whether the following text is criminally revant according to §§185-187 StGB (Defamatory Offense). Answer only with 'True' (criminally relevant according to §§185-187 StGB) or 'False' (not criminally relevant according to §§185-187 StGB).""}, {""role"": ""user"", ""content"": ""@Exo50396249 Alle denken och bin mega homophob junge dabei habe ich garnix gegen die wenn die nicht wie so stöhnende affen reden""}]",3,FN
1445,"der Talmud hat nur eine Version: die satanische. |LBR| und der nette Rabbi Cohen hat Nachfahren, die den ursprünglichen Nachnamen verändert haben (machen nur Verbrecher übrigens).",True,False, False,"[{""role"": ""system"", ""content"": ""You are a legal expert for defamatory offenses according the the German Criminal Code (§§185-187 StGB). Help the user decide whether given posts fall within in the scope of these articles.""}, {""role"": ""user"", ""content"": ""Step 1: A defamatory object can be a living individual, a group of persons that is distinguishable from the general public such that every member of that group could feel their honor is infringed or collective entities such as governments or press companies with a recognised social role and who act with a collective, single will.\nIs there a defamatory object in this statement? \nNo → STOP (NOT criminally relevant according to §§185-187 StGB)\nYes → Step 2\n\nStep 2: A disparaging statement is a statement which interferes with the potential victim's right to honour. It is already fulfilled by expressing contempt or disrespect through the allegation of shortcomings that could reduce the victim’s social standing.\nIs there a disparaging statement directed towards the defamatory object?\nNo → STOP (NOT criminally relevant according to §§185-187 StGB)\nYes → Step 3\n\nStep 3: A factual claim is a stetement that can be proven to be true or untrue in front of a court. A value judgment constitutes and expression of personal opinions.\nIs it primarily a value judgement and NOT primarily a factual claim?\nNo → STOP (NOT criminally relevant according to §§185-187 StGB)\nYes → Step 4\n\nStep 4: An abusive insult is a statement that constitutes breaking a taboo by itself and intends only the defamation of the victim without any substantiated contribution.\nIs the statement an abusive insult?\nYes → STOP (criminally RELEVANT according to §§185-187 StGB)\nNo → Step 5\n\nStep 5: A statement is of public interest if it contains a contribution to the public discourse with respect to a particular relevant topic of public interest.\nIs the statement of public interest?\nYes → STOP (NOT criminally relevant according to §§185-187 StGB)\nNo → Step 6\n\nStep 6: A statement is considered abusive criticism if it goes beyond plausible criticism by primarily intending to abusively offend the victim, hereby neglecting a substantiated contribution.\nIs the statement abusive criticism?\nYes → STOP (criminally RELEVANT according to §§185-187 StGB)\nNo → STOP (NOT criminally relevant according to §§185-187 StGB)\n\n\nAccording to this decision schema, decide whether the following text is criminally revant according to §§185-187 StGB (Defamatory Offense). Answer only with 'True' (criminally relevant according to §§185-187 StGB) or 'False' (not criminally relevant according to §§185-187 StGB).""}, {""role"": ""user"", ""content"": ""der Talmud hat nur eine Version: die satanische. |LBR| und der nette Rabbi Cohen hat Nachfahren, die den ursprünglichen Nachnamen verändert haben (machen nur Verbrecher übrigens).""}]",1,FN
1446,@thomas_dudek Du Nutte kannst doch nicht Deutschlands Mannschaft mit der Gurkentruppe aus Polen vergleichen,True,False, False,"[{""role"": ""system"", ""content"": ""You are a legal expert for defamatory offenses according the the German Criminal Code (§§185-187 StGB). Help the user decide whether given posts fall within in the scope of these articles.""}, {""role"": ""user"", ""content"": ""Step 1: A defamatory object can be a living individual, a group of persons that is distinguishable from the general public such that every member of that group could feel their honor is infringed or collective entities such as governments or press companies with a recognised social role and who act with a collective, single will.\nIs there a defamatory object in this statement? \nNo → STOP (NOT criminally relevant according to §§185-187 StGB)\nYes → Step 2\n\nStep 2: A disparaging statement is a statement which interferes with the potential victim's right to honour. It is already fulfilled by expressing contempt or disrespect through the allegation of shortcomings that could reduce the victim’s social standing.\nIs there a disparaging statement directed towards the defamatory object?\nNo → STOP (NOT criminally relevant according to §§185-187 StGB)\nYes → Step 3\n\nStep 3: A factual claim is a stetement that can be proven to be true or untrue in front of a court. A value judgment constitutes and expression of personal opinions.\nIs it primarily a value judgement and NOT primarily a factual claim?\nNo → STOP (NOT criminally relevant according to §§185-187 StGB)\nYes → Step 4\n\nStep 4: An abusive insult is a statement that constitutes breaking a taboo by itself and intends only the defamation of the victim without any substantiated contribution.\nIs the statement an abusive insult?\nYes → STOP (criminally RELEVANT according to §§185-187 StGB)\nNo → Step 5\n\nStep 5: A statement is of public interest if it contains a contribution to the public discourse with respect to a particular relevant topic of public interest.\nIs the statement of public interest?\nYes → STOP (NOT criminally relevant according to §§185-187 StGB)\nNo → Step 6\n\nStep 6: A statement is considered abusive criticism if it goes beyond plausible criticism by primarily intending to abusively offend the victim, hereby neglecting a substantiated contribution.\nIs the statement abusive criticism?\nYes → STOP (criminally RELEVANT according to §§185-187 StGB)\nNo → STOP (NOT criminally relevant according to §§185-187 StGB)\n\n\nAccording to this decision schema, decide whether the following text is criminally revant according to §§185-187 StGB (Defamatory Offense). Answer only with 'True' (criminally relevant according to §§185-187 StGB) or 'False' (not criminally relevant according to §§185-187 StGB).""}, {""role"": ""user"", ""content"": ""@thomas_dudek Du Nutte kannst doch nicht Deutschlands Mannschaft mit der Gurkentruppe aus Polen vergleichen""}]",3,FN
1448,@lgsvfx ihr habt es noch nicht bemerkt ihr seid der abschaum!!! |LBR| |LBR| nicht rainer,True,False, False,"[{""role"": ""system"", ""content"": ""You are a legal expert for defamatory offenses according the the German Criminal Code (§§185-187 StGB). Help the user decide whether given posts fall within in the scope of these articles.""}, {""role"": ""user"", ""content"": ""Step 1: A defamatory object can be a living individual, a group of persons that is distinguishable from the general public such that every member of that group could feel their honor is infringed or collective entities such as governments or press companies with a recognised social role and who act with a collective, single will.\nIs there a defamatory object in this statement? \nNo → STOP (NOT criminally relevant according to §§185-187 StGB)\nYes → Step 2\n\nStep 2: A disparaging statement is a statement which interferes with the potential victim's right to honour. It is already fulfilled by expressing contempt or disrespect through the allegation of shortcomings that could reduce the victim’s social standing.\nIs there a disparaging statement directed towards the defamatory object?\nNo → STOP (NOT criminally relevant according to §§185-187 StGB)\nYes → Step 3\n\nStep 3: A factual claim is a stetement that can be proven to be true or untrue in front of a court. A value judgment constitutes and expression of personal opinions.\nIs it primarily a value judgement and NOT primarily a factual claim?\nNo → STOP (NOT criminally relevant according to §§185-187 StGB)\nYes → Step 4\n\nStep 4: An abusive insult is a statement that constitutes breaking a taboo by itself and intends only the defamation of the victim without any substantiated contribution.\nIs the statement an abusive insult?\nYes → STOP (criminally RELEVANT according to §§185-187 StGB)\nNo → Step 5\n\nStep 5: A statement is of public interest if it contains a contribution to the public discourse with respect to a particular relevant topic of public interest.\nIs the statement of public interest?\nYes → STOP (NOT criminally relevant according to §§185-187 StGB)\nNo → Step 6\n\nStep 6: A statement is considered abusive criticism if it goes beyond plausible criticism by primarily intending to abusively offend the victim, hereby neglecting a substantiated contribution.\nIs the statement abusive criticism?\nYes → STOP (criminally RELEVANT according to §§185-187 StGB)\nNo → STOP (NOT criminally relevant according to §§185-187 StGB)\n\n\nAccording to this decision schema, decide whether the following text is criminally revant according to §§185-187 StGB (Defamatory Offense). Answer only with 'True' (criminally relevant according to §§185-187 StGB) or 'False' (not criminally relevant according to §§185-187 StGB).""}, {""role"": ""user"", ""content"": ""@lgsvfx ihr habt es noch nicht bemerkt ihr seid der abschaum!!! |LBR| |LBR| nicht rainer""}]",3,FN
1450,"@Frhstcksgulasc1 @Inge06222631 Nunja, die Frage ist aber auch: Muss man unbedingt irgendwo hinpilgern, nur um jemanden auf den Sack zu gehen? Auch wenn Rainer mal wieder unter Beweis stellt, was für ein Arsch er ist. |LBR| Fakt ist halt auch: Rainer hätte schon vielen aufs Maul hauen können 1/2",True,False, False,"[{""role"": ""system"", ""content"": ""You are a legal expert for defamatory offenses according the the German Criminal Code (§§185-187 StGB). Help the user decide whether given posts fall within in the scope of these articles.""}, {""role"": ""user"", ""content"": ""Step 1: A defamatory object can be a living individual, a group of persons that is distinguishable from the general public such that every member of that group could feel their honor is infringed or collective entities such as governments or press companies with a recognised social role and who act with a collective, single will.\nIs there a defamatory object in this statement? \nNo → STOP (NOT criminally relevant according to §§185-187 StGB)\nYes → Step 2\n\nStep 2: A disparaging statement is a statement which interferes with the potential victim's right to honour. It is already fulfilled by expressing contempt or disrespect through the allegation of shortcomings that could reduce the victim’s social standing.\nIs there a disparaging statement directed towards the defamatory object?\nNo → STOP (NOT criminally relevant according to §§185-187 StGB)\nYes → Step 3\n\nStep 3: A factual claim is a stetement that can be proven to be true or untrue in front of a court. A value judgment constitutes and expression of personal opinions.\nIs it primarily a value judgement and NOT primarily a factual claim?\nNo → STOP (NOT criminally relevant according to §§185-187 StGB)\nYes → Step 4\n\nStep 4: An abusive insult is a statement that constitutes breaking a taboo by itself and intends only the defamation of the victim without any substantiated contribution.\nIs the statement an abusive insult?\nYes → STOP (criminally RELEVANT according to §§185-187 StGB)\nNo → Step 5\n\nStep 5: A statement is of public interest if it contains a contribution to the public discourse with respect to a particular relevant topic of public interest.\nIs the statement of public interest?\nYes → STOP (NOT criminally relevant according to §§185-187 StGB)\nNo → Step 6\n\nStep 6: A statement is considered abusive criticism if it goes beyond plausible criticism by primarily intending to abusively offend the victim, hereby neglecting a substantiated contribution.\nIs the statement abusive criticism?\nYes → STOP (criminally RELEVANT according to §§185-187 StGB)\nNo → STOP (NOT criminally relevant according to §§185-187 StGB)\n\n\nAccording to this decision schema, decide whether the following text is criminally revant according to §§185-187 StGB (Defamatory Offense). Answer only with 'True' (criminally relevant according to §§185-187 StGB) or 'False' (not criminally relevant according to §§185-187 StGB).""}, {""role"": ""user"", ""content"": ""@Frhstcksgulasc1 @Inge06222631 Nunja, die Frage ist aber auch: Muss man unbedingt irgendwo hinpilgern, nur um jemanden auf den Sack zu gehen? Auch wenn Rainer mal wieder unter Beweis stellt, was für ein Arsch er ist. |LBR| Fakt ist halt auch: Rainer hätte schon vielen aufs Maul hauen können 1/2""}]",1,FN
1539,"Börn Höcke ist  Unser Mann die Bembelrunde,alles für DEUTSCHLAND, EUROPA REMIGRATION sofort,Grenzen sofort schließen, Islamischensozialschmarotzer Terroristen Hamas, IS.Taliban usw.Ukrainekrieg alle Ukraine Sozialtuoristen ín ihre Angestamtenheimat Handel Wandel Druschba AfDJAfD",True,False, False,"[{""role"": ""system"", ""content"": ""You are a legal expert for defamatory offenses according the the German Criminal Code (§§185-187 StGB). Help the user decide whether given posts fall within in the scope of these articles.""}, {""role"": ""user"", ""content"": ""Step 1: A defamatory object can be a living individual, a group of persons that is distinguishable from the general public such that every member of that group could feel their honor is infringed or collective entities such as governments or press companies with a recognised social role and who act with a collective, single will.\nIs there a defamatory object in this statement? \nNo → STOP (NOT criminally relevant according to §§185-187 StGB)\nYes → Step 2\n\nStep 2: A disparaging statement is a statement which interferes with the potential victim's right to honour. It is already fulfilled by expressing contempt or disrespect through the allegation of shortcomings that could reduce the victim’s social standing.\nIs there a disparaging statement directed towards the defamatory object?\nNo → STOP (NOT criminally relevant according to §§185-187 StGB)\nYes → Step 3\n\nStep 3: A factual claim is a stetement that can be proven to be true or untrue in front of a court. A value judgment constitutes and expression of personal opinions.\nIs it primarily a value judgement and NOT primarily a factual claim?\nNo → STOP (NOT criminally relevant according to §§185-187 StGB)\nYes → Step 4\n\nStep 4: An abusive insult is a statement that constitutes breaking a taboo by itself and intends only the defamation of the victim without any substantiated contribution.\nIs the statement an abusive insult?\nYes → STOP (criminally RELEVANT according to §§185-187 StGB)\nNo → Step 5\n\nStep 5: A statement is of public interest if it contains a contribution to the public discourse with respect to a particular relevant topic of public interest.\nIs the statement of public interest?\nYes → STOP (NOT criminally relevant according to §§185-187 StGB)\nNo → Step 6\n\nStep 6: A statement is considered abusive criticism if it goes beyond plausible criticism by primarily intending to abusively offend the victim, hereby neglecting a substantiated contribution.\nIs the statement abusive criticism?\nYes → STOP (criminally RELEVANT according to §§185-187 StGB)\nNo → STOP (NOT criminally relevant according to §§185-187 StGB)\n\n\nAccording to this decision schema, decide whether the following text is criminally revant according to §§185-187 StGB (Defamatory Offense). Answer only with 'True' (criminally relevant according to §§185-187 StGB) or 'False' (not criminally relevant according to §§185-187 StGB).""}, {""role"": ""user"", ""content"": ""Börn Höcke ist  Unser Mann die Bembelrunde,alles für DEUTSCHLAND, EUROPA REMIGRATION sofort,Grenzen sofort schließen, Islamischensozialschmarotzer Terroristen Hamas, IS.Taliban usw.Ukrainekrieg alle Ukraine Sozialtuoristen ín ihre Angestamtenheimat Handel Wandel Druschba AfDJAfD""}]",1,FN
1542,"@MS_Berlin @normmanne @arndhenze @HGMaassen @ArminLaschet Nur weil du Nazi das behauptest, um uns normale Menschen das Sprechen zu erschweren oder zu verbieten, wird es nicht wahr. Nazis sind  die größten Antisemiten. Immer gewesen. Von Anfang an. Und niemand anderer.",True,False, False,"[{""role"": ""system"", ""content"": ""You are a legal expert for defamatory offenses according the the German Criminal Code (§§185-187 StGB). Help the user decide whether given posts fall within in the scope of these articles.""}, {""role"": ""user"", ""content"": ""Step 1: A defamatory object can be a living individual, a group of persons that is distinguishable from the general public such that every member of that group could feel their honor is infringed or collective entities such as governments or press companies with a recognised social role and who act with a collective, single will.\nIs there a defamatory object in this statement? \nNo → STOP (NOT criminally relevant according to §§185-187 StGB)\nYes → Step 2\n\nStep 2: A disparaging statement is a statement which interferes with the potential victim's right to honour. It is already fulfilled by expressing contempt or disrespect through the allegation of shortcomings that could reduce the victim’s social standing.\nIs there a disparaging statement directed towards the defamatory object?\nNo → STOP (NOT criminally relevant according to §§185-187 StGB)\nYes → Step 3\n\nStep 3: A factual claim is a stetement that can be proven to be true or untrue in front of a court. A value judgment constitutes and expression of personal opinions.\nIs it primarily a value judgement and NOT primarily a factual claim?\nNo → STOP (NOT criminally relevant according to §§185-187 StGB)\nYes → Step 4\n\nStep 4: An abusive insult is a statement that constitutes breaking a taboo by itself and intends only the defamation of the victim without any substantiated contribution.\nIs the statement an abusive insult?\nYes → STOP (criminally RELEVANT according to §§185-187 StGB)\nNo → Step 5\n\nStep 5: A statement is of public interest if it contains a contribution to the public discourse with respect to a particular relevant topic of public interest.\nIs the statement of public interest?\nYes → STOP (NOT criminally relevant according to §§185-187 StGB)\nNo → Step 6\n\nStep 6: A statement is considered abusive criticism if it goes beyond plausible criticism by primarily intending to abusively offend the victim, hereby neglecting a substantiated contribution.\nIs the statement abusive criticism?\nYes → STOP (criminally RELEVANT according to §§185-187 StGB)\nNo → STOP (NOT criminally relevant according to §§185-187 StGB)\n\n\nAccording to this decision schema, decide whether the following text is criminally revant according to §§185-187 StGB (Defamatory Offense). Answer only with 'True' (criminally relevant according to §§185-187 StGB) or 'False' (not criminally relevant according to §§185-187 StGB).""}, {""role"": ""user"", ""content"": ""@MS_Berlin @normmanne @arndhenze @HGMaassen @ArminLaschet Nur weil du Nazi das behauptest, um uns normale Menschen das Sprechen zu erschweren oder zu verbieten, wird es nicht wahr. Nazis sind  die größten Antisemiten. Immer gewesen. Von Anfang an. Und niemand anderer.""}]",1,FN
1552,einfach ekelhaft die Alte,True,False, False,"[{""role"": ""system"", ""content"": ""You are a legal expert for defamatory offenses according the the German Criminal Code (§§185-187 StGB). Help the user decide whether given posts fall within in the scope of these articles.""}, {""role"": ""user"", ""content"": ""Step 1: A defamatory object can be a living individual, a group of persons that is distinguishable from the general public such that every member of that group could feel their honor is infringed or collective entities such as governments or press companies with a recognised social role and who act with a collective, single will.\nIs there a defamatory object in this statement? \nNo → STOP (NOT criminally relevant according to §§185-187 StGB)\nYes → Step 2\n\nStep 2: A disparaging statement is a statement which interferes with the potential victim's right to honour. It is already fulfilled by expressing contempt or disrespect through the allegation of shortcomings that could reduce the victim’s social standing.\nIs there a disparaging statement directed towards the defamatory object?\nNo → STOP (NOT criminally relevant according to §§185-187 StGB)\nYes → Step 3\n\nStep 3: A factual claim is a stetement that can be proven to be true or untrue in front of a court. A value judgment constitutes and expression of personal opinions.\nIs it primarily a value judgement and NOT primarily a factual claim?\nNo → STOP (NOT criminally relevant according to §§185-187 StGB)\nYes → Step 4\n\nStep 4: An abusive insult is a statement that constitutes breaking a taboo by itself and intends only the defamation of the victim without any substantiated contribution.\nIs the statement an abusive insult?\nYes → STOP (criminally RELEVANT according to §§185-187 StGB)\nNo → Step 5\n\nStep 5: A statement is of public interest if it contains a contribution to the public discourse with respect to a particular relevant topic of public interest.\nIs the statement of public interest?\nYes → STOP (NOT criminally relevant according to §§185-187 StGB)\nNo → Step 6\n\nStep 6: A statement is considered abusive criticism if it goes beyond plausible criticism by primarily intending to abusively offend the victim, hereby neglecting a substantiated contribution.\nIs the statement abusive criticism?\nYes → STOP (criminally RELEVANT according to §§185-187 StGB)\nNo → STOP (NOT criminally relevant according to §§185-187 StGB)\n\n\nAccording to this decision schema, decide whether the following text is criminally revant according to §§185-187 StGB (Defamatory Offense). Answer only with 'True' (criminally relevant according to §§185-187 StGB) or 'False' (not criminally relevant according to §§185-187 StGB).""}, {""role"": ""user"", ""content"": ""einfach ekelhaft die Alte""}]",2,FN
1575,@DullahBanned @vMaxwellEU @Wairles_ @warperrx @Gorego_ @Bxrisha_ @KostaGoated @vKedd_ @TigerWeise @SirMikeXI @vDonQx @xAlbxZz @PhongWoodz Omg bitte hört einfach auf auf Krampf irgend ein Mist zu labern: ich poste es weil er eine ganze Menschen rasse beleidigt. Dann haben andere auch ein Recht davon zu erfahren was ein nazi er ist,True,False, False,"[{""role"": ""system"", ""content"": ""You are a legal expert for defamatory offenses according the the German Criminal Code (§§185-187 StGB). Help the user decide whether given posts fall within in the scope of these articles.""}, {""role"": ""user"", ""content"": ""Step 1: A defamatory object can be a living individual, a group of persons that is distinguishable from the general public such that every member of that group could feel their honor is infringed or collective entities such as governments or press companies with a recognised social role and who act with a collective, single will.\nIs there a defamatory object in this statement? \nNo → STOP (NOT criminally relevant according to §§185-187 StGB)\nYes → Step 2\n\nStep 2: A disparaging statement is a statement which interferes with the potential victim's right to honour. It is already fulfilled by expressing contempt or disrespect through the allegation of shortcomings that could reduce the victim’s social standing.\nIs there a disparaging statement directed towards the defamatory object?\nNo → STOP (NOT criminally relevant according to §§185-187 StGB)\nYes → Step 3\n\nStep 3: A factual claim is a stetement that can be proven to be true or untrue in front of a court. A value judgment constitutes and expression of personal opinions.\nIs it primarily a value judgement and NOT primarily a factual claim?\nNo → STOP (NOT criminally relevant according to §§185-187 StGB)\nYes → Step 4\n\nStep 4: An abusive insult is a statement that constitutes breaking a taboo by itself and intends only the defamation of the victim without any substantiated contribution.\nIs the statement an abusive insult?\nYes → STOP (criminally RELEVANT according to §§185-187 StGB)\nNo → Step 5\n\nStep 5: A statement is of public interest if it contains a contribution to the public discourse with respect to a particular relevant topic of public interest.\nIs the statement of public interest?\nYes → STOP (NOT criminally relevant according to §§185-187 StGB)\nNo → Step 6\n\nStep 6: A statement is considered abusive criticism if it goes beyond plausible criticism by primarily intending to abusively offend the victim, hereby neglecting a substantiated contribution.\nIs the statement abusive criticism?\nYes → STOP (criminally RELEVANT according to §§185-187 StGB)\nNo → STOP (NOT criminally relevant according to §§185-187 StGB)\n\n\nAccording to this decision schema, decide whether the following text is criminally revant according to §§185-187 StGB (Defamatory Offense). Answer only with 'True' (criminally relevant according to §§185-187 StGB) or 'False' (not criminally relevant according to §§185-187 StGB).""}, {""role"": ""user"", ""content"": ""@DullahBanned @vMaxwellEU @Wairles_ @warperrx @Gorego_ @Bxrisha_ @KostaGoated @vKedd_ @TigerWeise @SirMikeXI @vDonQx @xAlbxZz @PhongWoodz Omg bitte hört einfach auf auf Krampf irgend ein Mist zu labern: ich poste es weil er eine ganze Menschen rasse beleidigt. Dann haben andere auch ein Recht davon zu erfahren was ein nazi er ist""}]",3,FN
1580,Die hat mehr als nur Einsamkeit verdient diese Stasiratte,True,False, False,"[{""role"": ""system"", ""content"": ""You are a legal expert for defamatory offenses according the the German Criminal Code (§§185-187 StGB). Help the user decide whether given posts fall within in the scope of these articles.""}, {""role"": ""user"", ""content"": ""Step 1: A defamatory object can be a living individual, a group of persons that is distinguishable from the general public such that every member of that group could feel their honor is infringed or collective entities such as governments or press companies with a recognised social role and who act with a collective, single will.\nIs there a defamatory object in this statement? \nNo → STOP (NOT criminally relevant according to §§185-187 StGB)\nYes → Step 2\n\nStep 2: A disparaging statement is a statement which interferes with the potential victim's right to honour. It is already fulfilled by expressing contempt or disrespect through the allegation of shortcomings that could reduce the victim’s social standing.\nIs there a disparaging statement directed towards the defamatory object?\nNo → STOP (NOT criminally relevant according to §§185-187 StGB)\nYes → Step 3\n\nStep 3: A factual claim is a stetement that can be proven to be true or untrue in front of a court. A value judgment constitutes and expression of personal opinions.\nIs it primarily a value judgement and NOT primarily a factual claim?\nNo → STOP (NOT criminally relevant according to §§185-187 StGB)\nYes → Step 4\n\nStep 4: An abusive insult is a statement that constitutes breaking a taboo by itself and intends only the defamation of the victim without any substantiated contribution.\nIs the statement an abusive insult?\nYes → STOP (criminally RELEVANT according to §§185-187 StGB)\nNo → Step 5\n\nStep 5: A statement is of public interest if it contains a contribution to the public discourse with respect to a particular relevant topic of public interest.\nIs the statement of public interest?\nYes → STOP (NOT criminally relevant according to §§185-187 StGB)\nNo → Step 6\n\nStep 6: A statement is considered abusive criticism if it goes beyond plausible criticism by primarily intending to abusively offend the victim, hereby neglecting a substantiated contribution.\nIs the statement abusive criticism?\nYes → STOP (criminally RELEVANT according to §§185-187 StGB)\nNo → STOP (NOT criminally relevant according to §§185-187 StGB)\n\n\nAccording to this decision schema, decide whether the following text is criminally revant according to §§185-187 StGB (Defamatory Offense). Answer only with 'True' (criminally relevant according to §§185-187 StGB) or 'False' (not criminally relevant according to §§185-187 StGB).""}, {""role"": ""user"", ""content"": ""Die hat mehr als nur Einsamkeit verdient diese Stasiratte""}]",3,FN
1585,Überall täglich dieser menschliche Abfall den wir von unseren Steuern durchfüttern Aber ich garantiere bald ist das Fass voll und diese eselficker bekommen wie in Polen Ungarn nur wenn die dem Kopf aus dem Fenster halten prügel Im Grunde alles einsammeln und im Mittelmeer ersäufen Danach gutmenschen Hausbesuch mitnehmen und entsorgen damit in Zukunft sowas nicht mehr passiert So ein freier wie fighter kann mich kreuzweise mit seinen Verfassungsschutz Sprüchen Dieses Migranten pack gehört ohne Gnade ausgerottet,True,False, False,"[{""role"": ""system"", ""content"": ""You are a legal expert for defamatory offenses according the the German Criminal Code (§§185-187 StGB). Help the user decide whether given posts fall within in the scope of these articles.""}, {""role"": ""user"", ""content"": ""Step 1: A defamatory object can be a living individual, a group of persons that is distinguishable from the general public such that every member of that group could feel their honor is infringed or collective entities such as governments or press companies with a recognised social role and who act with a collective, single will.\nIs there a defamatory object in this statement? \nNo → STOP (NOT criminally relevant according to §§185-187 StGB)\nYes → Step 2\n\nStep 2: A disparaging statement is a statement which interferes with the potential victim's right to honour. It is already fulfilled by expressing contempt or disrespect through the allegation of shortcomings that could reduce the victim’s social standing.\nIs there a disparaging statement directed towards the defamatory object?\nNo → STOP (NOT criminally relevant according to §§185-187 StGB)\nYes → Step 3\n\nStep 3: A factual claim is a stetement that can be proven to be true or untrue in front of a court. A value judgment constitutes and expression of personal opinions.\nIs it primarily a value judgement and NOT primarily a factual claim?\nNo → STOP (NOT criminally relevant according to §§185-187 StGB)\nYes → Step 4\n\nStep 4: An abusive insult is a statement that constitutes breaking a taboo by itself and intends only the defamation of the victim without any substantiated contribution.\nIs the statement an abusive insult?\nYes → STOP (criminally RELEVANT according to §§185-187 StGB)\nNo → Step 5\n\nStep 5: A statement is of public interest if it contains a contribution to the public discourse with respect to a particular relevant topic of public interest.\nIs the statement of public interest?\nYes → STOP (NOT criminally relevant according to §§185-187 StGB)\nNo → Step 6\n\nStep 6: A statement is considered abusive criticism if it goes beyond plausible criticism by primarily intending to abusively offend the victim, hereby neglecting a substantiated contribution.\nIs the statement abusive criticism?\nYes → STOP (criminally RELEVANT according to §§185-187 StGB)\nNo → STOP (NOT criminally relevant according to §§185-187 StGB)\n\n\nAccording to this decision schema, decide whether the following text is criminally revant according to §§185-187 StGB (Defamatory Offense). Answer only with 'True' (criminally relevant according to §§185-187 StGB) or 'False' (not criminally relevant according to §§185-187 StGB).""}, {""role"": ""user"", ""content"": ""Überall täglich dieser menschliche Abfall den wir von unseren Steuern durchfüttern Aber ich garantiere bald ist das Fass voll und diese eselficker bekommen wie in Polen Ungarn nur wenn die dem Kopf aus dem Fenster halten prügel Im Grunde alles einsammeln und im Mittelmeer ersäufen Danach gutmenschen Hausbesuch mitnehmen und entsorgen damit in Zukunft sowas nicht mehr passiert So ein freier wie fighter kann mich kreuzweise mit seinen Verfassungsschutz Sprüchen Dieses Migranten pack gehört ohne Gnade ausgerottet""}]",0,FN
1592,"@BILD Jedesmal das gleiche! Rechtsextremisten (oder deren dämlichen Sympathisanten) fühlen sich bestätigt, da Linksextremisten (oder deren dämlichen Sympathisanten) auch kriminell sind! |LBR| |LBR| HEY - IHR SEID ALLE DIE GLEICHEN VOLLHONKS! Egal ob Links, Rechts oder Islamistisch!",True,False, False,"[{""role"": ""system"", ""content"": ""You are a legal expert for defamatory offenses according the the German Criminal Code (§§185-187 StGB). Help the user decide whether given posts fall within in the scope of these articles.""}, {""role"": ""user"", ""content"": ""Step 1: A defamatory object can be a living individual, a group of persons that is distinguishable from the general public such that every member of that group could feel their honor is infringed or collective entities such as governments or press companies with a recognised social role and who act with a collective, single will.\nIs there a defamatory object in this statement? \nNo → STOP (NOT criminally relevant according to §§185-187 StGB)\nYes → Step 2\n\nStep 2: A disparaging statement is a statement which interferes with the potential victim's right to honour. It is already fulfilled by expressing contempt or disrespect through the allegation of shortcomings that could reduce the victim’s social standing.\nIs there a disparaging statement directed towards the defamatory object?\nNo → STOP (NOT criminally relevant according to §§185-187 StGB)\nYes → Step 3\n\nStep 3: A factual claim is a stetement that can be proven to be true or untrue in front of a court. A value judgment constitutes and expression of personal opinions.\nIs it primarily a value judgement and NOT primarily a factual claim?\nNo → STOP (NOT criminally relevant according to §§185-187 StGB)\nYes → Step 4\n\nStep 4: An abusive insult is a statement that constitutes breaking a taboo by itself and intends only the defamation of the victim without any substantiated contribution.\nIs the statement an abusive insult?\nYes → STOP (criminally RELEVANT according to §§185-187 StGB)\nNo → Step 5\n\nStep 5: A statement is of public interest if it contains a contribution to the public discourse with respect to a particular relevant topic of public interest.\nIs the statement of public interest?\nYes → STOP (NOT criminally relevant according to §§185-187 StGB)\nNo → Step 6\n\nStep 6: A statement is considered abusive criticism if it goes beyond plausible criticism by primarily intending to abusively offend the victim, hereby neglecting a substantiated contribution.\nIs the statement abusive criticism?\nYes → STOP (criminally RELEVANT according to §§185-187 StGB)\nNo → STOP (NOT criminally relevant according to §§185-187 StGB)\n\n\nAccording to this decision schema, decide whether the following text is criminally revant according to §§185-187 StGB (Defamatory Offense). Answer only with 'True' (criminally relevant according to §§185-187 StGB) or 'False' (not criminally relevant according to §§185-187 StGB).""}, {""role"": ""user"", ""content"": ""@BILD Jedesmal das gleiche! Rechtsextremisten (oder deren dämlichen Sympathisanten) fühlen sich bestätigt, da Linksextremisten (oder deren dämlichen Sympathisanten) auch kriminell sind! |LBR| |LBR| HEY - IHR SEID ALLE DIE GLEICHEN VOLLHONKS! Egal ob Links, Rechts oder Islamistisch!""}]",3,FN
1594,@GrandmasterFleg Fett rumkugeln wie es sich für ein Fettes Schwein gehört |LBR| | LBR| Bei dir?,True,False, False,"[{""role"": ""system"", ""content"": ""You are a legal expert for defamatory offenses according the the German Criminal Code (§§185-187 StGB). Help the user decide whether given posts fall within in the scope of these articles.""}, {""role"": ""user"", ""content"": ""Step 1: A defamatory object can be a living individual, a group of persons that is distinguishable from the general public such that every member of that group could feel their honor is infringed or collective entities such as governments or press companies with a recognised social role and who act with a collective, single will.\nIs there a defamatory object in this statement? \nNo → STOP (NOT criminally relevant according to §§185-187 StGB)\nYes → Step 2\n\nStep 2: A disparaging statement is a statement which interferes with the potential victim's right to honour. It is already fulfilled by expressing contempt or disrespect through the allegation of shortcomings that could reduce the victim’s social standing.\nIs there a disparaging statement directed towards the defamatory object?\nNo → STOP (NOT criminally relevant according to §§185-187 StGB)\nYes → Step 3\n\nStep 3: A factual claim is a stetement that can be proven to be true or untrue in front of a court. A value judgment constitutes and expression of personal opinions.\nIs it primarily a value judgement and NOT primarily a factual claim?\nNo → STOP (NOT criminally relevant according to §§185-187 StGB)\nYes → Step 4\n\nStep 4: An abusive insult is a statement that constitutes breaking a taboo by itself and intends only the defamation of the victim without any substantiated contribution.\nIs the statement an abusive insult?\nYes → STOP (criminally RELEVANT according to §§185-187 StGB)\nNo → Step 5\n\nStep 5: A statement is of public interest if it contains a contribution to the public discourse with respect to a particular relevant topic of public interest.\nIs the statement of public interest?\nYes → STOP (NOT criminally relevant according to §§185-187 StGB)\nNo → Step 6\n\nStep 6: A statement is considered abusive criticism if it goes beyond plausible criticism by primarily intending to abusively offend the victim, hereby neglecting a substantiated contribution.\nIs the statement abusive criticism?\nYes → STOP (criminally RELEVANT according to §§185-187 StGB)\nNo → STOP (NOT criminally relevant according to §§185-187 StGB)\n\n\nAccording to this decision schema, decide whether the following text is criminally revant according to §§185-187 StGB (Defamatory Offense). Answer only with 'True' (criminally relevant according to §§185-187 StGB) or 'False' (not criminally relevant according to §§185-187 StGB).""}, {""role"": ""user"", ""content"": ""@GrandmasterFleg Fett rumkugeln wie es sich für ein Fettes Schwein gehört |LBR| | LBR| Bei dir?""}]",0,FN
1597,@Evelynspringer4 @Wosch94 Linker Abschaum,True,False, False,"[{""role"": ""system"", ""content"": ""You are a legal expert for defamatory offenses according the the German Criminal Code (§§185-187 StGB). Help the user decide whether given posts fall within in the scope of these articles.""}, {""role"": ""user"", ""content"": ""Step 1: A defamatory object can be a living individual, a group of persons that is distinguishable from the general public such that every member of that group could feel their honor is infringed or collective entities such as governments or press companies with a recognised social role and who act with a collective, single will.\nIs there a defamatory object in this statement? \nNo → STOP (NOT criminally relevant according to §§185-187 StGB)\nYes → Step 2\n\nStep 2: A disparaging statement is a statement which interferes with the potential victim's right to honour. It is already fulfilled by expressing contempt or disrespect through the allegation of shortcomings that could reduce the victim’s social standing.\nIs there a disparaging statement directed towards the defamatory object?\nNo → STOP (NOT criminally relevant according to §§185-187 StGB)\nYes → Step 3\n\nStep 3: A factual claim is a stetement that can be proven to be true or untrue in front of a court. A value judgment constitutes and expression of personal opinions.\nIs it primarily a value judgement and NOT primarily a factual claim?\nNo → STOP (NOT criminally relevant according to §§185-187 StGB)\nYes → Step 4\n\nStep 4: An abusive insult is a statement that constitutes breaking a taboo by itself and intends only the defamation of the victim without any substantiated contribution.\nIs the statement an abusive insult?\nYes → STOP (criminally RELEVANT according to §§185-187 StGB)\nNo → Step 5\n\nStep 5: A statement is of public interest if it contains a contribution to the public discourse with respect to a particular relevant topic of public interest.\nIs the statement of public interest?\nYes → STOP (NOT criminally relevant according to §§185-187 StGB)\nNo → Step 6\n\nStep 6: A statement is considered abusive criticism if it goes beyond plausible criticism by primarily intending to abusively offend the victim, hereby neglecting a substantiated contribution.\nIs the statement abusive criticism?\nYes → STOP (criminally RELEVANT according to §§185-187 StGB)\nNo → STOP (NOT criminally relevant according to §§185-187 StGB)\n\n\nAccording to this decision schema, decide whether the following text is criminally revant according to §§185-187 StGB (Defamatory Offense). Answer only with 'True' (criminally relevant according to §§185-187 StGB) or 'False' (not criminally relevant according to §§185-187 StGB).""}, {""role"": ""user"", ""content"": ""@Evelynspringer4 @Wosch94 Linker Abschaum""}]",3,FN
1602,"Kleiner hate Tweet an @aktivaal, dass die Ratte mir nicht folgt uwu",True,False, False,"[{""role"": ""system"", ""content"": ""You are a legal expert for defamatory offenses according the the German Criminal Code (§§185-187 StGB). Help the user decide whether given posts fall within in the scope of these articles.""}, {""role"": ""user"", ""content"": ""Step 1: A defamatory object can be a living individual, a group of persons that is distinguishable from the general public such that every member of that group could feel their honor is infringed or collective entities such as governments or press companies with a recognised social role and who act with a collective, single will.\nIs there a defamatory object in this statement? \nNo → STOP (NOT criminally relevant according to §§185-187 StGB)\nYes → Step 2\n\nStep 2: A disparaging statement is a statement which interferes with the potential victim's right to honour. It is already fulfilled by expressing contempt or disrespect through the allegation of shortcomings that could reduce the victim’s social standing.\nIs there a disparaging statement directed towards the defamatory object?\nNo → STOP (NOT criminally relevant according to §§185-187 StGB)\nYes → Step 3\n\nStep 3: A factual claim is a stetement that can be proven to be true or untrue in front of a court. A value judgment constitutes and expression of personal opinions.\nIs it primarily a value judgement and NOT primarily a factual claim?\nNo → STOP (NOT criminally relevant according to §§185-187 StGB)\nYes → Step 4\n\nStep 4: An abusive insult is a statement that constitutes breaking a taboo by itself and intends only the defamation of the victim without any substantiated contribution.\nIs the statement an abusive insult?\nYes → STOP (criminally RELEVANT according to §§185-187 StGB)\nNo → Step 5\n\nStep 5: A statement is of public interest if it contains a contribution to the public discourse with respect to a particular relevant topic of public interest.\nIs the statement of public interest?\nYes → STOP (NOT criminally relevant according to §§185-187 StGB)\nNo → Step 6\n\nStep 6: A statement is considered abusive criticism if it goes beyond plausible criticism by primarily intending to abusively offend the victim, hereby neglecting a substantiated contribution.\nIs the statement abusive criticism?\nYes → STOP (criminally RELEVANT according to §§185-187 StGB)\nNo → STOP (NOT criminally relevant according to §§185-187 StGB)\n\n\nAccording to this decision schema, decide whether the following text is criminally revant according to §§185-187 StGB (Defamatory Offense). Answer only with 'True' (criminally relevant according to §§185-187 StGB) or 'False' (not criminally relevant according to §§185-187 StGB).""}, {""role"": ""user"", ""content"": ""Kleiner hate Tweet an @aktivaal, dass die Ratte mir nicht folgt uwu""}]",1,FN
1643,Genau wie du fetter huso hahahahahaha,True,False, False,"[{""role"": ""system"", ""content"": ""You are a legal expert for defamatory offenses according the the German Criminal Code (§§185-187 StGB). Help the user decide whether given posts fall within in the scope of these articles.""}, {""role"": ""user"", ""content"": ""Step 1: A defamatory object can be a living individual, a group of persons that is distinguishable from the general public such that every member of that group could feel their honor is infringed or collective entities such as governments or press companies with a recognised social role and who act with a collective, single will.\nIs there a defamatory object in this statement? \nNo → STOP (NOT criminally relevant according to §§185-187 StGB)\nYes → Step 2\n\nStep 2: A disparaging statement is a statement which interferes with the potential victim's right to honour. It is already fulfilled by expressing contempt or disrespect through the allegation of shortcomings that could reduce the victim’s social standing.\nIs there a disparaging statement directed towards the defamatory object?\nNo → STOP (NOT criminally relevant according to §§185-187 StGB)\nYes → Step 3\n\nStep 3: A factual claim is a stetement that can be proven to be true or untrue in front of a court. A value judgment constitutes and expression of personal opinions.\nIs it primarily a value judgement and NOT primarily a factual claim?\nNo → STOP (NOT criminally relevant according to §§185-187 StGB)\nYes → Step 4\n\nStep 4: An abusive insult is a statement that constitutes breaking a taboo by itself and intends only the defamation of the victim without any substantiated contribution.\nIs the statement an abusive insult?\nYes → STOP (criminally RELEVANT according to §§185-187 StGB)\nNo → Step 5\n\nStep 5: A statement is of public interest if it contains a contribution to the public discourse with respect to a particular relevant topic of public interest.\nIs the statement of public interest?\nYes → STOP (NOT criminally relevant according to §§185-187 StGB)\nNo → Step 6\n\nStep 6: A statement is considered abusive criticism if it goes beyond plausible criticism by primarily intending to abusively offend the victim, hereby neglecting a substantiated contribution.\nIs the statement abusive criticism?\nYes → STOP (criminally RELEVANT according to §§185-187 StGB)\nNo → STOP (NOT criminally relevant according to §§185-187 StGB)\n\n\nAccording to this decision schema, decide whether the following text is criminally revant according to §§185-187 StGB (Defamatory Offense). Answer only with 'True' (criminally relevant according to §§185-187 StGB) or 'False' (not criminally relevant according to §§185-187 StGB).""}, {""role"": ""user"", ""content"": ""Genau wie du fetter huso hahahahahaha""}]",2,FN
1645,@USER man sieht den Virus in seinem Gesicht hat er aber schon von Geburt der Arsch,True,False, False,"[{""role"": ""system"", ""content"": ""You are a legal expert for defamatory offenses according the the German Criminal Code (§§185-187 StGB). Help the user decide whether given posts fall within in the scope of these articles.""}, {""role"": ""user"", ""content"": ""Step 1: A defamatory object can be a living individual, a group of persons that is distinguishable from the general public such that every member of that group could feel their honor is infringed or collective entities such as governments or press companies with a recognised social role and who act with a collective, single will.\nIs there a defamatory object in this statement? \nNo → STOP (NOT criminally relevant according to §§185-187 StGB)\nYes → Step 2\n\nStep 2: A disparaging statement is a statement which interferes with the potential victim's right to honour. It is already fulfilled by expressing contempt or disrespect through the allegation of shortcomings that could reduce the victim’s social standing.\nIs there a disparaging statement directed towards the defamatory object?\nNo → STOP (NOT criminally relevant according to §§185-187 StGB)\nYes → Step 3\n\nStep 3: A factual claim is a stetement that can be proven to be true or untrue in front of a court. A value judgment constitutes and expression of personal opinions.\nIs it primarily a value judgement and NOT primarily a factual claim?\nNo → STOP (NOT criminally relevant according to §§185-187 StGB)\nYes → Step 4\n\nStep 4: An abusive insult is a statement that constitutes breaking a taboo by itself and intends only the defamation of the victim without any substantiated contribution.\nIs the statement an abusive insult?\nYes → STOP (criminally RELEVANT according to §§185-187 StGB)\nNo → Step 5\n\nStep 5: A statement is of public interest if it contains a contribution to the public discourse with respect to a particular relevant topic of public interest.\nIs the statement of public interest?\nYes → STOP (NOT criminally relevant according to §§185-187 StGB)\nNo → Step 6\n\nStep 6: A statement is considered abusive criticism if it goes beyond plausible criticism by primarily intending to abusively offend the victim, hereby neglecting a substantiated contribution.\nIs the statement abusive criticism?\nYes → STOP (criminally RELEVANT according to §§185-187 StGB)\nNo → STOP (NOT criminally relevant according to §§185-187 StGB)\n\n\nAccording to this decision schema, decide whether the following text is criminally revant according to §§185-187 StGB (Defamatory Offense). Answer only with 'True' (criminally relevant according to §§185-187 StGB) or 'False' (not criminally relevant according to §§185-187 StGB).""}, {""role"": ""user"", ""content"": ""@USER man sieht den Virus in seinem Gesicht hat er aber schon von Geburt der Arsch""}]",0,FN
1650,@dvir_ay @FRChronic du versager dein land ist ein haufen müll einfach hahah,True,False, False,"[{""role"": ""system"", ""content"": ""You are a legal expert for defamatory offenses according the the German Criminal Code (§§185-187 StGB). Help the user decide whether given posts fall within in the scope of these articles.""}, {""role"": ""user"", ""content"": ""Step 1: A defamatory object can be a living individual, a group of persons that is distinguishable from the general public such that every member of that group could feel their honor is infringed or collective entities such as governments or press companies with a recognised social role and who act with a collective, single will.\nIs there a defamatory object in this statement? \nNo → STOP (NOT criminally relevant according to §§185-187 StGB)\nYes → Step 2\n\nStep 2: A disparaging statement is a statement which interferes with the potential victim's right to honour. It is already fulfilled by expressing contempt or disrespect through the allegation of shortcomings that could reduce the victim’s social standing.\nIs there a disparaging statement directed towards the defamatory object?\nNo → STOP (NOT criminally relevant according to §§185-187 StGB)\nYes → Step 3\n\nStep 3: A factual claim is a stetement that can be proven to be true or untrue in front of a court. A value judgment constitutes and expression of personal opinions.\nIs it primarily a value judgement and NOT primarily a factual claim?\nNo → STOP (NOT criminally relevant according to §§185-187 StGB)\nYes → Step 4\n\nStep 4: An abusive insult is a statement that constitutes breaking a taboo by itself and intends only the defamation of the victim without any substantiated contribution.\nIs the statement an abusive insult?\nYes → STOP (criminally RELEVANT according to §§185-187 StGB)\nNo → Step 5\n\nStep 5: A statement is of public interest if it contains a contribution to the public discourse with respect to a particular relevant topic of public interest.\nIs the statement of public interest?\nYes → STOP (NOT criminally relevant according to §§185-187 StGB)\nNo → Step 6\n\nStep 6: A statement is considered abusive criticism if it goes beyond plausible criticism by primarily intending to abusively offend the victim, hereby neglecting a substantiated contribution.\nIs the statement abusive criticism?\nYes → STOP (criminally RELEVANT according to §§185-187 StGB)\nNo → STOP (NOT criminally relevant according to §§185-187 StGB)\n\n\nAccording to this decision schema, decide whether the following text is criminally revant according to §§185-187 StGB (Defamatory Offense). Answer only with 'True' (criminally relevant according to §§185-187 StGB) or 'False' (not criminally relevant according to §§185-187 StGB).""}, {""role"": ""user"", ""content"": ""@dvir_ay @FRChronic du versager dein land ist ein haufen müll einfach hahah""}]",2,FN
1659,"@katzesuess Alter was hat ihm denn bitte so hart ein Messer in den Hinterkopf gerammt, dass er so geistig behindert in der Birne ist?",True,False, False,"[{""role"": ""system"", ""content"": ""You are a legal expert for defamatory offenses according the the German Criminal Code (§§185-187 StGB). Help the user decide whether given posts fall within in the scope of these articles.""}, {""role"": ""user"", ""content"": ""Step 1: A defamatory object can be a living individual, a group of persons that is distinguishable from the general public such that every member of that group could feel their honor is infringed or collective entities such as governments or press companies with a recognised social role and who act with a collective, single will.\nIs there a defamatory object in this statement? \nNo → STOP (NOT criminally relevant according to §§185-187 StGB)\nYes → Step 2\n\nStep 2: A disparaging statement is a statement which interferes with the potential victim's right to honour. It is already fulfilled by expressing contempt or disrespect through the allegation of shortcomings that could reduce the victim’s social standing.\nIs there a disparaging statement directed towards the defamatory object?\nNo → STOP (NOT criminally relevant according to §§185-187 StGB)\nYes → Step 3\n\nStep 3: A factual claim is a stetement that can be proven to be true or untrue in front of a court. A value judgment constitutes and expression of personal opinions.\nIs it primarily a value judgement and NOT primarily a factual claim?\nNo → STOP (NOT criminally relevant according to §§185-187 StGB)\nYes → Step 4\n\nStep 4: An abusive insult is a statement that constitutes breaking a taboo by itself and intends only the defamation of the victim without any substantiated contribution.\nIs the statement an abusive insult?\nYes → STOP (criminally RELEVANT according to §§185-187 StGB)\nNo → Step 5\n\nStep 5: A statement is of public interest if it contains a contribution to the public discourse with respect to a particular relevant topic of public interest.\nIs the statement of public interest?\nYes → STOP (NOT criminally relevant according to §§185-187 StGB)\nNo → Step 6\n\nStep 6: A statement is considered abusive criticism if it goes beyond plausible criticism by primarily intending to abusively offend the victim, hereby neglecting a substantiated contribution.\nIs the statement abusive criticism?\nYes → STOP (criminally RELEVANT according to §§185-187 StGB)\nNo → STOP (NOT criminally relevant according to §§185-187 StGB)\n\n\nAccording to this decision schema, decide whether the following text is criminally revant according to §§185-187 StGB (Defamatory Offense). Answer only with 'True' (criminally relevant according to §§185-187 StGB) or 'False' (not criminally relevant according to §§185-187 StGB).""}, {""role"": ""user"", ""content"": ""@katzesuess Alter was hat ihm denn bitte so hart ein Messer in den Hinterkopf gerammt, dass er so geistig behindert in der Birne ist?""}]",1,FN
1662,"@AnimeWe00968336 @LrgMaxi @drecksuser Hab versucht zu entziffern was du da von dir gibst, bin dabei behindert geworden du Bastard",True,False, False,"[{""role"": ""system"", ""content"": ""You are a legal expert for defamatory offenses according the the German Criminal Code (§§185-187 StGB). Help the user decide whether given posts fall within in the scope of these articles.""}, {""role"": ""user"", ""content"": ""Step 1: A defamatory object can be a living individual, a group of persons that is distinguishable from the general public such that every member of that group could feel their honor is infringed or collective entities such as governments or press companies with a recognised social role and who act with a collective, single will.\nIs there a defamatory object in this statement? \nNo → STOP (NOT criminally relevant according to §§185-187 StGB)\nYes → Step 2\n\nStep 2: A disparaging statement is a statement which interferes with the potential victim's right to honour. It is already fulfilled by expressing contempt or disrespect through the allegation of shortcomings that could reduce the victim’s social standing.\nIs there a disparaging statement directed towards the defamatory object?\nNo → STOP (NOT criminally relevant according to §§185-187 StGB)\nYes → Step 3\n\nStep 3: A factual claim is a stetement that can be proven to be true or untrue in front of a court. A value judgment constitutes and expression of personal opinions.\nIs it primarily a value judgement and NOT primarily a factual claim?\nNo → STOP (NOT criminally relevant according to §§185-187 StGB)\nYes → Step 4\n\nStep 4: An abusive insult is a statement that constitutes breaking a taboo by itself and intends only the defamation of the victim without any substantiated contribution.\nIs the statement an abusive insult?\nYes → STOP (criminally RELEVANT according to §§185-187 StGB)\nNo → Step 5\n\nStep 5: A statement is of public interest if it contains a contribution to the public discourse with respect to a particular relevant topic of public interest.\nIs the statement of public interest?\nYes → STOP (NOT criminally relevant according to §§185-187 StGB)\nNo → Step 6\n\nStep 6: A statement is considered abusive criticism if it goes beyond plausible criticism by primarily intending to abusively offend the victim, hereby neglecting a substantiated contribution.\nIs the statement abusive criticism?\nYes → STOP (criminally RELEVANT according to §§185-187 StGB)\nNo → STOP (NOT criminally relevant according to §§185-187 StGB)\n\n\nAccording to this decision schema, decide whether the following text is criminally revant according to §§185-187 StGB (Defamatory Offense). Answer only with 'True' (criminally relevant according to §§185-187 StGB) or 'False' (not criminally relevant according to §§185-187 StGB).""}, {""role"": ""user"", ""content"": ""@AnimeWe00968336 @LrgMaxi @drecksuser Hab versucht zu entziffern was du da von dir gibst, bin dabei behindert geworden du Bastard""}]",3,FN
1683,"@FrauleTalea Für sie liegt die Ursache allen Übels in hässlichen Frauen, die wg Untervöglelung lesbisch & feministisch werden. Sie glauben, dass man sich einen Mann gefügig machen & dazu „Reize einsetzen“ muss. Sie würden Sexismus nicht einmal erkennen, wenn er ihnen ins Gesicht schlägt.",True,False, False,"[{""role"": ""system"", ""content"": ""You are a legal expert for defamatory offenses according the the German Criminal Code (§§185-187 StGB). Help the user decide whether given posts fall within in the scope of these articles.""}, {""role"": ""user"", ""content"": ""Step 1: A defamatory object can be a living individual, a group of persons that is distinguishable from the general public such that every member of that group could feel their honor is infringed or collective entities such as governments or press companies with a recognised social role and who act with a collective, single will.\nIs there a defamatory object in this statement? \nNo → STOP (NOT criminally relevant according to §§185-187 StGB)\nYes → Step 2\n\nStep 2: A disparaging statement is a statement which interferes with the potential victim's right to honour. It is already fulfilled by expressing contempt or disrespect through the allegation of shortcomings that could reduce the victim’s social standing.\nIs there a disparaging statement directed towards the defamatory object?\nNo → STOP (NOT criminally relevant according to §§185-187 StGB)\nYes → Step 3\n\nStep 3: A factual claim is a stetement that can be proven to be true or untrue in front of a court. A value judgment constitutes and expression of personal opinions.\nIs it primarily a value judgement and NOT primarily a factual claim?\nNo → STOP (NOT criminally relevant according to §§185-187 StGB)\nYes → Step 4\n\nStep 4: An abusive insult is a statement that constitutes breaking a taboo by itself and intends only the defamation of the victim without any substantiated contribution.\nIs the statement an abusive insult?\nYes → STOP (criminally RELEVANT according to §§185-187 StGB)\nNo → Step 5\n\nStep 5: A statement is of public interest if it contains a contribution to the public discourse with respect to a particular relevant topic of public interest.\nIs the statement of public interest?\nYes → STOP (NOT criminally relevant according to §§185-187 StGB)\nNo → Step 6\n\nStep 6: A statement is considered abusive criticism if it goes beyond plausible criticism by primarily intending to abusively offend the victim, hereby neglecting a substantiated contribution.\nIs the statement abusive criticism?\nYes → STOP (criminally RELEVANT according to §§185-187 StGB)\nNo → STOP (NOT criminally relevant according to §§185-187 StGB)\n\n\nAccording to this decision schema, decide whether the following text is criminally revant according to §§185-187 StGB (Defamatory Offense). Answer only with 'True' (criminally relevant according to §§185-187 StGB) or 'False' (not criminally relevant according to §§185-187 StGB).""}, {""role"": ""user"", ""content"": ""@FrauleTalea Für sie liegt die Ursache allen Übels in hässlichen Frauen, die wg Untervöglelung lesbisch & feministisch werden. Sie glauben, dass man sich einen Mann gefügig machen & dazu „Reize einsetzen“ muss. Sie würden Sexismus nicht einmal erkennen, wenn er ihnen ins Gesicht schlägt.""}]",2,FN
1687,@dr_heartbreaker @hustendoktor @Ann_Waeltin Tote Ratte gesehen und an @Ann_Waeltin gedacht,True,False, False,"[{""role"": ""system"", ""content"": ""You are a legal expert for defamatory offenses according the the German Criminal Code (§§185-187 StGB). Help the user decide whether given posts fall within in the scope of these articles.""}, {""role"": ""user"", ""content"": ""Step 1: A defamatory object can be a living individual, a group of persons that is distinguishable from the general public such that every member of that group could feel their honor is infringed or collective entities such as governments or press companies with a recognised social role and who act with a collective, single will.\nIs there a defamatory object in this statement? \nNo → STOP (NOT criminally relevant according to §§185-187 StGB)\nYes → Step 2\n\nStep 2: A disparaging statement is a statement which interferes with the potential victim's right to honour. It is already fulfilled by expressing contempt or disrespect through the allegation of shortcomings that could reduce the victim’s social standing.\nIs there a disparaging statement directed towards the defamatory object?\nNo → STOP (NOT criminally relevant according to §§185-187 StGB)\nYes → Step 3\n\nStep 3: A factual claim is a stetement that can be proven to be true or untrue in front of a court. A value judgment constitutes and expression of personal opinions.\nIs it primarily a value judgement and NOT primarily a factual claim?\nNo → STOP (NOT criminally relevant according to §§185-187 StGB)\nYes → Step 4\n\nStep 4: An abusive insult is a statement that constitutes breaking a taboo by itself and intends only the defamation of the victim without any substantiated contribution.\nIs the statement an abusive insult?\nYes → STOP (criminally RELEVANT according to §§185-187 StGB)\nNo → Step 5\n\nStep 5: A statement is of public interest if it contains a contribution to the public discourse with respect to a particular relevant topic of public interest.\nIs the statement of public interest?\nYes → STOP (NOT criminally relevant according to §§185-187 StGB)\nNo → Step 6\n\nStep 6: A statement is considered abusive criticism if it goes beyond plausible criticism by primarily intending to abusively offend the victim, hereby neglecting a substantiated contribution.\nIs the statement abusive criticism?\nYes → STOP (criminally RELEVANT according to §§185-187 StGB)\nNo → STOP (NOT criminally relevant according to §§185-187 StGB)\n\n\nAccording to this decision schema, decide whether the following text is criminally revant according to §§185-187 StGB (Defamatory Offense). Answer only with 'True' (criminally relevant according to §§185-187 StGB) or 'False' (not criminally relevant according to §§185-187 StGB).""}, {""role"": ""user"", ""content"": ""@dr_heartbreaker @hustendoktor @Ann_Waeltin Tote Ratte gesehen und an @Ann_Waeltin gedacht""}]",2,FN
1689,@tantechantii Isso. |LBR| Sterbe nur durch diesen abschaum,True,False, False,"[{""role"": ""system"", ""content"": ""You are a legal expert for defamatory offenses according the the German Criminal Code (§§185-187 StGB). Help the user decide whether given posts fall within in the scope of these articles.""}, {""role"": ""user"", ""content"": ""Step 1: A defamatory object can be a living individual, a group of persons that is distinguishable from the general public such that every member of that group could feel their honor is infringed or collective entities such as governments or press companies with a recognised social role and who act with a collective, single will.\nIs there a defamatory object in this statement? \nNo → STOP (NOT criminally relevant according to §§185-187 StGB)\nYes → Step 2\n\nStep 2: A disparaging statement is a statement which interferes with the potential victim's right to honour. It is already fulfilled by expressing contempt or disrespect through the allegation of shortcomings that could reduce the victim’s social standing.\nIs there a disparaging statement directed towards the defamatory object?\nNo → STOP (NOT criminally relevant according to §§185-187 StGB)\nYes → Step 3\n\nStep 3: A factual claim is a stetement that can be proven to be true or untrue in front of a court. A value judgment constitutes and expression of personal opinions.\nIs it primarily a value judgement and NOT primarily a factual claim?\nNo → STOP (NOT criminally relevant according to §§185-187 StGB)\nYes → Step 4\n\nStep 4: An abusive insult is a statement that constitutes breaking a taboo by itself and intends only the defamation of the victim without any substantiated contribution.\nIs the statement an abusive insult?\nYes → STOP (criminally RELEVANT according to §§185-187 StGB)\nNo → Step 5\n\nStep 5: A statement is of public interest if it contains a contribution to the public discourse with respect to a particular relevant topic of public interest.\nIs the statement of public interest?\nYes → STOP (NOT criminally relevant according to §§185-187 StGB)\nNo → Step 6\n\nStep 6: A statement is considered abusive criticism if it goes beyond plausible criticism by primarily intending to abusively offend the victim, hereby neglecting a substantiated contribution.\nIs the statement abusive criticism?\nYes → STOP (criminally RELEVANT according to §§185-187 StGB)\nNo → STOP (NOT criminally relevant according to §§185-187 StGB)\n\n\nAccording to this decision schema, decide whether the following text is criminally revant according to §§185-187 StGB (Defamatory Offense). Answer only with 'True' (criminally relevant according to §§185-187 StGB) or 'False' (not criminally relevant according to §§185-187 StGB).""}, {""role"": ""user"", ""content"": ""@tantechantii Isso. |LBR| Sterbe nur durch diesen abschaum""}]",1,FN
1698,@speis_oo Besser als mit den Affen hier! 🤡,True,False, False,"[{""role"": ""system"", ""content"": ""You are a legal expert for defamatory offenses according the the German Criminal Code (§§185-187 StGB). Help the user decide whether given posts fall within in the scope of these articles.""}, {""role"": ""user"", ""content"": ""Step 1: A defamatory object can be a living individual, a group of persons that is distinguishable from the general public such that every member of that group could feel their honor is infringed or collective entities such as governments or press companies with a recognised social role and who act with a collective, single will.\nIs there a defamatory object in this statement? \nNo → STOP (NOT criminally relevant according to §§185-187 StGB)\nYes → Step 2\n\nStep 2: A disparaging statement is a statement which interferes with the potential victim's right to honour. It is already fulfilled by expressing contempt or disrespect through the allegation of shortcomings that could reduce the victim’s social standing.\nIs there a disparaging statement directed towards the defamatory object?\nNo → STOP (NOT criminally relevant according to §§185-187 StGB)\nYes → Step 3\n\nStep 3: A factual claim is a stetement that can be proven to be true or untrue in front of a court. A value judgment constitutes and expression of personal opinions.\nIs it primarily a value judgement and NOT primarily a factual claim?\nNo → STOP (NOT criminally relevant according to §§185-187 StGB)\nYes → Step 4\n\nStep 4: An abusive insult is a statement that constitutes breaking a taboo by itself and intends only the defamation of the victim without any substantiated contribution.\nIs the statement an abusive insult?\nYes → STOP (criminally RELEVANT according to §§185-187 StGB)\nNo → Step 5\n\nStep 5: A statement is of public interest if it contains a contribution to the public discourse with respect to a particular relevant topic of public interest.\nIs the statement of public interest?\nYes → STOP (NOT criminally relevant according to §§185-187 StGB)\nNo → Step 6\n\nStep 6: A statement is considered abusive criticism if it goes beyond plausible criticism by primarily intending to abusively offend the victim, hereby neglecting a substantiated contribution.\nIs the statement abusive criticism?\nYes → STOP (criminally RELEVANT according to §§185-187 StGB)\nNo → STOP (NOT criminally relevant according to §§185-187 StGB)\n\n\nAccording to this decision schema, decide whether the following text is criminally revant according to §§185-187 StGB (Defamatory Offense). Answer only with 'True' (criminally relevant according to §§185-187 StGB) or 'False' (not criminally relevant according to §§185-187 StGB).""}, {""role"": ""user"", ""content"": ""@speis_oo Besser als mit den Affen hier! 🤡""}]",1,FN
1703,Hat die schäbige fotze schön ein auf ihre Hunde Gesicht bekommen und dann alles verstanden.. Sie hat aber Glück das der Fahrer keine zeit hatte..,True,False, False,"[{""role"": ""system"", ""content"": ""You are a legal expert for defamatory offenses according the the German Criminal Code (§§185-187 StGB). Help the user decide whether given posts fall within in the scope of these articles.""}, {""role"": ""user"", ""content"": ""Step 1: A defamatory object can be a living individual, a group of persons that is distinguishable from the general public such that every member of that group could feel their honor is infringed or collective entities such as governments or press companies with a recognised social role and who act with a collective, single will.\nIs there a defamatory object in this statement? \nNo → STOP (NOT criminally relevant according to §§185-187 StGB)\nYes → Step 2\n\nStep 2: A disparaging statement is a statement which interferes with the potential victim's right to honour. It is already fulfilled by expressing contempt or disrespect through the allegation of shortcomings that could reduce the victim’s social standing.\nIs there a disparaging statement directed towards the defamatory object?\nNo → STOP (NOT criminally relevant according to §§185-187 StGB)\nYes → Step 3\n\nStep 3: A factual claim is a stetement that can be proven to be true or untrue in front of a court. A value judgment constitutes and expression of personal opinions.\nIs it primarily a value judgement and NOT primarily a factual claim?\nNo → STOP (NOT criminally relevant according to §§185-187 StGB)\nYes → Step 4\n\nStep 4: An abusive insult is a statement that constitutes breaking a taboo by itself and intends only the defamation of the victim without any substantiated contribution.\nIs the statement an abusive insult?\nYes → STOP (criminally RELEVANT according to §§185-187 StGB)\nNo → Step 5\n\nStep 5: A statement is of public interest if it contains a contribution to the public discourse with respect to a particular relevant topic of public interest.\nIs the statement of public interest?\nYes → STOP (NOT criminally relevant according to §§185-187 StGB)\nNo → Step 6\n\nStep 6: A statement is considered abusive criticism if it goes beyond plausible criticism by primarily intending to abusively offend the victim, hereby neglecting a substantiated contribution.\nIs the statement abusive criticism?\nYes → STOP (criminally RELEVANT according to §§185-187 StGB)\nNo → STOP (NOT criminally relevant according to §§185-187 StGB)\n\n\nAccording to this decision schema, decide whether the following text is criminally revant according to §§185-187 StGB (Defamatory Offense). Answer only with 'True' (criminally relevant according to §§185-187 StGB) or 'False' (not criminally relevant according to §§185-187 StGB).""}, {""role"": ""user"", ""content"": ""Hat die schäbige fotze schön ein auf ihre Hunde Gesicht bekommen und dann alles verstanden.. Sie hat aber Glück das der Fahrer keine zeit hatte..""}]",1,FN
1704,@Satokolover88 Sexxe ratte,True,False, False,"[{""role"": ""system"", ""content"": ""You are a legal expert for defamatory offenses according the the German Criminal Code (§§185-187 StGB). Help the user decide whether given posts fall within in the scope of these articles.""}, {""role"": ""user"", ""content"": ""Step 1: A defamatory object can be a living individual, a group of persons that is distinguishable from the general public such that every member of that group could feel their honor is infringed or collective entities such as governments or press companies with a recognised social role and who act with a collective, single will.\nIs there a defamatory object in this statement? \nNo → STOP (NOT criminally relevant according to §§185-187 StGB)\nYes → Step 2\n\nStep 2: A disparaging statement is a statement which interferes with the potential victim's right to honour. It is already fulfilled by expressing contempt or disrespect through the allegation of shortcomings that could reduce the victim’s social standing.\nIs there a disparaging statement directed towards the defamatory object?\nNo → STOP (NOT criminally relevant according to §§185-187 StGB)\nYes → Step 3\n\nStep 3: A factual claim is a stetement that can be proven to be true or untrue in front of a court. A value judgment constitutes and expression of personal opinions.\nIs it primarily a value judgement and NOT primarily a factual claim?\nNo → STOP (NOT criminally relevant according to §§185-187 StGB)\nYes → Step 4\n\nStep 4: An abusive insult is a statement that constitutes breaking a taboo by itself and intends only the defamation of the victim without any substantiated contribution.\nIs the statement an abusive insult?\nYes → STOP (criminally RELEVANT according to §§185-187 StGB)\nNo → Step 5\n\nStep 5: A statement is of public interest if it contains a contribution to the public discourse with respect to a particular relevant topic of public interest.\nIs the statement of public interest?\nYes → STOP (NOT criminally relevant according to §§185-187 StGB)\nNo → Step 6\n\nStep 6: A statement is considered abusive criticism if it goes beyond plausible criticism by primarily intending to abusively offend the victim, hereby neglecting a substantiated contribution.\nIs the statement abusive criticism?\nYes → STOP (criminally RELEVANT according to §§185-187 StGB)\nNo → STOP (NOT criminally relevant according to §§185-187 StGB)\n\n\nAccording to this decision schema, decide whether the following text is criminally revant according to §§185-187 StGB (Defamatory Offense). Answer only with 'True' (criminally relevant according to §§185-187 StGB) or 'False' (not criminally relevant according to §§185-187 StGB).""}, {""role"": ""user"", ""content"": ""@Satokolover88 Sexxe ratte""}]",3,FN
1711,"Mehr ist die auch nicht Wert, das Stück Müll",True,False, False,"[{""role"": ""system"", ""content"": ""You are a legal expert for defamatory offenses according the the German Criminal Code (§§185-187 StGB). Help the user decide whether given posts fall within in the scope of these articles.""}, {""role"": ""user"", ""content"": ""Step 1: A defamatory object can be a living individual, a group of persons that is distinguishable from the general public such that every member of that group could feel their honor is infringed or collective entities such as governments or press companies with a recognised social role and who act with a collective, single will.\nIs there a defamatory object in this statement? \nNo → STOP (NOT criminally relevant according to §§185-187 StGB)\nYes → Step 2\n\nStep 2: A disparaging statement is a statement which interferes with the potential victim's right to honour. It is already fulfilled by expressing contempt or disrespect through the allegation of shortcomings that could reduce the victim’s social standing.\nIs there a disparaging statement directed towards the defamatory object?\nNo → STOP (NOT criminally relevant according to §§185-187 StGB)\nYes → Step 3\n\nStep 3: A factual claim is a stetement that can be proven to be true or untrue in front of a court. A value judgment constitutes and expression of personal opinions.\nIs it primarily a value judgement and NOT primarily a factual claim?\nNo → STOP (NOT criminally relevant according to §§185-187 StGB)\nYes → Step 4\n\nStep 4: An abusive insult is a statement that constitutes breaking a taboo by itself and intends only the defamation of the victim without any substantiated contribution.\nIs the statement an abusive insult?\nYes → STOP (criminally RELEVANT according to §§185-187 StGB)\nNo → Step 5\n\nStep 5: A statement is of public interest if it contains a contribution to the public discourse with respect to a particular relevant topic of public interest.\nIs the statement of public interest?\nYes → STOP (NOT criminally relevant according to §§185-187 StGB)\nNo → Step 6\n\nStep 6: A statement is considered abusive criticism if it goes beyond plausible criticism by primarily intending to abusively offend the victim, hereby neglecting a substantiated contribution.\nIs the statement abusive criticism?\nYes → STOP (criminally RELEVANT according to §§185-187 StGB)\nNo → STOP (NOT criminally relevant according to §§185-187 StGB)\n\n\nAccording to this decision schema, decide whether the following text is criminally revant according to §§185-187 StGB (Defamatory Offense). Answer only with 'True' (criminally relevant according to §§185-187 StGB) or 'False' (not criminally relevant according to §§185-187 StGB).""}, {""role"": ""user"", ""content"": ""Mehr ist die auch nicht Wert, das Stück Müll""}]",0,FN
1719,Eine Kugel reicht für dieses matschhirn,True,False, False,"[{""role"": ""system"", ""content"": ""You are a legal expert for defamatory offenses according the the German Criminal Code (§§185-187 StGB). Help the user decide whether given posts fall within in the scope of these articles.""}, {""role"": ""user"", ""content"": ""Step 1: A defamatory object can be a living individual, a group of persons that is distinguishable from the general public such that every member of that group could feel their honor is infringed or collective entities such as governments or press companies with a recognised social role and who act with a collective, single will.\nIs there a defamatory object in this statement? \nNo → STOP (NOT criminally relevant according to §§185-187 StGB)\nYes → Step 2\n\nStep 2: A disparaging statement is a statement which interferes with the potential victim's right to honour. It is already fulfilled by expressing contempt or disrespect through the allegation of shortcomings that could reduce the victim’s social standing.\nIs there a disparaging statement directed towards the defamatory object?\nNo → STOP (NOT criminally relevant according to §§185-187 StGB)\nYes → Step 3\n\nStep 3: A factual claim is a stetement that can be proven to be true or untrue in front of a court. A value judgment constitutes and expression of personal opinions.\nIs it primarily a value judgement and NOT primarily a factual claim?\nNo → STOP (NOT criminally relevant according to §§185-187 StGB)\nYes → Step 4\n\nStep 4: An abusive insult is a statement that constitutes breaking a taboo by itself and intends only the defamation of the victim without any substantiated contribution.\nIs the statement an abusive insult?\nYes → STOP (criminally RELEVANT according to §§185-187 StGB)\nNo → Step 5\n\nStep 5: A statement is of public interest if it contains a contribution to the public discourse with respect to a particular relevant topic of public interest.\nIs the statement of public interest?\nYes → STOP (NOT criminally relevant according to §§185-187 StGB)\nNo → Step 6\n\nStep 6: A statement is considered abusive criticism if it goes beyond plausible criticism by primarily intending to abusively offend the victim, hereby neglecting a substantiated contribution.\nIs the statement abusive criticism?\nYes → STOP (criminally RELEVANT according to §§185-187 StGB)\nNo → STOP (NOT criminally relevant according to §§185-187 StGB)\n\n\nAccording to this decision schema, decide whether the following text is criminally revant according to §§185-187 StGB (Defamatory Offense). Answer only with 'True' (criminally relevant according to §§185-187 StGB) or 'False' (not criminally relevant according to §§185-187 StGB).""}, {""role"": ""user"", ""content"": ""Eine Kugel reicht für dieses matschhirn""}]",2,FN
1777,"""Alles, was vor dem Holocaust war"" - war ein heimatloses vagabundierendes Volk, welches sich profitstrebend in andere Volksköper einnistete. - Und nach dem sogenannten Holocaust bekamen sie durch die Mitwirkung der Nationalsozialisten erstmals wieder eine Heimstadt, und in Folge ständige ununterbrochene Widergutmachungszahlungen aus Deutschland. Des gleichen erzogen sie die ganze Welt nur jüdisches Leid wahrzunehmen. Fazit: Sie verdanken dem nationalsozialistischem System unendlich viel!",True,False, False,"[{""role"": ""system"", ""content"": ""You are a legal expert for defamatory offenses according the the German Criminal Code (§§185-187 StGB). Help the user decide whether given posts fall within in the scope of these articles.""}, {""role"": ""user"", ""content"": ""Step 1: A defamatory object can be a living individual, a group of persons that is distinguishable from the general public such that every member of that group could feel their honor is infringed or collective entities such as governments or press companies with a recognised social role and who act with a collective, single will.\nIs there a defamatory object in this statement? \nNo → STOP (NOT criminally relevant according to §§185-187 StGB)\nYes → Step 2\n\nStep 2: A disparaging statement is a statement which interferes with the potential victim's right to honour. It is already fulfilled by expressing contempt or disrespect through the allegation of shortcomings that could reduce the victim’s social standing.\nIs there a disparaging statement directed towards the defamatory object?\nNo → STOP (NOT criminally relevant according to §§185-187 StGB)\nYes → Step 3\n\nStep 3: A factual claim is a stetement that can be proven to be true or untrue in front of a court. A value judgment constitutes and expression of personal opinions.\nIs it primarily a value judgement and NOT primarily a factual claim?\nNo → STOP (NOT criminally relevant according to §§185-187 StGB)\nYes → Step 4\n\nStep 4: An abusive insult is a statement that constitutes breaking a taboo by itself and intends only the defamation of the victim without any substantiated contribution.\nIs the statement an abusive insult?\nYes → STOP (criminally RELEVANT according to §§185-187 StGB)\nNo → Step 5\n\nStep 5: A statement is of public interest if it contains a contribution to the public discourse with respect to a particular relevant topic of public interest.\nIs the statement of public interest?\nYes → STOP (NOT criminally relevant according to §§185-187 StGB)\nNo → Step 6\n\nStep 6: A statement is considered abusive criticism if it goes beyond plausible criticism by primarily intending to abusively offend the victim, hereby neglecting a substantiated contribution.\nIs the statement abusive criticism?\nYes → STOP (criminally RELEVANT according to §§185-187 StGB)\nNo → STOP (NOT criminally relevant according to §§185-187 StGB)\n\n\nAccording to this decision schema, decide whether the following text is criminally revant according to §§185-187 StGB (Defamatory Offense). Answer only with 'True' (criminally relevant according to §§185-187 StGB) or 'False' (not criminally relevant according to §§185-187 StGB).""}, {""role"": ""user"", ""content"": ""\""Alles, was vor dem Holocaust war\"" - war ein heimatloses vagabundierendes Volk, welches sich profitstrebend in andere Volksköper einnistete. - Und nach dem sogenannten Holocaust bekamen sie durch die Mitwirkung der Nationalsozialisten erstmals wieder eine Heimstadt, und in Folge ständige ununterbrochene Widergutmachungszahlungen aus Deutschland. Des gleichen erzogen sie die ganze Welt nur jüdisches Leid wahrzunehmen. Fazit: Sie verdanken dem nationalsozialistischem System unendlich viel!""}]",3,FN
1786,"@Juergen_Fritz Der Hobbit kann richtig die Bitch raushängen lassen. Der Wähler vergisst nicht. Wenn das stimmt, weiß man ja auch, wie er mit seinen anderen Kontrahenten umging. Korrupte Familie Laschet bedient sich Mafiamethoden. Jetzt sorgt der Wähler dafür, dass Laschet verliert",True,False, False,"[{""role"": ""system"", ""content"": ""You are a legal expert for defamatory offenses according the the German Criminal Code (§§185-187 StGB). Help the user decide whether given posts fall within in the scope of these articles.""}, {""role"": ""user"", ""content"": ""Step 1: A defamatory object can be a living individual, a group of persons that is distinguishable from the general public such that every member of that group could feel their honor is infringed or collective entities such as governments or press companies with a recognised social role and who act with a collective, single will.\nIs there a defamatory object in this statement? \nNo → STOP (NOT criminally relevant according to §§185-187 StGB)\nYes → Step 2\n\nStep 2: A disparaging statement is a statement which interferes with the potential victim's right to honour. It is already fulfilled by expressing contempt or disrespect through the allegation of shortcomings that could reduce the victim’s social standing.\nIs there a disparaging statement directed towards the defamatory object?\nNo → STOP (NOT criminally relevant according to §§185-187 StGB)\nYes → Step 3\n\nStep 3: A factual claim is a stetement that can be proven to be true or untrue in front of a court. A value judgment constitutes and expression of personal opinions.\nIs it primarily a value judgement and NOT primarily a factual claim?\nNo → STOP (NOT criminally relevant according to §§185-187 StGB)\nYes → Step 4\n\nStep 4: An abusive insult is a statement that constitutes breaking a taboo by itself and intends only the defamation of the victim without any substantiated contribution.\nIs the statement an abusive insult?\nYes → STOP (criminally RELEVANT according to §§185-187 StGB)\nNo → Step 5\n\nStep 5: A statement is of public interest if it contains a contribution to the public discourse with respect to a particular relevant topic of public interest.\nIs the statement of public interest?\nYes → STOP (NOT criminally relevant according to §§185-187 StGB)\nNo → Step 6\n\nStep 6: A statement is considered abusive criticism if it goes beyond plausible criticism by primarily intending to abusively offend the victim, hereby neglecting a substantiated contribution.\nIs the statement abusive criticism?\nYes → STOP (criminally RELEVANT according to §§185-187 StGB)\nNo → STOP (NOT criminally relevant according to §§185-187 StGB)\n\n\nAccording to this decision schema, decide whether the following text is criminally revant according to §§185-187 StGB (Defamatory Offense). Answer only with 'True' (criminally relevant according to §§185-187 StGB) or 'False' (not criminally relevant according to §§185-187 StGB).""}, {""role"": ""user"", ""content"": ""@Juergen_Fritz Der Hobbit kann richtig die Bitch raushängen lassen. Der Wähler vergisst nicht. Wenn das stimmt, weiß man ja auch, wie er mit seinen anderen Kontrahenten umging. Korrupte Familie Laschet bedient sich Mafiamethoden. Jetzt sorgt der Wähler dafür, dass Laschet verliert""}]",1,FN
1788,"„Angela Merkel wird in die Geschichte eingehen als die Kanzlerin, die den offenen Judenhass in Deutschland wieder möglich gemacht hat.  Sie hat die deutschen Juden verraten und verkauft. Und nicht nur die Juden.“  https://t.co/FyHhOkQsek",True,False, False,"[{""role"": ""system"", ""content"": ""You are a legal expert for defamatory offenses according the the German Criminal Code (§§185-187 StGB). Help the user decide whether given posts fall within in the scope of these articles.""}, {""role"": ""user"", ""content"": ""Step 1: A defamatory object can be a living individual, a group of persons that is distinguishable from the general public such that every member of that group could feel their honor is infringed or collective entities such as governments or press companies with a recognised social role and who act with a collective, single will.\nIs there a defamatory object in this statement? \nNo → STOP (NOT criminally relevant according to §§185-187 StGB)\nYes → Step 2\n\nStep 2: A disparaging statement is a statement which interferes with the potential victim's right to honour. It is already fulfilled by expressing contempt or disrespect through the allegation of shortcomings that could reduce the victim’s social standing.\nIs there a disparaging statement directed towards the defamatory object?\nNo → STOP (NOT criminally relevant according to §§185-187 StGB)\nYes → Step 3\n\nStep 3: A factual claim is a stetement that can be proven to be true or untrue in front of a court. A value judgment constitutes and expression of personal opinions.\nIs it primarily a value judgement and NOT primarily a factual claim?\nNo → STOP (NOT criminally relevant according to §§185-187 StGB)\nYes → Step 4\n\nStep 4: An abusive insult is a statement that constitutes breaking a taboo by itself and intends only the defamation of the victim without any substantiated contribution.\nIs the statement an abusive insult?\nYes → STOP (criminally RELEVANT according to §§185-187 StGB)\nNo → Step 5\n\nStep 5: A statement is of public interest if it contains a contribution to the public discourse with respect to a particular relevant topic of public interest.\nIs the statement of public interest?\nYes → STOP (NOT criminally relevant according to §§185-187 StGB)\nNo → Step 6\n\nStep 6: A statement is considered abusive criticism if it goes beyond plausible criticism by primarily intending to abusively offend the victim, hereby neglecting a substantiated contribution.\nIs the statement abusive criticism?\nYes → STOP (criminally RELEVANT according to §§185-187 StGB)\nNo → STOP (NOT criminally relevant according to §§185-187 StGB)\n\n\nAccording to this decision schema, decide whether the following text is criminally revant according to §§185-187 StGB (Defamatory Offense). Answer only with 'True' (criminally relevant according to §§185-187 StGB) or 'False' (not criminally relevant according to §§185-187 StGB).""}, {""role"": ""user"", ""content"": ""„Angela Merkel wird in die Geschichte eingehen als die Kanzlerin, die den offenen Judenhass in Deutschland wieder möglich gemacht hat.  Sie hat die deutschen Juden verraten und verkauft. Und nicht nur die Juden.“  https://t.co/FyHhOkQsek""}]",0,FN
1790,"Solange Drosten keine nachprüfbare Dissertation vorlegen kann, ist er für mich der größte Scharlatan und Volksschädling aller Zeiten. Es ist an der Zeit für ihn Gift oder Kugel zu wählen. Der angerichtete Schaden für Wiedergutmachung ist zu groß.",True,False, False,"[{""role"": ""system"", ""content"": ""You are a legal expert for defamatory offenses according the the German Criminal Code (§§185-187 StGB). Help the user decide whether given posts fall within in the scope of these articles.""}, {""role"": ""user"", ""content"": ""Step 1: A defamatory object can be a living individual, a group of persons that is distinguishable from the general public such that every member of that group could feel their honor is infringed or collective entities such as governments or press companies with a recognised social role and who act with a collective, single will.\nIs there a defamatory object in this statement? \nNo → STOP (NOT criminally relevant according to §§185-187 StGB)\nYes → Step 2\n\nStep 2: A disparaging statement is a statement which interferes with the potential victim's right to honour. It is already fulfilled by expressing contempt or disrespect through the allegation of shortcomings that could reduce the victim’s social standing.\nIs there a disparaging statement directed towards the defamatory object?\nNo → STOP (NOT criminally relevant according to §§185-187 StGB)\nYes → Step 3\n\nStep 3: A factual claim is a stetement that can be proven to be true or untrue in front of a court. A value judgment constitutes and expression of personal opinions.\nIs it primarily a value judgement and NOT primarily a factual claim?\nNo → STOP (NOT criminally relevant according to §§185-187 StGB)\nYes → Step 4\n\nStep 4: An abusive insult is a statement that constitutes breaking a taboo by itself and intends only the defamation of the victim without any substantiated contribution.\nIs the statement an abusive insult?\nYes → STOP (criminally RELEVANT according to §§185-187 StGB)\nNo → Step 5\n\nStep 5: A statement is of public interest if it contains a contribution to the public discourse with respect to a particular relevant topic of public interest.\nIs the statement of public interest?\nYes → STOP (NOT criminally relevant according to §§185-187 StGB)\nNo → Step 6\n\nStep 6: A statement is considered abusive criticism if it goes beyond plausible criticism by primarily intending to abusively offend the victim, hereby neglecting a substantiated contribution.\nIs the statement abusive criticism?\nYes → STOP (criminally RELEVANT according to §§185-187 StGB)\nNo → STOP (NOT criminally relevant according to §§185-187 StGB)\n\n\nAccording to this decision schema, decide whether the following text is criminally revant according to §§185-187 StGB (Defamatory Offense). Answer only with 'True' (criminally relevant according to §§185-187 StGB) or 'False' (not criminally relevant according to §§185-187 StGB).""}, {""role"": ""user"", ""content"": ""Solange Drosten keine nachprüfbare Dissertation vorlegen kann, ist er für mich der größte Scharlatan und Volksschädling aller Zeiten. Es ist an der Zeit für ihn Gift oder Kugel zu wählen. Der angerichtete Schaden für Wiedergutmachung ist zu groß.""}]",0,FN
1791,Warum wird unser Waffengesetz nicht endlich geändert? Damit man sich bewaffnen und sich gegen diese tollwütigen Tiere wehren kann? Dann kann man die Viecher wenigstens umlegen kann wenn man angegriffen wird. Wollen Merkel und Co das wir Freiwild sind für die ganzen Affenmenschen?Das sind doch Intelligenzmäßig noch Neandertaler ohne menschlichen Verstand.,True,False, False,"[{""role"": ""system"", ""content"": ""You are a legal expert for defamatory offenses according the the German Criminal Code (§§185-187 StGB). Help the user decide whether given posts fall within in the scope of these articles.""}, {""role"": ""user"", ""content"": ""Step 1: A defamatory object can be a living individual, a group of persons that is distinguishable from the general public such that every member of that group could feel their honor is infringed or collective entities such as governments or press companies with a recognised social role and who act with a collective, single will.\nIs there a defamatory object in this statement? \nNo → STOP (NOT criminally relevant according to §§185-187 StGB)\nYes → Step 2\n\nStep 2: A disparaging statement is a statement which interferes with the potential victim's right to honour. It is already fulfilled by expressing contempt or disrespect through the allegation of shortcomings that could reduce the victim’s social standing.\nIs there a disparaging statement directed towards the defamatory object?\nNo → STOP (NOT criminally relevant according to §§185-187 StGB)\nYes → Step 3\n\nStep 3: A factual claim is a stetement that can be proven to be true or untrue in front of a court. A value judgment constitutes and expression of personal opinions.\nIs it primarily a value judgement and NOT primarily a factual claim?\nNo → STOP (NOT criminally relevant according to §§185-187 StGB)\nYes → Step 4\n\nStep 4: An abusive insult is a statement that constitutes breaking a taboo by itself and intends only the defamation of the victim without any substantiated contribution.\nIs the statement an abusive insult?\nYes → STOP (criminally RELEVANT according to §§185-187 StGB)\nNo → Step 5\n\nStep 5: A statement is of public interest if it contains a contribution to the public discourse with respect to a particular relevant topic of public interest.\nIs the statement of public interest?\nYes → STOP (NOT criminally relevant according to §§185-187 StGB)\nNo → Step 6\n\nStep 6: A statement is considered abusive criticism if it goes beyond plausible criticism by primarily intending to abusively offend the victim, hereby neglecting a substantiated contribution.\nIs the statement abusive criticism?\nYes → STOP (criminally RELEVANT according to §§185-187 StGB)\nNo → STOP (NOT criminally relevant according to §§185-187 StGB)\n\n\nAccording to this decision schema, decide whether the following text is criminally revant according to §§185-187 StGB (Defamatory Offense). Answer only with 'True' (criminally relevant according to §§185-187 StGB) or 'False' (not criminally relevant according to §§185-187 StGB).""}, {""role"": ""user"", ""content"": ""Warum wird unser Waffengesetz nicht endlich geändert? Damit man sich bewaffnen und sich gegen diese tollwütigen Tiere wehren kann? Dann kann man die Viecher wenigstens umlegen kann wenn man angegriffen wird. Wollen Merkel und Co das wir Freiwild sind für die ganzen Affenmenschen?Das sind doch Intelligenzmäßig noch Neandertaler ohne menschlichen Verstand.""}]",2,FN
1792,"Vielleicht sollte man aber auch richtig durch reissen, u.diese Rot Grün Linken Spinner, die uns nur ausnutzen, nichts können, meist nie gearbeitet haben, weiterhin nach arabischen afrikanischen Sotialparasiten schreien, einfach radikal bekämpfen Ich hab von diesen Parasiten genug",True,False, False,"[{""role"": ""system"", ""content"": ""You are a legal expert for defamatory offenses according the the German Criminal Code (§§185-187 StGB). Help the user decide whether given posts fall within in the scope of these articles.""}, {""role"": ""user"", ""content"": ""Step 1: A defamatory object can be a living individual, a group of persons that is distinguishable from the general public such that every member of that group could feel their honor is infringed or collective entities such as governments or press companies with a recognised social role and who act with a collective, single will.\nIs there a defamatory object in this statement? \nNo → STOP (NOT criminally relevant according to §§185-187 StGB)\nYes → Step 2\n\nStep 2: A disparaging statement is a statement which interferes with the potential victim's right to honour. It is already fulfilled by expressing contempt or disrespect through the allegation of shortcomings that could reduce the victim’s social standing.\nIs there a disparaging statement directed towards the defamatory object?\nNo → STOP (NOT criminally relevant according to §§185-187 StGB)\nYes → Step 3\n\nStep 3: A factual claim is a stetement that can be proven to be true or untrue in front of a court. A value judgment constitutes and expression of personal opinions.\nIs it primarily a value judgement and NOT primarily a factual claim?\nNo → STOP (NOT criminally relevant according to §§185-187 StGB)\nYes → Step 4\n\nStep 4: An abusive insult is a statement that constitutes breaking a taboo by itself and intends only the defamation of the victim without any substantiated contribution.\nIs the statement an abusive insult?\nYes → STOP (criminally RELEVANT according to §§185-187 StGB)\nNo → Step 5\n\nStep 5: A statement is of public interest if it contains a contribution to the public discourse with respect to a particular relevant topic of public interest.\nIs the statement of public interest?\nYes → STOP (NOT criminally relevant according to §§185-187 StGB)\nNo → Step 6\n\nStep 6: A statement is considered abusive criticism if it goes beyond plausible criticism by primarily intending to abusively offend the victim, hereby neglecting a substantiated contribution.\nIs the statement abusive criticism?\nYes → STOP (criminally RELEVANT according to §§185-187 StGB)\nNo → STOP (NOT criminally relevant according to §§185-187 StGB)\n\n\nAccording to this decision schema, decide whether the following text is criminally revant according to §§185-187 StGB (Defamatory Offense). Answer only with 'True' (criminally relevant according to §§185-187 StGB) or 'False' (not criminally relevant according to §§185-187 StGB).""}, {""role"": ""user"", ""content"": ""Vielleicht sollte man aber auch richtig durch reissen, u.diese Rot Grün Linken Spinner, die uns nur ausnutzen, nichts können, meist nie gearbeitet haben, weiterhin nach arabischen afrikanischen Sotialparasiten schreien, einfach radikal bekämpfen Ich hab von diesen Parasiten genug""}]",2,FN
1794,"""Nicht wegen der Rente. Länger arbeiten und weniger Urlaub für die ganze Bunten Parasiten die Deutschland überfluten für die braucht der Staat Geld. Wir sollen mehr arbeiten und auf Urlaub verzichten und die Sozialschmarotzer bekommen alles in den Arsch gesteckt. Geht's noch?????  ""Würdet ihr mal so gegen die Migrationspolitik, gegen die Messerstecher, Vergewaltiger, Flüchtlinge demonstrieren das wäre mal was.""  ""Drecks grünes Pack, noch vor paar Jahren wart ihr alle dafür Kinderschänder nicht zu bestrafen ihr drecksgesindel. Es ist eine Zumutung das ihr im Bundestag sitzt geschweige denn das ihr überhaupt eine Partei gründen dürft. Deutschland geht kaputt verstehe nicht welche bekloppte euch gewählt haben. """,True,False, False,"[{""role"": ""system"", ""content"": ""You are a legal expert for defamatory offenses according the the German Criminal Code (§§185-187 StGB). Help the user decide whether given posts fall within in the scope of these articles.""}, {""role"": ""user"", ""content"": ""Step 1: A defamatory object can be a living individual, a group of persons that is distinguishable from the general public such that every member of that group could feel their honor is infringed or collective entities such as governments or press companies with a recognised social role and who act with a collective, single will.\nIs there a defamatory object in this statement? \nNo → STOP (NOT criminally relevant according to §§185-187 StGB)\nYes → Step 2\n\nStep 2: A disparaging statement is a statement which interferes with the potential victim's right to honour. It is already fulfilled by expressing contempt or disrespect through the allegation of shortcomings that could reduce the victim’s social standing.\nIs there a disparaging statement directed towards the defamatory object?\nNo → STOP (NOT criminally relevant according to §§185-187 StGB)\nYes → Step 3\n\nStep 3: A factual claim is a stetement that can be proven to be true or untrue in front of a court. A value judgment constitutes and expression of personal opinions.\nIs it primarily a value judgement and NOT primarily a factual claim?\nNo → STOP (NOT criminally relevant according to §§185-187 StGB)\nYes → Step 4\n\nStep 4: An abusive insult is a statement that constitutes breaking a taboo by itself and intends only the defamation of the victim without any substantiated contribution.\nIs the statement an abusive insult?\nYes → STOP (criminally RELEVANT according to §§185-187 StGB)\nNo → Step 5\n\nStep 5: A statement is of public interest if it contains a contribution to the public discourse with respect to a particular relevant topic of public interest.\nIs the statement of public interest?\nYes → STOP (NOT criminally relevant according to §§185-187 StGB)\nNo → Step 6\n\nStep 6: A statement is considered abusive criticism if it goes beyond plausible criticism by primarily intending to abusively offend the victim, hereby neglecting a substantiated contribution.\nIs the statement abusive criticism?\nYes → STOP (criminally RELEVANT according to §§185-187 StGB)\nNo → STOP (NOT criminally relevant according to §§185-187 StGB)\n\n\nAccording to this decision schema, decide whether the following text is criminally revant according to §§185-187 StGB (Defamatory Offense). Answer only with 'True' (criminally relevant according to §§185-187 StGB) or 'False' (not criminally relevant according to §§185-187 StGB).""}, {""role"": ""user"", ""content"": ""\""Nicht wegen der Rente. Länger arbeiten und weniger Urlaub für die ganze Bunten Parasiten die Deutschland überfluten für die braucht der Staat Geld. Wir sollen mehr arbeiten und auf Urlaub verzichten und die Sozialschmarotzer bekommen alles in den Arsch gesteckt. Geht's noch?????  \""Würdet ihr mal so gegen die Migrationspolitik, gegen die Messerstecher, Vergewaltiger, Flüchtlinge demonstrieren das wäre mal was.\""  \""Drecks grünes Pack, noch vor paar Jahren wart ihr alle dafür Kinderschänder nicht zu bestrafen ihr drecksgesindel. Es ist eine Zumutung das ihr im Bundestag sitzt geschweige denn das ihr überhaupt eine Partei gründen dürft. Deutschland geht kaputt verstehe nicht welche bekloppte euch gewählt haben. \""""}]",0,FN
1795,"""@User Tanja-Gotsch du hättest früher auch die Juden umgebracht, weil Hitler das so wollte.""",True,False, False,"[{""role"": ""system"", ""content"": ""You are a legal expert for defamatory offenses according the the German Criminal Code (§§185-187 StGB). Help the user decide whether given posts fall within in the scope of these articles.""}, {""role"": ""user"", ""content"": ""Step 1: A defamatory object can be a living individual, a group of persons that is distinguishable from the general public such that every member of that group could feel their honor is infringed or collective entities such as governments or press companies with a recognised social role and who act with a collective, single will.\nIs there a defamatory object in this statement? \nNo → STOP (NOT criminally relevant according to §§185-187 StGB)\nYes → Step 2\n\nStep 2: A disparaging statement is a statement which interferes with the potential victim's right to honour. It is already fulfilled by expressing contempt or disrespect through the allegation of shortcomings that could reduce the victim’s social standing.\nIs there a disparaging statement directed towards the defamatory object?\nNo → STOP (NOT criminally relevant according to §§185-187 StGB)\nYes → Step 3\n\nStep 3: A factual claim is a stetement that can be proven to be true or untrue in front of a court. A value judgment constitutes and expression of personal opinions.\nIs it primarily a value judgement and NOT primarily a factual claim?\nNo → STOP (NOT criminally relevant according to §§185-187 StGB)\nYes → Step 4\n\nStep 4: An abusive insult is a statement that constitutes breaking a taboo by itself and intends only the defamation of the victim without any substantiated contribution.\nIs the statement an abusive insult?\nYes → STOP (criminally RELEVANT according to §§185-187 StGB)\nNo → Step 5\n\nStep 5: A statement is of public interest if it contains a contribution to the public discourse with respect to a particular relevant topic of public interest.\nIs the statement of public interest?\nYes → STOP (NOT criminally relevant according to §§185-187 StGB)\nNo → Step 6\n\nStep 6: A statement is considered abusive criticism if it goes beyond plausible criticism by primarily intending to abusively offend the victim, hereby neglecting a substantiated contribution.\nIs the statement abusive criticism?\nYes → STOP (criminally RELEVANT according to §§185-187 StGB)\nNo → STOP (NOT criminally relevant according to §§185-187 StGB)\n\n\nAccording to this decision schema, decide whether the following text is criminally revant according to §§185-187 StGB (Defamatory Offense). Answer only with 'True' (criminally relevant according to §§185-187 StGB) or 'False' (not criminally relevant according to §§185-187 StGB).""}, {""role"": ""user"", ""content"": ""\""@User Tanja-Gotsch du hättest früher auch die Juden umgebracht, weil Hitler das so wollte.\""""}]",3,FN
1797,@Marzischewski Ich hätte gern die Notbremse für die |LBR| ARSCHKRIECHER DER ALTPARTEIEN UND DEM FETTEN STASI FERKEL. |LBR| Diese ZWANGSREGIERUNG besteht aus VERBRECHER GESINDEL und |LBR| einer gesteuerten MASSENVERBLÖDUNG. |LBR| 🇩🇪🇮🇱🇮🇱🇮🇱🇮🇱🇮🇱🇮🇱🇮🇱🇮🇱🇮🇱🇮🇱🇩🇪🇮🇱🇮🇱🇮🇱🇮🇱🇩🇪👍🏁,True,False, False,"[{""role"": ""system"", ""content"": ""You are a legal expert for defamatory offenses according the the German Criminal Code (§§185-187 StGB). Help the user decide whether given posts fall within in the scope of these articles.""}, {""role"": ""user"", ""content"": ""Step 1: A defamatory object can be a living individual, a group of persons that is distinguishable from the general public such that every member of that group could feel their honor is infringed or collective entities such as governments or press companies with a recognised social role and who act with a collective, single will.\nIs there a defamatory object in this statement? \nNo → STOP (NOT criminally relevant according to §§185-187 StGB)\nYes → Step 2\n\nStep 2: A disparaging statement is a statement which interferes with the potential victim's right to honour. It is already fulfilled by expressing contempt or disrespect through the allegation of shortcomings that could reduce the victim’s social standing.\nIs there a disparaging statement directed towards the defamatory object?\nNo → STOP (NOT criminally relevant according to §§185-187 StGB)\nYes → Step 3\n\nStep 3: A factual claim is a stetement that can be proven to be true or untrue in front of a court. A value judgment constitutes and expression of personal opinions.\nIs it primarily a value judgement and NOT primarily a factual claim?\nNo → STOP (NOT criminally relevant according to §§185-187 StGB)\nYes → Step 4\n\nStep 4: An abusive insult is a statement that constitutes breaking a taboo by itself and intends only the defamation of the victim without any substantiated contribution.\nIs the statement an abusive insult?\nYes → STOP (criminally RELEVANT according to §§185-187 StGB)\nNo → Step 5\n\nStep 5: A statement is of public interest if it contains a contribution to the public discourse with respect to a particular relevant topic of public interest.\nIs the statement of public interest?\nYes → STOP (NOT criminally relevant according to §§185-187 StGB)\nNo → Step 6\n\nStep 6: A statement is considered abusive criticism if it goes beyond plausible criticism by primarily intending to abusively offend the victim, hereby neglecting a substantiated contribution.\nIs the statement abusive criticism?\nYes → STOP (criminally RELEVANT according to §§185-187 StGB)\nNo → STOP (NOT criminally relevant according to §§185-187 StGB)\n\n\nAccording to this decision schema, decide whether the following text is criminally revant according to §§185-187 StGB (Defamatory Offense). Answer only with 'True' (criminally relevant according to §§185-187 StGB) or 'False' (not criminally relevant according to §§185-187 StGB).""}, {""role"": ""user"", ""content"": ""@Marzischewski Ich hätte gern die Notbremse für die |LBR| ARSCHKRIECHER DER ALTPARTEIEN UND DEM FETTEN STASI FERKEL. |LBR| Diese ZWANGSREGIERUNG besteht aus VERBRECHER GESINDEL und |LBR| einer gesteuerten MASSENVERBLÖDUNG. |LBR| 🇩🇪🇮🇱🇮🇱🇮🇱🇮🇱🇮🇱🇮🇱🇮🇱🇮🇱🇮🇱🇮🇱🇩🇪🇮🇱🇮🇱🇮🇱🇮🇱🇩🇪👍🏁""}]",3,FN
1798,"@JkGO14 @hannes__99 @georgrestle Hey Hannes, ich wollte mich noch mal bei dir und deiner dreckigen Assipartei bedanken, dass ihr mal wieder ein notwendiges und wichtiges Gesetz gekippt habt (Bienen-Schutz-Gesetz), weil der scheiß Bauernverband interveniert hat. Ihr seid der letzte Dreck. Liebe Grüße",True,False, False,"[{""role"": ""system"", ""content"": ""You are a legal expert for defamatory offenses according the the German Criminal Code (§§185-187 StGB). Help the user decide whether given posts fall within in the scope of these articles.""}, {""role"": ""user"", ""content"": ""Step 1: A defamatory object can be a living individual, a group of persons that is distinguishable from the general public such that every member of that group could feel their honor is infringed or collective entities such as governments or press companies with a recognised social role and who act with a collective, single will.\nIs there a defamatory object in this statement? \nNo → STOP (NOT criminally relevant according to §§185-187 StGB)\nYes → Step 2\n\nStep 2: A disparaging statement is a statement which interferes with the potential victim's right to honour. It is already fulfilled by expressing contempt or disrespect through the allegation of shortcomings that could reduce the victim’s social standing.\nIs there a disparaging statement directed towards the defamatory object?\nNo → STOP (NOT criminally relevant according to §§185-187 StGB)\nYes → Step 3\n\nStep 3: A factual claim is a stetement that can be proven to be true or untrue in front of a court. A value judgment constitutes and expression of personal opinions.\nIs it primarily a value judgement and NOT primarily a factual claim?\nNo → STOP (NOT criminally relevant according to §§185-187 StGB)\nYes → Step 4\n\nStep 4: An abusive insult is a statement that constitutes breaking a taboo by itself and intends only the defamation of the victim without any substantiated contribution.\nIs the statement an abusive insult?\nYes → STOP (criminally RELEVANT according to §§185-187 StGB)\nNo → Step 5\n\nStep 5: A statement is of public interest if it contains a contribution to the public discourse with respect to a particular relevant topic of public interest.\nIs the statement of public interest?\nYes → STOP (NOT criminally relevant according to §§185-187 StGB)\nNo → Step 6\n\nStep 6: A statement is considered abusive criticism if it goes beyond plausible criticism by primarily intending to abusively offend the victim, hereby neglecting a substantiated contribution.\nIs the statement abusive criticism?\nYes → STOP (criminally RELEVANT according to §§185-187 StGB)\nNo → STOP (NOT criminally relevant according to §§185-187 StGB)\n\n\nAccording to this decision schema, decide whether the following text is criminally revant according to §§185-187 StGB (Defamatory Offense). Answer only with 'True' (criminally relevant according to §§185-187 StGB) or 'False' (not criminally relevant according to §§185-187 StGB).""}, {""role"": ""user"", ""content"": ""@JkGO14 @hannes__99 @georgrestle Hey Hannes, ich wollte mich noch mal bei dir und deiner dreckigen Assipartei bedanken, dass ihr mal wieder ein notwendiges und wichtiges Gesetz gekippt habt (Bienen-Schutz-Gesetz), weil der scheiß Bauernverband interveniert hat. Ihr seid der letzte Dreck. Liebe Grüße""}]",2,FN
1801,"Scholz ist für uns Sachsen nicht existent ! Wir haben dieses korrupte, hochkriminelle, kommunistische Marionettenschwein nicht gewählt! Wie wollen nichts mehr mit Berlin und Brüssel zu tun haben!",True,False, False,"[{""role"": ""system"", ""content"": ""You are a legal expert for defamatory offenses according the the German Criminal Code (§§185-187 StGB). Help the user decide whether given posts fall within in the scope of these articles.""}, {""role"": ""user"", ""content"": ""Step 1: A defamatory object can be a living individual, a group of persons that is distinguishable from the general public such that every member of that group could feel their honor is infringed or collective entities such as governments or press companies with a recognised social role and who act with a collective, single will.\nIs there a defamatory object in this statement? \nNo → STOP (NOT criminally relevant according to §§185-187 StGB)\nYes → Step 2\n\nStep 2: A disparaging statement is a statement which interferes with the potential victim's right to honour. It is already fulfilled by expressing contempt or disrespect through the allegation of shortcomings that could reduce the victim’s social standing.\nIs there a disparaging statement directed towards the defamatory object?\nNo → STOP (NOT criminally relevant according to §§185-187 StGB)\nYes → Step 3\n\nStep 3: A factual claim is a stetement that can be proven to be true or untrue in front of a court. A value judgment constitutes and expression of personal opinions.\nIs it primarily a value judgement and NOT primarily a factual claim?\nNo → STOP (NOT criminally relevant according to §§185-187 StGB)\nYes → Step 4\n\nStep 4: An abusive insult is a statement that constitutes breaking a taboo by itself and intends only the defamation of the victim without any substantiated contribution.\nIs the statement an abusive insult?\nYes → STOP (criminally RELEVANT according to §§185-187 StGB)\nNo → Step 5\n\nStep 5: A statement is of public interest if it contains a contribution to the public discourse with respect to a particular relevant topic of public interest.\nIs the statement of public interest?\nYes → STOP (NOT criminally relevant according to §§185-187 StGB)\nNo → Step 6\n\nStep 6: A statement is considered abusive criticism if it goes beyond plausible criticism by primarily intending to abusively offend the victim, hereby neglecting a substantiated contribution.\nIs the statement abusive criticism?\nYes → STOP (criminally RELEVANT according to §§185-187 StGB)\nNo → STOP (NOT criminally relevant according to §§185-187 StGB)\n\n\nAccording to this decision schema, decide whether the following text is criminally revant according to §§185-187 StGB (Defamatory Offense). Answer only with 'True' (criminally relevant according to §§185-187 StGB) or 'False' (not criminally relevant according to §§185-187 StGB).""}, {""role"": ""user"", ""content"": ""Scholz ist für uns Sachsen nicht existent ! Wir haben dieses korrupte, hochkriminelle, kommunistische Marionettenschwein nicht gewählt! Wie wollen nichts mehr mit Berlin und Brüssel zu tun haben!""}]",1,FN
1802,@watch_union Was für ein Sack... aber was kann man anderes erwarten von der CDU..,True,False, False,"[{""role"": ""system"", ""content"": ""You are a legal expert for defamatory offenses according the the German Criminal Code (§§185-187 StGB). Help the user decide whether given posts fall within in the scope of these articles.""}, {""role"": ""user"", ""content"": ""Step 1: A defamatory object can be a living individual, a group of persons that is distinguishable from the general public such that every member of that group could feel their honor is infringed or collective entities such as governments or press companies with a recognised social role and who act with a collective, single will.\nIs there a defamatory object in this statement? \nNo → STOP (NOT criminally relevant according to §§185-187 StGB)\nYes → Step 2\n\nStep 2: A disparaging statement is a statement which interferes with the potential victim's right to honour. It is already fulfilled by expressing contempt or disrespect through the allegation of shortcomings that could reduce the victim’s social standing.\nIs there a disparaging statement directed towards the defamatory object?\nNo → STOP (NOT criminally relevant according to §§185-187 StGB)\nYes → Step 3\n\nStep 3: A factual claim is a stetement that can be proven to be true or untrue in front of a court. A value judgment constitutes and expression of personal opinions.\nIs it primarily a value judgement and NOT primarily a factual claim?\nNo → STOP (NOT criminally relevant according to §§185-187 StGB)\nYes → Step 4\n\nStep 4: An abusive insult is a statement that constitutes breaking a taboo by itself and intends only the defamation of the victim without any substantiated contribution.\nIs the statement an abusive insult?\nYes → STOP (criminally RELEVANT according to §§185-187 StGB)\nNo → Step 5\n\nStep 5: A statement is of public interest if it contains a contribution to the public discourse with respect to a particular relevant topic of public interest.\nIs the statement of public interest?\nYes → STOP (NOT criminally relevant according to §§185-187 StGB)\nNo → Step 6\n\nStep 6: A statement is considered abusive criticism if it goes beyond plausible criticism by primarily intending to abusively offend the victim, hereby neglecting a substantiated contribution.\nIs the statement abusive criticism?\nYes → STOP (criminally RELEVANT according to §§185-187 StGB)\nNo → STOP (NOT criminally relevant according to §§185-187 StGB)\n\n\nAccording to this decision schema, decide whether the following text is criminally revant according to §§185-187 StGB (Defamatory Offense). Answer only with 'True' (criminally relevant according to §§185-187 StGB) or 'False' (not criminally relevant according to §§185-187 StGB).""}, {""role"": ""user"", ""content"": ""@watch_union Was für ein Sack... aber was kann man anderes erwarten von der CDU..""}]",2,FN
1811,Lauterbach ist einer der größten und widerwärtigsten Verbrecher unserer Zeit. Hoffe dieses SChwein bekommt seine Strafe für seine Angst-Propaganda und seinen Anteil an der Zerstörung von Millionen Existenzen,True,False, False,"[{""role"": ""system"", ""content"": ""You are a legal expert for defamatory offenses according the the German Criminal Code (§§185-187 StGB). Help the user decide whether given posts fall within in the scope of these articles.""}, {""role"": ""user"", ""content"": ""Step 1: A defamatory object can be a living individual, a group of persons that is distinguishable from the general public such that every member of that group could feel their honor is infringed or collective entities such as governments or press companies with a recognised social role and who act with a collective, single will.\nIs there a defamatory object in this statement? \nNo → STOP (NOT criminally relevant according to §§185-187 StGB)\nYes → Step 2\n\nStep 2: A disparaging statement is a statement which interferes with the potential victim's right to honour. It is already fulfilled by expressing contempt or disrespect through the allegation of shortcomings that could reduce the victim’s social standing.\nIs there a disparaging statement directed towards the defamatory object?\nNo → STOP (NOT criminally relevant according to §§185-187 StGB)\nYes → Step 3\n\nStep 3: A factual claim is a stetement that can be proven to be true or untrue in front of a court. A value judgment constitutes and expression of personal opinions.\nIs it primarily a value judgement and NOT primarily a factual claim?\nNo → STOP (NOT criminally relevant according to §§185-187 StGB)\nYes → Step 4\n\nStep 4: An abusive insult is a statement that constitutes breaking a taboo by itself and intends only the defamation of the victim without any substantiated contribution.\nIs the statement an abusive insult?\nYes → STOP (criminally RELEVANT according to §§185-187 StGB)\nNo → Step 5\n\nStep 5: A statement is of public interest if it contains a contribution to the public discourse with respect to a particular relevant topic of public interest.\nIs the statement of public interest?\nYes → STOP (NOT criminally relevant according to §§185-187 StGB)\nNo → Step 6\n\nStep 6: A statement is considered abusive criticism if it goes beyond plausible criticism by primarily intending to abusively offend the victim, hereby neglecting a substantiated contribution.\nIs the statement abusive criticism?\nYes → STOP (criminally RELEVANT according to §§185-187 StGB)\nNo → STOP (NOT criminally relevant according to §§185-187 StGB)\n\n\nAccording to this decision schema, decide whether the following text is criminally revant according to §§185-187 StGB (Defamatory Offense). Answer only with 'True' (criminally relevant according to §§185-187 StGB) or 'False' (not criminally relevant according to §§185-187 StGB).""}, {""role"": ""user"", ""content"": ""Lauterbach ist einer der größten und widerwärtigsten Verbrecher unserer Zeit. Hoffe dieses SChwein bekommt seine Strafe für seine Angst-Propaganda und seinen Anteil an der Zerstörung von Millionen Existenzen""}]",1,FN
855023321202759,"Grönemeier ist ein nix, nichtmal singen kann die flachzange!!",True,False, False,"[{""role"": ""system"", ""content"": ""You are a legal expert for defamatory offenses according the the German Criminal Code (§§185-187 StGB). Help the user decide whether given posts fall within in the scope of these articles.""}, {""role"": ""user"", ""content"": ""Step 1: A defamatory object can be a living individual, a group of persons that is distinguishable from the general public such that every member of that group could feel their honor is infringed or collective entities such as governments or press companies with a recognised social role and who act with a collective, single will.\nIs there a defamatory object in this statement? \nNo → STOP (NOT criminally relevant according to §§185-187 StGB)\nYes → Step 2\n\nStep 2: A disparaging statement is a statement which interferes with the potential victim's right to honour. It is already fulfilled by expressing contempt or disrespect through the allegation of shortcomings that could reduce the victim’s social standing.\nIs there a disparaging statement directed towards the defamatory object?\nNo → STOP (NOT criminally relevant according to §§185-187 StGB)\nYes → Step 3\n\nStep 3: A factual claim is a stetement that can be proven to be true or untrue in front of a court. A value judgment constitutes and expression of personal opinions.\nIs it primarily a value judgement and NOT primarily a factual claim?\nNo → STOP (NOT criminally relevant according to §§185-187 StGB)\nYes → Step 4\n\nStep 4: An abusive insult is a statement that constitutes breaking a taboo by itself and intends only the defamation of the victim without any substantiated contribution.\nIs the statement an abusive insult?\nYes → STOP (criminally RELEVANT according to §§185-187 StGB)\nNo → Step 5\n\nStep 5: A statement is of public interest if it contains a contribution to the public discourse with respect to a particular relevant topic of public interest.\nIs the statement of public interest?\nYes → STOP (NOT criminally relevant according to §§185-187 StGB)\nNo → Step 6\n\nStep 6: A statement is considered abusive criticism if it goes beyond plausible criticism by primarily intending to abusively offend the victim, hereby neglecting a substantiated contribution.\nIs the statement abusive criticism?\nYes → STOP (criminally RELEVANT according to §§185-187 StGB)\nNo → STOP (NOT criminally relevant according to §§185-187 StGB)\n\n\nAccording to this decision schema, decide whether the following text is criminally revant according to §§185-187 StGB (Defamatory Offense). Answer only with 'True' (criminally relevant according to §§185-187 StGB) or 'False' (not criminally relevant according to §§185-187 StGB).""}, {""role"": ""user"", ""content"": ""Grönemeier ist ein nix, nichtmal singen kann die flachzange!!""}]",0,FN
855024761202615,DAS SAGT DER RICHTIGE MIT FAKE ACCOUNT  HAHA WARUM FAKE ACCOUNT EIGENDLICH?  WEIL DU AUS?ANDISCHE FREUNDE HAST UND HEIMLICH DÖNER ESSEN GEHST? ? DU GEHRINLOSER AFFE AUS PEGIDA ZOO HAHAHA... KOMM HER DANN ZEIGE ICH DIR VON OBEN WIE DEUTSCHLAND AUSSIEHT HAHA,False,True, True,"[{""role"": ""system"", ""content"": ""You are a legal expert for defamatory offenses according the the German Criminal Code (§§185-187 StGB). Help the user decide whether given posts fall within in the scope of these articles.""}, {""role"": ""user"", ""content"": ""Step 1: A defamatory object can be a living individual, a group of persons that is distinguishable from the general public such that every member of that group could feel their honor is infringed or collective entities such as governments or press companies with a recognised social role and who act with a collective, single will.\nIs there a defamatory object in this statement? \nNo → STOP (NOT criminally relevant according to §§185-187 StGB)\nYes → Step 2\n\nStep 2: A disparaging statement is a statement which interferes with the potential victim's right to honour. It is already fulfilled by expressing contempt or disrespect through the allegation of shortcomings that could reduce the victim’s social standing.\nIs there a disparaging statement directed towards the defamatory object?\nNo → STOP (NOT criminally relevant according to §§185-187 StGB)\nYes → Step 3\n\nStep 3: A factual claim is a stetement that can be proven to be true or untrue in front of a court. A value judgment constitutes and expression of personal opinions.\nIs it primarily a value judgement and NOT primarily a factual claim?\nNo → STOP (NOT criminally relevant according to §§185-187 StGB)\nYes → Step 4\n\nStep 4: An abusive insult is a statement that constitutes breaking a taboo by itself and intends only the defamation of the victim without any substantiated contribution.\nIs the statement an abusive insult?\nYes → STOP (criminally RELEVANT according to §§185-187 StGB)\nNo → Step 5\n\nStep 5: A statement is of public interest if it contains a contribution to the public discourse with respect to a particular relevant topic of public interest.\nIs the statement of public interest?\nYes → STOP (NOT criminally relevant according to §§185-187 StGB)\nNo → Step 6\n\nStep 6: A statement is considered abusive criticism if it goes beyond plausible criticism by primarily intending to abusively offend the victim, hereby neglecting a substantiated contribution.\nIs the statement abusive criticism?\nYes → STOP (criminally RELEVANT according to §§185-187 StGB)\nNo → STOP (NOT criminally relevant according to §§185-187 StGB)\n\n\nAccording to this decision schema, decide whether the following text is criminally revant according to §§185-187 StGB (Defamatory Offense). Answer only with 'True' (criminally relevant according to §§185-187 StGB) or 'False' (not criminally relevant according to §§185-187 StGB).""}, {""role"": ""user"", ""content"": ""DAS SAGT DER RICHTIGE MIT FAKE ACCOUNT  HAHA WARUM FAKE ACCOUNT EIGENDLICH?  WEIL DU AUS?ANDISCHE FREUNDE HAST UND HEIMLICH DÖNER ESSEN GEHST? ? DU GEHRINLOSER AFFE AUS PEGIDA ZOO HAHAHA... KOMM HER DANN ZEIGE ICH DIR VON OBEN WIE DEUTSCHLAND AUSSIEHT HAHA""}]",0,FP
855037734534651,Grammatik bei Yoda gelernt du hast ! Was für ein unterbelichtetes Höhlenkind. And now: GTFO !,True,False, False,"[{""role"": ""system"", ""content"": ""You are a legal expert for defamatory offenses according the the German Criminal Code (§§185-187 StGB). Help the user decide whether given posts fall within in the scope of these articles.""}, {""role"": ""user"", ""content"": ""Step 1: A defamatory object can be a living individual, a group of persons that is distinguishable from the general public such that every member of that group could feel their honor is infringed or collective entities such as governments or press companies with a recognised social role and who act with a collective, single will.\nIs there a defamatory object in this statement? \nNo → STOP (NOT criminally relevant according to §§185-187 StGB)\nYes → Step 2\n\nStep 2: A disparaging statement is a statement which interferes with the potential victim's right to honour. It is already fulfilled by expressing contempt or disrespect through the allegation of shortcomings that could reduce the victim’s social standing.\nIs there a disparaging statement directed towards the defamatory object?\nNo → STOP (NOT criminally relevant according to §§185-187 StGB)\nYes → Step 3\n\nStep 3: A factual claim is a stetement that can be proven to be true or untrue in front of a court. A value judgment constitutes and expression of personal opinions.\nIs it primarily a value judgement and NOT primarily a factual claim?\nNo → STOP (NOT criminally relevant according to §§185-187 StGB)\nYes → Step 4\n\nStep 4: An abusive insult is a statement that constitutes breaking a taboo by itself and intends only the defamation of the victim without any substantiated contribution.\nIs the statement an abusive insult?\nYes → STOP (criminally RELEVANT according to §§185-187 StGB)\nNo → Step 5\n\nStep 5: A statement is of public interest if it contains a contribution to the public discourse with respect to a particular relevant topic of public interest.\nIs the statement of public interest?\nYes → STOP (NOT criminally relevant according to §§185-187 StGB)\nNo → Step 6\n\nStep 6: A statement is considered abusive criticism if it goes beyond plausible criticism by primarily intending to abusively offend the victim, hereby neglecting a substantiated contribution.\nIs the statement abusive criticism?\nYes → STOP (criminally RELEVANT according to §§185-187 StGB)\nNo → STOP (NOT criminally relevant according to §§185-187 StGB)\n\n\nAccording to this decision schema, decide whether the following text is criminally revant according to §§185-187 StGB (Defamatory Offense). Answer only with 'True' (criminally relevant according to §§185-187 StGB) or 'False' (not criminally relevant according to §§185-187 StGB).""}, {""role"": ""user"", ""content"": ""Grammatik bei Yoda gelernt du hast ! Was für ein unterbelichtetes Höhlenkind. And now: GTFO !""}]",3,FN
855148311190260,Nicht nah genug für dich!!!geh dahin wo du hergekommen bist und verteile da deine dummen Sprüche .Den das ist eine deutsche Seite.Kameltreiber,True,False, False,"[{""role"": ""system"", ""content"": ""You are a legal expert for defamatory offenses according the the German Criminal Code (§§185-187 StGB). Help the user decide whether given posts fall within in the scope of these articles.""}, {""role"": ""user"", ""content"": ""Step 1: A defamatory object can be a living individual, a group of persons that is distinguishable from the general public such that every member of that group could feel their honor is infringed or collective entities such as governments or press companies with a recognised social role and who act with a collective, single will.\nIs there a defamatory object in this statement? \nNo → STOP (NOT criminally relevant according to §§185-187 StGB)\nYes → Step 2\n\nStep 2: A disparaging statement is a statement which interferes with the potential victim's right to honour. It is already fulfilled by expressing contempt or disrespect through the allegation of shortcomings that could reduce the victim’s social standing.\nIs there a disparaging statement directed towards the defamatory object?\nNo → STOP (NOT criminally relevant according to §§185-187 StGB)\nYes → Step 3\n\nStep 3: A factual claim is a stetement that can be proven to be true or untrue in front of a court. A value judgment constitutes and expression of personal opinions.\nIs it primarily a value judgement and NOT primarily a factual claim?\nNo → STOP (NOT criminally relevant according to §§185-187 StGB)\nYes → Step 4\n\nStep 4: An abusive insult is a statement that constitutes breaking a taboo by itself and intends only the defamation of the victim without any substantiated contribution.\nIs the statement an abusive insult?\nYes → STOP (criminally RELEVANT according to §§185-187 StGB)\nNo → Step 5\n\nStep 5: A statement is of public interest if it contains a contribution to the public discourse with respect to a particular relevant topic of public interest.\nIs the statement of public interest?\nYes → STOP (NOT criminally relevant according to §§185-187 StGB)\nNo → Step 6\n\nStep 6: A statement is considered abusive criticism if it goes beyond plausible criticism by primarily intending to abusively offend the victim, hereby neglecting a substantiated contribution.\nIs the statement abusive criticism?\nYes → STOP (criminally RELEVANT according to §§185-187 StGB)\nNo → STOP (NOT criminally relevant according to §§185-187 StGB)\n\n\nAccording to this decision schema, decide whether the following text is criminally revant according to §§185-187 StGB (Defamatory Offense). Answer only with 'True' (criminally relevant according to §§185-187 StGB) or 'False' (not criminally relevant according to §§185-187 StGB).""}, {""role"": ""user"", ""content"": ""Nicht nah genug für dich!!!geh dahin wo du hergekommen bist und verteile da deine dummen Sprüche .Den das ist eine deutsche Seite.Kameltreiber""}]",2,FN
855480707823687,"En Gin, wenn deine Kommentare hier gelöscht werden sollten , dann weil man soviel Dummheit nur schwer ertragen kann . Eine starke Gesellschaft könnte dies ertragen , aber eine manipulierte, zerrissene Gesellschaft kann damit nur schwer umgehen . Ich weiß En Gin das verstehst du nicht und ja du hast Langeweile und wenig Freunde und Freude in deinem Leben und deswegen musst du uns hier nen Ohr abkauen . Kein einziger Kommentar von dir ergibt Sinn, nur Mist den du vom Stapel lässt . Also geh am besten dahin wo du hergekommen bist ,  oder ist Deutschland doch nicht so scheisse ? Oder finanziert der deutsche Steuerzahler dein Leben , und du kannst womöglich nirgends anders hin ?",True,False, False,"[{""role"": ""system"", ""content"": ""You are a legal expert for defamatory offenses according the the German Criminal Code (§§185-187 StGB). Help the user decide whether given posts fall within in the scope of these articles.""}, {""role"": ""user"", ""content"": ""Step 1: A defamatory object can be a living individual, a group of persons that is distinguishable from the general public such that every member of that group could feel their honor is infringed or collective entities such as governments or press companies with a recognised social role and who act with a collective, single will.\nIs there a defamatory object in this statement? \nNo → STOP (NOT criminally relevant according to §§185-187 StGB)\nYes → Step 2\n\nStep 2: A disparaging statement is a statement which interferes with the potential victim's right to honour. It is already fulfilled by expressing contempt or disrespect through the allegation of shortcomings that could reduce the victim’s social standing.\nIs there a disparaging statement directed towards the defamatory object?\nNo → STOP (NOT criminally relevant according to §§185-187 StGB)\nYes → Step 3\n\nStep 3: A factual claim is a stetement that can be proven to be true or untrue in front of a court. A value judgment constitutes and expression of personal opinions.\nIs it primarily a value judgement and NOT primarily a factual claim?\nNo → STOP (NOT criminally relevant according to §§185-187 StGB)\nYes → Step 4\n\nStep 4: An abusive insult is a statement that constitutes breaking a taboo by itself and intends only the defamation of the victim without any substantiated contribution.\nIs the statement an abusive insult?\nYes → STOP (criminally RELEVANT according to §§185-187 StGB)\nNo → Step 5\n\nStep 5: A statement is of public interest if it contains a contribution to the public discourse with respect to a particular relevant topic of public interest.\nIs the statement of public interest?\nYes → STOP (NOT criminally relevant according to §§185-187 StGB)\nNo → Step 6\n\nStep 6: A statement is considered abusive criticism if it goes beyond plausible criticism by primarily intending to abusively offend the victim, hereby neglecting a substantiated contribution.\nIs the statement abusive criticism?\nYes → STOP (criminally RELEVANT according to §§185-187 StGB)\nNo → STOP (NOT criminally relevant according to §§185-187 StGB)\n\n\nAccording to this decision schema, decide whether the following text is criminally revant according to §§185-187 StGB (Defamatory Offense). Answer only with 'True' (criminally relevant according to §§185-187 StGB) or 'False' (not criminally relevant according to §§185-187 StGB).""}, {""role"": ""user"", ""content"": ""En Gin, wenn deine Kommentare hier gelöscht werden sollten , dann weil man soviel Dummheit nur schwer ertragen kann . Eine starke Gesellschaft könnte dies ertragen , aber eine manipulierte, zerrissene Gesellschaft kann damit nur schwer umgehen . Ich weiß En Gin das verstehst du nicht und ja du hast Langeweile und wenig Freunde und Freude in deinem Leben und deswegen musst du uns hier nen Ohr abkauen . Kein einziger Kommentar von dir ergibt Sinn, nur Mist den du vom Stapel lässt . Also geh am besten dahin wo du hergekommen bist ,  oder ist Deutschland doch nicht so scheisse ? Oder finanziert der deutsche Steuerzahler dein Leben , und du kannst womöglich nirgends anders hin ?""}]",2,FN
856756561029435,"Multi Kulti, ....Lese Du Depp     NSU: Die Wahrheit",True,False, False,"[{""role"": ""system"", ""content"": ""You are a legal expert for defamatory offenses according the the German Criminal Code (§§185-187 StGB). Help the user decide whether given posts fall within in the scope of these articles.""}, {""role"": ""user"", ""content"": ""Step 1: A defamatory object can be a living individual, a group of persons that is distinguishable from the general public such that every member of that group could feel their honor is infringed or collective entities such as governments or press companies with a recognised social role and who act with a collective, single will.\nIs there a defamatory object in this statement? \nNo → STOP (NOT criminally relevant according to §§185-187 StGB)\nYes → Step 2\n\nStep 2: A disparaging statement is a statement which interferes with the potential victim's right to honour. It is already fulfilled by expressing contempt or disrespect through the allegation of shortcomings that could reduce the victim’s social standing.\nIs there a disparaging statement directed towards the defamatory object?\nNo → STOP (NOT criminally relevant according to §§185-187 StGB)\nYes → Step 3\n\nStep 3: A factual claim is a stetement that can be proven to be true or untrue in front of a court. A value judgment constitutes and expression of personal opinions.\nIs it primarily a value judgement and NOT primarily a factual claim?\nNo → STOP (NOT criminally relevant according to §§185-187 StGB)\nYes → Step 4\n\nStep 4: An abusive insult is a statement that constitutes breaking a taboo by itself and intends only the defamation of the victim without any substantiated contribution.\nIs the statement an abusive insult?\nYes → STOP (criminally RELEVANT according to §§185-187 StGB)\nNo → Step 5\n\nStep 5: A statement is of public interest if it contains a contribution to the public discourse with respect to a particular relevant topic of public interest.\nIs the statement of public interest?\nYes → STOP (NOT criminally relevant according to §§185-187 StGB)\nNo → Step 6\n\nStep 6: A statement is considered abusive criticism if it goes beyond plausible criticism by primarily intending to abusively offend the victim, hereby neglecting a substantiated contribution.\nIs the statement abusive criticism?\nYes → STOP (criminally RELEVANT according to §§185-187 StGB)\nNo → STOP (NOT criminally relevant according to §§185-187 StGB)\n\n\nAccording to this decision schema, decide whether the following text is criminally revant according to §§185-187 StGB (Defamatory Offense). Answer only with 'True' (criminally relevant according to §§185-187 StGB) or 'False' (not criminally relevant according to §§185-187 StGB).""}, {""role"": ""user"", ""content"": ""Multi Kulti, ....Lese Du Depp     NSU: Die Wahrheit""}]",3,FN
856760307695727,auf der seite nazifrei wird groß propagandiert das es pegidas waren --- die sind doch gehirngeknickt,True,False, False,"[{""role"": ""system"", ""content"": ""You are a legal expert for defamatory offenses according the the German Criminal Code (§§185-187 StGB). Help the user decide whether given posts fall within in the scope of these articles.""}, {""role"": ""user"", ""content"": ""Step 1: A defamatory object can be a living individual, a group of persons that is distinguishable from the general public such that every member of that group could feel their honor is infringed or collective entities such as governments or press companies with a recognised social role and who act with a collective, single will.\nIs there a defamatory object in this statement? \nNo → STOP (NOT criminally relevant according to §§185-187 StGB)\nYes → Step 2\n\nStep 2: A disparaging statement is a statement which interferes with the potential victim's right to honour. It is already fulfilled by expressing contempt or disrespect through the allegation of shortcomings that could reduce the victim’s social standing.\nIs there a disparaging statement directed towards the defamatory object?\nNo → STOP (NOT criminally relevant according to §§185-187 StGB)\nYes → Step 3\n\nStep 3: A factual claim is a stetement that can be proven to be true or untrue in front of a court. A value judgment constitutes and expression of personal opinions.\nIs it primarily a value judgement and NOT primarily a factual claim?\nNo → STOP (NOT criminally relevant according to §§185-187 StGB)\nYes → Step 4\n\nStep 4: An abusive insult is a statement that constitutes breaking a taboo by itself and intends only the defamation of the victim without any substantiated contribution.\nIs the statement an abusive insult?\nYes → STOP (criminally RELEVANT according to §§185-187 StGB)\nNo → Step 5\n\nStep 5: A statement is of public interest if it contains a contribution to the public discourse with respect to a particular relevant topic of public interest.\nIs the statement of public interest?\nYes → STOP (NOT criminally relevant according to §§185-187 StGB)\nNo → Step 6\n\nStep 6: A statement is considered abusive criticism if it goes beyond plausible criticism by primarily intending to abusively offend the victim, hereby neglecting a substantiated contribution.\nIs the statement abusive criticism?\nYes → STOP (criminally RELEVANT according to §§185-187 StGB)\nNo → STOP (NOT criminally relevant according to §§185-187 StGB)\n\n\nAccording to this decision schema, decide whether the following text is criminally revant according to §§185-187 StGB (Defamatory Offense). Answer only with 'True' (criminally relevant according to §§185-187 StGB) or 'False' (not criminally relevant according to §§185-187 StGB).""}, {""role"": ""user"", ""content"": ""auf der seite nazifrei wird groß propagandiert das es pegidas waren --- die sind doch gehirngeknickt""}]",0,FN
856771107694647,Paul Du bist ein Nazi! Und ich möchte mit Dir nichts zu tun haben!,False,True, True,"[{""role"": ""system"", ""content"": ""You are a legal expert for defamatory offenses according the the German Criminal Code (§§185-187 StGB). Help the user decide whether given posts fall within in the scope of these articles.""}, {""role"": ""user"", ""content"": ""Step 1: A defamatory object can be a living individual, a group of persons that is distinguishable from the general public such that every member of that group could feel their honor is infringed or collective entities such as governments or press companies with a recognised social role and who act with a collective, single will.\nIs there a defamatory object in this statement? \nNo → STOP (NOT criminally relevant according to §§185-187 StGB)\nYes → Step 2\n\nStep 2: A disparaging statement is a statement which interferes with the potential victim's right to honour. It is already fulfilled by expressing contempt or disrespect through the allegation of shortcomings that could reduce the victim’s social standing.\nIs there a disparaging statement directed towards the defamatory object?\nNo → STOP (NOT criminally relevant according to §§185-187 StGB)\nYes → Step 3\n\nStep 3: A factual claim is a stetement that can be proven to be true or untrue in front of a court. A value judgment constitutes and expression of personal opinions.\nIs it primarily a value judgement and NOT primarily a factual claim?\nNo → STOP (NOT criminally relevant according to §§185-187 StGB)\nYes → Step 4\n\nStep 4: An abusive insult is a statement that constitutes breaking a taboo by itself and intends only the defamation of the victim without any substantiated contribution.\nIs the statement an abusive insult?\nYes → STOP (criminally RELEVANT according to §§185-187 StGB)\nNo → Step 5\n\nStep 5: A statement is of public interest if it contains a contribution to the public discourse with respect to a particular relevant topic of public interest.\nIs the statement of public interest?\nYes → STOP (NOT criminally relevant according to §§185-187 StGB)\nNo → Step 6\n\nStep 6: A statement is considered abusive criticism if it goes beyond plausible criticism by primarily intending to abusively offend the victim, hereby neglecting a substantiated contribution.\nIs the statement abusive criticism?\nYes → STOP (criminally RELEVANT according to §§185-187 StGB)\nNo → STOP (NOT criminally relevant according to §§185-187 StGB)\n\n\nAccording to this decision schema, decide whether the following text is criminally revant according to §§185-187 StGB (Defamatory Offense). Answer only with 'True' (criminally relevant according to §§185-187 StGB) or 'False' (not criminally relevant according to §§185-187 StGB).""}, {""role"": ""user"", ""content"": ""Paul Du bist ein Nazi! Und ich möchte mit Dir nichts zu tun haben!""}]",1,FP
856773104361114,Frauen wie dich brauchen wir später. .....als kanonenfutter Monika Bohn. ...,True,False, False,"[{""role"": ""system"", ""content"": ""You are a legal expert for defamatory offenses according the the German Criminal Code (§§185-187 StGB). Help the user decide whether given posts fall within in the scope of these articles.""}, {""role"": ""user"", ""content"": ""Step 1: A defamatory object can be a living individual, a group of persons that is distinguishable from the general public such that every member of that group could feel their honor is infringed or collective entities such as governments or press companies with a recognised social role and who act with a collective, single will.\nIs there a defamatory object in this statement? \nNo → STOP (NOT criminally relevant according to §§185-187 StGB)\nYes → Step 2\n\nStep 2: A disparaging statement is a statement which interferes with the potential victim's right to honour. It is already fulfilled by expressing contempt or disrespect through the allegation of shortcomings that could reduce the victim’s social standing.\nIs there a disparaging statement directed towards the defamatory object?\nNo → STOP (NOT criminally relevant according to §§185-187 StGB)\nYes → Step 3\n\nStep 3: A factual claim is a stetement that can be proven to be true or untrue in front of a court. A value judgment constitutes and expression of personal opinions.\nIs it primarily a value judgement and NOT primarily a factual claim?\nNo → STOP (NOT criminally relevant according to §§185-187 StGB)\nYes → Step 4\n\nStep 4: An abusive insult is a statement that constitutes breaking a taboo by itself and intends only the defamation of the victim without any substantiated contribution.\nIs the statement an abusive insult?\nYes → STOP (criminally RELEVANT according to §§185-187 StGB)\nNo → Step 5\n\nStep 5: A statement is of public interest if it contains a contribution to the public discourse with respect to a particular relevant topic of public interest.\nIs the statement of public interest?\nYes → STOP (NOT criminally relevant according to §§185-187 StGB)\nNo → Step 6\n\nStep 6: A statement is considered abusive criticism if it goes beyond plausible criticism by primarily intending to abusively offend the victim, hereby neglecting a substantiated contribution.\nIs the statement abusive criticism?\nYes → STOP (criminally RELEVANT according to §§185-187 StGB)\nNo → STOP (NOT criminally relevant according to §§185-187 StGB)\n\n\nAccording to this decision schema, decide whether the following text is criminally revant according to §§185-187 StGB (Defamatory Offense). Answer only with 'True' (criminally relevant according to §§185-187 StGB) or 'False' (not criminally relevant according to §§185-187 StGB).""}, {""role"": ""user"", ""content"": ""Frauen wie dich brauchen wir später. .....als kanonenfutter Monika Bohn. ...""}]",1,FN
856778541027237,Der Dummkopf bist Du - ich hoffe Du bist noch jung - dann ist es verzeihlich.,True,False, False,"[{""role"": ""system"", ""content"": ""You are a legal expert for defamatory offenses according the the German Criminal Code (§§185-187 StGB). Help the user decide whether given posts fall within in the scope of these articles.""}, {""role"": ""user"", ""content"": ""Step 1: A defamatory object can be a living individual, a group of persons that is distinguishable from the general public such that every member of that group could feel their honor is infringed or collective entities such as governments or press companies with a recognised social role and who act with a collective, single will.\nIs there a defamatory object in this statement? \nNo → STOP (NOT criminally relevant according to §§185-187 StGB)\nYes → Step 2\n\nStep 2: A disparaging statement is a statement which interferes with the potential victim's right to honour. It is already fulfilled by expressing contempt or disrespect through the allegation of shortcomings that could reduce the victim’s social standing.\nIs there a disparaging statement directed towards the defamatory object?\nNo → STOP (NOT criminally relevant according to §§185-187 StGB)\nYes → Step 3\n\nStep 3: A factual claim is a stetement that can be proven to be true or untrue in front of a court. A value judgment constitutes and expression of personal opinions.\nIs it primarily a value judgement and NOT primarily a factual claim?\nNo → STOP (NOT criminally relevant according to §§185-187 StGB)\nYes → Step 4\n\nStep 4: An abusive insult is a statement that constitutes breaking a taboo by itself and intends only the defamation of the victim without any substantiated contribution.\nIs the statement an abusive insult?\nYes → STOP (criminally RELEVANT according to §§185-187 StGB)\nNo → Step 5\n\nStep 5: A statement is of public interest if it contains a contribution to the public discourse with respect to a particular relevant topic of public interest.\nIs the statement of public interest?\nYes → STOP (NOT criminally relevant according to §§185-187 StGB)\nNo → Step 6\n\nStep 6: A statement is considered abusive criticism if it goes beyond plausible criticism by primarily intending to abusively offend the victim, hereby neglecting a substantiated contribution.\nIs the statement abusive criticism?\nYes → STOP (criminally RELEVANT according to §§185-187 StGB)\nNo → STOP (NOT criminally relevant according to §§185-187 StGB)\n\n\nAccording to this decision schema, decide whether the following text is criminally revant according to §§185-187 StGB (Defamatory Offense). Answer only with 'True' (criminally relevant according to §§185-187 StGB) or 'False' (not criminally relevant according to §§185-187 StGB).""}, {""role"": ""user"", ""content"": ""Der Dummkopf bist Du - ich hoffe Du bist noch jung - dann ist es verzeihlich.""}]",3,FN
856782041026887,Mein satz der größte Nazi ist Angela Merkel,True,False, False,"[{""role"": ""system"", ""content"": ""You are a legal expert for defamatory offenses according the the German Criminal Code (§§185-187 StGB). Help the user decide whether given posts fall within in the scope of these articles.""}, {""role"": ""user"", ""content"": ""Step 1: A defamatory object can be a living individual, a group of persons that is distinguishable from the general public such that every member of that group could feel their honor is infringed or collective entities such as governments or press companies with a recognised social role and who act with a collective, single will.\nIs there a defamatory object in this statement? \nNo → STOP (NOT criminally relevant according to §§185-187 StGB)\nYes → Step 2\n\nStep 2: A disparaging statement is a statement which interferes with the potential victim's right to honour. It is already fulfilled by expressing contempt or disrespect through the allegation of shortcomings that could reduce the victim’s social standing.\nIs there a disparaging statement directed towards the defamatory object?\nNo → STOP (NOT criminally relevant according to §§185-187 StGB)\nYes → Step 3\n\nStep 3: A factual claim is a stetement that can be proven to be true or untrue in front of a court. A value judgment constitutes and expression of personal opinions.\nIs it primarily a value judgement and NOT primarily a factual claim?\nNo → STOP (NOT criminally relevant according to §§185-187 StGB)\nYes → Step 4\n\nStep 4: An abusive insult is a statement that constitutes breaking a taboo by itself and intends only the defamation of the victim without any substantiated contribution.\nIs the statement an abusive insult?\nYes → STOP (criminally RELEVANT according to §§185-187 StGB)\nNo → Step 5\n\nStep 5: A statement is of public interest if it contains a contribution to the public discourse with respect to a particular relevant topic of public interest.\nIs the statement of public interest?\nYes → STOP (NOT criminally relevant according to §§185-187 StGB)\nNo → Step 6\n\nStep 6: A statement is considered abusive criticism if it goes beyond plausible criticism by primarily intending to abusively offend the victim, hereby neglecting a substantiated contribution.\nIs the statement abusive criticism?\nYes → STOP (criminally RELEVANT according to §§185-187 StGB)\nNo → STOP (NOT criminally relevant according to §§185-187 StGB)\n\n\nAccording to this decision schema, decide whether the following text is criminally revant according to §§185-187 StGB (Defamatory Offense). Answer only with 'True' (criminally relevant according to §§185-187 StGB) or 'False' (not criminally relevant according to §§185-187 StGB).""}, {""role"": ""user"", ""content"": ""Mein satz der größte Nazi ist Angela Merkel""}]",2,FN
856791234359301,"Du bist so intelligent Monika Du hast es voll drauf. Ich wünsche Dir mal zur Abwechslung einen Moslem als Freund der Dir den ganzen Tag den Arsch verhaut, Es gehört sich nicht, daß Frauen sich in die Männerwelt einmischen.",True,False, False,"[{""role"": ""system"", ""content"": ""You are a legal expert for defamatory offenses according the the German Criminal Code (§§185-187 StGB). Help the user decide whether given posts fall within in the scope of these articles.""}, {""role"": ""user"", ""content"": ""Step 1: A defamatory object can be a living individual, a group of persons that is distinguishable from the general public such that every member of that group could feel their honor is infringed or collective entities such as governments or press companies with a recognised social role and who act with a collective, single will.\nIs there a defamatory object in this statement? \nNo → STOP (NOT criminally relevant according to §§185-187 StGB)\nYes → Step 2\n\nStep 2: A disparaging statement is a statement which interferes with the potential victim's right to honour. It is already fulfilled by expressing contempt or disrespect through the allegation of shortcomings that could reduce the victim’s social standing.\nIs there a disparaging statement directed towards the defamatory object?\nNo → STOP (NOT criminally relevant according to §§185-187 StGB)\nYes → Step 3\n\nStep 3: A factual claim is a stetement that can be proven to be true or untrue in front of a court. A value judgment constitutes and expression of personal opinions.\nIs it primarily a value judgement and NOT primarily a factual claim?\nNo → STOP (NOT criminally relevant according to §§185-187 StGB)\nYes → Step 4\n\nStep 4: An abusive insult is a statement that constitutes breaking a taboo by itself and intends only the defamation of the victim without any substantiated contribution.\nIs the statement an abusive insult?\nYes → STOP (criminally RELEVANT according to §§185-187 StGB)\nNo → Step 5\n\nStep 5: A statement is of public interest if it contains a contribution to the public discourse with respect to a particular relevant topic of public interest.\nIs the statement of public interest?\nYes → STOP (NOT criminally relevant according to §§185-187 StGB)\nNo → Step 6\n\nStep 6: A statement is considered abusive criticism if it goes beyond plausible criticism by primarily intending to abusively offend the victim, hereby neglecting a substantiated contribution.\nIs the statement abusive criticism?\nYes → STOP (criminally RELEVANT according to §§185-187 StGB)\nNo → STOP (NOT criminally relevant according to §§185-187 StGB)\n\n\nAccording to this decision schema, decide whether the following text is criminally revant according to §§185-187 StGB (Defamatory Offense). Answer only with 'True' (criminally relevant according to §§185-187 StGB) or 'False' (not criminally relevant according to §§185-187 StGB).""}, {""role"": ""user"", ""content"": ""Du bist so intelligent Monika Du hast es voll drauf. Ich wünsche Dir mal zur Abwechslung einen Moslem als Freund der Dir den ganzen Tag den Arsch verhaut, Es gehört sich nicht, daß Frauen sich in die Männerwelt einmischen.""}]",3,FN
856796891025402,"Mudy Fa, warum kann man Untermenschen wie dich einfach nicht ernst nehmen? 
Es gibt kein Gott. Keine Hölle.",True,False, False,"[{""role"": ""system"", ""content"": ""You are a legal expert for defamatory offenses according the the German Criminal Code (§§185-187 StGB). Help the user decide whether given posts fall within in the scope of these articles.""}, {""role"": ""user"", ""content"": ""Step 1: A defamatory object can be a living individual, a group of persons that is distinguishable from the general public such that every member of that group could feel their honor is infringed or collective entities such as governments or press companies with a recognised social role and who act with a collective, single will.\nIs there a defamatory object in this statement? \nNo → STOP (NOT criminally relevant according to §§185-187 StGB)\nYes → Step 2\n\nStep 2: A disparaging statement is a statement which interferes with the potential victim's right to honour. It is already fulfilled by expressing contempt or disrespect through the allegation of shortcomings that could reduce the victim’s social standing.\nIs there a disparaging statement directed towards the defamatory object?\nNo → STOP (NOT criminally relevant according to §§185-187 StGB)\nYes → Step 3\n\nStep 3: A factual claim is a stetement that can be proven to be true or untrue in front of a court. A value judgment constitutes and expression of personal opinions.\nIs it primarily a value judgement and NOT primarily a factual claim?\nNo → STOP (NOT criminally relevant according to §§185-187 StGB)\nYes → Step 4\n\nStep 4: An abusive insult is a statement that constitutes breaking a taboo by itself and intends only the defamation of the victim without any substantiated contribution.\nIs the statement an abusive insult?\nYes → STOP (criminally RELEVANT according to §§185-187 StGB)\nNo → Step 5\n\nStep 5: A statement is of public interest if it contains a contribution to the public discourse with respect to a particular relevant topic of public interest.\nIs the statement of public interest?\nYes → STOP (NOT criminally relevant according to §§185-187 StGB)\nNo → Step 6\n\nStep 6: A statement is considered abusive criticism if it goes beyond plausible criticism by primarily intending to abusively offend the victim, hereby neglecting a substantiated contribution.\nIs the statement abusive criticism?\nYes → STOP (criminally RELEVANT according to §§185-187 StGB)\nNo → STOP (NOT criminally relevant according to §§185-187 StGB)\n\n\nAccording to this decision schema, decide whether the following text is criminally revant according to §§185-187 StGB (Defamatory Offense). Answer only with 'True' (criminally relevant according to §§185-187 StGB) or 'False' (not criminally relevant according to §§185-187 StGB).""}, {""role"": ""user"", ""content"": ""Mudy Fa, warum kann man Untermenschen wie dich einfach nicht ernst nehmen? \r\nEs gibt kein Gott. Keine Hölle.""}]",2,FN
856797607691997,Angela Merkel ist nicht unsere Bundeskanzlerin sondern unser Nazi Führer........,False,True, True,"[{""role"": ""system"", ""content"": ""You are a legal expert for defamatory offenses according the the German Criminal Code (§§185-187 StGB). Help the user decide whether given posts fall within in the scope of these articles.""}, {""role"": ""user"", ""content"": ""Step 1: A defamatory object can be a living individual, a group of persons that is distinguishable from the general public such that every member of that group could feel their honor is infringed or collective entities such as governments or press companies with a recognised social role and who act with a collective, single will.\nIs there a defamatory object in this statement? \nNo → STOP (NOT criminally relevant according to §§185-187 StGB)\nYes → Step 2\n\nStep 2: A disparaging statement is a statement which interferes with the potential victim's right to honour. It is already fulfilled by expressing contempt or disrespect through the allegation of shortcomings that could reduce the victim’s social standing.\nIs there a disparaging statement directed towards the defamatory object?\nNo → STOP (NOT criminally relevant according to §§185-187 StGB)\nYes → Step 3\n\nStep 3: A factual claim is a stetement that can be proven to be true or untrue in front of a court. A value judgment constitutes and expression of personal opinions.\nIs it primarily a value judgement and NOT primarily a factual claim?\nNo → STOP (NOT criminally relevant according to §§185-187 StGB)\nYes → Step 4\n\nStep 4: An abusive insult is a statement that constitutes breaking a taboo by itself and intends only the defamation of the victim without any substantiated contribution.\nIs the statement an abusive insult?\nYes → STOP (criminally RELEVANT according to §§185-187 StGB)\nNo → Step 5\n\nStep 5: A statement is of public interest if it contains a contribution to the public discourse with respect to a particular relevant topic of public interest.\nIs the statement of public interest?\nYes → STOP (NOT criminally relevant according to §§185-187 StGB)\nNo → Step 6\n\nStep 6: A statement is considered abusive criticism if it goes beyond plausible criticism by primarily intending to abusively offend the victim, hereby neglecting a substantiated contribution.\nIs the statement abusive criticism?\nYes → STOP (criminally RELEVANT according to §§185-187 StGB)\nNo → STOP (NOT criminally relevant according to §§185-187 StGB)\n\n\nAccording to this decision schema, decide whether the following text is criminally revant according to §§185-187 StGB (Defamatory Offense). Answer only with 'True' (criminally relevant according to §§185-187 StGB) or 'False' (not criminally relevant according to §§185-187 StGB).""}, {""role"": ""user"", ""content"": ""Angela Merkel ist nicht unsere Bundeskanzlerin sondern unser Nazi Führer........""}]",3,FP
856802154358209,... würde gern mal wissen hinter welchem Momd Herr Helmke wohnt .. anscheinend bezieht er sein Wissen nur von den staatlichen Medien ... seine Intelligenz basiert bestimmt darauf sich wie eine Marionette zu verhalten ???? !,True,False, False,"[{""role"": ""system"", ""content"": ""You are a legal expert for defamatory offenses according the the German Criminal Code (§§185-187 StGB). Help the user decide whether given posts fall within in the scope of these articles.""}, {""role"": ""user"", ""content"": ""Step 1: A defamatory object can be a living individual, a group of persons that is distinguishable from the general public such that every member of that group could feel their honor is infringed or collective entities such as governments or press companies with a recognised social role and who act with a collective, single will.\nIs there a defamatory object in this statement? \nNo → STOP (NOT criminally relevant according to §§185-187 StGB)\nYes → Step 2\n\nStep 2: A disparaging statement is a statement which interferes with the potential victim's right to honour. It is already fulfilled by expressing contempt or disrespect through the allegation of shortcomings that could reduce the victim’s social standing.\nIs there a disparaging statement directed towards the defamatory object?\nNo → STOP (NOT criminally relevant according to §§185-187 StGB)\nYes → Step 3\n\nStep 3: A factual claim is a stetement that can be proven to be true or untrue in front of a court. A value judgment constitutes and expression of personal opinions.\nIs it primarily a value judgement and NOT primarily a factual claim?\nNo → STOP (NOT criminally relevant according to §§185-187 StGB)\nYes → Step 4\n\nStep 4: An abusive insult is a statement that constitutes breaking a taboo by itself and intends only the defamation of the victim without any substantiated contribution.\nIs the statement an abusive insult?\nYes → STOP (criminally RELEVANT according to §§185-187 StGB)\nNo → Step 5\n\nStep 5: A statement is of public interest if it contains a contribution to the public discourse with respect to a particular relevant topic of public interest.\nIs the statement of public interest?\nYes → STOP (NOT criminally relevant according to §§185-187 StGB)\nNo → Step 6\n\nStep 6: A statement is considered abusive criticism if it goes beyond plausible criticism by primarily intending to abusively offend the victim, hereby neglecting a substantiated contribution.\nIs the statement abusive criticism?\nYes → STOP (criminally RELEVANT according to §§185-187 StGB)\nNo → STOP (NOT criminally relevant according to §§185-187 StGB)\n\n\nAccording to this decision schema, decide whether the following text is criminally revant according to §§185-187 StGB (Defamatory Offense). Answer only with 'True' (criminally relevant according to §§185-187 StGB) or 'False' (not criminally relevant according to §§185-187 StGB).""}, {""role"": ""user"", ""content"": ""... würde gern mal wissen hinter welchem Momd Herr Helmke wohnt .. anscheinend bezieht er sein Wissen nur von den staatlichen Medien ... seine Intelligenz basiert bestimmt darauf sich wie eine Marionette zu verhalten ???? !""}]",3,FN
856802897691468,"so eine ""Nazi"" die Frau",True,False, False,"[{""role"": ""system"", ""content"": ""You are a legal expert for defamatory offenses according the the German Criminal Code (§§185-187 StGB). Help the user decide whether given posts fall within in the scope of these articles.""}, {""role"": ""user"", ""content"": ""Step 1: A defamatory object can be a living individual, a group of persons that is distinguishable from the general public such that every member of that group could feel their honor is infringed or collective entities such as governments or press companies with a recognised social role and who act with a collective, single will.\nIs there a defamatory object in this statement? \nNo → STOP (NOT criminally relevant according to §§185-187 StGB)\nYes → Step 2\n\nStep 2: A disparaging statement is a statement which interferes with the potential victim's right to honour. It is already fulfilled by expressing contempt or disrespect through the allegation of shortcomings that could reduce the victim’s social standing.\nIs there a disparaging statement directed towards the defamatory object?\nNo → STOP (NOT criminally relevant according to §§185-187 StGB)\nYes → Step 3\n\nStep 3: A factual claim is a stetement that can be proven to be true or untrue in front of a court. A value judgment constitutes and expression of personal opinions.\nIs it primarily a value judgement and NOT primarily a factual claim?\nNo → STOP (NOT criminally relevant according to §§185-187 StGB)\nYes → Step 4\n\nStep 4: An abusive insult is a statement that constitutes breaking a taboo by itself and intends only the defamation of the victim without any substantiated contribution.\nIs the statement an abusive insult?\nYes → STOP (criminally RELEVANT according to §§185-187 StGB)\nNo → Step 5\n\nStep 5: A statement is of public interest if it contains a contribution to the public discourse with respect to a particular relevant topic of public interest.\nIs the statement of public interest?\nYes → STOP (NOT criminally relevant according to §§185-187 StGB)\nNo → Step 6\n\nStep 6: A statement is considered abusive criticism if it goes beyond plausible criticism by primarily intending to abusively offend the victim, hereby neglecting a substantiated contribution.\nIs the statement abusive criticism?\nYes → STOP (criminally RELEVANT according to §§185-187 StGB)\nNo → STOP (NOT criminally relevant according to §§185-187 StGB)\n\n\nAccording to this decision schema, decide whether the following text is criminally revant according to §§185-187 StGB (Defamatory Offense). Answer only with 'True' (criminally relevant according to §§185-187 StGB) or 'False' (not criminally relevant according to §§185-187 StGB).""}, {""role"": ""user"", ""content"": ""so eine \""Nazi\"" die Frau""}]",0,FN
856804444357980,"Mudy FA. Schau dir mal die Zuwachszahlen an. Der Islam rekrutiert nur die Dummen, die Schwachen und die Gescheiterten. Für einen denkenden Menschen bringt der Islam nur Nachteile.
Dass der Islam das selbständige Denken unterdrückt siehst du an dieser Tatsache: Jeder der sich vom Islam abwendet muss mit seinem Todesurteil rechnen.
Wo kann man dich einordnen?
Bei den Dummen?
Bei den Schwachen?
Bei den gescheiterten Existenzen?",False,True, True,"[{""role"": ""system"", ""content"": ""You are a legal expert for defamatory offenses according the the German Criminal Code (§§185-187 StGB). Help the user decide whether given posts fall within in the scope of these articles.""}, {""role"": ""user"", ""content"": ""Step 1: A defamatory object can be a living individual, a group of persons that is distinguishable from the general public such that every member of that group could feel their honor is infringed or collective entities such as governments or press companies with a recognised social role and who act with a collective, single will.\nIs there a defamatory object in this statement? \nNo → STOP (NOT criminally relevant according to §§185-187 StGB)\nYes → Step 2\n\nStep 2: A disparaging statement is a statement which interferes with the potential victim's right to honour. It is already fulfilled by expressing contempt or disrespect through the allegation of shortcomings that could reduce the victim’s social standing.\nIs there a disparaging statement directed towards the defamatory object?\nNo → STOP (NOT criminally relevant according to §§185-187 StGB)\nYes → Step 3\n\nStep 3: A factual claim is a stetement that can be proven to be true or untrue in front of a court. A value judgment constitutes and expression of personal opinions.\nIs it primarily a value judgement and NOT primarily a factual claim?\nNo → STOP (NOT criminally relevant according to §§185-187 StGB)\nYes → Step 4\n\nStep 4: An abusive insult is a statement that constitutes breaking a taboo by itself and intends only the defamation of the victim without any substantiated contribution.\nIs the statement an abusive insult?\nYes → STOP (criminally RELEVANT according to §§185-187 StGB)\nNo → Step 5\n\nStep 5: A statement is of public interest if it contains a contribution to the public discourse with respect to a particular relevant topic of public interest.\nIs the statement of public interest?\nYes → STOP (NOT criminally relevant according to §§185-187 StGB)\nNo → Step 6\n\nStep 6: A statement is considered abusive criticism if it goes beyond plausible criticism by primarily intending to abusively offend the victim, hereby neglecting a substantiated contribution.\nIs the statement abusive criticism?\nYes → STOP (criminally RELEVANT according to §§185-187 StGB)\nNo → STOP (NOT criminally relevant according to §§185-187 StGB)\n\n\nAccording to this decision schema, decide whether the following text is criminally revant according to §§185-187 StGB (Defamatory Offense). Answer only with 'True' (criminally relevant according to §§185-187 StGB) or 'False' (not criminally relevant according to §§185-187 StGB).""}, {""role"": ""user"", ""content"": ""Mudy FA. Schau dir mal die Zuwachszahlen an. Der Islam rekrutiert nur die Dummen, die Schwachen und die Gescheiterten. Für einen denkenden Menschen bringt der Islam nur Nachteile.\r\nDass der Islam das selbständige Denken unterdrückt siehst du an dieser Tatsache: Jeder der sich vom Islam abwendet muss mit seinem Todesurteil rechnen.\r\nWo kann man dich einordnen?\r\nBei den Dummen?\r\nBei den Schwachen?\r\nBei den gescheiterten Existenzen?""}]",2,FP
856804997691258,"Wer bist du, andere Dumm zu nennen? meiner meinung nach, darfst du das gar nicht, weil das IQ jedes einzelnen von euch zusammen addiert, unter dem Mindestlevel ist :*",False,True, True,"[{""role"": ""system"", ""content"": ""You are a legal expert for defamatory offenses according the the German Criminal Code (§§185-187 StGB). Help the user decide whether given posts fall within in the scope of these articles.""}, {""role"": ""user"", ""content"": ""Step 1: A defamatory object can be a living individual, a group of persons that is distinguishable from the general public such that every member of that group could feel their honor is infringed or collective entities such as governments or press companies with a recognised social role and who act with a collective, single will.\nIs there a defamatory object in this statement? \nNo → STOP (NOT criminally relevant according to §§185-187 StGB)\nYes → Step 2\n\nStep 2: A disparaging statement is a statement which interferes with the potential victim's right to honour. It is already fulfilled by expressing contempt or disrespect through the allegation of shortcomings that could reduce the victim’s social standing.\nIs there a disparaging statement directed towards the defamatory object?\nNo → STOP (NOT criminally relevant according to §§185-187 StGB)\nYes → Step 3\n\nStep 3: A factual claim is a stetement that can be proven to be true or untrue in front of a court. A value judgment constitutes and expression of personal opinions.\nIs it primarily a value judgement and NOT primarily a factual claim?\nNo → STOP (NOT criminally relevant according to §§185-187 StGB)\nYes → Step 4\n\nStep 4: An abusive insult is a statement that constitutes breaking a taboo by itself and intends only the defamation of the victim without any substantiated contribution.\nIs the statement an abusive insult?\nYes → STOP (criminally RELEVANT according to §§185-187 StGB)\nNo → Step 5\n\nStep 5: A statement is of public interest if it contains a contribution to the public discourse with respect to a particular relevant topic of public interest.\nIs the statement of public interest?\nYes → STOP (NOT criminally relevant according to §§185-187 StGB)\nNo → Step 6\n\nStep 6: A statement is considered abusive criticism if it goes beyond plausible criticism by primarily intending to abusively offend the victim, hereby neglecting a substantiated contribution.\nIs the statement abusive criticism?\nYes → STOP (criminally RELEVANT according to §§185-187 StGB)\nNo → STOP (NOT criminally relevant according to §§185-187 StGB)\n\n\nAccording to this decision schema, decide whether the following text is criminally revant according to §§185-187 StGB (Defamatory Offense). Answer only with 'True' (criminally relevant according to §§185-187 StGB) or 'False' (not criminally relevant according to §§185-187 StGB).""}, {""role"": ""user"", ""content"": ""Wer bist du, andere Dumm zu nennen? meiner meinung nach, darfst du das gar nicht, weil das IQ jedes einzelnen von euch zusammen addiert, unter dem Mindestlevel ist :*""}]",3,FP
856807827690975,"weil er der wahre nazi ist,nur dumme menschen verleugnen ihre herkunft",True,False, False,"[{""role"": ""system"", ""content"": ""You are a legal expert for defamatory offenses according the the German Criminal Code (§§185-187 StGB). Help the user decide whether given posts fall within in the scope of these articles.""}, {""role"": ""user"", ""content"": ""Step 1: A defamatory object can be a living individual, a group of persons that is distinguishable from the general public such that every member of that group could feel their honor is infringed or collective entities such as governments or press companies with a recognised social role and who act with a collective, single will.\nIs there a defamatory object in this statement? \nNo → STOP (NOT criminally relevant according to §§185-187 StGB)\nYes → Step 2\n\nStep 2: A disparaging statement is a statement which interferes with the potential victim's right to honour. It is already fulfilled by expressing contempt or disrespect through the allegation of shortcomings that could reduce the victim’s social standing.\nIs there a disparaging statement directed towards the defamatory object?\nNo → STOP (NOT criminally relevant according to §§185-187 StGB)\nYes → Step 3\n\nStep 3: A factual claim is a stetement that can be proven to be true or untrue in front of a court. A value judgment constitutes and expression of personal opinions.\nIs it primarily a value judgement and NOT primarily a factual claim?\nNo → STOP (NOT criminally relevant according to §§185-187 StGB)\nYes → Step 4\n\nStep 4: An abusive insult is a statement that constitutes breaking a taboo by itself and intends only the defamation of the victim without any substantiated contribution.\nIs the statement an abusive insult?\nYes → STOP (criminally RELEVANT according to §§185-187 StGB)\nNo → Step 5\n\nStep 5: A statement is of public interest if it contains a contribution to the public discourse with respect to a particular relevant topic of public interest.\nIs the statement of public interest?\nYes → STOP (NOT criminally relevant according to §§185-187 StGB)\nNo → Step 6\n\nStep 6: A statement is considered abusive criticism if it goes beyond plausible criticism by primarily intending to abusively offend the victim, hereby neglecting a substantiated contribution.\nIs the statement abusive criticism?\nYes → STOP (criminally RELEVANT according to §§185-187 StGB)\nNo → STOP (NOT criminally relevant according to §§185-187 StGB)\n\n\nAccording to this decision schema, decide whether the following text is criminally revant according to §§185-187 StGB (Defamatory Offense). Answer only with 'True' (criminally relevant according to §§185-187 StGB) or 'False' (not criminally relevant according to §§185-187 StGB).""}, {""role"": ""user"", ""content"": ""weil er der wahre nazi ist,nur dumme menschen verleugnen ihre herkunft""}]",2,FN
856808171024274,"Und Multi Kulti Arsch, gehe mir vom Bein!!! Es gibt diesen NSU nicht, finde dich damit ab!!!!   NSU: Die Wahrheit",False,True, True,"[{""role"": ""system"", ""content"": ""You are a legal expert for defamatory offenses according the the German Criminal Code (§§185-187 StGB). Help the user decide whether given posts fall within in the scope of these articles.""}, {""role"": ""user"", ""content"": ""Step 1: A defamatory object can be a living individual, a group of persons that is distinguishable from the general public such that every member of that group could feel their honor is infringed or collective entities such as governments or press companies with a recognised social role and who act with a collective, single will.\nIs there a defamatory object in this statement? \nNo → STOP (NOT criminally relevant according to §§185-187 StGB)\nYes → Step 2\n\nStep 2: A disparaging statement is a statement which interferes with the potential victim's right to honour. It is already fulfilled by expressing contempt or disrespect through the allegation of shortcomings that could reduce the victim’s social standing.\nIs there a disparaging statement directed towards the defamatory object?\nNo → STOP (NOT criminally relevant according to §§185-187 StGB)\nYes → Step 3\n\nStep 3: A factual claim is a stetement that can be proven to be true or untrue in front of a court. A value judgment constitutes and expression of personal opinions.\nIs it primarily a value judgement and NOT primarily a factual claim?\nNo → STOP (NOT criminally relevant according to §§185-187 StGB)\nYes → Step 4\n\nStep 4: An abusive insult is a statement that constitutes breaking a taboo by itself and intends only the defamation of the victim without any substantiated contribution.\nIs the statement an abusive insult?\nYes → STOP (criminally RELEVANT according to §§185-187 StGB)\nNo → Step 5\n\nStep 5: A statement is of public interest if it contains a contribution to the public discourse with respect to a particular relevant topic of public interest.\nIs the statement of public interest?\nYes → STOP (NOT criminally relevant according to §§185-187 StGB)\nNo → Step 6\n\nStep 6: A statement is considered abusive criticism if it goes beyond plausible criticism by primarily intending to abusively offend the victim, hereby neglecting a substantiated contribution.\nIs the statement abusive criticism?\nYes → STOP (criminally RELEVANT according to §§185-187 StGB)\nNo → STOP (NOT criminally relevant according to §§185-187 StGB)\n\n\nAccording to this decision schema, decide whether the following text is criminally revant according to §§185-187 StGB (Defamatory Offense). Answer only with 'True' (criminally relevant according to §§185-187 StGB) or 'False' (not criminally relevant according to §§185-187 StGB).""}, {""role"": ""user"", ""content"": ""Und Multi Kulti Arsch, gehe mir vom Bein!!! Es gibt diesen NSU nicht, finde dich damit ab!!!!   NSU: Die Wahrheit""}]",2,FP
856808184357606,"Marco Bloedorn@
Stimmt die Mauer muss wieder her damit wir Spacken wie Dich reinstecken können zusammen mit der Antifa und Islamisten..lol",True,False, False,"[{""role"": ""system"", ""content"": ""You are a legal expert for defamatory offenses according the the German Criminal Code (§§185-187 StGB). Help the user decide whether given posts fall within in the scope of these articles.""}, {""role"": ""user"", ""content"": ""Step 1: A defamatory object can be a living individual, a group of persons that is distinguishable from the general public such that every member of that group could feel their honor is infringed or collective entities such as governments or press companies with a recognised social role and who act with a collective, single will.\nIs there a defamatory object in this statement? \nNo → STOP (NOT criminally relevant according to §§185-187 StGB)\nYes → Step 2\n\nStep 2: A disparaging statement is a statement which interferes with the potential victim's right to honour. It is already fulfilled by expressing contempt or disrespect through the allegation of shortcomings that could reduce the victim’s social standing.\nIs there a disparaging statement directed towards the defamatory object?\nNo → STOP (NOT criminally relevant according to §§185-187 StGB)\nYes → Step 3\n\nStep 3: A factual claim is a stetement that can be proven to be true or untrue in front of a court. A value judgment constitutes and expression of personal opinions.\nIs it primarily a value judgement and NOT primarily a factual claim?\nNo → STOP (NOT criminally relevant according to §§185-187 StGB)\nYes → Step 4\n\nStep 4: An abusive insult is a statement that constitutes breaking a taboo by itself and intends only the defamation of the victim without any substantiated contribution.\nIs the statement an abusive insult?\nYes → STOP (criminally RELEVANT according to §§185-187 StGB)\nNo → Step 5\n\nStep 5: A statement is of public interest if it contains a contribution to the public discourse with respect to a particular relevant topic of public interest.\nIs the statement of public interest?\nYes → STOP (NOT criminally relevant according to §§185-187 StGB)\nNo → Step 6\n\nStep 6: A statement is considered abusive criticism if it goes beyond plausible criticism by primarily intending to abusively offend the victim, hereby neglecting a substantiated contribution.\nIs the statement abusive criticism?\nYes → STOP (criminally RELEVANT according to §§185-187 StGB)\nNo → STOP (NOT criminally relevant according to §§185-187 StGB)\n\n\nAccording to this decision schema, decide whether the following text is criminally revant according to §§185-187 StGB (Defamatory Offense). Answer only with 'True' (criminally relevant according to §§185-187 StGB) or 'False' (not criminally relevant according to §§185-187 StGB).""}, {""role"": ""user"", ""content"": ""Marco Bloedorn@\r\nStimmt die Mauer muss wieder her damit wir Spacken wie Dich reinstecken können zusammen mit der Antifa und Islamisten..lol""}]",2,FN
856817624356662,Statisten mit grosser Fresse aber es ist ja nicht jeder so unterbelichtet wie du. ??,True,False, False,"[{""role"": ""system"", ""content"": ""You are a legal expert for defamatory offenses according the the German Criminal Code (§§185-187 StGB). Help the user decide whether given posts fall within in the scope of these articles.""}, {""role"": ""user"", ""content"": ""Step 1: A defamatory object can be a living individual, a group of persons that is distinguishable from the general public such that every member of that group could feel their honor is infringed or collective entities such as governments or press companies with a recognised social role and who act with a collective, single will.\nIs there a defamatory object in this statement? \nNo → STOP (NOT criminally relevant according to §§185-187 StGB)\nYes → Step 2\n\nStep 2: A disparaging statement is a statement which interferes with the potential victim's right to honour. It is already fulfilled by expressing contempt or disrespect through the allegation of shortcomings that could reduce the victim’s social standing.\nIs there a disparaging statement directed towards the defamatory object?\nNo → STOP (NOT criminally relevant according to §§185-187 StGB)\nYes → Step 3\n\nStep 3: A factual claim is a stetement that can be proven to be true or untrue in front of a court. A value judgment constitutes and expression of personal opinions.\nIs it primarily a value judgement and NOT primarily a factual claim?\nNo → STOP (NOT criminally relevant according to §§185-187 StGB)\nYes → Step 4\n\nStep 4: An abusive insult is a statement that constitutes breaking a taboo by itself and intends only the defamation of the victim without any substantiated contribution.\nIs the statement an abusive insult?\nYes → STOP (criminally RELEVANT according to §§185-187 StGB)\nNo → Step 5\n\nStep 5: A statement is of public interest if it contains a contribution to the public discourse with respect to a particular relevant topic of public interest.\nIs the statement of public interest?\nYes → STOP (NOT criminally relevant according to §§185-187 StGB)\nNo → Step 6\n\nStep 6: A statement is considered abusive criticism if it goes beyond plausible criticism by primarily intending to abusively offend the victim, hereby neglecting a substantiated contribution.\nIs the statement abusive criticism?\nYes → STOP (criminally RELEVANT according to §§185-187 StGB)\nNo → STOP (NOT criminally relevant according to §§185-187 StGB)\n\n\nAccording to this decision schema, decide whether the following text is criminally revant according to §§185-187 StGB (Defamatory Offense). Answer only with 'True' (criminally relevant according to §§185-187 StGB) or 'False' (not criminally relevant according to §§185-187 StGB).""}, {""role"": ""user"", ""content"": ""Statisten mit grosser Fresse aber es ist ja nicht jeder so unterbelichtet wie du. ??""}]",1,FN
856818074356617,geb du lieber mal ein.......linke drecksgewalttäter ...gegen friedliche bürger....,False,True, True,"[{""role"": ""system"", ""content"": ""You are a legal expert for defamatory offenses according the the German Criminal Code (§§185-187 StGB). Help the user decide whether given posts fall within in the scope of these articles.""}, {""role"": ""user"", ""content"": ""Step 1: A defamatory object can be a living individual, a group of persons that is distinguishable from the general public such that every member of that group could feel their honor is infringed or collective entities such as governments or press companies with a recognised social role and who act with a collective, single will.\nIs there a defamatory object in this statement? \nNo → STOP (NOT criminally relevant according to §§185-187 StGB)\nYes → Step 2\n\nStep 2: A disparaging statement is a statement which interferes with the potential victim's right to honour. It is already fulfilled by expressing contempt or disrespect through the allegation of shortcomings that could reduce the victim’s social standing.\nIs there a disparaging statement directed towards the defamatory object?\nNo → STOP (NOT criminally relevant according to §§185-187 StGB)\nYes → Step 3\n\nStep 3: A factual claim is a stetement that can be proven to be true or untrue in front of a court. A value judgment constitutes and expression of personal opinions.\nIs it primarily a value judgement and NOT primarily a factual claim?\nNo → STOP (NOT criminally relevant according to §§185-187 StGB)\nYes → Step 4\n\nStep 4: An abusive insult is a statement that constitutes breaking a taboo by itself and intends only the defamation of the victim without any substantiated contribution.\nIs the statement an abusive insult?\nYes → STOP (criminally RELEVANT according to §§185-187 StGB)\nNo → Step 5\n\nStep 5: A statement is of public interest if it contains a contribution to the public discourse with respect to a particular relevant topic of public interest.\nIs the statement of public interest?\nYes → STOP (NOT criminally relevant according to §§185-187 StGB)\nNo → Step 6\n\nStep 6: A statement is considered abusive criticism if it goes beyond plausible criticism by primarily intending to abusively offend the victim, hereby neglecting a substantiated contribution.\nIs the statement abusive criticism?\nYes → STOP (criminally RELEVANT according to §§185-187 StGB)\nNo → STOP (NOT criminally relevant according to §§185-187 StGB)\n\n\nAccording to this decision schema, decide whether the following text is criminally revant according to §§185-187 StGB (Defamatory Offense). Answer only with 'True' (criminally relevant according to §§185-187 StGB) or 'False' (not criminally relevant according to §§185-187 StGB).""}, {""role"": ""user"", ""content"": ""geb du lieber mal ein.......linke drecksgewalttäter ...gegen friedliche bürger....""}]",2,FP
856823044356120,Damit du mein Niveau erreichst brauchst du erst mal ne Leiter und einen  ordentlichen  Abschluss . ....,True,False, False,"[{""role"": ""system"", ""content"": ""You are a legal expert for defamatory offenses according the the German Criminal Code (§§185-187 StGB). Help the user decide whether given posts fall within in the scope of these articles.""}, {""role"": ""user"", ""content"": ""Step 1: A defamatory object can be a living individual, a group of persons that is distinguishable from the general public such that every member of that group could feel their honor is infringed or collective entities such as governments or press companies with a recognised social role and who act with a collective, single will.\nIs there a defamatory object in this statement? \nNo → STOP (NOT criminally relevant according to §§185-187 StGB)\nYes → Step 2\n\nStep 2: A disparaging statement is a statement which interferes with the potential victim's right to honour. It is already fulfilled by expressing contempt or disrespect through the allegation of shortcomings that could reduce the victim’s social standing.\nIs there a disparaging statement directed towards the defamatory object?\nNo → STOP (NOT criminally relevant according to §§185-187 StGB)\nYes → Step 3\n\nStep 3: A factual claim is a stetement that can be proven to be true or untrue in front of a court. A value judgment constitutes and expression of personal opinions.\nIs it primarily a value judgement and NOT primarily a factual claim?\nNo → STOP (NOT criminally relevant according to §§185-187 StGB)\nYes → Step 4\n\nStep 4: An abusive insult is a statement that constitutes breaking a taboo by itself and intends only the defamation of the victim without any substantiated contribution.\nIs the statement an abusive insult?\nYes → STOP (criminally RELEVANT according to §§185-187 StGB)\nNo → Step 5\n\nStep 5: A statement is of public interest if it contains a contribution to the public discourse with respect to a particular relevant topic of public interest.\nIs the statement of public interest?\nYes → STOP (NOT criminally relevant according to §§185-187 StGB)\nNo → Step 6\n\nStep 6: A statement is considered abusive criticism if it goes beyond plausible criticism by primarily intending to abusively offend the victim, hereby neglecting a substantiated contribution.\nIs the statement abusive criticism?\nYes → STOP (criminally RELEVANT according to §§185-187 StGB)\nNo → STOP (NOT criminally relevant according to §§185-187 StGB)\n\n\nAccording to this decision schema, decide whether the following text is criminally revant according to §§185-187 StGB (Defamatory Offense). Answer only with 'True' (criminally relevant according to §§185-187 StGB) or 'False' (not criminally relevant according to §§185-187 StGB).""}, {""role"": ""user"", ""content"": ""Damit du mein Niveau erreichst brauchst du erst mal ne Leiter und einen  ordentlichen  Abschluss . ....""}]",3,FN
856848874353537,"# Ihr seid einfach nur ""DUMM""!!
Sind das etwa Vorurteile? *tztztz*

# Schaut euch mal an wer hier tatsächlich Europa überschwemmt
Ja, das haben wir angeschaut!

# ihr erbärmlichen Kreaturen!
Beleidungen? *tztztz*",True,False, False,"[{""role"": ""system"", ""content"": ""You are a legal expert for defamatory offenses according the the German Criminal Code (§§185-187 StGB). Help the user decide whether given posts fall within in the scope of these articles.""}, {""role"": ""user"", ""content"": ""Step 1: A defamatory object can be a living individual, a group of persons that is distinguishable from the general public such that every member of that group could feel their honor is infringed or collective entities such as governments or press companies with a recognised social role and who act with a collective, single will.\nIs there a defamatory object in this statement? \nNo → STOP (NOT criminally relevant according to §§185-187 StGB)\nYes → Step 2\n\nStep 2: A disparaging statement is a statement which interferes with the potential victim's right to honour. It is already fulfilled by expressing contempt or disrespect through the allegation of shortcomings that could reduce the victim’s social standing.\nIs there a disparaging statement directed towards the defamatory object?\nNo → STOP (NOT criminally relevant according to §§185-187 StGB)\nYes → Step 3\n\nStep 3: A factual claim is a stetement that can be proven to be true or untrue in front of a court. A value judgment constitutes and expression of personal opinions.\nIs it primarily a value judgement and NOT primarily a factual claim?\nNo → STOP (NOT criminally relevant according to §§185-187 StGB)\nYes → Step 4\n\nStep 4: An abusive insult is a statement that constitutes breaking a taboo by itself and intends only the defamation of the victim without any substantiated contribution.\nIs the statement an abusive insult?\nYes → STOP (criminally RELEVANT according to §§185-187 StGB)\nNo → Step 5\n\nStep 5: A statement is of public interest if it contains a contribution to the public discourse with respect to a particular relevant topic of public interest.\nIs the statement of public interest?\nYes → STOP (NOT criminally relevant according to §§185-187 StGB)\nNo → Step 6\n\nStep 6: A statement is considered abusive criticism if it goes beyond plausible criticism by primarily intending to abusively offend the victim, hereby neglecting a substantiated contribution.\nIs the statement abusive criticism?\nYes → STOP (criminally RELEVANT according to §§185-187 StGB)\nNo → STOP (NOT criminally relevant according to §§185-187 StGB)\n\n\nAccording to this decision schema, decide whether the following text is criminally revant according to §§185-187 StGB (Defamatory Offense). Answer only with 'True' (criminally relevant according to §§185-187 StGB) or 'False' (not criminally relevant according to §§185-187 StGB).""}, {""role"": ""user"", ""content"": ""# Ihr seid einfach nur \""DUMM\""!!\r\nSind das etwa Vorurteile? *tztztz*\r\n\r\n# Schaut euch mal an wer hier tatsächlich Europa überschwemmt\r\nJa, das haben wir angeschaut!\r\n\r\n# ihr erbärmlichen Kreaturen!\r\nBeleidungen? *tztztz*""}]",0,FN
856856491019442,"Allen antifas bitte am Flughafen Berlin Tegel versammeln und melden! Ich bemühe mich gerade spenden zu sammeln. Jeder bekommt ein one way ticket in die schöne bunte Welt nach wahlweise Afrika oder Syrien wo gaaanz viele tolle friedliche Menschen leben die sich auf eure Unterstützung freuen. kost und logie sind frei. Einzige Bedingung ist bei der Säuberung der Christen zu helfen. Nix besonderes, nur mal eben ein paar Kinder köpfen und zerstückeln und ein paar Frauen vergewaltigen und die anderen ungläubigen Männer foltern und ermorden. Da wird für jeden von euch was dabei sein. Ich hoffe ihr findet da ein neues zuhause und gleichgesinnte. Solltet ihr den Wunsch verspüren wieder ins abartige Deutschland zurück zu wollen, wendet euch bitte an euren Reiseveranstalter den IS Terroristen. Aber Vorsicht, nicht das ihr dann noch kopflos umher rennt ;-) lg",False,True, True,"[{""role"": ""system"", ""content"": ""You are a legal expert for defamatory offenses according the the German Criminal Code (§§185-187 StGB). Help the user decide whether given posts fall within in the scope of these articles.""}, {""role"": ""user"", ""content"": ""Step 1: A defamatory object can be a living individual, a group of persons that is distinguishable from the general public such that every member of that group could feel their honor is infringed or collective entities such as governments or press companies with a recognised social role and who act with a collective, single will.\nIs there a defamatory object in this statement? \nNo → STOP (NOT criminally relevant according to §§185-187 StGB)\nYes → Step 2\n\nStep 2: A disparaging statement is a statement which interferes with the potential victim's right to honour. It is already fulfilled by expressing contempt or disrespect through the allegation of shortcomings that could reduce the victim’s social standing.\nIs there a disparaging statement directed towards the defamatory object?\nNo → STOP (NOT criminally relevant according to §§185-187 StGB)\nYes → Step 3\n\nStep 3: A factual claim is a stetement that can be proven to be true or untrue in front of a court. A value judgment constitutes and expression of personal opinions.\nIs it primarily a value judgement and NOT primarily a factual claim?\nNo → STOP (NOT criminally relevant according to §§185-187 StGB)\nYes → Step 4\n\nStep 4: An abusive insult is a statement that constitutes breaking a taboo by itself and intends only the defamation of the victim without any substantiated contribution.\nIs the statement an abusive insult?\nYes → STOP (criminally RELEVANT according to §§185-187 StGB)\nNo → Step 5\n\nStep 5: A statement is of public interest if it contains a contribution to the public discourse with respect to a particular relevant topic of public interest.\nIs the statement of public interest?\nYes → STOP (NOT criminally relevant according to §§185-187 StGB)\nNo → Step 6\n\nStep 6: A statement is considered abusive criticism if it goes beyond plausible criticism by primarily intending to abusively offend the victim, hereby neglecting a substantiated contribution.\nIs the statement abusive criticism?\nYes → STOP (criminally RELEVANT according to §§185-187 StGB)\nNo → STOP (NOT criminally relevant according to §§185-187 StGB)\n\n\nAccording to this decision schema, decide whether the following text is criminally revant according to §§185-187 StGB (Defamatory Offense). Answer only with 'True' (criminally relevant according to §§185-187 StGB) or 'False' (not criminally relevant according to §§185-187 StGB).""}, {""role"": ""user"", ""content"": ""Allen antifas bitte am Flughafen Berlin Tegel versammeln und melden! Ich bemühe mich gerade spenden zu sammeln. Jeder bekommt ein one way ticket in die schöne bunte Welt nach wahlweise Afrika oder Syrien wo gaaanz viele tolle friedliche Menschen leben die sich auf eure Unterstützung freuen. kost und logie sind frei. Einzige Bedingung ist bei der Säuberung der Christen zu helfen. Nix besonderes, nur mal eben ein paar Kinder köpfen und zerstückeln und ein paar Frauen vergewaltigen und die anderen ungläubigen Männer foltern und ermorden. Da wird für jeden von euch was dabei sein. Ich hoffe ihr findet da ein neues zuhause und gleichgesinnte. Solltet ihr den Wunsch verspüren wieder ins abartige Deutschland zurück zu wollen, wendet euch bitte an euren Reiseveranstalter den IS Terroristen. Aber Vorsicht, nicht das ihr dann noch kopflos umher rennt ;-) lg""}]",0,FP
856914051013686,"Ansichten diskutieren ist eine Sache, unsinniges monotones Gewäsch ohn die Grundlage jeglicher Lebenserfahrung und Hirn ablassen, die andere...Grönermeier ist der Musiker der CDU, jeder Idiot findet ihn gut,,,deswegen ist es besser wenn keiner von Pegida dieser Schwuchtel zuhört, sorry",True,False, False,"[{""role"": ""system"", ""content"": ""You are a legal expert for defamatory offenses according the the German Criminal Code (§§185-187 StGB). Help the user decide whether given posts fall within in the scope of these articles.""}, {""role"": ""user"", ""content"": ""Step 1: A defamatory object can be a living individual, a group of persons that is distinguishable from the general public such that every member of that group could feel their honor is infringed or collective entities such as governments or press companies with a recognised social role and who act with a collective, single will.\nIs there a defamatory object in this statement? \nNo → STOP (NOT criminally relevant according to §§185-187 StGB)\nYes → Step 2\n\nStep 2: A disparaging statement is a statement which interferes with the potential victim's right to honour. It is already fulfilled by expressing contempt or disrespect through the allegation of shortcomings that could reduce the victim’s social standing.\nIs there a disparaging statement directed towards the defamatory object?\nNo → STOP (NOT criminally relevant according to §§185-187 StGB)\nYes → Step 3\n\nStep 3: A factual claim is a stetement that can be proven to be true or untrue in front of a court. A value judgment constitutes and expression of personal opinions.\nIs it primarily a value judgement and NOT primarily a factual claim?\nNo → STOP (NOT criminally relevant according to §§185-187 StGB)\nYes → Step 4\n\nStep 4: An abusive insult is a statement that constitutes breaking a taboo by itself and intends only the defamation of the victim without any substantiated contribution.\nIs the statement an abusive insult?\nYes → STOP (criminally RELEVANT according to §§185-187 StGB)\nNo → Step 5\n\nStep 5: A statement is of public interest if it contains a contribution to the public discourse with respect to a particular relevant topic of public interest.\nIs the statement of public interest?\nYes → STOP (NOT criminally relevant according to §§185-187 StGB)\nNo → Step 6\n\nStep 6: A statement is considered abusive criticism if it goes beyond plausible criticism by primarily intending to abusively offend the victim, hereby neglecting a substantiated contribution.\nIs the statement abusive criticism?\nYes → STOP (criminally RELEVANT according to §§185-187 StGB)\nNo → STOP (NOT criminally relevant according to §§185-187 StGB)\n\n\nAccording to this decision schema, decide whether the following text is criminally revant according to §§185-187 StGB (Defamatory Offense). Answer only with 'True' (criminally relevant according to §§185-187 StGB) or 'False' (not criminally relevant according to §§185-187 StGB).""}, {""role"": ""user"", ""content"": ""Ansichten diskutieren ist eine Sache, unsinniges monotones Gewäsch ohn die Grundlage jeglicher Lebenserfahrung und Hirn ablassen, die andere...Grönermeier ist der Musiker der CDU, jeder Idiot findet ihn gut,,,deswegen ist es besser wenn keiner von Pegida dieser Schwuchtel zuhört, sorry""}]",2,FN
856968547674903,"Akif , genau sowas wie Du , gehört nicht nach Deutschland ! Bildung ... unterstes Niveau !!!!",True,False, False,"[{""role"": ""system"", ""content"": ""You are a legal expert for defamatory offenses according the the German Criminal Code (§§185-187 StGB). Help the user decide whether given posts fall within in the scope of these articles.""}, {""role"": ""user"", ""content"": ""Step 1: A defamatory object can be a living individual, a group of persons that is distinguishable from the general public such that every member of that group could feel their honor is infringed or collective entities such as governments or press companies with a recognised social role and who act with a collective, single will.\nIs there a defamatory object in this statement? \nNo → STOP (NOT criminally relevant according to §§185-187 StGB)\nYes → Step 2\n\nStep 2: A disparaging statement is a statement which interferes with the potential victim's right to honour. It is already fulfilled by expressing contempt or disrespect through the allegation of shortcomings that could reduce the victim’s social standing.\nIs there a disparaging statement directed towards the defamatory object?\nNo → STOP (NOT criminally relevant according to §§185-187 StGB)\nYes → Step 3\n\nStep 3: A factual claim is a stetement that can be proven to be true or untrue in front of a court. A value judgment constitutes and expression of personal opinions.\nIs it primarily a value judgement and NOT primarily a factual claim?\nNo → STOP (NOT criminally relevant according to §§185-187 StGB)\nYes → Step 4\n\nStep 4: An abusive insult is a statement that constitutes breaking a taboo by itself and intends only the defamation of the victim without any substantiated contribution.\nIs the statement an abusive insult?\nYes → STOP (criminally RELEVANT according to §§185-187 StGB)\nNo → Step 5\n\nStep 5: A statement is of public interest if it contains a contribution to the public discourse with respect to a particular relevant topic of public interest.\nIs the statement of public interest?\nYes → STOP (NOT criminally relevant according to §§185-187 StGB)\nNo → Step 6\n\nStep 6: A statement is considered abusive criticism if it goes beyond plausible criticism by primarily intending to abusively offend the victim, hereby neglecting a substantiated contribution.\nIs the statement abusive criticism?\nYes → STOP (criminally RELEVANT according to §§185-187 StGB)\nNo → STOP (NOT criminally relevant according to §§185-187 StGB)\n\n\nAccording to this decision schema, decide whether the following text is criminally revant according to §§185-187 StGB (Defamatory Offense). Answer only with 'True' (criminally relevant according to §§185-187 StGB) or 'False' (not criminally relevant according to §§185-187 StGB).""}, {""role"": ""user"", ""content"": ""Akif , genau sowas wie Du , gehört nicht nach Deutschland ! Bildung ... unterstes Niveau !!!!""}]",1,FN
857273224311102,Wer ist so dumm wie Olli Schnolli?,True,False, False,"[{""role"": ""system"", ""content"": ""You are a legal expert for defamatory offenses according the the German Criminal Code (§§185-187 StGB). Help the user decide whether given posts fall within in the scope of these articles.""}, {""role"": ""user"", ""content"": ""Step 1: A defamatory object can be a living individual, a group of persons that is distinguishable from the general public such that every member of that group could feel their honor is infringed or collective entities such as governments or press companies with a recognised social role and who act with a collective, single will.\nIs there a defamatory object in this statement? \nNo → STOP (NOT criminally relevant according to §§185-187 StGB)\nYes → Step 2\n\nStep 2: A disparaging statement is a statement which interferes with the potential victim's right to honour. It is already fulfilled by expressing contempt or disrespect through the allegation of shortcomings that could reduce the victim’s social standing.\nIs there a disparaging statement directed towards the defamatory object?\nNo → STOP (NOT criminally relevant according to §§185-187 StGB)\nYes → Step 3\n\nStep 3: A factual claim is a stetement that can be proven to be true or untrue in front of a court. A value judgment constitutes and expression of personal opinions.\nIs it primarily a value judgement and NOT primarily a factual claim?\nNo → STOP (NOT criminally relevant according to §§185-187 StGB)\nYes → Step 4\n\nStep 4: An abusive insult is a statement that constitutes breaking a taboo by itself and intends only the defamation of the victim without any substantiated contribution.\nIs the statement an abusive insult?\nYes → STOP (criminally RELEVANT according to §§185-187 StGB)\nNo → Step 5\n\nStep 5: A statement is of public interest if it contains a contribution to the public discourse with respect to a particular relevant topic of public interest.\nIs the statement of public interest?\nYes → STOP (NOT criminally relevant according to §§185-187 StGB)\nNo → Step 6\n\nStep 6: A statement is considered abusive criticism if it goes beyond plausible criticism by primarily intending to abusively offend the victim, hereby neglecting a substantiated contribution.\nIs the statement abusive criticism?\nYes → STOP (criminally RELEVANT according to §§185-187 StGB)\nNo → STOP (NOT criminally relevant according to §§185-187 StGB)\n\n\nAccording to this decision schema, decide whether the following text is criminally revant according to §§185-187 StGB (Defamatory Offense). Answer only with 'True' (criminally relevant according to §§185-187 StGB) or 'False' (not criminally relevant according to §§185-187 StGB).""}, {""role"": ""user"", ""content"": ""Wer ist so dumm wie Olli Schnolli?""}]",0,FN
857287480976343,"So eine kacke kann nur von einer in die Schweiz Geflüchtete Schluchtenscheisserin kommen. Du hast doch gar keine Ahnung von was Du sprichst, du Pappnase.",False,True, True,"[{""role"": ""system"", ""content"": ""You are a legal expert for defamatory offenses according the the German Criminal Code (§§185-187 StGB). Help the user decide whether given posts fall within in the scope of these articles.""}, {""role"": ""user"", ""content"": ""Step 1: A defamatory object can be a living individual, a group of persons that is distinguishable from the general public such that every member of that group could feel their honor is infringed or collective entities such as governments or press companies with a recognised social role and who act with a collective, single will.\nIs there a defamatory object in this statement? \nNo → STOP (NOT criminally relevant according to §§185-187 StGB)\nYes → Step 2\n\nStep 2: A disparaging statement is a statement which interferes with the potential victim's right to honour. It is already fulfilled by expressing contempt or disrespect through the allegation of shortcomings that could reduce the victim’s social standing.\nIs there a disparaging statement directed towards the defamatory object?\nNo → STOP (NOT criminally relevant according to §§185-187 StGB)\nYes → Step 3\n\nStep 3: A factual claim is a stetement that can be proven to be true or untrue in front of a court. A value judgment constitutes and expression of personal opinions.\nIs it primarily a value judgement and NOT primarily a factual claim?\nNo → STOP (NOT criminally relevant according to §§185-187 StGB)\nYes → Step 4\n\nStep 4: An abusive insult is a statement that constitutes breaking a taboo by itself and intends only the defamation of the victim without any substantiated contribution.\nIs the statement an abusive insult?\nYes → STOP (criminally RELEVANT according to §§185-187 StGB)\nNo → Step 5\n\nStep 5: A statement is of public interest if it contains a contribution to the public discourse with respect to a particular relevant topic of public interest.\nIs the statement of public interest?\nYes → STOP (NOT criminally relevant according to §§185-187 StGB)\nNo → Step 6\n\nStep 6: A statement is considered abusive criticism if it goes beyond plausible criticism by primarily intending to abusively offend the victim, hereby neglecting a substantiated contribution.\nIs the statement abusive criticism?\nYes → STOP (criminally RELEVANT according to §§185-187 StGB)\nNo → STOP (NOT criminally relevant according to §§185-187 StGB)\n\n\nAccording to this decision schema, decide whether the following text is criminally revant according to §§185-187 StGB (Defamatory Offense). Answer only with 'True' (criminally relevant according to §§185-187 StGB) or 'False' (not criminally relevant according to §§185-187 StGB).""}, {""role"": ""user"", ""content"": ""So eine kacke kann nur von einer in die Schweiz Geflüchtete Schluchtenscheisserin kommen. Du hast doch gar keine Ahnung von was Du sprichst, du Pappnase.""}]",2,FP
857306594307765,Hör nicht so laut musik das macht anscheinend blöd wenn man deinen schwachsinnigen kommentar liest,True,False, False,"[{""role"": ""system"", ""content"": ""You are a legal expert for defamatory offenses according the the German Criminal Code (§§185-187 StGB). Help the user decide whether given posts fall within in the scope of these articles.""}, {""role"": ""user"", ""content"": ""Step 1: A defamatory object can be a living individual, a group of persons that is distinguishable from the general public such that every member of that group could feel their honor is infringed or collective entities such as governments or press companies with a recognised social role and who act with a collective, single will.\nIs there a defamatory object in this statement? \nNo → STOP (NOT criminally relevant according to §§185-187 StGB)\nYes → Step 2\n\nStep 2: A disparaging statement is a statement which interferes with the potential victim's right to honour. It is already fulfilled by expressing contempt or disrespect through the allegation of shortcomings that could reduce the victim’s social standing.\nIs there a disparaging statement directed towards the defamatory object?\nNo → STOP (NOT criminally relevant according to §§185-187 StGB)\nYes → Step 3\n\nStep 3: A factual claim is a stetement that can be proven to be true or untrue in front of a court. A value judgment constitutes and expression of personal opinions.\nIs it primarily a value judgement and NOT primarily a factual claim?\nNo → STOP (NOT criminally relevant according to §§185-187 StGB)\nYes → Step 4\n\nStep 4: An abusive insult is a statement that constitutes breaking a taboo by itself and intends only the defamation of the victim without any substantiated contribution.\nIs the statement an abusive insult?\nYes → STOP (criminally RELEVANT according to §§185-187 StGB)\nNo → Step 5\n\nStep 5: A statement is of public interest if it contains a contribution to the public discourse with respect to a particular relevant topic of public interest.\nIs the statement of public interest?\nYes → STOP (NOT criminally relevant according to §§185-187 StGB)\nNo → Step 6\n\nStep 6: A statement is considered abusive criticism if it goes beyond plausible criticism by primarily intending to abusively offend the victim, hereby neglecting a substantiated contribution.\nIs the statement abusive criticism?\nYes → STOP (criminally RELEVANT according to §§185-187 StGB)\nNo → STOP (NOT criminally relevant according to §§185-187 StGB)\n\n\nAccording to this decision schema, decide whether the following text is criminally revant according to §§185-187 StGB (Defamatory Offense). Answer only with 'True' (criminally relevant according to §§185-187 StGB) or 'False' (not criminally relevant according to §§185-187 StGB).""}, {""role"": ""user"", ""content"": ""Hör nicht so laut musik das macht anscheinend blöd wenn man deinen schwachsinnigen kommentar liest""}]",3,FN
857344047637353,Und du bist ein Fall fürn Müllhalde!,True,False, False,"[{""role"": ""system"", ""content"": ""You are a legal expert for defamatory offenses according the the German Criminal Code (§§185-187 StGB). Help the user decide whether given posts fall within in the scope of these articles.""}, {""role"": ""user"", ""content"": ""Step 1: A defamatory object can be a living individual, a group of persons that is distinguishable from the general public such that every member of that group could feel their honor is infringed or collective entities such as governments or press companies with a recognised social role and who act with a collective, single will.\nIs there a defamatory object in this statement? \nNo → STOP (NOT criminally relevant according to §§185-187 StGB)\nYes → Step 2\n\nStep 2: A disparaging statement is a statement which interferes with the potential victim's right to honour. It is already fulfilled by expressing contempt or disrespect through the allegation of shortcomings that could reduce the victim’s social standing.\nIs there a disparaging statement directed towards the defamatory object?\nNo → STOP (NOT criminally relevant according to §§185-187 StGB)\nYes → Step 3\n\nStep 3: A factual claim is a stetement that can be proven to be true or untrue in front of a court. A value judgment constitutes and expression of personal opinions.\nIs it primarily a value judgement and NOT primarily a factual claim?\nNo → STOP (NOT criminally relevant according to §§185-187 StGB)\nYes → Step 4\n\nStep 4: An abusive insult is a statement that constitutes breaking a taboo by itself and intends only the defamation of the victim without any substantiated contribution.\nIs the statement an abusive insult?\nYes → STOP (criminally RELEVANT according to §§185-187 StGB)\nNo → Step 5\n\nStep 5: A statement is of public interest if it contains a contribution to the public discourse with respect to a particular relevant topic of public interest.\nIs the statement of public interest?\nYes → STOP (NOT criminally relevant according to §§185-187 StGB)\nNo → Step 6\n\nStep 6: A statement is considered abusive criticism if it goes beyond plausible criticism by primarily intending to abusively offend the victim, hereby neglecting a substantiated contribution.\nIs the statement abusive criticism?\nYes → STOP (criminally RELEVANT according to §§185-187 StGB)\nNo → STOP (NOT criminally relevant according to §§185-187 StGB)\n\n\nAccording to this decision schema, decide whether the following text is criminally revant according to §§185-187 StGB (Defamatory Offense). Answer only with 'True' (criminally relevant according to §§185-187 StGB) or 'False' (not criminally relevant according to §§185-187 StGB).""}, {""role"": ""user"", ""content"": ""Und du bist ein Fall fürn Müllhalde!""}]",1,FN
857352790969812,[@IND] wie Du sind der Grund das Deutschland weiterschläft und total verbödet. Spar Dir Deine hirn und sinnlosen Antworten auf meine Posts Du Opfer !!!!,True,False, False,"[{""role"": ""system"", ""content"": ""You are a legal expert for defamatory offenses according the the German Criminal Code (§§185-187 StGB). Help the user decide whether given posts fall within in the scope of these articles.""}, {""role"": ""user"", ""content"": ""Step 1: A defamatory object can be a living individual, a group of persons that is distinguishable from the general public such that every member of that group could feel their honor is infringed or collective entities such as governments or press companies with a recognised social role and who act with a collective, single will.\nIs there a defamatory object in this statement? \nNo → STOP (NOT criminally relevant according to §§185-187 StGB)\nYes → Step 2\n\nStep 2: A disparaging statement is a statement which interferes with the potential victim's right to honour. It is already fulfilled by expressing contempt or disrespect through the allegation of shortcomings that could reduce the victim’s social standing.\nIs there a disparaging statement directed towards the defamatory object?\nNo → STOP (NOT criminally relevant according to §§185-187 StGB)\nYes → Step 3\n\nStep 3: A factual claim is a stetement that can be proven to be true or untrue in front of a court. A value judgment constitutes and expression of personal opinions.\nIs it primarily a value judgement and NOT primarily a factual claim?\nNo → STOP (NOT criminally relevant according to §§185-187 StGB)\nYes → Step 4\n\nStep 4: An abusive insult is a statement that constitutes breaking a taboo by itself and intends only the defamation of the victim without any substantiated contribution.\nIs the statement an abusive insult?\nYes → STOP (criminally RELEVANT according to §§185-187 StGB)\nNo → Step 5\n\nStep 5: A statement is of public interest if it contains a contribution to the public discourse with respect to a particular relevant topic of public interest.\nIs the statement of public interest?\nYes → STOP (NOT criminally relevant according to §§185-187 StGB)\nNo → Step 6\n\nStep 6: A statement is considered abusive criticism if it goes beyond plausible criticism by primarily intending to abusively offend the victim, hereby neglecting a substantiated contribution.\nIs the statement abusive criticism?\nYes → STOP (criminally RELEVANT according to §§185-187 StGB)\nNo → STOP (NOT criminally relevant according to §§185-187 StGB)\n\n\nAccording to this decision schema, decide whether the following text is criminally revant according to §§185-187 StGB (Defamatory Offense). Answer only with 'True' (criminally relevant according to §§185-187 StGB) or 'False' (not criminally relevant according to §§185-187 StGB).""}, {""role"": ""user"", ""content"": ""[@IND] wie Du sind der Grund das Deutschland weiterschläft und total verbödet. Spar Dir Deine hirn und sinnlosen Antworten auf meine Posts Du Opfer !!!!""}]",0,FN
857353750969716,Dümmliche Fakes ohne Rückgrat...ihr seid nur Feige Memmen...das lässtige Strandgut in unserem Staat..,True,False, False,"[{""role"": ""system"", ""content"": ""You are a legal expert for defamatory offenses according the the German Criminal Code (§§185-187 StGB). Help the user decide whether given posts fall within in the scope of these articles.""}, {""role"": ""user"", ""content"": ""Step 1: A defamatory object can be a living individual, a group of persons that is distinguishable from the general public such that every member of that group could feel their honor is infringed or collective entities such as governments or press companies with a recognised social role and who act with a collective, single will.\nIs there a defamatory object in this statement? \nNo → STOP (NOT criminally relevant according to §§185-187 StGB)\nYes → Step 2\n\nStep 2: A disparaging statement is a statement which interferes with the potential victim's right to honour. It is already fulfilled by expressing contempt or disrespect through the allegation of shortcomings that could reduce the victim’s social standing.\nIs there a disparaging statement directed towards the defamatory object?\nNo → STOP (NOT criminally relevant according to §§185-187 StGB)\nYes → Step 3\n\nStep 3: A factual claim is a stetement that can be proven to be true or untrue in front of a court. A value judgment constitutes and expression of personal opinions.\nIs it primarily a value judgement and NOT primarily a factual claim?\nNo → STOP (NOT criminally relevant according to §§185-187 StGB)\nYes → Step 4\n\nStep 4: An abusive insult is a statement that constitutes breaking a taboo by itself and intends only the defamation of the victim without any substantiated contribution.\nIs the statement an abusive insult?\nYes → STOP (criminally RELEVANT according to §§185-187 StGB)\nNo → Step 5\n\nStep 5: A statement is of public interest if it contains a contribution to the public discourse with respect to a particular relevant topic of public interest.\nIs the statement of public interest?\nYes → STOP (NOT criminally relevant according to §§185-187 StGB)\nNo → Step 6\n\nStep 6: A statement is considered abusive criticism if it goes beyond plausible criticism by primarily intending to abusively offend the victim, hereby neglecting a substantiated contribution.\nIs the statement abusive criticism?\nYes → STOP (criminally RELEVANT according to §§185-187 StGB)\nNo → STOP (NOT criminally relevant according to §§185-187 StGB)\n\n\nAccording to this decision schema, decide whether the following text is criminally revant according to §§185-187 StGB (Defamatory Offense). Answer only with 'True' (criminally relevant according to §§185-187 StGB) or 'False' (not criminally relevant according to §§185-187 StGB).""}, {""role"": ""user"", ""content"": ""Dümmliche Fakes ohne Rückgrat...ihr seid nur Feige Memmen...das lässtige Strandgut in unserem Staat..""}]",1,FN
857413424297082,VIele der hier lebenden juegendlichen Ausländer sind frech und skrupellos... Aber der Mord in Berlin - 2 Türken stechen Hochschwangere tot und zünden sie bei lebendigen Leibe an...sorry sowas kann nur von islamkranken Typen kommen....Denen sollte man den Schw.... abhacken und dann ab in die Hölle mit denen...Todesstrafe für solch feige Mörder! DEUTSCHLAND wacht auf... und kämpft gegen diese kranken Gläubigen an,False,True, True,"[{""role"": ""system"", ""content"": ""You are a legal expert for defamatory offenses according the the German Criminal Code (§§185-187 StGB). Help the user decide whether given posts fall within in the scope of these articles.""}, {""role"": ""user"", ""content"": ""Step 1: A defamatory object can be a living individual, a group of persons that is distinguishable from the general public such that every member of that group could feel their honor is infringed or collective entities such as governments or press companies with a recognised social role and who act with a collective, single will.\nIs there a defamatory object in this statement? \nNo → STOP (NOT criminally relevant according to §§185-187 StGB)\nYes → Step 2\n\nStep 2: A disparaging statement is a statement which interferes with the potential victim's right to honour. It is already fulfilled by expressing contempt or disrespect through the allegation of shortcomings that could reduce the victim’s social standing.\nIs there a disparaging statement directed towards the defamatory object?\nNo → STOP (NOT criminally relevant according to §§185-187 StGB)\nYes → Step 3\n\nStep 3: A factual claim is a stetement that can be proven to be true or untrue in front of a court. A value judgment constitutes and expression of personal opinions.\nIs it primarily a value judgement and NOT primarily a factual claim?\nNo → STOP (NOT criminally relevant according to §§185-187 StGB)\nYes → Step 4\n\nStep 4: An abusive insult is a statement that constitutes breaking a taboo by itself and intends only the defamation of the victim without any substantiated contribution.\nIs the statement an abusive insult?\nYes → STOP (criminally RELEVANT according to §§185-187 StGB)\nNo → Step 5\n\nStep 5: A statement is of public interest if it contains a contribution to the public discourse with respect to a particular relevant topic of public interest.\nIs the statement of public interest?\nYes → STOP (NOT criminally relevant according to §§185-187 StGB)\nNo → Step 6\n\nStep 6: A statement is considered abusive criticism if it goes beyond plausible criticism by primarily intending to abusively offend the victim, hereby neglecting a substantiated contribution.\nIs the statement abusive criticism?\nYes → STOP (criminally RELEVANT according to §§185-187 StGB)\nNo → STOP (NOT criminally relevant according to §§185-187 StGB)\n\n\nAccording to this decision schema, decide whether the following text is criminally revant according to §§185-187 StGB (Defamatory Offense). Answer only with 'True' (criminally relevant according to §§185-187 StGB) or 'False' (not criminally relevant according to §§185-187 StGB).""}, {""role"": ""user"", ""content"": ""VIele der hier lebenden juegendlichen Ausländer sind frech und skrupellos... Aber der Mord in Berlin - 2 Türken stechen Hochschwangere tot und zünden sie bei lebendigen Leibe an...sorry sowas kann nur von islamkranken Typen kommen....Denen sollte man den Schw.... abhacken und dann ab in die Hölle mit denen...Todesstrafe für solch feige Mörder! DEUTSCHLAND wacht auf... und kämpft gegen diese kranken Gläubigen an""}]",1,FP
857419477629810,Was ist denn mit euren Führer Bachmann passiert ? Zu viel Hitler in ihm ??,True,False, False,"[{""role"": ""system"", ""content"": ""You are a legal expert for defamatory offenses according the the German Criminal Code (§§185-187 StGB). Help the user decide whether given posts fall within in the scope of these articles.""}, {""role"": ""user"", ""content"": ""Step 1: A defamatory object can be a living individual, a group of persons that is distinguishable from the general public such that every member of that group could feel their honor is infringed or collective entities such as governments or press companies with a recognised social role and who act with a collective, single will.\nIs there a defamatory object in this statement? \nNo → STOP (NOT criminally relevant according to §§185-187 StGB)\nYes → Step 2\n\nStep 2: A disparaging statement is a statement which interferes with the potential victim's right to honour. It is already fulfilled by expressing contempt or disrespect through the allegation of shortcomings that could reduce the victim’s social standing.\nIs there a disparaging statement directed towards the defamatory object?\nNo → STOP (NOT criminally relevant according to §§185-187 StGB)\nYes → Step 3\n\nStep 3: A factual claim is a stetement that can be proven to be true or untrue in front of a court. A value judgment constitutes and expression of personal opinions.\nIs it primarily a value judgement and NOT primarily a factual claim?\nNo → STOP (NOT criminally relevant according to §§185-187 StGB)\nYes → Step 4\n\nStep 4: An abusive insult is a statement that constitutes breaking a taboo by itself and intends only the defamation of the victim without any substantiated contribution.\nIs the statement an abusive insult?\nYes → STOP (criminally RELEVANT according to §§185-187 StGB)\nNo → Step 5\n\nStep 5: A statement is of public interest if it contains a contribution to the public discourse with respect to a particular relevant topic of public interest.\nIs the statement of public interest?\nYes → STOP (NOT criminally relevant according to §§185-187 StGB)\nNo → Step 6\n\nStep 6: A statement is considered abusive criticism if it goes beyond plausible criticism by primarily intending to abusively offend the victim, hereby neglecting a substantiated contribution.\nIs the statement abusive criticism?\nYes → STOP (criminally RELEVANT according to §§185-187 StGB)\nNo → STOP (NOT criminally relevant according to §§185-187 StGB)\n\n\nAccording to this decision schema, decide whether the following text is criminally revant according to §§185-187 StGB (Defamatory Offense). Answer only with 'True' (criminally relevant according to §§185-187 StGB) or 'False' (not criminally relevant according to §§185-187 StGB).""}, {""role"": ""user"", ""content"": ""Was ist denn mit euren Führer Bachmann passiert ? Zu viel Hitler in ihm ??""}]",0,FN
857497897621968,"Das ist wieder typisch Wessi, geh nach Hause du Gluckscheisser in den Drogen und Gierbanken Frankfurt",False,True, True,"[{""role"": ""system"", ""content"": ""You are a legal expert for defamatory offenses according the the German Criminal Code (§§185-187 StGB). Help the user decide whether given posts fall within in the scope of these articles.""}, {""role"": ""user"", ""content"": ""Step 1: A defamatory object can be a living individual, a group of persons that is distinguishable from the general public such that every member of that group could feel their honor is infringed or collective entities such as governments or press companies with a recognised social role and who act with a collective, single will.\nIs there a defamatory object in this statement? \nNo → STOP (NOT criminally relevant according to §§185-187 StGB)\nYes → Step 2\n\nStep 2: A disparaging statement is a statement which interferes with the potential victim's right to honour. It is already fulfilled by expressing contempt or disrespect through the allegation of shortcomings that could reduce the victim’s social standing.\nIs there a disparaging statement directed towards the defamatory object?\nNo → STOP (NOT criminally relevant according to §§185-187 StGB)\nYes → Step 3\n\nStep 3: A factual claim is a stetement that can be proven to be true or untrue in front of a court. A value judgment constitutes and expression of personal opinions.\nIs it primarily a value judgement and NOT primarily a factual claim?\nNo → STOP (NOT criminally relevant according to §§185-187 StGB)\nYes → Step 4\n\nStep 4: An abusive insult is a statement that constitutes breaking a taboo by itself and intends only the defamation of the victim without any substantiated contribution.\nIs the statement an abusive insult?\nYes → STOP (criminally RELEVANT according to §§185-187 StGB)\nNo → Step 5\n\nStep 5: A statement is of public interest if it contains a contribution to the public discourse with respect to a particular relevant topic of public interest.\nIs the statement of public interest?\nYes → STOP (NOT criminally relevant according to §§185-187 StGB)\nNo → Step 6\n\nStep 6: A statement is considered abusive criticism if it goes beyond plausible criticism by primarily intending to abusively offend the victim, hereby neglecting a substantiated contribution.\nIs the statement abusive criticism?\nYes → STOP (criminally RELEVANT according to §§185-187 StGB)\nNo → STOP (NOT criminally relevant according to §§185-187 StGB)\n\n\nAccording to this decision schema, decide whether the following text is criminally revant according to §§185-187 StGB (Defamatory Offense). Answer only with 'True' (criminally relevant according to §§185-187 StGB) or 'False' (not criminally relevant according to §§185-187 StGB).""}, {""role"": ""user"", ""content"": ""Das ist wieder typisch Wessi, geh nach Hause du Gluckscheisser in den Drogen und Gierbanken Frankfurt""}]",2,FP
857516214286803,"Claudia Roth tingelt durch den Iran, während man in Deutschland dem Holocaust gedenkt. Komplett irre die Alte http://www.bild.de/politik/ausland/iran/claudia-roth-im-iran-39502496.bild.html",True,False, False,"[{""role"": ""system"", ""content"": ""You are a legal expert for defamatory offenses according the the German Criminal Code (§§185-187 StGB). Help the user decide whether given posts fall within in the scope of these articles.""}, {""role"": ""user"", ""content"": ""Step 1: A defamatory object can be a living individual, a group of persons that is distinguishable from the general public such that every member of that group could feel their honor is infringed or collective entities such as governments or press companies with a recognised social role and who act with a collective, single will.\nIs there a defamatory object in this statement? \nNo → STOP (NOT criminally relevant according to §§185-187 StGB)\nYes → Step 2\n\nStep 2: A disparaging statement is a statement which interferes with the potential victim's right to honour. It is already fulfilled by expressing contempt or disrespect through the allegation of shortcomings that could reduce the victim’s social standing.\nIs there a disparaging statement directed towards the defamatory object?\nNo → STOP (NOT criminally relevant according to §§185-187 StGB)\nYes → Step 3\n\nStep 3: A factual claim is a stetement that can be proven to be true or untrue in front of a court. A value judgment constitutes and expression of personal opinions.\nIs it primarily a value judgement and NOT primarily a factual claim?\nNo → STOP (NOT criminally relevant according to §§185-187 StGB)\nYes → Step 4\n\nStep 4: An abusive insult is a statement that constitutes breaking a taboo by itself and intends only the defamation of the victim without any substantiated contribution.\nIs the statement an abusive insult?\nYes → STOP (criminally RELEVANT according to §§185-187 StGB)\nNo → Step 5\n\nStep 5: A statement is of public interest if it contains a contribution to the public discourse with respect to a particular relevant topic of public interest.\nIs the statement of public interest?\nYes → STOP (NOT criminally relevant according to §§185-187 StGB)\nNo → Step 6\n\nStep 6: A statement is considered abusive criticism if it goes beyond plausible criticism by primarily intending to abusively offend the victim, hereby neglecting a substantiated contribution.\nIs the statement abusive criticism?\nYes → STOP (criminally RELEVANT according to §§185-187 StGB)\nNo → STOP (NOT criminally relevant according to §§185-187 StGB)\n\n\nAccording to this decision schema, decide whether the following text is criminally revant according to §§185-187 StGB (Defamatory Offense). Answer only with 'True' (criminally relevant according to §§185-187 StGB) or 'False' (not criminally relevant according to §§185-187 StGB).""}, {""role"": ""user"", ""content"": ""Claudia Roth tingelt durch den Iran, während man in Deutschland dem Holocaust gedenkt. Komplett irre die Alte http://www.bild.de/politik/ausland/iran/claudia-roth-im-iran-39502496.bild.html""}]",3,FN
857518137619944,fränkchen du schimmelmöse wattis denn da los fühlst du dich angegriffen? denk an meine worte: pegida geht unter!,True,False, False,"[{""role"": ""system"", ""content"": ""You are a legal expert for defamatory offenses according the the German Criminal Code (§§185-187 StGB). Help the user decide whether given posts fall within in the scope of these articles.""}, {""role"": ""user"", ""content"": ""Step 1: A defamatory object can be a living individual, a group of persons that is distinguishable from the general public such that every member of that group could feel their honor is infringed or collective entities such as governments or press companies with a recognised social role and who act with a collective, single will.\nIs there a defamatory object in this statement? \nNo → STOP (NOT criminally relevant according to §§185-187 StGB)\nYes → Step 2\n\nStep 2: A disparaging statement is a statement which interferes with the potential victim's right to honour. It is already fulfilled by expressing contempt or disrespect through the allegation of shortcomings that could reduce the victim’s social standing.\nIs there a disparaging statement directed towards the defamatory object?\nNo → STOP (NOT criminally relevant according to §§185-187 StGB)\nYes → Step 3\n\nStep 3: A factual claim is a stetement that can be proven to be true or untrue in front of a court. A value judgment constitutes and expression of personal opinions.\nIs it primarily a value judgement and NOT primarily a factual claim?\nNo → STOP (NOT criminally relevant according to §§185-187 StGB)\nYes → Step 4\n\nStep 4: An abusive insult is a statement that constitutes breaking a taboo by itself and intends only the defamation of the victim without any substantiated contribution.\nIs the statement an abusive insult?\nYes → STOP (criminally RELEVANT according to §§185-187 StGB)\nNo → Step 5\n\nStep 5: A statement is of public interest if it contains a contribution to the public discourse with respect to a particular relevant topic of public interest.\nIs the statement of public interest?\nYes → STOP (NOT criminally relevant according to §§185-187 StGB)\nNo → Step 6\n\nStep 6: A statement is considered abusive criticism if it goes beyond plausible criticism by primarily intending to abusively offend the victim, hereby neglecting a substantiated contribution.\nIs the statement abusive criticism?\nYes → STOP (criminally RELEVANT according to §§185-187 StGB)\nNo → STOP (NOT criminally relevant according to §§185-187 StGB)\n\n\nAccording to this decision schema, decide whether the following text is criminally revant according to §§185-187 StGB (Defamatory Offense). Answer only with 'True' (criminally relevant according to §§185-187 StGB) or 'False' (not criminally relevant according to §§185-187 StGB).""}, {""role"": ""user"", ""content"": ""fränkchen du schimmelmöse wattis denn da los fühlst du dich angegriffen? denk an meine worte: pegida geht unter!""}]",1,FN
857526484285776,Geh und lies in deinem verstaubten Märchenbuch und knüpf deiner Aishe das Kopftuch zu : -),True,False, False,"[{""role"": ""system"", ""content"": ""You are a legal expert for defamatory offenses according the the German Criminal Code (§§185-187 StGB). Help the user decide whether given posts fall within in the scope of these articles.""}, {""role"": ""user"", ""content"": ""Step 1: A defamatory object can be a living individual, a group of persons that is distinguishable from the general public such that every member of that group could feel their honor is infringed or collective entities such as governments or press companies with a recognised social role and who act with a collective, single will.\nIs there a defamatory object in this statement? \nNo → STOP (NOT criminally relevant according to §§185-187 StGB)\nYes → Step 2\n\nStep 2: A disparaging statement is a statement which interferes with the potential victim's right to honour. It is already fulfilled by expressing contempt or disrespect through the allegation of shortcomings that could reduce the victim’s social standing.\nIs there a disparaging statement directed towards the defamatory object?\nNo → STOP (NOT criminally relevant according to §§185-187 StGB)\nYes → Step 3\n\nStep 3: A factual claim is a stetement that can be proven to be true or untrue in front of a court. A value judgment constitutes and expression of personal opinions.\nIs it primarily a value judgement and NOT primarily a factual claim?\nNo → STOP (NOT criminally relevant according to §§185-187 StGB)\nYes → Step 4\n\nStep 4: An abusive insult is a statement that constitutes breaking a taboo by itself and intends only the defamation of the victim without any substantiated contribution.\nIs the statement an abusive insult?\nYes → STOP (criminally RELEVANT according to §§185-187 StGB)\nNo → Step 5\n\nStep 5: A statement is of public interest if it contains a contribution to the public discourse with respect to a particular relevant topic of public interest.\nIs the statement of public interest?\nYes → STOP (NOT criminally relevant according to §§185-187 StGB)\nNo → Step 6\n\nStep 6: A statement is considered abusive criticism if it goes beyond plausible criticism by primarily intending to abusively offend the victim, hereby neglecting a substantiated contribution.\nIs the statement abusive criticism?\nYes → STOP (criminally RELEVANT according to §§185-187 StGB)\nNo → STOP (NOT criminally relevant according to §§185-187 StGB)\n\n\nAccording to this decision schema, decide whether the following text is criminally revant according to §§185-187 StGB (Defamatory Offense). Answer only with 'True' (criminally relevant according to §§185-187 StGB) or 'False' (not criminally relevant according to §§185-187 StGB).""}, {""role"": ""user"", ""content"": ""Geh und lies in deinem verstaubten Märchenbuch und knüpf deiner Aishe das Kopftuch zu : -)""}]",0,FN
857581637613594,"Wer keine Ahnung von der Realität hat sollte die Fresse halten, kleines Antideutsches Philipp Würstchen :D https://www.youtube.com/watch?v=Lnk2DRqUoGQ",True,False, False,"[{""role"": ""system"", ""content"": ""You are a legal expert for defamatory offenses according the the German Criminal Code (§§185-187 StGB). Help the user decide whether given posts fall within in the scope of these articles.""}, {""role"": ""user"", ""content"": ""Step 1: A defamatory object can be a living individual, a group of persons that is distinguishable from the general public such that every member of that group could feel their honor is infringed or collective entities such as governments or press companies with a recognised social role and who act with a collective, single will.\nIs there a defamatory object in this statement? \nNo → STOP (NOT criminally relevant according to §§185-187 StGB)\nYes → Step 2\n\nStep 2: A disparaging statement is a statement which interferes with the potential victim's right to honour. It is already fulfilled by expressing contempt or disrespect through the allegation of shortcomings that could reduce the victim’s social standing.\nIs there a disparaging statement directed towards the defamatory object?\nNo → STOP (NOT criminally relevant according to §§185-187 StGB)\nYes → Step 3\n\nStep 3: A factual claim is a stetement that can be proven to be true or untrue in front of a court. A value judgment constitutes and expression of personal opinions.\nIs it primarily a value judgement and NOT primarily a factual claim?\nNo → STOP (NOT criminally relevant according to §§185-187 StGB)\nYes → Step 4\n\nStep 4: An abusive insult is a statement that constitutes breaking a taboo by itself and intends only the defamation of the victim without any substantiated contribution.\nIs the statement an abusive insult?\nYes → STOP (criminally RELEVANT according to §§185-187 StGB)\nNo → Step 5\n\nStep 5: A statement is of public interest if it contains a contribution to the public discourse with respect to a particular relevant topic of public interest.\nIs the statement of public interest?\nYes → STOP (NOT criminally relevant according to §§185-187 StGB)\nNo → Step 6\n\nStep 6: A statement is considered abusive criticism if it goes beyond plausible criticism by primarily intending to abusively offend the victim, hereby neglecting a substantiated contribution.\nIs the statement abusive criticism?\nYes → STOP (criminally RELEVANT according to §§185-187 StGB)\nNo → STOP (NOT criminally relevant according to §§185-187 StGB)\n\n\nAccording to this decision schema, decide whether the following text is criminally revant according to §§185-187 StGB (Defamatory Offense). Answer only with 'True' (criminally relevant according to §§185-187 StGB) or 'False' (not criminally relevant according to §§185-187 StGB).""}, {""role"": ""user"", ""content"": ""Wer keine Ahnung von der Realität hat sollte die Fresse halten, kleines Antideutsches Philipp Würstchen :D https://www.youtube.com/watch?v=Lnk2DRqUoGQ""}]",1,FN
857593464279078,Wieder einer der sein Gesicht nicht zeigt ! Feigling !!!!!!!!!,False,True, True,"[{""role"": ""system"", ""content"": ""You are a legal expert for defamatory offenses according the the German Criminal Code (§§185-187 StGB). Help the user decide whether given posts fall within in the scope of these articles.""}, {""role"": ""user"", ""content"": ""Step 1: A defamatory object can be a living individual, a group of persons that is distinguishable from the general public such that every member of that group could feel their honor is infringed or collective entities such as governments or press companies with a recognised social role and who act with a collective, single will.\nIs there a defamatory object in this statement? \nNo → STOP (NOT criminally relevant according to §§185-187 StGB)\nYes → Step 2\n\nStep 2: A disparaging statement is a statement which interferes with the potential victim's right to honour. It is already fulfilled by expressing contempt or disrespect through the allegation of shortcomings that could reduce the victim’s social standing.\nIs there a disparaging statement directed towards the defamatory object?\nNo → STOP (NOT criminally relevant according to §§185-187 StGB)\nYes → Step 3\n\nStep 3: A factual claim is a stetement that can be proven to be true or untrue in front of a court. A value judgment constitutes and expression of personal opinions.\nIs it primarily a value judgement and NOT primarily a factual claim?\nNo → STOP (NOT criminally relevant according to §§185-187 StGB)\nYes → Step 4\n\nStep 4: An abusive insult is a statement that constitutes breaking a taboo by itself and intends only the defamation of the victim without any substantiated contribution.\nIs the statement an abusive insult?\nYes → STOP (criminally RELEVANT according to §§185-187 StGB)\nNo → Step 5\n\nStep 5: A statement is of public interest if it contains a contribution to the public discourse with respect to a particular relevant topic of public interest.\nIs the statement of public interest?\nYes → STOP (NOT criminally relevant according to §§185-187 StGB)\nNo → Step 6\n\nStep 6: A statement is considered abusive criticism if it goes beyond plausible criticism by primarily intending to abusively offend the victim, hereby neglecting a substantiated contribution.\nIs the statement abusive criticism?\nYes → STOP (criminally RELEVANT according to §§185-187 StGB)\nNo → STOP (NOT criminally relevant according to §§185-187 StGB)\n\n\nAccording to this decision schema, decide whether the following text is criminally revant according to §§185-187 StGB (Defamatory Offense). Answer only with 'True' (criminally relevant according to §§185-187 StGB) or 'False' (not criminally relevant according to §§185-187 StGB).""}, {""role"": ""user"", ""content"": ""Wieder einer der sein Gesicht nicht zeigt ! Feigling !!!!!!!!!""}]",2,FP
857644467607311,Und Du ein Muraddin :) -- Komische Islamisierte Mischpoke Du,True,False, False,"[{""role"": ""system"", ""content"": ""You are a legal expert for defamatory offenses according the the German Criminal Code (§§185-187 StGB). Help the user decide whether given posts fall within in the scope of these articles.""}, {""role"": ""user"", ""content"": ""Step 1: A defamatory object can be a living individual, a group of persons that is distinguishable from the general public such that every member of that group could feel their honor is infringed or collective entities such as governments or press companies with a recognised social role and who act with a collective, single will.\nIs there a defamatory object in this statement? \nNo → STOP (NOT criminally relevant according to §§185-187 StGB)\nYes → Step 2\n\nStep 2: A disparaging statement is a statement which interferes with the potential victim's right to honour. It is already fulfilled by expressing contempt or disrespect through the allegation of shortcomings that could reduce the victim’s social standing.\nIs there a disparaging statement directed towards the defamatory object?\nNo → STOP (NOT criminally relevant according to §§185-187 StGB)\nYes → Step 3\n\nStep 3: A factual claim is a stetement that can be proven to be true or untrue in front of a court. A value judgment constitutes and expression of personal opinions.\nIs it primarily a value judgement and NOT primarily a factual claim?\nNo → STOP (NOT criminally relevant according to §§185-187 StGB)\nYes → Step 4\n\nStep 4: An abusive insult is a statement that constitutes breaking a taboo by itself and intends only the defamation of the victim without any substantiated contribution.\nIs the statement an abusive insult?\nYes → STOP (criminally RELEVANT according to §§185-187 StGB)\nNo → Step 5\n\nStep 5: A statement is of public interest if it contains a contribution to the public discourse with respect to a particular relevant topic of public interest.\nIs the statement of public interest?\nYes → STOP (NOT criminally relevant according to §§185-187 StGB)\nNo → Step 6\n\nStep 6: A statement is considered abusive criticism if it goes beyond plausible criticism by primarily intending to abusively offend the victim, hereby neglecting a substantiated contribution.\nIs the statement abusive criticism?\nYes → STOP (criminally RELEVANT according to §§185-187 StGB)\nNo → STOP (NOT criminally relevant according to §§185-187 StGB)\n\n\nAccording to this decision schema, decide whether the following text is criminally revant according to §§185-187 StGB (Defamatory Offense). Answer only with 'True' (criminally relevant according to §§185-187 StGB) or 'False' (not criminally relevant according to §§185-187 StGB).""}, {""role"": ""user"", ""content"": ""Und Du ein Muraddin :) -- Komische Islamisierte Mischpoke Du""}]",0,FN
857872504251174,"Wir wissen hier alle, dass Du nicht unser Freund bist.  Und ich habe mit dem jüdisch-israelischen Volk mehr Sympathien, als Du es jemals haben kannst, denn Linke, das wissen wir, sind neben den Islamisten Judenhasser. Also bist Du doch ein Nazi",False,True, True,"[{""role"": ""system"", ""content"": ""You are a legal expert for defamatory offenses according the the German Criminal Code (§§185-187 StGB). Help the user decide whether given posts fall within in the scope of these articles.""}, {""role"": ""user"", ""content"": ""Step 1: A defamatory object can be a living individual, a group of persons that is distinguishable from the general public such that every member of that group could feel their honor is infringed or collective entities such as governments or press companies with a recognised social role and who act with a collective, single will.\nIs there a defamatory object in this statement? \nNo → STOP (NOT criminally relevant according to §§185-187 StGB)\nYes → Step 2\n\nStep 2: A disparaging statement is a statement which interferes with the potential victim's right to honour. It is already fulfilled by expressing contempt or disrespect through the allegation of shortcomings that could reduce the victim’s social standing.\nIs there a disparaging statement directed towards the defamatory object?\nNo → STOP (NOT criminally relevant according to §§185-187 StGB)\nYes → Step 3\n\nStep 3: A factual claim is a stetement that can be proven to be true or untrue in front of a court. A value judgment constitutes and expression of personal opinions.\nIs it primarily a value judgement and NOT primarily a factual claim?\nNo → STOP (NOT criminally relevant according to §§185-187 StGB)\nYes → Step 4\n\nStep 4: An abusive insult is a statement that constitutes breaking a taboo by itself and intends only the defamation of the victim without any substantiated contribution.\nIs the statement an abusive insult?\nYes → STOP (criminally RELEVANT according to §§185-187 StGB)\nNo → Step 5\n\nStep 5: A statement is of public interest if it contains a contribution to the public discourse with respect to a particular relevant topic of public interest.\nIs the statement of public interest?\nYes → STOP (NOT criminally relevant according to §§185-187 StGB)\nNo → Step 6\n\nStep 6: A statement is considered abusive criticism if it goes beyond plausible criticism by primarily intending to abusively offend the victim, hereby neglecting a substantiated contribution.\nIs the statement abusive criticism?\nYes → STOP (criminally RELEVANT according to §§185-187 StGB)\nNo → STOP (NOT criminally relevant according to §§185-187 StGB)\n\n\nAccording to this decision schema, decide whether the following text is criminally revant according to §§185-187 StGB (Defamatory Offense). Answer only with 'True' (criminally relevant according to §§185-187 StGB) or 'False' (not criminally relevant according to §§185-187 StGB).""}, {""role"": ""user"", ""content"": ""Wir wissen hier alle, dass Du nicht unser Freund bist.  Und ich habe mit dem jüdisch-israelischen Volk mehr Sympathien, als Du es jemals haben kannst, denn Linke, das wissen wir, sind neben den Islamisten Judenhasser. Also bist Du doch ein Nazi""}]",3,FP
857916580913433,"Ich weiß gar nicht wann ich das letzte mal so viel dummen scheiß und so derbe viele dumme, ignorante und weltfremde Menschen gesehen habe :D wenn es euch nicht passt gründet euren eigenen Staat und lasst uns mit eurem Blödsinn in Ruhe. PEGIDA am Arsch die Hälfte von euch ist rechts und die andere Hälfte hat überhaupt keine Ahnung wie ein Moslems aussieht. Dummes pseudobraunes Pack. So was geistig beschränktes wie eure Einstellung bbraucht hier keiner.",False,True, True,"[{""role"": ""system"", ""content"": ""You are a legal expert for defamatory offenses according the the German Criminal Code (§§185-187 StGB). Help the user decide whether given posts fall within in the scope of these articles.""}, {""role"": ""user"", ""content"": ""Step 1: A defamatory object can be a living individual, a group of persons that is distinguishable from the general public such that every member of that group could feel their honor is infringed or collective entities such as governments or press companies with a recognised social role and who act with a collective, single will.\nIs there a defamatory object in this statement? \nNo → STOP (NOT criminally relevant according to §§185-187 StGB)\nYes → Step 2\n\nStep 2: A disparaging statement is a statement which interferes with the potential victim's right to honour. It is already fulfilled by expressing contempt or disrespect through the allegation of shortcomings that could reduce the victim’s social standing.\nIs there a disparaging statement directed towards the defamatory object?\nNo → STOP (NOT criminally relevant according to §§185-187 StGB)\nYes → Step 3\n\nStep 3: A factual claim is a stetement that can be proven to be true or untrue in front of a court. A value judgment constitutes and expression of personal opinions.\nIs it primarily a value judgement and NOT primarily a factual claim?\nNo → STOP (NOT criminally relevant according to §§185-187 StGB)\nYes → Step 4\n\nStep 4: An abusive insult is a statement that constitutes breaking a taboo by itself and intends only the defamation of the victim without any substantiated contribution.\nIs the statement an abusive insult?\nYes → STOP (criminally RELEVANT according to §§185-187 StGB)\nNo → Step 5\n\nStep 5: A statement is of public interest if it contains a contribution to the public discourse with respect to a particular relevant topic of public interest.\nIs the statement of public interest?\nYes → STOP (NOT criminally relevant according to §§185-187 StGB)\nNo → Step 6\n\nStep 6: A statement is considered abusive criticism if it goes beyond plausible criticism by primarily intending to abusively offend the victim, hereby neglecting a substantiated contribution.\nIs the statement abusive criticism?\nYes → STOP (criminally RELEVANT according to §§185-187 StGB)\nNo → STOP (NOT criminally relevant according to §§185-187 StGB)\n\n\nAccording to this decision schema, decide whether the following text is criminally revant according to §§185-187 StGB (Defamatory Offense). Answer only with 'True' (criminally relevant according to §§185-187 StGB) or 'False' (not criminally relevant according to §§185-187 StGB).""}, {""role"": ""user"", ""content"": ""Ich weiß gar nicht wann ich das letzte mal so viel dummen scheiß und so derbe viele dumme, ignorante und weltfremde Menschen gesehen habe :D wenn es euch nicht passt gründet euren eigenen Staat und lasst uns mit eurem Blödsinn in Ruhe. PEGIDA am Arsch die Hälfte von euch ist rechts und die andere Hälfte hat überhaupt keine Ahnung wie ein Moslems aussieht. Dummes pseudobraunes Pack. So was geistig beschränktes wie eure Einstellung bbraucht hier keiner.""}]",3,FP
857918987579859,Kathrin Oertel sollte sich mal lieber Gedanken um ihre mega hässlichen Augenbrauen machen das tut ja weh beim hingucken :D #edding #scheißaufPEGIDA,True,False, False,"[{""role"": ""system"", ""content"": ""You are a legal expert for defamatory offenses according the the German Criminal Code (§§185-187 StGB). Help the user decide whether given posts fall within in the scope of these articles.""}, {""role"": ""user"", ""content"": ""Step 1: A defamatory object can be a living individual, a group of persons that is distinguishable from the general public such that every member of that group could feel their honor is infringed or collective entities such as governments or press companies with a recognised social role and who act with a collective, single will.\nIs there a defamatory object in this statement? \nNo → STOP (NOT criminally relevant according to §§185-187 StGB)\nYes → Step 2\n\nStep 2: A disparaging statement is a statement which interferes with the potential victim's right to honour. It is already fulfilled by expressing contempt or disrespect through the allegation of shortcomings that could reduce the victim’s social standing.\nIs there a disparaging statement directed towards the defamatory object?\nNo → STOP (NOT criminally relevant according to §§185-187 StGB)\nYes → Step 3\n\nStep 3: A factual claim is a stetement that can be proven to be true or untrue in front of a court. A value judgment constitutes and expression of personal opinions.\nIs it primarily a value judgement and NOT primarily a factual claim?\nNo → STOP (NOT criminally relevant according to §§185-187 StGB)\nYes → Step 4\n\nStep 4: An abusive insult is a statement that constitutes breaking a taboo by itself and intends only the defamation of the victim without any substantiated contribution.\nIs the statement an abusive insult?\nYes → STOP (criminally RELEVANT according to §§185-187 StGB)\nNo → Step 5\n\nStep 5: A statement is of public interest if it contains a contribution to the public discourse with respect to a particular relevant topic of public interest.\nIs the statement of public interest?\nYes → STOP (NOT criminally relevant according to §§185-187 StGB)\nNo → Step 6\n\nStep 6: A statement is considered abusive criticism if it goes beyond plausible criticism by primarily intending to abusively offend the victim, hereby neglecting a substantiated contribution.\nIs the statement abusive criticism?\nYes → STOP (criminally RELEVANT according to §§185-187 StGB)\nNo → STOP (NOT criminally relevant according to §§185-187 StGB)\n\n\nAccording to this decision schema, decide whether the following text is criminally revant according to §§185-187 StGB (Defamatory Offense). Answer only with 'True' (criminally relevant according to §§185-187 StGB) or 'False' (not criminally relevant according to §§185-187 StGB).""}, {""role"": ""user"", ""content"": ""Kathrin Oertel sollte sich mal lieber Gedanken um ihre mega hässlichen Augenbrauen machen das tut ja weh beim hingucken :D #edding #scheißaufPEGIDA""}]",1,FN
857940857577672,"du trägst bald Kopftuch und lässt dich vergewaltigen, Dummerchen ! ;-)",False,True, True,"[{""role"": ""system"", ""content"": ""You are a legal expert for defamatory offenses according the the German Criminal Code (§§185-187 StGB). Help the user decide whether given posts fall within in the scope of these articles.""}, {""role"": ""user"", ""content"": ""Step 1: A defamatory object can be a living individual, a group of persons that is distinguishable from the general public such that every member of that group could feel their honor is infringed or collective entities such as governments or press companies with a recognised social role and who act with a collective, single will.\nIs there a defamatory object in this statement? \nNo → STOP (NOT criminally relevant according to §§185-187 StGB)\nYes → Step 2\n\nStep 2: A disparaging statement is a statement which interferes with the potential victim's right to honour. It is already fulfilled by expressing contempt or disrespect through the allegation of shortcomings that could reduce the victim’s social standing.\nIs there a disparaging statement directed towards the defamatory object?\nNo → STOP (NOT criminally relevant according to §§185-187 StGB)\nYes → Step 3\n\nStep 3: A factual claim is a stetement that can be proven to be true or untrue in front of a court. A value judgment constitutes and expression of personal opinions.\nIs it primarily a value judgement and NOT primarily a factual claim?\nNo → STOP (NOT criminally relevant according to §§185-187 StGB)\nYes → Step 4\n\nStep 4: An abusive insult is a statement that constitutes breaking a taboo by itself and intends only the defamation of the victim without any substantiated contribution.\nIs the statement an abusive insult?\nYes → STOP (criminally RELEVANT according to §§185-187 StGB)\nNo → Step 5\n\nStep 5: A statement is of public interest if it contains a contribution to the public discourse with respect to a particular relevant topic of public interest.\nIs the statement of public interest?\nYes → STOP (NOT criminally relevant according to §§185-187 StGB)\nNo → Step 6\n\nStep 6: A statement is considered abusive criticism if it goes beyond plausible criticism by primarily intending to abusively offend the victim, hereby neglecting a substantiated contribution.\nIs the statement abusive criticism?\nYes → STOP (criminally RELEVANT according to §§185-187 StGB)\nNo → STOP (NOT criminally relevant according to §§185-187 StGB)\n\n\nAccording to this decision schema, decide whether the following text is criminally revant according to §§185-187 StGB (Defamatory Offense). Answer only with 'True' (criminally relevant according to §§185-187 StGB) or 'False' (not criminally relevant according to §§185-187 StGB).""}, {""role"": ""user"", ""content"": ""du trägst bald Kopftuch und lässt dich vergewaltigen, Dummerchen ! ;-)""}]",3,FP
857944834243941,"Helmut, ich glaube nicht, dass ich mit dir über Komplimente diskutieren muss. Guck dich mal an du Clown. Sorry :)",False,True, True,"[{""role"": ""system"", ""content"": ""You are a legal expert for defamatory offenses according the the German Criminal Code (§§185-187 StGB). Help the user decide whether given posts fall within in the scope of these articles.""}, {""role"": ""user"", ""content"": ""Step 1: A defamatory object can be a living individual, a group of persons that is distinguishable from the general public such that every member of that group could feel their honor is infringed or collective entities such as governments or press companies with a recognised social role and who act with a collective, single will.\nIs there a defamatory object in this statement? \nNo → STOP (NOT criminally relevant according to §§185-187 StGB)\nYes → Step 2\n\nStep 2: A disparaging statement is a statement which interferes with the potential victim's right to honour. It is already fulfilled by expressing contempt or disrespect through the allegation of shortcomings that could reduce the victim’s social standing.\nIs there a disparaging statement directed towards the defamatory object?\nNo → STOP (NOT criminally relevant according to §§185-187 StGB)\nYes → Step 3\n\nStep 3: A factual claim is a stetement that can be proven to be true or untrue in front of a court. A value judgment constitutes and expression of personal opinions.\nIs it primarily a value judgement and NOT primarily a factual claim?\nNo → STOP (NOT criminally relevant according to §§185-187 StGB)\nYes → Step 4\n\nStep 4: An abusive insult is a statement that constitutes breaking a taboo by itself and intends only the defamation of the victim without any substantiated contribution.\nIs the statement an abusive insult?\nYes → STOP (criminally RELEVANT according to §§185-187 StGB)\nNo → Step 5\n\nStep 5: A statement is of public interest if it contains a contribution to the public discourse with respect to a particular relevant topic of public interest.\nIs the statement of public interest?\nYes → STOP (NOT criminally relevant according to §§185-187 StGB)\nNo → Step 6\n\nStep 6: A statement is considered abusive criticism if it goes beyond plausible criticism by primarily intending to abusively offend the victim, hereby neglecting a substantiated contribution.\nIs the statement abusive criticism?\nYes → STOP (criminally RELEVANT according to §§185-187 StGB)\nNo → STOP (NOT criminally relevant according to §§185-187 StGB)\n\n\nAccording to this decision schema, decide whether the following text is criminally revant according to §§185-187 StGB (Defamatory Offense). Answer only with 'True' (criminally relevant according to §§185-187 StGB) or 'False' (not criminally relevant according to §§185-187 StGB).""}, {""role"": ""user"", ""content"": ""Helmut, ich glaube nicht, dass ich mit dir über Komplimente diskutieren muss. Guck dich mal an du Clown. Sorry :)""}]",2,FP
857950314243393,"Wer sich fragt warum immer wieder ein Neuaufguss von Auschwitz und Co kommt.... frei nach dem Motto... deine Vorfahren waren ganz böse.... usw. in Japan erforscht man das... Ausrottung der Deutschen hier einige Beispiele von unseren tollen Politikern....   ... interessant, wer hier in Deutschland Politik macht und sich auch noch dafür vom deutschen Volk bezahlen lässt! ACHTUNG ... manches hier kann zu Übelkeit führen!
Zitate:
Joschka Fischer: „Deutschland ist ein Problem, weil die Deutschen fleißiger, disziplinierter und begabter als der Rest Europas sind. Das wird immer wieder zu ‘Ungleichgewichten’ führen. Dem kann aber gegengesteuert werden, indem so viel Geld wie nur möglich aus Deutschland herausgeleitet wird. Es ist vollkommen egal wofür, es kann auch radikal verschwendet werden – Hauptsache, die Deutschen haben es nicht. Schon ist die Welt gerettet.“
Cem Özdemir, derzeit Bundesvorsitzender der Partei “Bündnis 90/ Die Grünen” im Bundestag mit deutschem Pass, in einem Interview mit dem „Tagesspiegel“ auf die Frage; wie er sich die Zukunft vorstellt?
„In Zwanzig Jahren haben wir eine Grüne Bundeskanzlerin und ich berate die türkische Regierung bei der Frage, wie sie ihre Probleme mit der deutschen Minderheit an der Mittelmeerküste in den Griff bekommt.“
Jürgen Trittin, Grüner Vorsitzender und ehemaliger Umweltminister: „Noch nie habe ich die deutsche Nationalhymne mitgesungen und ich werde es als Minister auch nicht tun.“ (Quelle: FAZ vom 02. 01. 2005)
Nochmals Joschka Fischer, Bündnis 90/ Die Grünen: „Deutschland muss von außen eingehegt und von innen durch Zustrom von Ausländern heterogenisiert, quasi verdünnt, werden.“ (Rezension zu Joschka Fischers Buch „Risiko Deutschland” - von Miriam Lau)
“Deutschland verschwindet jeden Tag immer mehr, und das finde ich einfach großartig.” Jürgen Trittin,
„Deutsche sind ‚Nicht-Migranten‘ - mehr nicht! …die Türkei ist zweite Heimat für mich, ich mache seit 20 Jahren Türkei-Politik.“ (Videoquelle) Claudia Roth, Vorstand Bündnis 90 / Die Grünen und Dt. Bundestagsabgeordnete
Sinngemäße Aussage von Cem Özdemir, Bündnis 90 / Die Grünen, auf Behauptung von Susanne Zeller-Hirzel, der letzten Überlebende der Weißen Rose, einer Widerstandsgruppe im sog. Dritten Reich: „Wir wollen, dass Deutschland islamisch wird!“ (Videoquelle)
M. Walid Nakschbandi, “Deutscher Staatsbürger” afghanischer Herkunft und Geschäftsführer der Fernsehproduktionsfirma AVE: „Wir kennen Euren inneren Zustand. Dafür haben wir einen Blick und die nötige Sensibilität. Und da wir Euch kennen, werden wir uns auf Euch nicht mehr verlassen. Wir gehen unseren Weg und der ist schmerzlich und voller Dornen, aber am Ende erfolgreich… . Ihr habt nur die Chance, mit uns zu leben. Ein Leben ohne uns wird es für Euch nicht mehr geben. Die Ibrahims, Stefanos, Marios, Laylas und Sorayas sind deutsche Realität.... . Ihr werdet es nicht verhindern können, dass bald ein türkisch stämmiger Richter über Euch das Urteil fällt, ein pakistanischer Arzt Eure Krankheiten heilt, ein Tamile im Parlament Eure Gesetze mit verabschiedet…. Nicht Ihr werdet die Gesellschaft modernisieren… und humanisieren, sondern wir werden es tun für Euch! - Ihr seid bei diesem leidvollen Prozess lediglich Zaungäste, lästige Gaffer! Wir werden die deutsche Gesellschaft in Ost und West verändern!“
Der Vorstand von “Bündnis 90 / Die Grünen” kürzlich in München: „Es geht nicht um Recht oder Unrecht in der Einwanderungsdebatte, uns geht es zuerst um die Zurückdrängung des deutschen Bevölkerungsanteils in diesem Land!“
“Das Problem ist nicht Sarrazin selbst als Person, sondern der gleichgesinnte Bevölkerungsanteil in Deutschland. ” Cem Özdemir, Bündnis 90 /Die Grünen, (Sarrazin hat bis zu 90% Zustimmung in der Bevölkerung.)
“Der deutsche Nachwuchs heißt jetzt Mustafa, Giovanni und Ali!”
Cem Özdemir, Bündnis 90/ Die Grünen auf dem Parteitag der Grünen 1998 in Bonn-Bad Godesberg.
“Am Nationalfeiertag der Deutschen ertrinken die Straßen in einem Meer aus roten Türkenflaggen und ein paar schwarzrotgoldenen Fahnen.”
Claudia Roth, Bündnis 90/ Die Grünen, Wunschvision zum Tag der Deutschen Einheit, Artikel in der Welt am Sonntag vom 6.Februar 2005.
“Deutsche sind Nicht-Migranten, mehr nicht!”
Claudia Roth, Bündnis 90/ Die Grünen
“Ich wollte, dass Frankreich bis zur Elbe reicht und Polen direkt an Frankreich grenzt.”- Sieglinde Frieß, Bündnis 90/ Die Grünen vor dem Parlament im Bundestag, (Quelle: FAZ vom 6.9.1989)
“Migration ist in Frankfurt eine Tatsache. Wenn Ihnen das nicht passt, müssen Sie woanders hinziehen.” (Antwort auf die Beschwerde zu Integrationsproblemen von 50 Anwohnern) - Nargess Eskandari-Grünberg, Bündnis90/Die Grünen, in der Frankfurter Rundschau vom 13. November 2007. Augenzeugen sagen, es hieß wörtlich “…dann wandern Sie doch aus!”
Sinngemäß: ""Wir, die Grünen, müssen dafür sorgen, so viele Ausländer wie möglich nach Deutschland zu holen. Wenn sie in Deutschland sind, müssen wir für ihr Wahlrecht kämpfen. Wenn wir das erreicht haben, werden wir den Stimmenanteil haben, den wir brauchen, um diese Republik zu verändern."" Daniel Cohn-Bendit, Bündnis 90/ Die Grünen
“Deutsche Helden müsste die Welt, tollwütigen Hunden gleich, einfach totschlagen.” Joschka Fischer, Bündnis 90/ Die Grünen
“Es geht nicht um Recht oder Unrecht in der Einwanderungsdebatte, uns geht es zuerst um die Zurückdrängung des deutschen Bevölkerungsanteils in diesem Land.” Vorstand der Bündnis 90/ Die Grünen von München.""  https://www.youtube.com/watch?v=te_NpUvM8R8",False,True, True,"[{""role"": ""system"", ""content"": ""You are a legal expert for defamatory offenses according the the German Criminal Code (§§185-187 StGB). Help the user decide whether given posts fall within in the scope of these articles.""}, {""role"": ""user"", ""content"": ""Step 1: A defamatory object can be a living individual, a group of persons that is distinguishable from the general public such that every member of that group could feel their honor is infringed or collective entities such as governments or press companies with a recognised social role and who act with a collective, single will.\nIs there a defamatory object in this statement? \nNo → STOP (NOT criminally relevant according to §§185-187 StGB)\nYes → Step 2\n\nStep 2: A disparaging statement is a statement which interferes with the potential victim's right to honour. It is already fulfilled by expressing contempt or disrespect through the allegation of shortcomings that could reduce the victim’s social standing.\nIs there a disparaging statement directed towards the defamatory object?\nNo → STOP (NOT criminally relevant according to §§185-187 StGB)\nYes → Step 3\n\nStep 3: A factual claim is a stetement that can be proven to be true or untrue in front of a court. A value judgment constitutes and expression of personal opinions.\nIs it primarily a value judgement and NOT primarily a factual claim?\nNo → STOP (NOT criminally relevant according to §§185-187 StGB)\nYes → Step 4\n\nStep 4: An abusive insult is a statement that constitutes breaking a taboo by itself and intends only the defamation of the victim without any substantiated contribution.\nIs the statement an abusive insult?\nYes → STOP (criminally RELEVANT according to §§185-187 StGB)\nNo → Step 5\n\nStep 5: A statement is of public interest if it contains a contribution to the public discourse with respect to a particular relevant topic of public interest.\nIs the statement of public interest?\nYes → STOP (NOT criminally relevant according to §§185-187 StGB)\nNo → Step 6\n\nStep 6: A statement is considered abusive criticism if it goes beyond plausible criticism by primarily intending to abusively offend the victim, hereby neglecting a substantiated contribution.\nIs the statement abusive criticism?\nYes → STOP (criminally RELEVANT according to §§185-187 StGB)\nNo → STOP (NOT criminally relevant according to §§185-187 StGB)\n\n\nAccording to this decision schema, decide whether the following text is criminally revant according to §§185-187 StGB (Defamatory Offense). Answer only with 'True' (criminally relevant according to §§185-187 StGB) or 'False' (not criminally relevant according to §§185-187 StGB).""}, {""role"": ""user"", ""content"": ""Wer sich fragt warum immer wieder ein Neuaufguss von Auschwitz und Co kommt.... frei nach dem Motto... deine Vorfahren waren ganz böse.... usw. in Japan erforscht man das... Ausrottung der Deutschen hier einige Beispiele von unseren tollen Politikern....   ... interessant, wer hier in Deutschland Politik macht und sich auch noch dafür vom deutschen Volk bezahlen lässt! ACHTUNG ... manches hier kann zu Übelkeit führen!\r\nZitate:\r\nJoschka Fischer: „Deutschland ist ein Problem, weil die Deutschen fleißiger, disziplinierter und begabter als der Rest Europas sind. Das wird immer wieder zu ‘Ungleichgewichten’ führen. Dem kann aber gegengesteuert werden, indem so viel Geld wie nur möglich aus Deutschland herausgeleitet wird. Es ist vollkommen egal wofür, es kann auch radikal verschwendet werden – Hauptsache, die Deutschen haben es nicht. Schon ist die Welt gerettet.“\r\nCem Özdemir, derzeit Bundesvorsitzender der Partei “Bündnis 90/ Die Grünen” im Bundestag mit deutschem Pass, in einem Interview mit dem „Tagesspiegel“ auf die Frage; wie er sich die Zukunft vorstellt?\r\n„In Zwanzig Jahren haben wir eine Grüne Bundeskanzlerin und ich berate die türkische Regierung bei der Frage, wie sie ihre Probleme mit der deutschen Minderheit an der Mittelmeerküste in den Griff bekommt.“\r\nJürgen Trittin, Grüner Vorsitzender und ehemaliger Umweltminister: „Noch nie habe ich die deutsche Nationalhymne mitgesungen und ich werde es als Minister auch nicht tun.“ (Quelle: FAZ vom 02. 01. 2005)\r\nNochmals Joschka Fischer, Bündnis 90/ Die Grünen: „Deutschland muss von außen eingehegt und von innen durch Zustrom von Ausländern heterogenisiert, quasi verdünnt, werden.“ (Rezension zu Joschka Fischers Buch „Risiko Deutschland” - von Miriam Lau)\r\n“Deutschland verschwindet jeden Tag immer mehr, und das finde ich einfach großartig.” Jürgen Trittin,\r\n„Deutsche sind ‚Nicht-Migranten‘ - mehr nicht! …die Türkei ist zweite Heimat für mich, ich mache seit 20 Jahren Türkei-Politik.“ (Videoquelle) Claudia Roth, Vorstand Bündnis 90 / Die Grünen und Dt. Bundestagsabgeordnete\r\nSinngemäße Aussage von Cem Özdemir, Bündnis 90 / Die Grünen, auf Behauptung von Susanne Zeller-Hirzel, der letzten Überlebende der Weißen Rose, einer Widerstandsgruppe im sog. Dritten Reich: „Wir wollen, dass Deutschland islamisch wird!“ (Videoquelle)\r\nM. Walid Nakschbandi, “Deutscher Staatsbürger” afghanischer Herkunft und Geschäftsführer der Fernsehproduktionsfirma AVE: „Wir kennen Euren inneren Zustand. Dafür haben wir einen Blick und die nötige Sensibilität. Und da wir Euch kennen, werden wir uns auf Euch nicht mehr verlassen. Wir gehen unseren Weg und der ist schmerzlich und voller Dornen, aber am Ende erfolgreich… . Ihr habt nur die Chance, mit uns zu leben. Ein Leben ohne uns wird es für Euch nicht mehr geben. Die Ibrahims, Stefanos, Marios, Laylas und Sorayas sind deutsche Realität.... . Ihr werdet es nicht verhindern können, dass bald ein türkisch stämmiger Richter über Euch das Urteil fällt, ein pakistanischer Arzt Eure Krankheiten heilt, ein Tamile im Parlament Eure Gesetze mit verabschiedet…. Nicht Ihr werdet die Gesellschaft modernisieren… und humanisieren, sondern wir werden es tun für Euch! - Ihr seid bei diesem leidvollen Prozess lediglich Zaungäste, lästige Gaffer! Wir werden die deutsche Gesellschaft in Ost und West verändern!“\r\nDer Vorstand von “Bündnis 90 / Die Grünen” kürzlich in München: „Es geht nicht um Recht oder Unrecht in der Einwanderungsdebatte, uns geht es zuerst um die Zurückdrängung des deutschen Bevölkerungsanteils in diesem Land!“\r\n“Das Problem ist nicht Sarrazin selbst als Person, sondern der gleichgesinnte Bevölkerungsanteil in Deutschland. ” Cem Özdemir, Bündnis 90 /Die Grünen, (Sarrazin hat bis zu 90% Zustimmung in der Bevölkerung.)\r\n“Der deutsche Nachwuchs heißt jetzt Mustafa, Giovanni und Ali!”\r\nCem Özdemir, Bündnis 90/ Die Grünen auf dem Parteitag der Grünen 1998 in Bonn-Bad Godesberg.\r\n“Am Nationalfeiertag der Deutschen ertrinken die Straßen in einem Meer aus roten Türkenflaggen und ein paar schwarzrotgoldenen Fahnen.”\r\nClaudia Roth, Bündnis 90/ Die Grünen, Wunschvision zum Tag der Deutschen Einheit, Artikel in der Welt am Sonntag vom 6.Februar 2005.\r\n“Deutsche sind Nicht-Migranten, mehr nicht!”\r\nClaudia Roth, Bündnis 90/ Die Grünen\r\n“Ich wollte, dass Frankreich bis zur Elbe reicht und Polen direkt an Frankreich grenzt.”- Sieglinde Frieß, Bündnis 90/ Die Grünen vor dem Parlament im Bundestag, (Quelle: FAZ vom 6.9.1989)\r\n“Migration ist in Frankfurt eine Tatsache. Wenn Ihnen das nicht passt, müssen Sie woanders hinziehen.” (Antwort auf die Beschwerde zu Integrationsproblemen von 50 Anwohnern) - Nargess Eskandari-Grünberg, Bündnis90/Die Grünen, in der Frankfurter Rundschau vom 13. November 2007. Augenzeugen sagen, es hieß wörtlich “…dann wandern Sie doch aus!”\r\nSinngemäß: \""Wir, die Grünen, müssen dafür sorgen, so viele Ausländer wie möglich nach Deutschland zu holen. Wenn sie in Deutschland sind, müssen wir für ihr Wahlrecht kämpfen. Wenn wir das erreicht haben, werden wir den Stimmenanteil haben, den wir brauchen, um diese Republik zu verändern.\"" Daniel Cohn-Bendit, Bündnis 90/ Die Grünen\r\n“Deutsche Helden müsste die Welt, tollwütigen Hunden gleich, einfach totschlagen.” Joschka Fischer, Bündnis 90/ Die Grünen\r\n“Es geht nicht um Recht oder Unrecht in der Einwanderungsdebatte, uns geht es zuerst um die Zurückdrängung des deutschen Bevölkerungsanteils in diesem Land.” Vorstand der Bündnis 90/ Die Grünen von München.\""  https://www.youtube.com/watch?v=te_NpUvM8R8""}]",2,FP
857957787575979,"Na, mein kleiner Dyke ... morgen früh ist wieder Rütli-Schule, wenn Du jetzt in's Bett gehst, bist Du morgen mal nüchtern im Unterricht.",False,True, True,"[{""role"": ""system"", ""content"": ""You are a legal expert for defamatory offenses according the the German Criminal Code (§§185-187 StGB). Help the user decide whether given posts fall within in the scope of these articles.""}, {""role"": ""user"", ""content"": ""Step 1: A defamatory object can be a living individual, a group of persons that is distinguishable from the general public such that every member of that group could feel their honor is infringed or collective entities such as governments or press companies with a recognised social role and who act with a collective, single will.\nIs there a defamatory object in this statement? \nNo → STOP (NOT criminally relevant according to §§185-187 StGB)\nYes → Step 2\n\nStep 2: A disparaging statement is a statement which interferes with the potential victim's right to honour. It is already fulfilled by expressing contempt or disrespect through the allegation of shortcomings that could reduce the victim’s social standing.\nIs there a disparaging statement directed towards the defamatory object?\nNo → STOP (NOT criminally relevant according to §§185-187 StGB)\nYes → Step 3\n\nStep 3: A factual claim is a stetement that can be proven to be true or untrue in front of a court. A value judgment constitutes and expression of personal opinions.\nIs it primarily a value judgement and NOT primarily a factual claim?\nNo → STOP (NOT criminally relevant according to §§185-187 StGB)\nYes → Step 4\n\nStep 4: An abusive insult is a statement that constitutes breaking a taboo by itself and intends only the defamation of the victim without any substantiated contribution.\nIs the statement an abusive insult?\nYes → STOP (criminally RELEVANT according to §§185-187 StGB)\nNo → Step 5\n\nStep 5: A statement is of public interest if it contains a contribution to the public discourse with respect to a particular relevant topic of public interest.\nIs the statement of public interest?\nYes → STOP (NOT criminally relevant according to §§185-187 StGB)\nNo → Step 6\n\nStep 6: A statement is considered abusive criticism if it goes beyond plausible criticism by primarily intending to abusively offend the victim, hereby neglecting a substantiated contribution.\nIs the statement abusive criticism?\nYes → STOP (criminally RELEVANT according to §§185-187 StGB)\nNo → STOP (NOT criminally relevant according to §§185-187 StGB)\n\n\nAccording to this decision schema, decide whether the following text is criminally revant according to §§185-187 StGB (Defamatory Offense). Answer only with 'True' (criminally relevant according to §§185-187 StGB) or 'False' (not criminally relevant according to §§185-187 StGB).""}, {""role"": ""user"", ""content"": ""Na, mein kleiner Dyke ... morgen früh ist wieder Rütli-Schule, wenn Du jetzt in's Bett gehst, bist Du morgen mal nüchtern im Unterricht.""}]",1,FP
857969747574783,Kim Bunn du spast,True,False, False,"[{""role"": ""system"", ""content"": ""You are a legal expert for defamatory offenses according the the German Criminal Code (§§185-187 StGB). Help the user decide whether given posts fall within in the scope of these articles.""}, {""role"": ""user"", ""content"": ""Step 1: A defamatory object can be a living individual, a group of persons that is distinguishable from the general public such that every member of that group could feel their honor is infringed or collective entities such as governments or press companies with a recognised social role and who act with a collective, single will.\nIs there a defamatory object in this statement? \nNo → STOP (NOT criminally relevant according to §§185-187 StGB)\nYes → Step 2\n\nStep 2: A disparaging statement is a statement which interferes with the potential victim's right to honour. It is already fulfilled by expressing contempt or disrespect through the allegation of shortcomings that could reduce the victim’s social standing.\nIs there a disparaging statement directed towards the defamatory object?\nNo → STOP (NOT criminally relevant according to §§185-187 StGB)\nYes → Step 3\n\nStep 3: A factual claim is a stetement that can be proven to be true or untrue in front of a court. A value judgment constitutes and expression of personal opinions.\nIs it primarily a value judgement and NOT primarily a factual claim?\nNo → STOP (NOT criminally relevant according to §§185-187 StGB)\nYes → Step 4\n\nStep 4: An abusive insult is a statement that constitutes breaking a taboo by itself and intends only the defamation of the victim without any substantiated contribution.\nIs the statement an abusive insult?\nYes → STOP (criminally RELEVANT according to §§185-187 StGB)\nNo → Step 5\n\nStep 5: A statement is of public interest if it contains a contribution to the public discourse with respect to a particular relevant topic of public interest.\nIs the statement of public interest?\nYes → STOP (NOT criminally relevant according to §§185-187 StGB)\nNo → Step 6\n\nStep 6: A statement is considered abusive criticism if it goes beyond plausible criticism by primarily intending to abusively offend the victim, hereby neglecting a substantiated contribution.\nIs the statement abusive criticism?\nYes → STOP (criminally RELEVANT according to §§185-187 StGB)\nNo → STOP (NOT criminally relevant according to §§185-187 StGB)\n\n\nAccording to this decision schema, decide whether the following text is criminally revant according to §§185-187 StGB (Defamatory Offense). Answer only with 'True' (criminally relevant according to §§185-187 StGB) or 'False' (not criminally relevant according to §§185-187 StGB).""}, {""role"": ""user"", ""content"": ""Kim Bunn du spast""}]",3,FN
858001620904929,Kannst du noch was anderes Ljudmila :D du bist selber voll das Äffchen,False,True, True,"[{""role"": ""system"", ""content"": ""You are a legal expert for defamatory offenses according the the German Criminal Code (§§185-187 StGB). Help the user decide whether given posts fall within in the scope of these articles.""}, {""role"": ""user"", ""content"": ""Step 1: A defamatory object can be a living individual, a group of persons that is distinguishable from the general public such that every member of that group could feel their honor is infringed or collective entities such as governments or press companies with a recognised social role and who act with a collective, single will.\nIs there a defamatory object in this statement? \nNo → STOP (NOT criminally relevant according to §§185-187 StGB)\nYes → Step 2\n\nStep 2: A disparaging statement is a statement which interferes with the potential victim's right to honour. It is already fulfilled by expressing contempt or disrespect through the allegation of shortcomings that could reduce the victim’s social standing.\nIs there a disparaging statement directed towards the defamatory object?\nNo → STOP (NOT criminally relevant according to §§185-187 StGB)\nYes → Step 3\n\nStep 3: A factual claim is a stetement that can be proven to be true or untrue in front of a court. A value judgment constitutes and expression of personal opinions.\nIs it primarily a value judgement and NOT primarily a factual claim?\nNo → STOP (NOT criminally relevant according to §§185-187 StGB)\nYes → Step 4\n\nStep 4: An abusive insult is a statement that constitutes breaking a taboo by itself and intends only the defamation of the victim without any substantiated contribution.\nIs the statement an abusive insult?\nYes → STOP (criminally RELEVANT according to §§185-187 StGB)\nNo → Step 5\n\nStep 5: A statement is of public interest if it contains a contribution to the public discourse with respect to a particular relevant topic of public interest.\nIs the statement of public interest?\nYes → STOP (NOT criminally relevant according to §§185-187 StGB)\nNo → Step 6\n\nStep 6: A statement is considered abusive criticism if it goes beyond plausible criticism by primarily intending to abusively offend the victim, hereby neglecting a substantiated contribution.\nIs the statement abusive criticism?\nYes → STOP (criminally RELEVANT according to §§185-187 StGB)\nNo → STOP (NOT criminally relevant according to §§185-187 StGB)\n\n\nAccording to this decision schema, decide whether the following text is criminally revant according to §§185-187 StGB (Defamatory Offense). Answer only with 'True' (criminally relevant according to §§185-187 StGB) or 'False' (not criminally relevant according to §§185-187 StGB).""}, {""role"": ""user"", ""content"": ""Kannst du noch was anderes Ljudmila :D du bist selber voll das Äffchen""}]",2,FP
858003777571380,"Ja, ganz toll. Ihr seid eine Schande für Deutschland!",True,False, False,"[{""role"": ""system"", ""content"": ""You are a legal expert for defamatory offenses according the the German Criminal Code (§§185-187 StGB). Help the user decide whether given posts fall within in the scope of these articles.""}, {""role"": ""user"", ""content"": ""Step 1: A defamatory object can be a living individual, a group of persons that is distinguishable from the general public such that every member of that group could feel their honor is infringed or collective entities such as governments or press companies with a recognised social role and who act with a collective, single will.\nIs there a defamatory object in this statement? \nNo → STOP (NOT criminally relevant according to §§185-187 StGB)\nYes → Step 2\n\nStep 2: A disparaging statement is a statement which interferes with the potential victim's right to honour. It is already fulfilled by expressing contempt or disrespect through the allegation of shortcomings that could reduce the victim’s social standing.\nIs there a disparaging statement directed towards the defamatory object?\nNo → STOP (NOT criminally relevant according to §§185-187 StGB)\nYes → Step 3\n\nStep 3: A factual claim is a stetement that can be proven to be true or untrue in front of a court. A value judgment constitutes and expression of personal opinions.\nIs it primarily a value judgement and NOT primarily a factual claim?\nNo → STOP (NOT criminally relevant according to §§185-187 StGB)\nYes → Step 4\n\nStep 4: An abusive insult is a statement that constitutes breaking a taboo by itself and intends only the defamation of the victim without any substantiated contribution.\nIs the statement an abusive insult?\nYes → STOP (criminally RELEVANT according to §§185-187 StGB)\nNo → Step 5\n\nStep 5: A statement is of public interest if it contains a contribution to the public discourse with respect to a particular relevant topic of public interest.\nIs the statement of public interest?\nYes → STOP (NOT criminally relevant according to §§185-187 StGB)\nNo → Step 6\n\nStep 6: A statement is considered abusive criticism if it goes beyond plausible criticism by primarily intending to abusively offend the victim, hereby neglecting a substantiated contribution.\nIs the statement abusive criticism?\nYes → STOP (criminally RELEVANT according to §§185-187 StGB)\nNo → STOP (NOT criminally relevant according to §§185-187 StGB)\n\n\nAccording to this decision schema, decide whether the following text is criminally revant according to §§185-187 StGB (Defamatory Offense). Answer only with 'True' (criminally relevant according to §§185-187 StGB) or 'False' (not criminally relevant according to §§185-187 StGB).""}, {""role"": ""user"", ""content"": ""Ja, ganz toll. Ihr seid eine Schande für Deutschland!""}]",0,FN
858054527566305,Ach jûrgen mûnsterlænder schátzchen in deinem Profil habe ich gerade gelesen wieee sehrrrr du uns tûrken gern hast'!wir tûrken haben solche nazis wie dich auch zum beißen gern!aber nur mit zaziki!!,True,False, False,"[{""role"": ""system"", ""content"": ""You are a legal expert for defamatory offenses according the the German Criminal Code (§§185-187 StGB). Help the user decide whether given posts fall within in the scope of these articles.""}, {""role"": ""user"", ""content"": ""Step 1: A defamatory object can be a living individual, a group of persons that is distinguishable from the general public such that every member of that group could feel their honor is infringed or collective entities such as governments or press companies with a recognised social role and who act with a collective, single will.\nIs there a defamatory object in this statement? \nNo → STOP (NOT criminally relevant according to §§185-187 StGB)\nYes → Step 2\n\nStep 2: A disparaging statement is a statement which interferes with the potential victim's right to honour. It is already fulfilled by expressing contempt or disrespect through the allegation of shortcomings that could reduce the victim’s social standing.\nIs there a disparaging statement directed towards the defamatory object?\nNo → STOP (NOT criminally relevant according to §§185-187 StGB)\nYes → Step 3\n\nStep 3: A factual claim is a stetement that can be proven to be true or untrue in front of a court. A value judgment constitutes and expression of personal opinions.\nIs it primarily a value judgement and NOT primarily a factual claim?\nNo → STOP (NOT criminally relevant according to §§185-187 StGB)\nYes → Step 4\n\nStep 4: An abusive insult is a statement that constitutes breaking a taboo by itself and intends only the defamation of the victim without any substantiated contribution.\nIs the statement an abusive insult?\nYes → STOP (criminally RELEVANT according to §§185-187 StGB)\nNo → Step 5\n\nStep 5: A statement is of public interest if it contains a contribution to the public discourse with respect to a particular relevant topic of public interest.\nIs the statement of public interest?\nYes → STOP (NOT criminally relevant according to §§185-187 StGB)\nNo → Step 6\n\nStep 6: A statement is considered abusive criticism if it goes beyond plausible criticism by primarily intending to abusively offend the victim, hereby neglecting a substantiated contribution.\nIs the statement abusive criticism?\nYes → STOP (criminally RELEVANT according to §§185-187 StGB)\nNo → STOP (NOT criminally relevant according to §§185-187 StGB)\n\n\nAccording to this decision schema, decide whether the following text is criminally revant according to §§185-187 StGB (Defamatory Offense). Answer only with 'True' (criminally relevant according to §§185-187 StGB) or 'False' (not criminally relevant according to §§185-187 StGB).""}, {""role"": ""user"", ""content"": ""Ach jûrgen mûnsterlænder schátzchen in deinem Profil habe ich gerade gelesen wieee sehrrrr du uns tûrken gern hast'!wir tûrken haben solche nazis wie dich auch zum beißen gern!aber nur mit zaziki!!""}]",0,FN
858061987565559,"Die erinnert an eine stalinistische Politfunktionärin - schon dieser kalte, abgebrühte Blick. Solch einem Typus Frau würde man auch die Erschießung kleiner Kinder zutrauen.",True,False, False,"[{""role"": ""system"", ""content"": ""You are a legal expert for defamatory offenses according the the German Criminal Code (§§185-187 StGB). Help the user decide whether given posts fall within in the scope of these articles.""}, {""role"": ""user"", ""content"": ""Step 1: A defamatory object can be a living individual, a group of persons that is distinguishable from the general public such that every member of that group could feel their honor is infringed or collective entities such as governments or press companies with a recognised social role and who act with a collective, single will.\nIs there a defamatory object in this statement? \nNo → STOP (NOT criminally relevant according to §§185-187 StGB)\nYes → Step 2\n\nStep 2: A disparaging statement is a statement which interferes with the potential victim's right to honour. It is already fulfilled by expressing contempt or disrespect through the allegation of shortcomings that could reduce the victim’s social standing.\nIs there a disparaging statement directed towards the defamatory object?\nNo → STOP (NOT criminally relevant according to §§185-187 StGB)\nYes → Step 3\n\nStep 3: A factual claim is a stetement that can be proven to be true or untrue in front of a court. A value judgment constitutes and expression of personal opinions.\nIs it primarily a value judgement and NOT primarily a factual claim?\nNo → STOP (NOT criminally relevant according to §§185-187 StGB)\nYes → Step 4\n\nStep 4: An abusive insult is a statement that constitutes breaking a taboo by itself and intends only the defamation of the victim without any substantiated contribution.\nIs the statement an abusive insult?\nYes → STOP (criminally RELEVANT according to §§185-187 StGB)\nNo → Step 5\n\nStep 5: A statement is of public interest if it contains a contribution to the public discourse with respect to a particular relevant topic of public interest.\nIs the statement of public interest?\nYes → STOP (NOT criminally relevant according to §§185-187 StGB)\nNo → Step 6\n\nStep 6: A statement is considered abusive criticism if it goes beyond plausible criticism by primarily intending to abusively offend the victim, hereby neglecting a substantiated contribution.\nIs the statement abusive criticism?\nYes → STOP (criminally RELEVANT according to §§185-187 StGB)\nNo → STOP (NOT criminally relevant according to §§185-187 StGB)\n\n\nAccording to this decision schema, decide whether the following text is criminally revant according to §§185-187 StGB (Defamatory Offense). Answer only with 'True' (criminally relevant according to §§185-187 StGB) or 'False' (not criminally relevant according to §§185-187 StGB).""}, {""role"": ""user"", ""content"": ""Die erinnert an eine stalinistische Politfunktionärin - schon dieser kalte, abgebrühte Blick. Solch einem Typus Frau würde man auch die Erschießung kleiner Kinder zutrauen.""}]",0,FN
858074767564281,"Kommt mal alle Nach Mönchengladbach dann kann ich euch wenigstens umhauen scheiß Nazi pack ! 
Rentner aus dem 2 weltkrieg die nix gelernt haben und absolute Versager gehen nur zu dem Pack ! 

Wir werden euch ALLE umhauen !",False,True, True,"[{""role"": ""system"", ""content"": ""You are a legal expert for defamatory offenses according the the German Criminal Code (§§185-187 StGB). Help the user decide whether given posts fall within in the scope of these articles.""}, {""role"": ""user"", ""content"": ""Step 1: A defamatory object can be a living individual, a group of persons that is distinguishable from the general public such that every member of that group could feel their honor is infringed or collective entities such as governments or press companies with a recognised social role and who act with a collective, single will.\nIs there a defamatory object in this statement? \nNo → STOP (NOT criminally relevant according to §§185-187 StGB)\nYes → Step 2\n\nStep 2: A disparaging statement is a statement which interferes with the potential victim's right to honour. It is already fulfilled by expressing contempt or disrespect through the allegation of shortcomings that could reduce the victim’s social standing.\nIs there a disparaging statement directed towards the defamatory object?\nNo → STOP (NOT criminally relevant according to §§185-187 StGB)\nYes → Step 3\n\nStep 3: A factual claim is a stetement that can be proven to be true or untrue in front of a court. A value judgment constitutes and expression of personal opinions.\nIs it primarily a value judgement and NOT primarily a factual claim?\nNo → STOP (NOT criminally relevant according to §§185-187 StGB)\nYes → Step 4\n\nStep 4: An abusive insult is a statement that constitutes breaking a taboo by itself and intends only the defamation of the victim without any substantiated contribution.\nIs the statement an abusive insult?\nYes → STOP (criminally RELEVANT according to §§185-187 StGB)\nNo → Step 5\n\nStep 5: A statement is of public interest if it contains a contribution to the public discourse with respect to a particular relevant topic of public interest.\nIs the statement of public interest?\nYes → STOP (NOT criminally relevant according to §§185-187 StGB)\nNo → Step 6\n\nStep 6: A statement is considered abusive criticism if it goes beyond plausible criticism by primarily intending to abusively offend the victim, hereby neglecting a substantiated contribution.\nIs the statement abusive criticism?\nYes → STOP (criminally RELEVANT according to §§185-187 StGB)\nNo → STOP (NOT criminally relevant according to §§185-187 StGB)\n\n\nAccording to this decision schema, decide whether the following text is criminally revant according to §§185-187 StGB (Defamatory Offense). Answer only with 'True' (criminally relevant according to §§185-187 StGB) or 'False' (not criminally relevant according to §§185-187 StGB).""}, {""role"": ""user"", ""content"": ""Kommt mal alle Nach Mönchengladbach dann kann ich euch wenigstens umhauen scheiß Nazi pack ! \r\nRentner aus dem 2 weltkrieg die nix gelernt haben und absolute Versager gehen nur zu dem Pack ! \r\n\r\nWir werden euch ALLE umhauen !""}]",0,FP
858079557563802,"ihr könnt denken ? Halte ich für das Gerücht des Jahrtausends :D Eure vorfahren waren vermutlich die, die wie die fligen hitler hinterher gerannt sind und ihm noch den arsch geküsst haben wärend ihre verwandten ins KZ gesteckt wurde",True,False, False,"[{""role"": ""system"", ""content"": ""You are a legal expert for defamatory offenses according the the German Criminal Code (§§185-187 StGB). Help the user decide whether given posts fall within in the scope of these articles.""}, {""role"": ""user"", ""content"": ""Step 1: A defamatory object can be a living individual, a group of persons that is distinguishable from the general public such that every member of that group could feel their honor is infringed or collective entities such as governments or press companies with a recognised social role and who act with a collective, single will.\nIs there a defamatory object in this statement? \nNo → STOP (NOT criminally relevant according to §§185-187 StGB)\nYes → Step 2\n\nStep 2: A disparaging statement is a statement which interferes with the potential victim's right to honour. It is already fulfilled by expressing contempt or disrespect through the allegation of shortcomings that could reduce the victim’s social standing.\nIs there a disparaging statement directed towards the defamatory object?\nNo → STOP (NOT criminally relevant according to §§185-187 StGB)\nYes → Step 3\n\nStep 3: A factual claim is a stetement that can be proven to be true or untrue in front of a court. A value judgment constitutes and expression of personal opinions.\nIs it primarily a value judgement and NOT primarily a factual claim?\nNo → STOP (NOT criminally relevant according to §§185-187 StGB)\nYes → Step 4\n\nStep 4: An abusive insult is a statement that constitutes breaking a taboo by itself and intends only the defamation of the victim without any substantiated contribution.\nIs the statement an abusive insult?\nYes → STOP (criminally RELEVANT according to §§185-187 StGB)\nNo → Step 5\n\nStep 5: A statement is of public interest if it contains a contribution to the public discourse with respect to a particular relevant topic of public interest.\nIs the statement of public interest?\nYes → STOP (NOT criminally relevant according to §§185-187 StGB)\nNo → Step 6\n\nStep 6: A statement is considered abusive criticism if it goes beyond plausible criticism by primarily intending to abusively offend the victim, hereby neglecting a substantiated contribution.\nIs the statement abusive criticism?\nYes → STOP (criminally RELEVANT according to §§185-187 StGB)\nNo → STOP (NOT criminally relevant according to §§185-187 StGB)\n\n\nAccording to this decision schema, decide whether the following text is criminally revant according to §§185-187 StGB (Defamatory Offense). Answer only with 'True' (criminally relevant according to §§185-187 StGB) or 'False' (not criminally relevant according to §§185-187 StGB).""}, {""role"": ""user"", ""content"": ""ihr könnt denken ? Halte ich für das Gerücht des Jahrtausends :D Eure vorfahren waren vermutlich die, die wie die fligen hitler hinterher gerannt sind und ihm noch den arsch geküsst haben wärend ihre verwandten ins KZ gesteckt wurde""}]",1,FN
858085680896523,"Weltoffen?vergessen die Salafisten, Hassprediger, ISIS.
Vergessen die verfolgten, geschändeten, abgeschlachteten, ja Weltoffen.
Den Schutz des Jüdischen Volkes, das wir schützen müssen!
Ihr seid nur erbärmliche Heuchler.
Ich verachte euch!",True,False, False,"[{""role"": ""system"", ""content"": ""You are a legal expert for defamatory offenses according the the German Criminal Code (§§185-187 StGB). Help the user decide whether given posts fall within in the scope of these articles.""}, {""role"": ""user"", ""content"": ""Step 1: A defamatory object can be a living individual, a group of persons that is distinguishable from the general public such that every member of that group could feel their honor is infringed or collective entities such as governments or press companies with a recognised social role and who act with a collective, single will.\nIs there a defamatory object in this statement? \nNo → STOP (NOT criminally relevant according to §§185-187 StGB)\nYes → Step 2\n\nStep 2: A disparaging statement is a statement which interferes with the potential victim's right to honour. It is already fulfilled by expressing contempt or disrespect through the allegation of shortcomings that could reduce the victim’s social standing.\nIs there a disparaging statement directed towards the defamatory object?\nNo → STOP (NOT criminally relevant according to §§185-187 StGB)\nYes → Step 3\n\nStep 3: A factual claim is a stetement that can be proven to be true or untrue in front of a court. A value judgment constitutes and expression of personal opinions.\nIs it primarily a value judgement and NOT primarily a factual claim?\nNo → STOP (NOT criminally relevant according to §§185-187 StGB)\nYes → Step 4\n\nStep 4: An abusive insult is a statement that constitutes breaking a taboo by itself and intends only the defamation of the victim without any substantiated contribution.\nIs the statement an abusive insult?\nYes → STOP (criminally RELEVANT according to §§185-187 StGB)\nNo → Step 5\n\nStep 5: A statement is of public interest if it contains a contribution to the public discourse with respect to a particular relevant topic of public interest.\nIs the statement of public interest?\nYes → STOP (NOT criminally relevant according to §§185-187 StGB)\nNo → Step 6\n\nStep 6: A statement is considered abusive criticism if it goes beyond plausible criticism by primarily intending to abusively offend the victim, hereby neglecting a substantiated contribution.\nIs the statement abusive criticism?\nYes → STOP (criminally RELEVANT according to §§185-187 StGB)\nNo → STOP (NOT criminally relevant according to §§185-187 StGB)\n\n\nAccording to this decision schema, decide whether the following text is criminally revant according to §§185-187 StGB (Defamatory Offense). Answer only with 'True' (criminally relevant according to §§185-187 StGB) or 'False' (not criminally relevant according to §§185-187 StGB).""}, {""role"": ""user"", ""content"": ""Weltoffen?vergessen die Salafisten, Hassprediger, ISIS.\r\nVergessen die verfolgten, geschändeten, abgeschlachteten, ja Weltoffen.\r\nDen Schutz des Jüdischen Volkes, das wir schützen müssen!\r\nIhr seid nur erbärmliche Heuchler.\r\nIch verachte euch!""}]",2,FN
858088150896276,"Vernünftige Argumente ? Diese zwei Worte solltest du nicht in den Mund nehmen, deine dämlichen Kommentare sprechen eine andere Sprache. Und vor solchen Subjekten wie dir macht jeder vernünftig denkende Mensch sofort dicht, verschenkte Zeit und völlig sinnlos.",True,False, False,"[{""role"": ""system"", ""content"": ""You are a legal expert for defamatory offenses according the the German Criminal Code (§§185-187 StGB). Help the user decide whether given posts fall within in the scope of these articles.""}, {""role"": ""user"", ""content"": ""Step 1: A defamatory object can be a living individual, a group of persons that is distinguishable from the general public such that every member of that group could feel their honor is infringed or collective entities such as governments or press companies with a recognised social role and who act with a collective, single will.\nIs there a defamatory object in this statement? \nNo → STOP (NOT criminally relevant according to §§185-187 StGB)\nYes → Step 2\n\nStep 2: A disparaging statement is a statement which interferes with the potential victim's right to honour. It is already fulfilled by expressing contempt or disrespect through the allegation of shortcomings that could reduce the victim’s social standing.\nIs there a disparaging statement directed towards the defamatory object?\nNo → STOP (NOT criminally relevant according to §§185-187 StGB)\nYes → Step 3\n\nStep 3: A factual claim is a stetement that can be proven to be true or untrue in front of a court. A value judgment constitutes and expression of personal opinions.\nIs it primarily a value judgement and NOT primarily a factual claim?\nNo → STOP (NOT criminally relevant according to §§185-187 StGB)\nYes → Step 4\n\nStep 4: An abusive insult is a statement that constitutes breaking a taboo by itself and intends only the defamation of the victim without any substantiated contribution.\nIs the statement an abusive insult?\nYes → STOP (criminally RELEVANT according to §§185-187 StGB)\nNo → Step 5\n\nStep 5: A statement is of public interest if it contains a contribution to the public discourse with respect to a particular relevant topic of public interest.\nIs the statement of public interest?\nYes → STOP (NOT criminally relevant according to §§185-187 StGB)\nNo → Step 6\n\nStep 6: A statement is considered abusive criticism if it goes beyond plausible criticism by primarily intending to abusively offend the victim, hereby neglecting a substantiated contribution.\nIs the statement abusive criticism?\nYes → STOP (criminally RELEVANT according to §§185-187 StGB)\nNo → STOP (NOT criminally relevant according to §§185-187 StGB)\n\n\nAccording to this decision schema, decide whether the following text is criminally revant according to §§185-187 StGB (Defamatory Offense). Answer only with 'True' (criminally relevant according to §§185-187 StGB) or 'False' (not criminally relevant according to §§185-187 StGB).""}, {""role"": ""user"", ""content"": ""Vernünftige Argumente ? Diese zwei Worte solltest du nicht in den Mund nehmen, deine dämlichen Kommentare sprechen eine andere Sprache. Und vor solchen Subjekten wie dir macht jeder vernünftig denkende Mensch sofort dicht, verschenkte Zeit und völlig sinnlos.""}]",1,FN
858092710895820,Deine Mutter wollte dich nicht,True,False, False,"[{""role"": ""system"", ""content"": ""You are a legal expert for defamatory offenses according the the German Criminal Code (§§185-187 StGB). Help the user decide whether given posts fall within in the scope of these articles.""}, {""role"": ""user"", ""content"": ""Step 1: A defamatory object can be a living individual, a group of persons that is distinguishable from the general public such that every member of that group could feel their honor is infringed or collective entities such as governments or press companies with a recognised social role and who act with a collective, single will.\nIs there a defamatory object in this statement? \nNo → STOP (NOT criminally relevant according to §§185-187 StGB)\nYes → Step 2\n\nStep 2: A disparaging statement is a statement which interferes with the potential victim's right to honour. It is already fulfilled by expressing contempt or disrespect through the allegation of shortcomings that could reduce the victim’s social standing.\nIs there a disparaging statement directed towards the defamatory object?\nNo → STOP (NOT criminally relevant according to §§185-187 StGB)\nYes → Step 3\n\nStep 3: A factual claim is a stetement that can be proven to be true or untrue in front of a court. A value judgment constitutes and expression of personal opinions.\nIs it primarily a value judgement and NOT primarily a factual claim?\nNo → STOP (NOT criminally relevant according to §§185-187 StGB)\nYes → Step 4\n\nStep 4: An abusive insult is a statement that constitutes breaking a taboo by itself and intends only the defamation of the victim without any substantiated contribution.\nIs the statement an abusive insult?\nYes → STOP (criminally RELEVANT according to §§185-187 StGB)\nNo → Step 5\n\nStep 5: A statement is of public interest if it contains a contribution to the public discourse with respect to a particular relevant topic of public interest.\nIs the statement of public interest?\nYes → STOP (NOT criminally relevant according to §§185-187 StGB)\nNo → Step 6\n\nStep 6: A statement is considered abusive criticism if it goes beyond plausible criticism by primarily intending to abusively offend the victim, hereby neglecting a substantiated contribution.\nIs the statement abusive criticism?\nYes → STOP (criminally RELEVANT according to §§185-187 StGB)\nNo → STOP (NOT criminally relevant according to §§185-187 StGB)\n\n\nAccording to this decision schema, decide whether the following text is criminally revant according to §§185-187 StGB (Defamatory Offense). Answer only with 'True' (criminally relevant according to §§185-187 StGB) or 'False' (not criminally relevant according to §§185-187 StGB).""}, {""role"": ""user"", ""content"": ""Deine Mutter wollte dich nicht""}]",3,FN
858340034204421,"Marta, what do you mean with there claim to be no Nazi,..what are you,..I would say Kindergarten and Islamist!",True,False, False,"[{""role"": ""system"", ""content"": ""You are a legal expert for defamatory offenses according the the German Criminal Code (§§185-187 StGB). Help the user decide whether given posts fall within in the scope of these articles.""}, {""role"": ""user"", ""content"": ""Step 1: A defamatory object can be a living individual, a group of persons that is distinguishable from the general public such that every member of that group could feel their honor is infringed or collective entities such as governments or press companies with a recognised social role and who act with a collective, single will.\nIs there a defamatory object in this statement? \nNo → STOP (NOT criminally relevant according to §§185-187 StGB)\nYes → Step 2\n\nStep 2: A disparaging statement is a statement which interferes with the potential victim's right to honour. It is already fulfilled by expressing contempt or disrespect through the allegation of shortcomings that could reduce the victim’s social standing.\nIs there a disparaging statement directed towards the defamatory object?\nNo → STOP (NOT criminally relevant according to §§185-187 StGB)\nYes → Step 3\n\nStep 3: A factual claim is a stetement that can be proven to be true or untrue in front of a court. A value judgment constitutes and expression of personal opinions.\nIs it primarily a value judgement and NOT primarily a factual claim?\nNo → STOP (NOT criminally relevant according to §§185-187 StGB)\nYes → Step 4\n\nStep 4: An abusive insult is a statement that constitutes breaking a taboo by itself and intends only the defamation of the victim without any substantiated contribution.\nIs the statement an abusive insult?\nYes → STOP (criminally RELEVANT according to §§185-187 StGB)\nNo → Step 5\n\nStep 5: A statement is of public interest if it contains a contribution to the public discourse with respect to a particular relevant topic of public interest.\nIs the statement of public interest?\nYes → STOP (NOT criminally relevant according to §§185-187 StGB)\nNo → Step 6\n\nStep 6: A statement is considered abusive criticism if it goes beyond plausible criticism by primarily intending to abusively offend the victim, hereby neglecting a substantiated contribution.\nIs the statement abusive criticism?\nYes → STOP (criminally RELEVANT according to §§185-187 StGB)\nNo → STOP (NOT criminally relevant according to §§185-187 StGB)\n\n\nAccording to this decision schema, decide whether the following text is criminally revant according to §§185-187 StGB (Defamatory Offense). Answer only with 'True' (criminally relevant according to §§185-187 StGB) or 'False' (not criminally relevant according to §§185-187 StGB).""}, {""role"": ""user"", ""content"": ""Marta, what do you mean with there claim to be no Nazi,..what are you,..I would say Kindergarten and Islamist!""}]",2,FN
858369210868170,"Leiber x-Asylanten, als so hässliche Deutsche wie Rene",True,False, False,"[{""role"": ""system"", ""content"": ""You are a legal expert for defamatory offenses according the the German Criminal Code (§§185-187 StGB). Help the user decide whether given posts fall within in the scope of these articles.""}, {""role"": ""user"", ""content"": ""Step 1: A defamatory object can be a living individual, a group of persons that is distinguishable from the general public such that every member of that group could feel their honor is infringed or collective entities such as governments or press companies with a recognised social role and who act with a collective, single will.\nIs there a defamatory object in this statement? \nNo → STOP (NOT criminally relevant according to §§185-187 StGB)\nYes → Step 2\n\nStep 2: A disparaging statement is a statement which interferes with the potential victim's right to honour. It is already fulfilled by expressing contempt or disrespect through the allegation of shortcomings that could reduce the victim’s social standing.\nIs there a disparaging statement directed towards the defamatory object?\nNo → STOP (NOT criminally relevant according to §§185-187 StGB)\nYes → Step 3\n\nStep 3: A factual claim is a stetement that can be proven to be true or untrue in front of a court. A value judgment constitutes and expression of personal opinions.\nIs it primarily a value judgement and NOT primarily a factual claim?\nNo → STOP (NOT criminally relevant according to §§185-187 StGB)\nYes → Step 4\n\nStep 4: An abusive insult is a statement that constitutes breaking a taboo by itself and intends only the defamation of the victim without any substantiated contribution.\nIs the statement an abusive insult?\nYes → STOP (criminally RELEVANT according to §§185-187 StGB)\nNo → Step 5\n\nStep 5: A statement is of public interest if it contains a contribution to the public discourse with respect to a particular relevant topic of public interest.\nIs the statement of public interest?\nYes → STOP (NOT criminally relevant according to §§185-187 StGB)\nNo → Step 6\n\nStep 6: A statement is considered abusive criticism if it goes beyond plausible criticism by primarily intending to abusively offend the victim, hereby neglecting a substantiated contribution.\nIs the statement abusive criticism?\nYes → STOP (criminally RELEVANT according to §§185-187 StGB)\nNo → STOP (NOT criminally relevant according to §§185-187 StGB)\n\n\nAccording to this decision schema, decide whether the following text is criminally revant according to §§185-187 StGB (Defamatory Offense). Answer only with 'True' (criminally relevant according to §§185-187 StGB) or 'False' (not criminally relevant according to §§185-187 StGB).""}, {""role"": ""user"", ""content"": ""Leiber x-Asylanten, als so hässliche Deutsche wie Rene""}]",1,FN
858396527532105,Kai Heiter sein Kommentar!!! Löst euch selber auf. So ist gut!!! Das nenn ich Vaterlandsveräter sollche Kommentare denn Pegida und die Menschen gehn auf die Straßeund dann kommen sollche Idoten und machen alles kaputt mit sollchen Kommenaren!!!,True,False, False,"[{""role"": ""system"", ""content"": ""You are a legal expert for defamatory offenses according the the German Criminal Code (§§185-187 StGB). Help the user decide whether given posts fall within in the scope of these articles.""}, {""role"": ""user"", ""content"": ""Step 1: A defamatory object can be a living individual, a group of persons that is distinguishable from the general public such that every member of that group could feel their honor is infringed or collective entities such as governments or press companies with a recognised social role and who act with a collective, single will.\nIs there a defamatory object in this statement? \nNo → STOP (NOT criminally relevant according to §§185-187 StGB)\nYes → Step 2\n\nStep 2: A disparaging statement is a statement which interferes with the potential victim's right to honour. It is already fulfilled by expressing contempt or disrespect through the allegation of shortcomings that could reduce the victim’s social standing.\nIs there a disparaging statement directed towards the defamatory object?\nNo → STOP (NOT criminally relevant according to §§185-187 StGB)\nYes → Step 3\n\nStep 3: A factual claim is a stetement that can be proven to be true or untrue in front of a court. A value judgment constitutes and expression of personal opinions.\nIs it primarily a value judgement and NOT primarily a factual claim?\nNo → STOP (NOT criminally relevant according to §§185-187 StGB)\nYes → Step 4\n\nStep 4: An abusive insult is a statement that constitutes breaking a taboo by itself and intends only the defamation of the victim without any substantiated contribution.\nIs the statement an abusive insult?\nYes → STOP (criminally RELEVANT according to §§185-187 StGB)\nNo → Step 5\n\nStep 5: A statement is of public interest if it contains a contribution to the public discourse with respect to a particular relevant topic of public interest.\nIs the statement of public interest?\nYes → STOP (NOT criminally relevant according to §§185-187 StGB)\nNo → Step 6\n\nStep 6: A statement is considered abusive criticism if it goes beyond plausible criticism by primarily intending to abusively offend the victim, hereby neglecting a substantiated contribution.\nIs the statement abusive criticism?\nYes → STOP (criminally RELEVANT according to §§185-187 StGB)\nNo → STOP (NOT criminally relevant according to §§185-187 StGB)\n\n\nAccording to this decision schema, decide whether the following text is criminally revant according to §§185-187 StGB (Defamatory Offense). Answer only with 'True' (criminally relevant according to §§185-187 StGB) or 'False' (not criminally relevant according to §§185-187 StGB).""}, {""role"": ""user"", ""content"": ""Kai Heiter sein Kommentar!!! Löst euch selber auf. So ist gut!!! Das nenn ich Vaterlandsveräter sollche Kommentare denn Pegida und die Menschen gehn auf die Straßeund dann kommen sollche Idoten und machen alles kaputt mit sollchen Kommenaren!!!""}]",3,FN
858439244194500,"Michael Pootemans ich sagts jetzt zum Letzten mal,irgentwas ist mit meiner Tastatur seit ich mich auf Facebook angemeldet habe Spinnt die Rum,ist das jetzt klar oder was!!! Und wenn sie schon nichts mehr zu sagen haben,dann sein sie so Freundlich und unterlassen sollche Kommentare denn das Zeigt ihren niedrigen Geistigen Zustand!!! Denn wenn ihr Geistiger Zustand besser wäre würden sie Fragen warum meine Rechtschreibung so Schlecht ist!!!",True,False, False,"[{""role"": ""system"", ""content"": ""You are a legal expert for defamatory offenses according the the German Criminal Code (§§185-187 StGB). Help the user decide whether given posts fall within in the scope of these articles.""}, {""role"": ""user"", ""content"": ""Step 1: A defamatory object can be a living individual, a group of persons that is distinguishable from the general public such that every member of that group could feel their honor is infringed or collective entities such as governments or press companies with a recognised social role and who act with a collective, single will.\nIs there a defamatory object in this statement? \nNo → STOP (NOT criminally relevant according to §§185-187 StGB)\nYes → Step 2\n\nStep 2: A disparaging statement is a statement which interferes with the potential victim's right to honour. It is already fulfilled by expressing contempt or disrespect through the allegation of shortcomings that could reduce the victim’s social standing.\nIs there a disparaging statement directed towards the defamatory object?\nNo → STOP (NOT criminally relevant according to §§185-187 StGB)\nYes → Step 3\n\nStep 3: A factual claim is a stetement that can be proven to be true or untrue in front of a court. A value judgment constitutes and expression of personal opinions.\nIs it primarily a value judgement and NOT primarily a factual claim?\nNo → STOP (NOT criminally relevant according to §§185-187 StGB)\nYes → Step 4\n\nStep 4: An abusive insult is a statement that constitutes breaking a taboo by itself and intends only the defamation of the victim without any substantiated contribution.\nIs the statement an abusive insult?\nYes → STOP (criminally RELEVANT according to §§185-187 StGB)\nNo → Step 5\n\nStep 5: A statement is of public interest if it contains a contribution to the public discourse with respect to a particular relevant topic of public interest.\nIs the statement of public interest?\nYes → STOP (NOT criminally relevant according to §§185-187 StGB)\nNo → Step 6\n\nStep 6: A statement is considered abusive criticism if it goes beyond plausible criticism by primarily intending to abusively offend the victim, hereby neglecting a substantiated contribution.\nIs the statement abusive criticism?\nYes → STOP (criminally RELEVANT according to §§185-187 StGB)\nNo → STOP (NOT criminally relevant according to §§185-187 StGB)\n\n\nAccording to this decision schema, decide whether the following text is criminally revant according to §§185-187 StGB (Defamatory Offense). Answer only with 'True' (criminally relevant according to §§185-187 StGB) or 'False' (not criminally relevant according to §§185-187 StGB).""}, {""role"": ""user"", ""content"": ""Michael Pootemans ich sagts jetzt zum Letzten mal,irgentwas ist mit meiner Tastatur seit ich mich auf Facebook angemeldet habe Spinnt die Rum,ist das jetzt klar oder was!!! Und wenn sie schon nichts mehr zu sagen haben,dann sein sie so Freundlich und unterlassen sollche Kommentare denn das Zeigt ihren niedrigen Geistigen Zustand!!! Denn wenn ihr Geistiger Zustand besser wäre würden sie Fragen warum meine Rechtschreibung so Schlecht ist!!!""}]",3,FN
858456270859464,Ihr pisser,False,True, True,"[{""role"": ""system"", ""content"": ""You are a legal expert for defamatory offenses according the the German Criminal Code (§§185-187 StGB). Help the user decide whether given posts fall within in the scope of these articles.""}, {""role"": ""user"", ""content"": ""Step 1: A defamatory object can be a living individual, a group of persons that is distinguishable from the general public such that every member of that group could feel their honor is infringed or collective entities such as governments or press companies with a recognised social role and who act with a collective, single will.\nIs there a defamatory object in this statement? \nNo → STOP (NOT criminally relevant according to §§185-187 StGB)\nYes → Step 2\n\nStep 2: A disparaging statement is a statement which interferes with the potential victim's right to honour. It is already fulfilled by expressing contempt or disrespect through the allegation of shortcomings that could reduce the victim’s social standing.\nIs there a disparaging statement directed towards the defamatory object?\nNo → STOP (NOT criminally relevant according to §§185-187 StGB)\nYes → Step 3\n\nStep 3: A factual claim is a stetement that can be proven to be true or untrue in front of a court. A value judgment constitutes and expression of personal opinions.\nIs it primarily a value judgement and NOT primarily a factual claim?\nNo → STOP (NOT criminally relevant according to §§185-187 StGB)\nYes → Step 4\n\nStep 4: An abusive insult is a statement that constitutes breaking a taboo by itself and intends only the defamation of the victim without any substantiated contribution.\nIs the statement an abusive insult?\nYes → STOP (criminally RELEVANT according to §§185-187 StGB)\nNo → Step 5\n\nStep 5: A statement is of public interest if it contains a contribution to the public discourse with respect to a particular relevant topic of public interest.\nIs the statement of public interest?\nYes → STOP (NOT criminally relevant according to §§185-187 StGB)\nNo → Step 6\n\nStep 6: A statement is considered abusive criticism if it goes beyond plausible criticism by primarily intending to abusively offend the victim, hereby neglecting a substantiated contribution.\nIs the statement abusive criticism?\nYes → STOP (criminally RELEVANT according to §§185-187 StGB)\nNo → STOP (NOT criminally relevant according to §§185-187 StGB)\n\n\nAccording to this decision schema, decide whether the following text is criminally revant according to §§185-187 StGB (Defamatory Offense). Answer only with 'True' (criminally relevant according to §§185-187 StGB) or 'False' (not criminally relevant according to §§185-187 StGB).""}, {""role"": ""user"", ""content"": ""Ihr pisser""}]",1,FP
861954740509617,Ignoriert ihn.. is een grüner Spinner.. er steht wohl eher auf seine Pedo Partei..,True,False, False,"[{""role"": ""system"", ""content"": ""You are a legal expert for defamatory offenses according the the German Criminal Code (§§185-187 StGB). Help the user decide whether given posts fall within in the scope of these articles.""}, {""role"": ""user"", ""content"": ""Step 1: A defamatory object can be a living individual, a group of persons that is distinguishable from the general public such that every member of that group could feel their honor is infringed or collective entities such as governments or press companies with a recognised social role and who act with a collective, single will.\nIs there a defamatory object in this statement? \nNo → STOP (NOT criminally relevant according to §§185-187 StGB)\nYes → Step 2\n\nStep 2: A disparaging statement is a statement which interferes with the potential victim's right to honour. It is already fulfilled by expressing contempt or disrespect through the allegation of shortcomings that could reduce the victim’s social standing.\nIs there a disparaging statement directed towards the defamatory object?\nNo → STOP (NOT criminally relevant according to §§185-187 StGB)\nYes → Step 3\n\nStep 3: A factual claim is a stetement that can be proven to be true or untrue in front of a court. A value judgment constitutes and expression of personal opinions.\nIs it primarily a value judgement and NOT primarily a factual claim?\nNo → STOP (NOT criminally relevant according to §§185-187 StGB)\nYes → Step 4\n\nStep 4: An abusive insult is a statement that constitutes breaking a taboo by itself and intends only the defamation of the victim without any substantiated contribution.\nIs the statement an abusive insult?\nYes → STOP (criminally RELEVANT according to §§185-187 StGB)\nNo → Step 5\n\nStep 5: A statement is of public interest if it contains a contribution to the public discourse with respect to a particular relevant topic of public interest.\nIs the statement of public interest?\nYes → STOP (NOT criminally relevant according to §§185-187 StGB)\nNo → Step 6\n\nStep 6: A statement is considered abusive criticism if it goes beyond plausible criticism by primarily intending to abusively offend the victim, hereby neglecting a substantiated contribution.\nIs the statement abusive criticism?\nYes → STOP (criminally RELEVANT according to §§185-187 StGB)\nNo → STOP (NOT criminally relevant according to §§185-187 StGB)\n\n\nAccording to this decision schema, decide whether the following text is criminally revant according to §§185-187 StGB (Defamatory Offense). Answer only with 'True' (criminally relevant according to §§185-187 StGB) or 'False' (not criminally relevant according to §§185-187 StGB).""}, {""role"": ""user"", ""content"": ""Ignoriert ihn.. is een grüner Spinner.. er steht wohl eher auf seine Pedo Partei..""}]",1,FN
862535033784921,"Bergsteiger ,wenn ich ein aushilfsfascho bin,bist du ein ranziges kleines rotes und strohdummes linksfaschistenhirn,mit tendenz zu gutmenschengruener daemlichkeit.dein fussballverein sagt schon alles und die trikotfarbe ist fuer einen linken drecksverein ,sehr ""passend""gewaehlt...grosses Kino !!??",True,False, False,"[{""role"": ""system"", ""content"": ""You are a legal expert for defamatory offenses according the the German Criminal Code (§§185-187 StGB). Help the user decide whether given posts fall within in the scope of these articles.""}, {""role"": ""user"", ""content"": ""Step 1: A defamatory object can be a living individual, a group of persons that is distinguishable from the general public such that every member of that group could feel their honor is infringed or collective entities such as governments or press companies with a recognised social role and who act with a collective, single will.\nIs there a defamatory object in this statement? \nNo → STOP (NOT criminally relevant according to §§185-187 StGB)\nYes → Step 2\n\nStep 2: A disparaging statement is a statement which interferes with the potential victim's right to honour. It is already fulfilled by expressing contempt or disrespect through the allegation of shortcomings that could reduce the victim’s social standing.\nIs there a disparaging statement directed towards the defamatory object?\nNo → STOP (NOT criminally relevant according to §§185-187 StGB)\nYes → Step 3\n\nStep 3: A factual claim is a stetement that can be proven to be true or untrue in front of a court. A value judgment constitutes and expression of personal opinions.\nIs it primarily a value judgement and NOT primarily a factual claim?\nNo → STOP (NOT criminally relevant according to §§185-187 StGB)\nYes → Step 4\n\nStep 4: An abusive insult is a statement that constitutes breaking a taboo by itself and intends only the defamation of the victim without any substantiated contribution.\nIs the statement an abusive insult?\nYes → STOP (criminally RELEVANT according to §§185-187 StGB)\nNo → Step 5\n\nStep 5: A statement is of public interest if it contains a contribution to the public discourse with respect to a particular relevant topic of public interest.\nIs the statement of public interest?\nYes → STOP (NOT criminally relevant according to §§185-187 StGB)\nNo → Step 6\n\nStep 6: A statement is considered abusive criticism if it goes beyond plausible criticism by primarily intending to abusively offend the victim, hereby neglecting a substantiated contribution.\nIs the statement abusive criticism?\nYes → STOP (criminally RELEVANT according to §§185-187 StGB)\nNo → STOP (NOT criminally relevant according to §§185-187 StGB)\n\n\nAccording to this decision schema, decide whether the following text is criminally revant according to §§185-187 StGB (Defamatory Offense). Answer only with 'True' (criminally relevant according to §§185-187 StGB) or 'False' (not criminally relevant according to §§185-187 StGB).""}, {""role"": ""user"", ""content"": ""Bergsteiger ,wenn ich ein aushilfsfascho bin,bist du ein ranziges kleines rotes und strohdummes linksfaschistenhirn,mit tendenz zu gutmenschengruener daemlichkeit.dein fussballverein sagt schon alles und die trikotfarbe ist fuer einen linken drecksverein ,sehr \""passend\""gewaehlt...grosses Kino !!??""}]",3,FN
876247789080312,Ich suche schon ewig Arbeit und solche beschissenen Ausländer Pakis werden eingestellt. Was is das für ne beschissene Theorie????,False,True, True,"[{""role"": ""system"", ""content"": ""You are a legal expert for defamatory offenses according the the German Criminal Code (§§185-187 StGB). Help the user decide whether given posts fall within in the scope of these articles.""}, {""role"": ""user"", ""content"": ""Step 1: A defamatory object can be a living individual, a group of persons that is distinguishable from the general public such that every member of that group could feel their honor is infringed or collective entities such as governments or press companies with a recognised social role and who act with a collective, single will.\nIs there a defamatory object in this statement? \nNo → STOP (NOT criminally relevant according to §§185-187 StGB)\nYes → Step 2\n\nStep 2: A disparaging statement is a statement which interferes with the potential victim's right to honour. It is already fulfilled by expressing contempt or disrespect through the allegation of shortcomings that could reduce the victim’s social standing.\nIs there a disparaging statement directed towards the defamatory object?\nNo → STOP (NOT criminally relevant according to §§185-187 StGB)\nYes → Step 3\n\nStep 3: A factual claim is a stetement that can be proven to be true or untrue in front of a court. A value judgment constitutes and expression of personal opinions.\nIs it primarily a value judgement and NOT primarily a factual claim?\nNo → STOP (NOT criminally relevant according to §§185-187 StGB)\nYes → Step 4\n\nStep 4: An abusive insult is a statement that constitutes breaking a taboo by itself and intends only the defamation of the victim without any substantiated contribution.\nIs the statement an abusive insult?\nYes → STOP (criminally RELEVANT according to §§185-187 StGB)\nNo → Step 5\n\nStep 5: A statement is of public interest if it contains a contribution to the public discourse with respect to a particular relevant topic of public interest.\nIs the statement of public interest?\nYes → STOP (NOT criminally relevant according to §§185-187 StGB)\nNo → Step 6\n\nStep 6: A statement is considered abusive criticism if it goes beyond plausible criticism by primarily intending to abusively offend the victim, hereby neglecting a substantiated contribution.\nIs the statement abusive criticism?\nYes → STOP (criminally RELEVANT according to §§185-187 StGB)\nNo → STOP (NOT criminally relevant according to §§185-187 StGB)\n\n\nAccording to this decision schema, decide whether the following text is criminally revant according to §§185-187 StGB (Defamatory Offense). Answer only with 'True' (criminally relevant according to §§185-187 StGB) or 'False' (not criminally relevant according to §§185-187 StGB).""}, {""role"": ""user"", ""content"": ""Ich suche schon ewig Arbeit und solche beschissenen Ausländer Pakis werden eingestellt. Was is das für ne beschissene Theorie????""}]",3,FP
876247895746968,"Am schädlichsten ist wohl die ""Arbeitsagentur"", die - gesteuert von ihren Nazichefs - diese ihre menschenverachtende Vorgehensweise betreibt, die man schon moderne Euthanasie nennen kann !

Der Mensch ist defacto abhängig gemacht worden, wird stets bevormundet, ist nicht mehr Herr seiner Selbst, muß sich ""melden"" und ""abmelden"", ist ein ""legalisiert"" politischer Gefangener !

Arbeitsagenturen und ihre Mitarbeiter sind gleich nach den ""Politikern"" die allergrößten NAZISCHWEINE und Viele von Denen verdienen auch noch die Prädikate SOZIOPATH und PSYCHOPATH Davor !",True,False, False,"[{""role"": ""system"", ""content"": ""You are a legal expert for defamatory offenses according the the German Criminal Code (§§185-187 StGB). Help the user decide whether given posts fall within in the scope of these articles.""}, {""role"": ""user"", ""content"": ""Step 1: A defamatory object can be a living individual, a group of persons that is distinguishable from the general public such that every member of that group could feel their honor is infringed or collective entities such as governments or press companies with a recognised social role and who act with a collective, single will.\nIs there a defamatory object in this statement? \nNo → STOP (NOT criminally relevant according to §§185-187 StGB)\nYes → Step 2\n\nStep 2: A disparaging statement is a statement which interferes with the potential victim's right to honour. It is already fulfilled by expressing contempt or disrespect through the allegation of shortcomings that could reduce the victim’s social standing.\nIs there a disparaging statement directed towards the defamatory object?\nNo → STOP (NOT criminally relevant according to §§185-187 StGB)\nYes → Step 3\n\nStep 3: A factual claim is a stetement that can be proven to be true or untrue in front of a court. A value judgment constitutes and expression of personal opinions.\nIs it primarily a value judgement and NOT primarily a factual claim?\nNo → STOP (NOT criminally relevant according to §§185-187 StGB)\nYes → Step 4\n\nStep 4: An abusive insult is a statement that constitutes breaking a taboo by itself and intends only the defamation of the victim without any substantiated contribution.\nIs the statement an abusive insult?\nYes → STOP (criminally RELEVANT according to §§185-187 StGB)\nNo → Step 5\n\nStep 5: A statement is of public interest if it contains a contribution to the public discourse with respect to a particular relevant topic of public interest.\nIs the statement of public interest?\nYes → STOP (NOT criminally relevant according to §§185-187 StGB)\nNo → Step 6\n\nStep 6: A statement is considered abusive criticism if it goes beyond plausible criticism by primarily intending to abusively offend the victim, hereby neglecting a substantiated contribution.\nIs the statement abusive criticism?\nYes → STOP (criminally RELEVANT according to §§185-187 StGB)\nNo → STOP (NOT criminally relevant according to §§185-187 StGB)\n\n\nAccording to this decision schema, decide whether the following text is criminally revant according to §§185-187 StGB (Defamatory Offense). Answer only with 'True' (criminally relevant according to §§185-187 StGB) or 'False' (not criminally relevant according to §§185-187 StGB).""}, {""role"": ""user"", ""content"": ""Am schädlichsten ist wohl die \""Arbeitsagentur\"", die - gesteuert von ihren Nazichefs - diese ihre menschenverachtende Vorgehensweise betreibt, die man schon moderne Euthanasie nennen kann !\r\n\r\nDer Mensch ist defacto abhängig gemacht worden, wird stets bevormundet, ist nicht mehr Herr seiner Selbst, muß sich \""melden\"" und \""abmelden\"", ist ein \""legalisiert\"" politischer Gefangener !\r\n\r\nArbeitsagenturen und ihre Mitarbeiter sind gleich nach den \""Politikern\"" die allergrößten NAZISCHWEINE und Viele von Denen verdienen auch noch die Prädikate SOZIOPATH und PSYCHOPATH Davor !""}]",3,FN
876589505712807,"Egal wo die auftauchen, es kommt doch nur Scheiße raus..",True,False, False,"[{""role"": ""system"", ""content"": ""You are a legal expert for defamatory offenses according the the German Criminal Code (§§185-187 StGB). Help the user decide whether given posts fall within in the scope of these articles.""}, {""role"": ""user"", ""content"": ""Step 1: A defamatory object can be a living individual, a group of persons that is distinguishable from the general public such that every member of that group could feel their honor is infringed or collective entities such as governments or press companies with a recognised social role and who act with a collective, single will.\nIs there a defamatory object in this statement? \nNo → STOP (NOT criminally relevant according to §§185-187 StGB)\nYes → Step 2\n\nStep 2: A disparaging statement is a statement which interferes with the potential victim's right to honour. It is already fulfilled by expressing contempt or disrespect through the allegation of shortcomings that could reduce the victim’s social standing.\nIs there a disparaging statement directed towards the defamatory object?\nNo → STOP (NOT criminally relevant according to §§185-187 StGB)\nYes → Step 3\n\nStep 3: A factual claim is a stetement that can be proven to be true or untrue in front of a court. A value judgment constitutes and expression of personal opinions.\nIs it primarily a value judgement and NOT primarily a factual claim?\nNo → STOP (NOT criminally relevant according to §§185-187 StGB)\nYes → Step 4\n\nStep 4: An abusive insult is a statement that constitutes breaking a taboo by itself and intends only the defamation of the victim without any substantiated contribution.\nIs the statement an abusive insult?\nYes → STOP (criminally RELEVANT according to §§185-187 StGB)\nNo → Step 5\n\nStep 5: A statement is of public interest if it contains a contribution to the public discourse with respect to a particular relevant topic of public interest.\nIs the statement of public interest?\nYes → STOP (NOT criminally relevant according to §§185-187 StGB)\nNo → Step 6\n\nStep 6: A statement is considered abusive criticism if it goes beyond plausible criticism by primarily intending to abusively offend the victim, hereby neglecting a substantiated contribution.\nIs the statement abusive criticism?\nYes → STOP (criminally RELEVANT according to §§185-187 StGB)\nNo → STOP (NOT criminally relevant according to §§185-187 StGB)\n\n\nAccording to this decision schema, decide whether the following text is criminally revant according to §§185-187 StGB (Defamatory Offense). Answer only with 'True' (criminally relevant according to §§185-187 StGB) or 'False' (not criminally relevant according to §§185-187 StGB).""}, {""role"": ""user"", ""content"": ""Egal wo die auftauchen, es kommt doch nur Scheiße raus..""}]",3,FN
882033691835055,"Lassen ihre Kinder zurück... von ihren frauen sprechen sie gar nicht, sind ja für die eh minderwertig! abscheuliches Pack!!",False,True, True,"[{""role"": ""system"", ""content"": ""You are a legal expert for defamatory offenses according the the German Criminal Code (§§185-187 StGB). Help the user decide whether given posts fall within in the scope of these articles.""}, {""role"": ""user"", ""content"": ""Step 1: A defamatory object can be a living individual, a group of persons that is distinguishable from the general public such that every member of that group could feel their honor is infringed or collective entities such as governments or press companies with a recognised social role and who act with a collective, single will.\nIs there a defamatory object in this statement? \nNo → STOP (NOT criminally relevant according to §§185-187 StGB)\nYes → Step 2\n\nStep 2: A disparaging statement is a statement which interferes with the potential victim's right to honour. It is already fulfilled by expressing contempt or disrespect through the allegation of shortcomings that could reduce the victim’s social standing.\nIs there a disparaging statement directed towards the defamatory object?\nNo → STOP (NOT criminally relevant according to §§185-187 StGB)\nYes → Step 3\n\nStep 3: A factual claim is a stetement that can be proven to be true or untrue in front of a court. A value judgment constitutes and expression of personal opinions.\nIs it primarily a value judgement and NOT primarily a factual claim?\nNo → STOP (NOT criminally relevant according to §§185-187 StGB)\nYes → Step 4\n\nStep 4: An abusive insult is a statement that constitutes breaking a taboo by itself and intends only the defamation of the victim without any substantiated contribution.\nIs the statement an abusive insult?\nYes → STOP (criminally RELEVANT according to §§185-187 StGB)\nNo → Step 5\n\nStep 5: A statement is of public interest if it contains a contribution to the public discourse with respect to a particular relevant topic of public interest.\nIs the statement of public interest?\nYes → STOP (NOT criminally relevant according to §§185-187 StGB)\nNo → Step 6\n\nStep 6: A statement is considered abusive criticism if it goes beyond plausible criticism by primarily intending to abusively offend the victim, hereby neglecting a substantiated contribution.\nIs the statement abusive criticism?\nYes → STOP (criminally RELEVANT according to §§185-187 StGB)\nNo → STOP (NOT criminally relevant according to §§185-187 StGB)\n\n\nAccording to this decision schema, decide whether the following text is criminally revant according to §§185-187 StGB (Defamatory Offense). Answer only with 'True' (criminally relevant according to §§185-187 StGB) or 'False' (not criminally relevant according to §§185-187 StGB).""}, {""role"": ""user"", ""content"": ""Lassen ihre Kinder zurück... von ihren frauen sprechen sie gar nicht, sind ja für die eh minderwertig! abscheuliches Pack!!""}]",3,FP
882353881803036,Dieses ganze verlogene Pack ist so wiederlich.,True,False, False,"[{""role"": ""system"", ""content"": ""You are a legal expert for defamatory offenses according the the German Criminal Code (§§185-187 StGB). Help the user decide whether given posts fall within in the scope of these articles.""}, {""role"": ""user"", ""content"": ""Step 1: A defamatory object can be a living individual, a group of persons that is distinguishable from the general public such that every member of that group could feel their honor is infringed or collective entities such as governments or press companies with a recognised social role and who act with a collective, single will.\nIs there a defamatory object in this statement? \nNo → STOP (NOT criminally relevant according to §§185-187 StGB)\nYes → Step 2\n\nStep 2: A disparaging statement is a statement which interferes with the potential victim's right to honour. It is already fulfilled by expressing contempt or disrespect through the allegation of shortcomings that could reduce the victim’s social standing.\nIs there a disparaging statement directed towards the defamatory object?\nNo → STOP (NOT criminally relevant according to §§185-187 StGB)\nYes → Step 3\n\nStep 3: A factual claim is a stetement that can be proven to be true or untrue in front of a court. A value judgment constitutes and expression of personal opinions.\nIs it primarily a value judgement and NOT primarily a factual claim?\nNo → STOP (NOT criminally relevant according to §§185-187 StGB)\nYes → Step 4\n\nStep 4: An abusive insult is a statement that constitutes breaking a taboo by itself and intends only the defamation of the victim without any substantiated contribution.\nIs the statement an abusive insult?\nYes → STOP (criminally RELEVANT according to §§185-187 StGB)\nNo → Step 5\n\nStep 5: A statement is of public interest if it contains a contribution to the public discourse with respect to a particular relevant topic of public interest.\nIs the statement of public interest?\nYes → STOP (NOT criminally relevant according to §§185-187 StGB)\nNo → Step 6\n\nStep 6: A statement is considered abusive criticism if it goes beyond plausible criticism by primarily intending to abusively offend the victim, hereby neglecting a substantiated contribution.\nIs the statement abusive criticism?\nYes → STOP (criminally RELEVANT according to §§185-187 StGB)\nNo → STOP (NOT criminally relevant according to §§185-187 StGB)\n\n\nAccording to this decision schema, decide whether the following text is criminally revant according to §§185-187 StGB (Defamatory Offense). Answer only with 'True' (criminally relevant according to §§185-187 StGB) or 'False' (not criminally relevant according to §§185-187 StGB).""}, {""role"": ""user"", ""content"": ""Dieses ganze verlogene Pack ist so wiederlich.""}]",0,FN
882893088415782,"Mag sein, dass du klaust, aber ansonsten sind Deutsche in der Kriminalstatistik stark unterrepräsentiert. In Berlin sind es fast 80 % Moslems und andere Schädlinge in den Knästen. Und nur weil du Angst vor dem Wort ""Neger"" hast, muss ich es dir ja nicht gleichtun und mich dabei bekacken oder?",False,True, True,"[{""role"": ""system"", ""content"": ""You are a legal expert for defamatory offenses according the the German Criminal Code (§§185-187 StGB). Help the user decide whether given posts fall within in the scope of these articles.""}, {""role"": ""user"", ""content"": ""Step 1: A defamatory object can be a living individual, a group of persons that is distinguishable from the general public such that every member of that group could feel their honor is infringed or collective entities such as governments or press companies with a recognised social role and who act with a collective, single will.\nIs there a defamatory object in this statement? \nNo → STOP (NOT criminally relevant according to §§185-187 StGB)\nYes → Step 2\n\nStep 2: A disparaging statement is a statement which interferes with the potential victim's right to honour. It is already fulfilled by expressing contempt or disrespect through the allegation of shortcomings that could reduce the victim’s social standing.\nIs there a disparaging statement directed towards the defamatory object?\nNo → STOP (NOT criminally relevant according to §§185-187 StGB)\nYes → Step 3\n\nStep 3: A factual claim is a stetement that can be proven to be true or untrue in front of a court. A value judgment constitutes and expression of personal opinions.\nIs it primarily a value judgement and NOT primarily a factual claim?\nNo → STOP (NOT criminally relevant according to §§185-187 StGB)\nYes → Step 4\n\nStep 4: An abusive insult is a statement that constitutes breaking a taboo by itself and intends only the defamation of the victim without any substantiated contribution.\nIs the statement an abusive insult?\nYes → STOP (criminally RELEVANT according to §§185-187 StGB)\nNo → Step 5\n\nStep 5: A statement is of public interest if it contains a contribution to the public discourse with respect to a particular relevant topic of public interest.\nIs the statement of public interest?\nYes → STOP (NOT criminally relevant according to §§185-187 StGB)\nNo → Step 6\n\nStep 6: A statement is considered abusive criticism if it goes beyond plausible criticism by primarily intending to abusively offend the victim, hereby neglecting a substantiated contribution.\nIs the statement abusive criticism?\nYes → STOP (criminally RELEVANT according to §§185-187 StGB)\nNo → STOP (NOT criminally relevant according to §§185-187 StGB)\n\n\nAccording to this decision schema, decide whether the following text is criminally revant according to §§185-187 StGB (Defamatory Offense). Answer only with 'True' (criminally relevant according to §§185-187 StGB) or 'False' (not criminally relevant according to §§185-187 StGB).""}, {""role"": ""user"", ""content"": ""Mag sein, dass du klaust, aber ansonsten sind Deutsche in der Kriminalstatistik stark unterrepräsentiert. In Berlin sind es fast 80 % Moslems und andere Schädlinge in den Knästen. Und nur weil du Angst vor dem Wort \""Neger\"" hast, muss ich es dir ja nicht gleichtun und mich dabei bekacken oder?""}]",3,FP
885319498173141,Gewalttätiges linkes Dreckspack!!!,False,True, True,"[{""role"": ""system"", ""content"": ""You are a legal expert for defamatory offenses according the the German Criminal Code (§§185-187 StGB). Help the user decide whether given posts fall within in the scope of these articles.""}, {""role"": ""user"", ""content"": ""Step 1: A defamatory object can be a living individual, a group of persons that is distinguishable from the general public such that every member of that group could feel their honor is infringed or collective entities such as governments or press companies with a recognised social role and who act with a collective, single will.\nIs there a defamatory object in this statement? \nNo → STOP (NOT criminally relevant according to §§185-187 StGB)\nYes → Step 2\n\nStep 2: A disparaging statement is a statement which interferes with the potential victim's right to honour. It is already fulfilled by expressing contempt or disrespect through the allegation of shortcomings that could reduce the victim’s social standing.\nIs there a disparaging statement directed towards the defamatory object?\nNo → STOP (NOT criminally relevant according to §§185-187 StGB)\nYes → Step 3\n\nStep 3: A factual claim is a stetement that can be proven to be true or untrue in front of a court. A value judgment constitutes and expression of personal opinions.\nIs it primarily a value judgement and NOT primarily a factual claim?\nNo → STOP (NOT criminally relevant according to §§185-187 StGB)\nYes → Step 4\n\nStep 4: An abusive insult is a statement that constitutes breaking a taboo by itself and intends only the defamation of the victim without any substantiated contribution.\nIs the statement an abusive insult?\nYes → STOP (criminally RELEVANT according to §§185-187 StGB)\nNo → Step 5\n\nStep 5: A statement is of public interest if it contains a contribution to the public discourse with respect to a particular relevant topic of public interest.\nIs the statement of public interest?\nYes → STOP (NOT criminally relevant according to §§185-187 StGB)\nNo → Step 6\n\nStep 6: A statement is considered abusive criticism if it goes beyond plausible criticism by primarily intending to abusively offend the victim, hereby neglecting a substantiated contribution.\nIs the statement abusive criticism?\nYes → STOP (criminally RELEVANT according to §§185-187 StGB)\nNo → STOP (NOT criminally relevant according to §§185-187 StGB)\n\n\nAccording to this decision schema, decide whether the following text is criminally revant according to §§185-187 StGB (Defamatory Offense). Answer only with 'True' (criminally relevant according to §§185-187 StGB) or 'False' (not criminally relevant according to §§185-187 StGB).""}, {""role"": ""user"", ""content"": ""Gewalttätiges linkes Dreckspack!!!""}]",2,FP
885327771505647,wo führt das denn noch hin - ins Chaos und da sind wir schon. Scheiß M.....,False,True, True,"[{""role"": ""system"", ""content"": ""You are a legal expert for defamatory offenses according the the German Criminal Code (§§185-187 StGB). Help the user decide whether given posts fall within in the scope of these articles.""}, {""role"": ""user"", ""content"": ""Step 1: A defamatory object can be a living individual, a group of persons that is distinguishable from the general public such that every member of that group could feel their honor is infringed or collective entities such as governments or press companies with a recognised social role and who act with a collective, single will.\nIs there a defamatory object in this statement? \nNo → STOP (NOT criminally relevant according to §§185-187 StGB)\nYes → Step 2\n\nStep 2: A disparaging statement is a statement which interferes with the potential victim's right to honour. It is already fulfilled by expressing contempt or disrespect through the allegation of shortcomings that could reduce the victim’s social standing.\nIs there a disparaging statement directed towards the defamatory object?\nNo → STOP (NOT criminally relevant according to §§185-187 StGB)\nYes → Step 3\n\nStep 3: A factual claim is a stetement that can be proven to be true or untrue in front of a court. A value judgment constitutes and expression of personal opinions.\nIs it primarily a value judgement and NOT primarily a factual claim?\nNo → STOP (NOT criminally relevant according to §§185-187 StGB)\nYes → Step 4\n\nStep 4: An abusive insult is a statement that constitutes breaking a taboo by itself and intends only the defamation of the victim without any substantiated contribution.\nIs the statement an abusive insult?\nYes → STOP (criminally RELEVANT according to §§185-187 StGB)\nNo → Step 5\n\nStep 5: A statement is of public interest if it contains a contribution to the public discourse with respect to a particular relevant topic of public interest.\nIs the statement of public interest?\nYes → STOP (NOT criminally relevant according to §§185-187 StGB)\nNo → Step 6\n\nStep 6: A statement is considered abusive criticism if it goes beyond plausible criticism by primarily intending to abusively offend the victim, hereby neglecting a substantiated contribution.\nIs the statement abusive criticism?\nYes → STOP (criminally RELEVANT according to §§185-187 StGB)\nNo → STOP (NOT criminally relevant according to §§185-187 StGB)\n\n\nAccording to this decision schema, decide whether the following text is criminally revant according to §§185-187 StGB (Defamatory Offense). Answer only with 'True' (criminally relevant according to §§185-187 StGB) or 'False' (not criminally relevant according to §§185-187 StGB).""}, {""role"": ""user"", ""content"": ""wo führt das denn noch hin - ins Chaos und da sind wir schon. Scheiß M.....""}]",0,FP
885865668118524,"Nein, Erwin hat das Zusammenschlagen der Glocken nicht verpasst. Sein Kopf befand sich zwischendrin !!!",True,False, False,"[{""role"": ""system"", ""content"": ""You are a legal expert for defamatory offenses according the the German Criminal Code (§§185-187 StGB). Help the user decide whether given posts fall within in the scope of these articles.""}, {""role"": ""user"", ""content"": ""Step 1: A defamatory object can be a living individual, a group of persons that is distinguishable from the general public such that every member of that group could feel their honor is infringed or collective entities such as governments or press companies with a recognised social role and who act with a collective, single will.\nIs there a defamatory object in this statement? \nNo → STOP (NOT criminally relevant according to §§185-187 StGB)\nYes → Step 2\n\nStep 2: A disparaging statement is a statement which interferes with the potential victim's right to honour. It is already fulfilled by expressing contempt or disrespect through the allegation of shortcomings that could reduce the victim’s social standing.\nIs there a disparaging statement directed towards the defamatory object?\nNo → STOP (NOT criminally relevant according to §§185-187 StGB)\nYes → Step 3\n\nStep 3: A factual claim is a stetement that can be proven to be true or untrue in front of a court. A value judgment constitutes and expression of personal opinions.\nIs it primarily a value judgement and NOT primarily a factual claim?\nNo → STOP (NOT criminally relevant according to §§185-187 StGB)\nYes → Step 4\n\nStep 4: An abusive insult is a statement that constitutes breaking a taboo by itself and intends only the defamation of the victim without any substantiated contribution.\nIs the statement an abusive insult?\nYes → STOP (criminally RELEVANT according to §§185-187 StGB)\nNo → Step 5\n\nStep 5: A statement is of public interest if it contains a contribution to the public discourse with respect to a particular relevant topic of public interest.\nIs the statement of public interest?\nYes → STOP (NOT criminally relevant according to §§185-187 StGB)\nNo → Step 6\n\nStep 6: A statement is considered abusive criticism if it goes beyond plausible criticism by primarily intending to abusively offend the victim, hereby neglecting a substantiated contribution.\nIs the statement abusive criticism?\nYes → STOP (criminally RELEVANT according to §§185-187 StGB)\nNo → STOP (NOT criminally relevant according to §§185-187 StGB)\n\n\nAccording to this decision schema, decide whether the following text is criminally revant according to §§185-187 StGB (Defamatory Offense). Answer only with 'True' (criminally relevant according to §§185-187 StGB) or 'False' (not criminally relevant according to §§185-187 StGB).""}, {""role"": ""user"", ""content"": ""Nein, Erwin hat das Zusammenschlagen der Glocken nicht verpasst. Sein Kopf befand sich zwischendrin !!!""}]",0,FN
888176241220800,"Schade, dass die FNP in Frankreich ist und nicht bei uns, die würde ich doch glattweg seit Jahren wählen und Marine Le Pen sieht nicht so scheiße aus wie die Genossin Merkel...",True,False, False,"[{""role"": ""system"", ""content"": ""You are a legal expert for defamatory offenses according the the German Criminal Code (§§185-187 StGB). Help the user decide whether given posts fall within in the scope of these articles.""}, {""role"": ""user"", ""content"": ""Step 1: A defamatory object can be a living individual, a group of persons that is distinguishable from the general public such that every member of that group could feel their honor is infringed or collective entities such as governments or press companies with a recognised social role and who act with a collective, single will.\nIs there a defamatory object in this statement? \nNo → STOP (NOT criminally relevant according to §§185-187 StGB)\nYes → Step 2\n\nStep 2: A disparaging statement is a statement which interferes with the potential victim's right to honour. It is already fulfilled by expressing contempt or disrespect through the allegation of shortcomings that could reduce the victim’s social standing.\nIs there a disparaging statement directed towards the defamatory object?\nNo → STOP (NOT criminally relevant according to §§185-187 StGB)\nYes → Step 3\n\nStep 3: A factual claim is a stetement that can be proven to be true or untrue in front of a court. A value judgment constitutes and expression of personal opinions.\nIs it primarily a value judgement and NOT primarily a factual claim?\nNo → STOP (NOT criminally relevant according to §§185-187 StGB)\nYes → Step 4\n\nStep 4: An abusive insult is a statement that constitutes breaking a taboo by itself and intends only the defamation of the victim without any substantiated contribution.\nIs the statement an abusive insult?\nYes → STOP (criminally RELEVANT according to §§185-187 StGB)\nNo → Step 5\n\nStep 5: A statement is of public interest if it contains a contribution to the public discourse with respect to a particular relevant topic of public interest.\nIs the statement of public interest?\nYes → STOP (NOT criminally relevant according to §§185-187 StGB)\nNo → Step 6\n\nStep 6: A statement is considered abusive criticism if it goes beyond plausible criticism by primarily intending to abusively offend the victim, hereby neglecting a substantiated contribution.\nIs the statement abusive criticism?\nYes → STOP (criminally RELEVANT according to §§185-187 StGB)\nNo → STOP (NOT criminally relevant according to §§185-187 StGB)\n\n\nAccording to this decision schema, decide whether the following text is criminally revant according to §§185-187 StGB (Defamatory Offense). Answer only with 'True' (criminally relevant according to §§185-187 StGB) or 'False' (not criminally relevant according to §§185-187 StGB).""}, {""role"": ""user"", ""content"": ""Schade, dass die FNP in Frankreich ist und nicht bei uns, die würde ich doch glattweg seit Jahren wählen und Marine Le Pen sieht nicht so scheiße aus wie die Genossin Merkel...""}]",0,FN
894654843906273,Hodentöter ist einfach ein Schwachmat.,True,False, False,"[{""role"": ""system"", ""content"": ""You are a legal expert for defamatory offenses according the the German Criminal Code (§§185-187 StGB). Help the user decide whether given posts fall within in the scope of these articles.""}, {""role"": ""user"", ""content"": ""Step 1: A defamatory object can be a living individual, a group of persons that is distinguishable from the general public such that every member of that group could feel their honor is infringed or collective entities such as governments or press companies with a recognised social role and who act with a collective, single will.\nIs there a defamatory object in this statement? \nNo → STOP (NOT criminally relevant according to §§185-187 StGB)\nYes → Step 2\n\nStep 2: A disparaging statement is a statement which interferes with the potential victim's right to honour. It is already fulfilled by expressing contempt or disrespect through the allegation of shortcomings that could reduce the victim’s social standing.\nIs there a disparaging statement directed towards the defamatory object?\nNo → STOP (NOT criminally relevant according to §§185-187 StGB)\nYes → Step 3\n\nStep 3: A factual claim is a stetement that can be proven to be true or untrue in front of a court. A value judgment constitutes and expression of personal opinions.\nIs it primarily a value judgement and NOT primarily a factual claim?\nNo → STOP (NOT criminally relevant according to §§185-187 StGB)\nYes → Step 4\n\nStep 4: An abusive insult is a statement that constitutes breaking a taboo by itself and intends only the defamation of the victim without any substantiated contribution.\nIs the statement an abusive insult?\nYes → STOP (criminally RELEVANT according to §§185-187 StGB)\nNo → Step 5\n\nStep 5: A statement is of public interest if it contains a contribution to the public discourse with respect to a particular relevant topic of public interest.\nIs the statement of public interest?\nYes → STOP (NOT criminally relevant according to §§185-187 StGB)\nNo → Step 6\n\nStep 6: A statement is considered abusive criticism if it goes beyond plausible criticism by primarily intending to abusively offend the victim, hereby neglecting a substantiated contribution.\nIs the statement abusive criticism?\nYes → STOP (criminally RELEVANT according to §§185-187 StGB)\nNo → STOP (NOT criminally relevant according to §§185-187 StGB)\n\n\nAccording to this decision schema, decide whether the following text is criminally revant according to §§185-187 StGB (Defamatory Offense). Answer only with 'True' (criminally relevant according to §§185-187 StGB) or 'False' (not criminally relevant according to §§185-187 StGB).""}, {""role"": ""user"", ""content"": ""Hodentöter ist einfach ein Schwachmat.""}]",1,FN
894669423904815,"Dieser durchgeknallte J. Trottelhöfer ist doch ein ""politischer Geisterfahrer"", völlig abgedreht und orientierungslos. Sein radikaler Pazifismus ist naiv. Er heischt nach Aufmerksamkeit und entwertet jedes Gegenargument !

Für mich ist er hochgradig gestört, denn einer, der den IS-Terroristen die Hand gibt und freundschaftlich mit denen herumplappert, aber genau weiß, dass diese Typen Frauen, Kinder, Christen und Jesiden abgeschlachtet haben, ist nicht mehr zurechnungsfähig!

Dieser Mann ist krank !!!",False,True, True,"[{""role"": ""system"", ""content"": ""You are a legal expert for defamatory offenses according the the German Criminal Code (§§185-187 StGB). Help the user decide whether given posts fall within in the scope of these articles.""}, {""role"": ""user"", ""content"": ""Step 1: A defamatory object can be a living individual, a group of persons that is distinguishable from the general public such that every member of that group could feel their honor is infringed or collective entities such as governments or press companies with a recognised social role and who act with a collective, single will.\nIs there a defamatory object in this statement? \nNo → STOP (NOT criminally relevant according to §§185-187 StGB)\nYes → Step 2\n\nStep 2: A disparaging statement is a statement which interferes with the potential victim's right to honour. It is already fulfilled by expressing contempt or disrespect through the allegation of shortcomings that could reduce the victim’s social standing.\nIs there a disparaging statement directed towards the defamatory object?\nNo → STOP (NOT criminally relevant according to §§185-187 StGB)\nYes → Step 3\n\nStep 3: A factual claim is a stetement that can be proven to be true or untrue in front of a court. A value judgment constitutes and expression of personal opinions.\nIs it primarily a value judgement and NOT primarily a factual claim?\nNo → STOP (NOT criminally relevant according to §§185-187 StGB)\nYes → Step 4\n\nStep 4: An abusive insult is a statement that constitutes breaking a taboo by itself and intends only the defamation of the victim without any substantiated contribution.\nIs the statement an abusive insult?\nYes → STOP (criminally RELEVANT according to §§185-187 StGB)\nNo → Step 5\n\nStep 5: A statement is of public interest if it contains a contribution to the public discourse with respect to a particular relevant topic of public interest.\nIs the statement of public interest?\nYes → STOP (NOT criminally relevant according to §§185-187 StGB)\nNo → Step 6\n\nStep 6: A statement is considered abusive criticism if it goes beyond plausible criticism by primarily intending to abusively offend the victim, hereby neglecting a substantiated contribution.\nIs the statement abusive criticism?\nYes → STOP (criminally RELEVANT according to §§185-187 StGB)\nNo → STOP (NOT criminally relevant according to §§185-187 StGB)\n\n\nAccording to this decision schema, decide whether the following text is criminally revant according to §§185-187 StGB (Defamatory Offense). Answer only with 'True' (criminally relevant according to §§185-187 StGB) or 'False' (not criminally relevant according to §§185-187 StGB).""}, {""role"": ""user"", ""content"": ""Dieser durchgeknallte J. Trottelhöfer ist doch ein \""politischer Geisterfahrer\"", völlig abgedreht und orientierungslos. Sein radikaler Pazifismus ist naiv. Er heischt nach Aufmerksamkeit und entwertet jedes Gegenargument !\r\n\r\nFür mich ist er hochgradig gestört, denn einer, der den IS-Terroristen die Hand gibt und freundschaftlich mit denen herumplappert, aber genau weiß, dass diese Typen Frauen, Kinder, Christen und Jesiden abgeschlachtet haben, ist nicht mehr zurechnungsfähig!\r\n\r\nDieser Mann ist krank !!!""}]",1,FP
894680667237024,"Sorry, dass ich Dich verbessern muss, Totenhöfer ist Scheisse und zwar Schweinescheisse !!!",True,False, False,"[{""role"": ""system"", ""content"": ""You are a legal expert for defamatory offenses according the the German Criminal Code (§§185-187 StGB). Help the user decide whether given posts fall within in the scope of these articles.""}, {""role"": ""user"", ""content"": ""Step 1: A defamatory object can be a living individual, a group of persons that is distinguishable from the general public such that every member of that group could feel their honor is infringed or collective entities such as governments or press companies with a recognised social role and who act with a collective, single will.\nIs there a defamatory object in this statement? \nNo → STOP (NOT criminally relevant according to §§185-187 StGB)\nYes → Step 2\n\nStep 2: A disparaging statement is a statement which interferes with the potential victim's right to honour. It is already fulfilled by expressing contempt or disrespect through the allegation of shortcomings that could reduce the victim’s social standing.\nIs there a disparaging statement directed towards the defamatory object?\nNo → STOP (NOT criminally relevant according to §§185-187 StGB)\nYes → Step 3\n\nStep 3: A factual claim is a stetement that can be proven to be true or untrue in front of a court. A value judgment constitutes and expression of personal opinions.\nIs it primarily a value judgement and NOT primarily a factual claim?\nNo → STOP (NOT criminally relevant according to §§185-187 StGB)\nYes → Step 4\n\nStep 4: An abusive insult is a statement that constitutes breaking a taboo by itself and intends only the defamation of the victim without any substantiated contribution.\nIs the statement an abusive insult?\nYes → STOP (criminally RELEVANT according to §§185-187 StGB)\nNo → Step 5\n\nStep 5: A statement is of public interest if it contains a contribution to the public discourse with respect to a particular relevant topic of public interest.\nIs the statement of public interest?\nYes → STOP (NOT criminally relevant according to §§185-187 StGB)\nNo → Step 6\n\nStep 6: A statement is considered abusive criticism if it goes beyond plausible criticism by primarily intending to abusively offend the victim, hereby neglecting a substantiated contribution.\nIs the statement abusive criticism?\nYes → STOP (criminally RELEVANT according to §§185-187 StGB)\nNo → STOP (NOT criminally relevant according to §§185-187 StGB)\n\n\nAccording to this decision schema, decide whether the following text is criminally revant according to §§185-187 StGB (Defamatory Offense). Answer only with 'True' (criminally relevant according to §§185-187 StGB) or 'False' (not criminally relevant according to §§185-187 StGB).""}, {""role"": ""user"", ""content"": ""Sorry, dass ich Dich verbessern muss, Totenhöfer ist Scheisse und zwar Schweinescheisse !!!""}]",3,FN
894681810570243,Wer weiß was der für Drogen genommen hat wo er bei der IS war! !!Der ist doch hängen geblieben!,True,False, False,"[{""role"": ""system"", ""content"": ""You are a legal expert for defamatory offenses according the the German Criminal Code (§§185-187 StGB). Help the user decide whether given posts fall within in the scope of these articles.""}, {""role"": ""user"", ""content"": ""Step 1: A defamatory object can be a living individual, a group of persons that is distinguishable from the general public such that every member of that group could feel their honor is infringed or collective entities such as governments or press companies with a recognised social role and who act with a collective, single will.\nIs there a defamatory object in this statement? \nNo → STOP (NOT criminally relevant according to §§185-187 StGB)\nYes → Step 2\n\nStep 2: A disparaging statement is a statement which interferes with the potential victim's right to honour. It is already fulfilled by expressing contempt or disrespect through the allegation of shortcomings that could reduce the victim’s social standing.\nIs there a disparaging statement directed towards the defamatory object?\nNo → STOP (NOT criminally relevant according to §§185-187 StGB)\nYes → Step 3\n\nStep 3: A factual claim is a stetement that can be proven to be true or untrue in front of a court. A value judgment constitutes and expression of personal opinions.\nIs it primarily a value judgement and NOT primarily a factual claim?\nNo → STOP (NOT criminally relevant according to §§185-187 StGB)\nYes → Step 4\n\nStep 4: An abusive insult is a statement that constitutes breaking a taboo by itself and intends only the defamation of the victim without any substantiated contribution.\nIs the statement an abusive insult?\nYes → STOP (criminally RELEVANT according to §§185-187 StGB)\nNo → Step 5\n\nStep 5: A statement is of public interest if it contains a contribution to the public discourse with respect to a particular relevant topic of public interest.\nIs the statement of public interest?\nYes → STOP (NOT criminally relevant according to §§185-187 StGB)\nNo → Step 6\n\nStep 6: A statement is considered abusive criticism if it goes beyond plausible criticism by primarily intending to abusively offend the victim, hereby neglecting a substantiated contribution.\nIs the statement abusive criticism?\nYes → STOP (criminally RELEVANT according to §§185-187 StGB)\nNo → STOP (NOT criminally relevant according to §§185-187 StGB)\n\n\nAccording to this decision schema, decide whether the following text is criminally revant according to §§185-187 StGB (Defamatory Offense). Answer only with 'True' (criminally relevant according to §§185-187 StGB) or 'False' (not criminally relevant according to §§185-187 StGB).""}, {""role"": ""user"", ""content"": ""Wer weiß was der für Drogen genommen hat wo er bei der IS war! !!Der ist doch hängen geblieben!""}]",3,FN
894827087222382,??????Geballter Schwachsinn was er da von sich gibt.??????,True,False, False,"[{""role"": ""system"", ""content"": ""You are a legal expert for defamatory offenses according the the German Criminal Code (§§185-187 StGB). Help the user decide whether given posts fall within in the scope of these articles.""}, {""role"": ""user"", ""content"": ""Step 1: A defamatory object can be a living individual, a group of persons that is distinguishable from the general public such that every member of that group could feel their honor is infringed or collective entities such as governments or press companies with a recognised social role and who act with a collective, single will.\nIs there a defamatory object in this statement? \nNo → STOP (NOT criminally relevant according to §§185-187 StGB)\nYes → Step 2\n\nStep 2: A disparaging statement is a statement which interferes with the potential victim's right to honour. It is already fulfilled by expressing contempt or disrespect through the allegation of shortcomings that could reduce the victim’s social standing.\nIs there a disparaging statement directed towards the defamatory object?\nNo → STOP (NOT criminally relevant according to §§185-187 StGB)\nYes → Step 3\n\nStep 3: A factual claim is a stetement that can be proven to be true or untrue in front of a court. A value judgment constitutes and expression of personal opinions.\nIs it primarily a value judgement and NOT primarily a factual claim?\nNo → STOP (NOT criminally relevant according to §§185-187 StGB)\nYes → Step 4\n\nStep 4: An abusive insult is a statement that constitutes breaking a taboo by itself and intends only the defamation of the victim without any substantiated contribution.\nIs the statement an abusive insult?\nYes → STOP (criminally RELEVANT according to §§185-187 StGB)\nNo → Step 5\n\nStep 5: A statement is of public interest if it contains a contribution to the public discourse with respect to a particular relevant topic of public interest.\nIs the statement of public interest?\nYes → STOP (NOT criminally relevant according to §§185-187 StGB)\nNo → Step 6\n\nStep 6: A statement is considered abusive criticism if it goes beyond plausible criticism by primarily intending to abusively offend the victim, hereby neglecting a substantiated contribution.\nIs the statement abusive criticism?\nYes → STOP (criminally RELEVANT according to §§185-187 StGB)\nNo → STOP (NOT criminally relevant according to §§185-187 StGB)\n\n\nAccording to this decision schema, decide whether the following text is criminally revant according to §§185-187 StGB (Defamatory Offense). Answer only with 'True' (criminally relevant according to §§185-187 StGB) or 'False' (not criminally relevant according to §§185-187 StGB).""}, {""role"": ""user"", ""content"": ""??????Geballter Schwachsinn was er da von sich gibt.??????""}]",1,FN
895123050526119,"Selten was dümmeres  gelesen !

#pegida #kopfschuss #alleAnhänger SindBehindert",True,False, False,"[{""role"": ""system"", ""content"": ""You are a legal expert for defamatory offenses according the the German Criminal Code (§§185-187 StGB). Help the user decide whether given posts fall within in the scope of these articles.""}, {""role"": ""user"", ""content"": ""Step 1: A defamatory object can be a living individual, a group of persons that is distinguishable from the general public such that every member of that group could feel their honor is infringed or collective entities such as governments or press companies with a recognised social role and who act with a collective, single will.\nIs there a defamatory object in this statement? \nNo → STOP (NOT criminally relevant according to §§185-187 StGB)\nYes → Step 2\n\nStep 2: A disparaging statement is a statement which interferes with the potential victim's right to honour. It is already fulfilled by expressing contempt or disrespect through the allegation of shortcomings that could reduce the victim’s social standing.\nIs there a disparaging statement directed towards the defamatory object?\nNo → STOP (NOT criminally relevant according to §§185-187 StGB)\nYes → Step 3\n\nStep 3: A factual claim is a stetement that can be proven to be true or untrue in front of a court. A value judgment constitutes and expression of personal opinions.\nIs it primarily a value judgement and NOT primarily a factual claim?\nNo → STOP (NOT criminally relevant according to §§185-187 StGB)\nYes → Step 4\n\nStep 4: An abusive insult is a statement that constitutes breaking a taboo by itself and intends only the defamation of the victim without any substantiated contribution.\nIs the statement an abusive insult?\nYes → STOP (criminally RELEVANT according to §§185-187 StGB)\nNo → Step 5\n\nStep 5: A statement is of public interest if it contains a contribution to the public discourse with respect to a particular relevant topic of public interest.\nIs the statement of public interest?\nYes → STOP (NOT criminally relevant according to §§185-187 StGB)\nNo → Step 6\n\nStep 6: A statement is considered abusive criticism if it goes beyond plausible criticism by primarily intending to abusively offend the victim, hereby neglecting a substantiated contribution.\nIs the statement abusive criticism?\nYes → STOP (criminally RELEVANT according to §§185-187 StGB)\nNo → STOP (NOT criminally relevant according to §§185-187 StGB)\n\n\nAccording to this decision schema, decide whether the following text is criminally revant according to §§185-187 StGB (Defamatory Offense). Answer only with 'True' (criminally relevant according to §§185-187 StGB) or 'False' (not criminally relevant according to §§185-187 StGB).""}, {""role"": ""user"", ""content"": ""Selten was dümmeres  gelesen !\r\n\r\n#pegida #kopfschuss #alleAnhänger SindBehindert""}]",3,FN
895181270520297,"Geh deine grünen Pädodeppen und linken Antifakriminellen beleidigen du seltsames Etwas, servus !",True,False, False,"[{""role"": ""system"", ""content"": ""You are a legal expert for defamatory offenses according the the German Criminal Code (§§185-187 StGB). Help the user decide whether given posts fall within in the scope of these articles.""}, {""role"": ""user"", ""content"": ""Step 1: A defamatory object can be a living individual, a group of persons that is distinguishable from the general public such that every member of that group could feel their honor is infringed or collective entities such as governments or press companies with a recognised social role and who act with a collective, single will.\nIs there a defamatory object in this statement? \nNo → STOP (NOT criminally relevant according to §§185-187 StGB)\nYes → Step 2\n\nStep 2: A disparaging statement is a statement which interferes with the potential victim's right to honour. It is already fulfilled by expressing contempt or disrespect through the allegation of shortcomings that could reduce the victim’s social standing.\nIs there a disparaging statement directed towards the defamatory object?\nNo → STOP (NOT criminally relevant according to §§185-187 StGB)\nYes → Step 3\n\nStep 3: A factual claim is a stetement that can be proven to be true or untrue in front of a court. A value judgment constitutes and expression of personal opinions.\nIs it primarily a value judgement and NOT primarily a factual claim?\nNo → STOP (NOT criminally relevant according to §§185-187 StGB)\nYes → Step 4\n\nStep 4: An abusive insult is a statement that constitutes breaking a taboo by itself and intends only the defamation of the victim without any substantiated contribution.\nIs the statement an abusive insult?\nYes → STOP (criminally RELEVANT according to §§185-187 StGB)\nNo → Step 5\n\nStep 5: A statement is of public interest if it contains a contribution to the public discourse with respect to a particular relevant topic of public interest.\nIs the statement of public interest?\nYes → STOP (NOT criminally relevant according to §§185-187 StGB)\nNo → Step 6\n\nStep 6: A statement is considered abusive criticism if it goes beyond plausible criticism by primarily intending to abusively offend the victim, hereby neglecting a substantiated contribution.\nIs the statement abusive criticism?\nYes → STOP (criminally RELEVANT according to §§185-187 StGB)\nNo → STOP (NOT criminally relevant according to §§185-187 StGB)\n\n\nAccording to this decision schema, decide whether the following text is criminally revant according to §§185-187 StGB (Defamatory Offense). Answer only with 'True' (criminally relevant according to §§185-187 StGB) or 'False' (not criminally relevant according to §§185-187 StGB).""}, {""role"": ""user"", ""content"": ""Geh deine grünen Pädodeppen und linken Antifakriminellen beleidigen du seltsames Etwas, servus !""}]",0,FN
895202190518205,"armselig,niveaulos,geistlos...alle beide....den geistigen Horizont von knieenden Waldameisen",True,False, False,"[{""role"": ""system"", ""content"": ""You are a legal expert for defamatory offenses according the the German Criminal Code (§§185-187 StGB). Help the user decide whether given posts fall within in the scope of these articles.""}, {""role"": ""user"", ""content"": ""Step 1: A defamatory object can be a living individual, a group of persons that is distinguishable from the general public such that every member of that group could feel their honor is infringed or collective entities such as governments or press companies with a recognised social role and who act with a collective, single will.\nIs there a defamatory object in this statement? \nNo → STOP (NOT criminally relevant according to §§185-187 StGB)\nYes → Step 2\n\nStep 2: A disparaging statement is a statement which interferes with the potential victim's right to honour. It is already fulfilled by expressing contempt or disrespect through the allegation of shortcomings that could reduce the victim’s social standing.\nIs there a disparaging statement directed towards the defamatory object?\nNo → STOP (NOT criminally relevant according to §§185-187 StGB)\nYes → Step 3\n\nStep 3: A factual claim is a stetement that can be proven to be true or untrue in front of a court. A value judgment constitutes and expression of personal opinions.\nIs it primarily a value judgement and NOT primarily a factual claim?\nNo → STOP (NOT criminally relevant according to §§185-187 StGB)\nYes → Step 4\n\nStep 4: An abusive insult is a statement that constitutes breaking a taboo by itself and intends only the defamation of the victim without any substantiated contribution.\nIs the statement an abusive insult?\nYes → STOP (criminally RELEVANT according to §§185-187 StGB)\nNo → Step 5\n\nStep 5: A statement is of public interest if it contains a contribution to the public discourse with respect to a particular relevant topic of public interest.\nIs the statement of public interest?\nYes → STOP (NOT criminally relevant according to §§185-187 StGB)\nNo → Step 6\n\nStep 6: A statement is considered abusive criticism if it goes beyond plausible criticism by primarily intending to abusively offend the victim, hereby neglecting a substantiated contribution.\nIs the statement abusive criticism?\nYes → STOP (criminally RELEVANT according to §§185-187 StGB)\nNo → STOP (NOT criminally relevant according to §§185-187 StGB)\n\n\nAccording to this decision schema, decide whether the following text is criminally revant according to §§185-187 StGB (Defamatory Offense). Answer only with 'True' (criminally relevant according to §§185-187 StGB) or 'False' (not criminally relevant according to §§185-187 StGB).""}, {""role"": ""user"", ""content"": ""armselig,niveaulos,geistlos...alle beide....den geistigen Horizont von knieenden Waldameisen""}]",1,FN
895207730517651,"ach ja,ihr kleinen Hoppelhäschen-mit Leutchen die noch Eierschalen hinter den Ohren haben oder ihr hässliches Gesicht feige verstecken,diskutier ich nicht...",False,True, True,"[{""role"": ""system"", ""content"": ""You are a legal expert for defamatory offenses according the the German Criminal Code (§§185-187 StGB). Help the user decide whether given posts fall within in the scope of these articles.""}, {""role"": ""user"", ""content"": ""Step 1: A defamatory object can be a living individual, a group of persons that is distinguishable from the general public such that every member of that group could feel their honor is infringed or collective entities such as governments or press companies with a recognised social role and who act with a collective, single will.\nIs there a defamatory object in this statement? \nNo → STOP (NOT criminally relevant according to §§185-187 StGB)\nYes → Step 2\n\nStep 2: A disparaging statement is a statement which interferes with the potential victim's right to honour. It is already fulfilled by expressing contempt or disrespect through the allegation of shortcomings that could reduce the victim’s social standing.\nIs there a disparaging statement directed towards the defamatory object?\nNo → STOP (NOT criminally relevant according to §§185-187 StGB)\nYes → Step 3\n\nStep 3: A factual claim is a stetement that can be proven to be true or untrue in front of a court. A value judgment constitutes and expression of personal opinions.\nIs it primarily a value judgement and NOT primarily a factual claim?\nNo → STOP (NOT criminally relevant according to §§185-187 StGB)\nYes → Step 4\n\nStep 4: An abusive insult is a statement that constitutes breaking a taboo by itself and intends only the defamation of the victim without any substantiated contribution.\nIs the statement an abusive insult?\nYes → STOP (criminally RELEVANT according to §§185-187 StGB)\nNo → Step 5\n\nStep 5: A statement is of public interest if it contains a contribution to the public discourse with respect to a particular relevant topic of public interest.\nIs the statement of public interest?\nYes → STOP (NOT criminally relevant according to §§185-187 StGB)\nNo → Step 6\n\nStep 6: A statement is considered abusive criticism if it goes beyond plausible criticism by primarily intending to abusively offend the victim, hereby neglecting a substantiated contribution.\nIs the statement abusive criticism?\nYes → STOP (criminally RELEVANT according to §§185-187 StGB)\nNo → STOP (NOT criminally relevant according to §§185-187 StGB)\n\n\nAccording to this decision schema, decide whether the following text is criminally revant according to §§185-187 StGB (Defamatory Offense). Answer only with 'True' (criminally relevant according to §§185-187 StGB) or 'False' (not criminally relevant according to §§185-187 StGB).""}, {""role"": ""user"", ""content"": ""ach ja,ihr kleinen Hoppelhäschen-mit Leutchen die noch Eierschalen hinter den Ohren haben oder ihr hässliches Gesicht feige verstecken,diskutier ich nicht...""}]",2,FP
895436763828081,"Der Herr Todenhöfer meint das so! Ich hab den mal gesehen bei einem Interview mit einem fetten deutschen Versager-IS-Typen. Herr Todenöfer konnte seine Bewunderung kaum verbergen, im Ernst ich dachte der macht sich gleich in die Hose vor unterdrückter Begeisterung.",True,False, False,"[{""role"": ""system"", ""content"": ""You are a legal expert for defamatory offenses according the the German Criminal Code (§§185-187 StGB). Help the user decide whether given posts fall within in the scope of these articles.""}, {""role"": ""user"", ""content"": ""Step 1: A defamatory object can be a living individual, a group of persons that is distinguishable from the general public such that every member of that group could feel their honor is infringed or collective entities such as governments or press companies with a recognised social role and who act with a collective, single will.\nIs there a defamatory object in this statement? \nNo → STOP (NOT criminally relevant according to §§185-187 StGB)\nYes → Step 2\n\nStep 2: A disparaging statement is a statement which interferes with the potential victim's right to honour. It is already fulfilled by expressing contempt or disrespect through the allegation of shortcomings that could reduce the victim’s social standing.\nIs there a disparaging statement directed towards the defamatory object?\nNo → STOP (NOT criminally relevant according to §§185-187 StGB)\nYes → Step 3\n\nStep 3: A factual claim is a stetement that can be proven to be true or untrue in front of a court. A value judgment constitutes and expression of personal opinions.\nIs it primarily a value judgement and NOT primarily a factual claim?\nNo → STOP (NOT criminally relevant according to §§185-187 StGB)\nYes → Step 4\n\nStep 4: An abusive insult is a statement that constitutes breaking a taboo by itself and intends only the defamation of the victim without any substantiated contribution.\nIs the statement an abusive insult?\nYes → STOP (criminally RELEVANT according to §§185-187 StGB)\nNo → Step 5\n\nStep 5: A statement is of public interest if it contains a contribution to the public discourse with respect to a particular relevant topic of public interest.\nIs the statement of public interest?\nYes → STOP (NOT criminally relevant according to §§185-187 StGB)\nNo → Step 6\n\nStep 6: A statement is considered abusive criticism if it goes beyond plausible criticism by primarily intending to abusively offend the victim, hereby neglecting a substantiated contribution.\nIs the statement abusive criticism?\nYes → STOP (criminally RELEVANT according to §§185-187 StGB)\nNo → STOP (NOT criminally relevant according to §§185-187 StGB)\n\n\nAccording to this decision schema, decide whether the following text is criminally revant according to §§185-187 StGB (Defamatory Offense). Answer only with 'True' (criminally relevant according to §§185-187 StGB) or 'False' (not criminally relevant according to §§185-187 StGB).""}, {""role"": ""user"", ""content"": ""Der Herr Todenhöfer meint das so! Ich hab den mal gesehen bei einem Interview mit einem fetten deutschen Versager-IS-Typen. Herr Todenöfer konnte seine Bewunderung kaum verbergen, im Ernst ich dachte der macht sich gleich in die Hose vor unterdrückter Begeisterung.""}]",2,FN
925344500837307,"Die Grünen sind zumindest aus Inzucht entstanden, das wird immer deutlicher.",True,False, False,"[{""role"": ""system"", ""content"": ""You are a legal expert for defamatory offenses according the the German Criminal Code (§§185-187 StGB). Help the user decide whether given posts fall within in the scope of these articles.""}, {""role"": ""user"", ""content"": ""Step 1: A defamatory object can be a living individual, a group of persons that is distinguishable from the general public such that every member of that group could feel their honor is infringed or collective entities such as governments or press companies with a recognised social role and who act with a collective, single will.\nIs there a defamatory object in this statement? \nNo → STOP (NOT criminally relevant according to §§185-187 StGB)\nYes → Step 2\n\nStep 2: A disparaging statement is a statement which interferes with the potential victim's right to honour. It is already fulfilled by expressing contempt or disrespect through the allegation of shortcomings that could reduce the victim’s social standing.\nIs there a disparaging statement directed towards the defamatory object?\nNo → STOP (NOT criminally relevant according to §§185-187 StGB)\nYes → Step 3\n\nStep 3: A factual claim is a stetement that can be proven to be true or untrue in front of a court. A value judgment constitutes and expression of personal opinions.\nIs it primarily a value judgement and NOT primarily a factual claim?\nNo → STOP (NOT criminally relevant according to §§185-187 StGB)\nYes → Step 4\n\nStep 4: An abusive insult is a statement that constitutes breaking a taboo by itself and intends only the defamation of the victim without any substantiated contribution.\nIs the statement an abusive insult?\nYes → STOP (criminally RELEVANT according to §§185-187 StGB)\nNo → Step 5\n\nStep 5: A statement is of public interest if it contains a contribution to the public discourse with respect to a particular relevant topic of public interest.\nIs the statement of public interest?\nYes → STOP (NOT criminally relevant according to §§185-187 StGB)\nNo → Step 6\n\nStep 6: A statement is considered abusive criticism if it goes beyond plausible criticism by primarily intending to abusively offend the victim, hereby neglecting a substantiated contribution.\nIs the statement abusive criticism?\nYes → STOP (criminally RELEVANT according to §§185-187 StGB)\nNo → STOP (NOT criminally relevant according to §§185-187 StGB)\n\n\nAccording to this decision schema, decide whether the following text is criminally revant according to §§185-187 StGB (Defamatory Offense). Answer only with 'True' (criminally relevant according to §§185-187 StGB) or 'False' (not criminally relevant according to §§185-187 StGB).""}, {""role"": ""user"", ""content"": ""Die Grünen sind zumindest aus Inzucht entstanden, das wird immer deutlicher.""}]",0,FN
935263819845375,Party im Vogel Käfig beendet! Dreckspack,False,True, True,"[{""role"": ""system"", ""content"": ""You are a legal expert for defamatory offenses according the the German Criminal Code (§§185-187 StGB). Help the user decide whether given posts fall within in the scope of these articles.""}, {""role"": ""user"", ""content"": ""Step 1: A defamatory object can be a living individual, a group of persons that is distinguishable from the general public such that every member of that group could feel their honor is infringed or collective entities such as governments or press companies with a recognised social role and who act with a collective, single will.\nIs there a defamatory object in this statement? \nNo → STOP (NOT criminally relevant according to §§185-187 StGB)\nYes → Step 2\n\nStep 2: A disparaging statement is a statement which interferes with the potential victim's right to honour. It is already fulfilled by expressing contempt or disrespect through the allegation of shortcomings that could reduce the victim’s social standing.\nIs there a disparaging statement directed towards the defamatory object?\nNo → STOP (NOT criminally relevant according to §§185-187 StGB)\nYes → Step 3\n\nStep 3: A factual claim is a stetement that can be proven to be true or untrue in front of a court. A value judgment constitutes and expression of personal opinions.\nIs it primarily a value judgement and NOT primarily a factual claim?\nNo → STOP (NOT criminally relevant according to §§185-187 StGB)\nYes → Step 4\n\nStep 4: An abusive insult is a statement that constitutes breaking a taboo by itself and intends only the defamation of the victim without any substantiated contribution.\nIs the statement an abusive insult?\nYes → STOP (criminally RELEVANT according to §§185-187 StGB)\nNo → Step 5\n\nStep 5: A statement is of public interest if it contains a contribution to the public discourse with respect to a particular relevant topic of public interest.\nIs the statement of public interest?\nYes → STOP (NOT criminally relevant according to §§185-187 StGB)\nNo → Step 6\n\nStep 6: A statement is considered abusive criticism if it goes beyond plausible criticism by primarily intending to abusively offend the victim, hereby neglecting a substantiated contribution.\nIs the statement abusive criticism?\nYes → STOP (criminally RELEVANT according to §§185-187 StGB)\nNo → STOP (NOT criminally relevant according to §§185-187 StGB)\n\n\nAccording to this decision schema, decide whether the following text is criminally revant according to §§185-187 StGB (Defamatory Offense). Answer only with 'True' (criminally relevant according to §§185-187 StGB) or 'False' (not criminally relevant according to §§185-187 StGB).""}, {""role"": ""user"", ""content"": ""Party im Vogel Käfig beendet! Dreckspack""}]",2,FP
935266479845109,Raus mit dem gesamten Salamifister-Dreckspack!!,False,True, True,"[{""role"": ""system"", ""content"": ""You are a legal expert for defamatory offenses according the the German Criminal Code (§§185-187 StGB). Help the user decide whether given posts fall within in the scope of these articles.""}, {""role"": ""user"", ""content"": ""Step 1: A defamatory object can be a living individual, a group of persons that is distinguishable from the general public such that every member of that group could feel their honor is infringed or collective entities such as governments or press companies with a recognised social role and who act with a collective, single will.\nIs there a defamatory object in this statement? \nNo → STOP (NOT criminally relevant according to §§185-187 StGB)\nYes → Step 2\n\nStep 2: A disparaging statement is a statement which interferes with the potential victim's right to honour. It is already fulfilled by expressing contempt or disrespect through the allegation of shortcomings that could reduce the victim’s social standing.\nIs there a disparaging statement directed towards the defamatory object?\nNo → STOP (NOT criminally relevant according to §§185-187 StGB)\nYes → Step 3\n\nStep 3: A factual claim is a stetement that can be proven to be true or untrue in front of a court. A value judgment constitutes and expression of personal opinions.\nIs it primarily a value judgement and NOT primarily a factual claim?\nNo → STOP (NOT criminally relevant according to §§185-187 StGB)\nYes → Step 4\n\nStep 4: An abusive insult is a statement that constitutes breaking a taboo by itself and intends only the defamation of the victim without any substantiated contribution.\nIs the statement an abusive insult?\nYes → STOP (criminally RELEVANT according to §§185-187 StGB)\nNo → Step 5\n\nStep 5: A statement is of public interest if it contains a contribution to the public discourse with respect to a particular relevant topic of public interest.\nIs the statement of public interest?\nYes → STOP (NOT criminally relevant according to §§185-187 StGB)\nNo → Step 6\n\nStep 6: A statement is considered abusive criticism if it goes beyond plausible criticism by primarily intending to abusively offend the victim, hereby neglecting a substantiated contribution.\nIs the statement abusive criticism?\nYes → STOP (criminally RELEVANT according to §§185-187 StGB)\nNo → STOP (NOT criminally relevant according to §§185-187 StGB)\n\n\nAccording to this decision schema, decide whether the following text is criminally revant according to §§185-187 StGB (Defamatory Offense). Answer only with 'True' (criminally relevant according to §§185-187 StGB) or 'False' (not criminally relevant according to §§185-187 StGB).""}, {""role"": ""user"", ""content"": ""Raus mit dem gesamten Salamifister-Dreckspack!!""}]",1,FP
935271189844638,"Schade, dachte schon die haben endlich den geistesgestörten Truthahn aus dem Verkehr gezogen",True,False, False,"[{""role"": ""system"", ""content"": ""You are a legal expert for defamatory offenses according the the German Criminal Code (§§185-187 StGB). Help the user decide whether given posts fall within in the scope of these articles.""}, {""role"": ""user"", ""content"": ""Step 1: A defamatory object can be a living individual, a group of persons that is distinguishable from the general public such that every member of that group could feel their honor is infringed or collective entities such as governments or press companies with a recognised social role and who act with a collective, single will.\nIs there a defamatory object in this statement? \nNo → STOP (NOT criminally relevant according to §§185-187 StGB)\nYes → Step 2\n\nStep 2: A disparaging statement is a statement which interferes with the potential victim's right to honour. It is already fulfilled by expressing contempt or disrespect through the allegation of shortcomings that could reduce the victim’s social standing.\nIs there a disparaging statement directed towards the defamatory object?\nNo → STOP (NOT criminally relevant according to §§185-187 StGB)\nYes → Step 3\n\nStep 3: A factual claim is a stetement that can be proven to be true or untrue in front of a court. A value judgment constitutes and expression of personal opinions.\nIs it primarily a value judgement and NOT primarily a factual claim?\nNo → STOP (NOT criminally relevant according to §§185-187 StGB)\nYes → Step 4\n\nStep 4: An abusive insult is a statement that constitutes breaking a taboo by itself and intends only the defamation of the victim without any substantiated contribution.\nIs the statement an abusive insult?\nYes → STOP (criminally RELEVANT according to §§185-187 StGB)\nNo → Step 5\n\nStep 5: A statement is of public interest if it contains a contribution to the public discourse with respect to a particular relevant topic of public interest.\nIs the statement of public interest?\nYes → STOP (NOT criminally relevant according to §§185-187 StGB)\nNo → Step 6\n\nStep 6: A statement is considered abusive criticism if it goes beyond plausible criticism by primarily intending to abusively offend the victim, hereby neglecting a substantiated contribution.\nIs the statement abusive criticism?\nYes → STOP (criminally RELEVANT according to §§185-187 StGB)\nNo → STOP (NOT criminally relevant according to §§185-187 StGB)\n\n\nAccording to this decision schema, decide whether the following text is criminally revant according to §§185-187 StGB (Defamatory Offense). Answer only with 'True' (criminally relevant according to §§185-187 StGB) or 'False' (not criminally relevant according to §§185-187 StGB).""}, {""role"": ""user"", ""content"": ""Schade, dachte schon die haben endlich den geistesgestörten Truthahn aus dem Verkehr gezogen""}]",3,FN
935295236508900,Bist bestimmt sauer weil dein papa noch andere Kinder belästigt hat.,False,True, True,"[{""role"": ""system"", ""content"": ""You are a legal expert for defamatory offenses according the the German Criminal Code (§§185-187 StGB). Help the user decide whether given posts fall within in the scope of these articles.""}, {""role"": ""user"", ""content"": ""Step 1: A defamatory object can be a living individual, a group of persons that is distinguishable from the general public such that every member of that group could feel their honor is infringed or collective entities such as governments or press companies with a recognised social role and who act with a collective, single will.\nIs there a defamatory object in this statement? \nNo → STOP (NOT criminally relevant according to §§185-187 StGB)\nYes → Step 2\n\nStep 2: A disparaging statement is a statement which interferes with the potential victim's right to honour. It is already fulfilled by expressing contempt or disrespect through the allegation of shortcomings that could reduce the victim’s social standing.\nIs there a disparaging statement directed towards the defamatory object?\nNo → STOP (NOT criminally relevant according to §§185-187 StGB)\nYes → Step 3\n\nStep 3: A factual claim is a stetement that can be proven to be true or untrue in front of a court. A value judgment constitutes and expression of personal opinions.\nIs it primarily a value judgement and NOT primarily a factual claim?\nNo → STOP (NOT criminally relevant according to §§185-187 StGB)\nYes → Step 4\n\nStep 4: An abusive insult is a statement that constitutes breaking a taboo by itself and intends only the defamation of the victim without any substantiated contribution.\nIs the statement an abusive insult?\nYes → STOP (criminally RELEVANT according to §§185-187 StGB)\nNo → Step 5\n\nStep 5: A statement is of public interest if it contains a contribution to the public discourse with respect to a particular relevant topic of public interest.\nIs the statement of public interest?\nYes → STOP (NOT criminally relevant according to §§185-187 StGB)\nNo → Step 6\n\nStep 6: A statement is considered abusive criticism if it goes beyond plausible criticism by primarily intending to abusively offend the victim, hereby neglecting a substantiated contribution.\nIs the statement abusive criticism?\nYes → STOP (criminally RELEVANT according to §§185-187 StGB)\nNo → STOP (NOT criminally relevant according to §§185-187 StGB)\n\n\nAccording to this decision schema, decide whether the following text is criminally revant according to §§185-187 StGB (Defamatory Offense). Answer only with 'True' (criminally relevant according to §§185-187 StGB) or 'False' (not criminally relevant according to §§185-187 StGB).""}, {""role"": ""user"", ""content"": ""Bist bestimmt sauer weil dein papa noch andere Kinder belästigt hat.""}]",0,FP
935301613174929,na ja ne leuchte scheinste ja nicht gerade zu sein bestätigt mein verdacht mit inzest Ronny und mich können nur menschen beleidigen und nicht so etwas wie du nur gut das pegida hier westen niemand haben will bleibt mal schön im osten da gibts ja auch die meisten dummen menschen laut pisa studie nix aus der geschichte gelernt und immer schön maschieren am besten mit marschmusik braune brut hahahahaha,True,False, False,"[{""role"": ""system"", ""content"": ""You are a legal expert for defamatory offenses according the the German Criminal Code (§§185-187 StGB). Help the user decide whether given posts fall within in the scope of these articles.""}, {""role"": ""user"", ""content"": ""Step 1: A defamatory object can be a living individual, a group of persons that is distinguishable from the general public such that every member of that group could feel their honor is infringed or collective entities such as governments or press companies with a recognised social role and who act with a collective, single will.\nIs there a defamatory object in this statement? \nNo → STOP (NOT criminally relevant according to §§185-187 StGB)\nYes → Step 2\n\nStep 2: A disparaging statement is a statement which interferes with the potential victim's right to honour. It is already fulfilled by expressing contempt or disrespect through the allegation of shortcomings that could reduce the victim’s social standing.\nIs there a disparaging statement directed towards the defamatory object?\nNo → STOP (NOT criminally relevant according to §§185-187 StGB)\nYes → Step 3\n\nStep 3: A factual claim is a stetement that can be proven to be true or untrue in front of a court. A value judgment constitutes and expression of personal opinions.\nIs it primarily a value judgement and NOT primarily a factual claim?\nNo → STOP (NOT criminally relevant according to §§185-187 StGB)\nYes → Step 4\n\nStep 4: An abusive insult is a statement that constitutes breaking a taboo by itself and intends only the defamation of the victim without any substantiated contribution.\nIs the statement an abusive insult?\nYes → STOP (criminally RELEVANT according to §§185-187 StGB)\nNo → Step 5\n\nStep 5: A statement is of public interest if it contains a contribution to the public discourse with respect to a particular relevant topic of public interest.\nIs the statement of public interest?\nYes → STOP (NOT criminally relevant according to §§185-187 StGB)\nNo → Step 6\n\nStep 6: A statement is considered abusive criticism if it goes beyond plausible criticism by primarily intending to abusively offend the victim, hereby neglecting a substantiated contribution.\nIs the statement abusive criticism?\nYes → STOP (criminally RELEVANT according to §§185-187 StGB)\nNo → STOP (NOT criminally relevant according to §§185-187 StGB)\n\n\nAccording to this decision schema, decide whether the following text is criminally revant according to §§185-187 StGB (Defamatory Offense). Answer only with 'True' (criminally relevant according to §§185-187 StGB) or 'False' (not criminally relevant according to §§185-187 StGB).""}, {""role"": ""user"", ""content"": ""na ja ne leuchte scheinste ja nicht gerade zu sein bestätigt mein verdacht mit inzest Ronny und mich können nur menschen beleidigen und nicht so etwas wie du nur gut das pegida hier westen niemand haben will bleibt mal schön im osten da gibts ja auch die meisten dummen menschen laut pisa studie nix aus der geschichte gelernt und immer schön maschieren am besten mit marschmusik braune brut hahahahaha""}]",3,FN
935330706505353,Na endlich haben se den wixxer.. Jetzt nur noch verbuddeln...:),True,False, False,"[{""role"": ""system"", ""content"": ""You are a legal expert for defamatory offenses according the the German Criminal Code (§§185-187 StGB). Help the user decide whether given posts fall within in the scope of these articles.""}, {""role"": ""user"", ""content"": ""Step 1: A defamatory object can be a living individual, a group of persons that is distinguishable from the general public such that every member of that group could feel their honor is infringed or collective entities such as governments or press companies with a recognised social role and who act with a collective, single will.\nIs there a defamatory object in this statement? \nNo → STOP (NOT criminally relevant according to §§185-187 StGB)\nYes → Step 2\n\nStep 2: A disparaging statement is a statement which interferes with the potential victim's right to honour. It is already fulfilled by expressing contempt or disrespect through the allegation of shortcomings that could reduce the victim’s social standing.\nIs there a disparaging statement directed towards the defamatory object?\nNo → STOP (NOT criminally relevant according to §§185-187 StGB)\nYes → Step 3\n\nStep 3: A factual claim is a stetement that can be proven to be true or untrue in front of a court. A value judgment constitutes and expression of personal opinions.\nIs it primarily a value judgement and NOT primarily a factual claim?\nNo → STOP (NOT criminally relevant according to §§185-187 StGB)\nYes → Step 4\n\nStep 4: An abusive insult is a statement that constitutes breaking a taboo by itself and intends only the defamation of the victim without any substantiated contribution.\nIs the statement an abusive insult?\nYes → STOP (criminally RELEVANT according to §§185-187 StGB)\nNo → Step 5\n\nStep 5: A statement is of public interest if it contains a contribution to the public discourse with respect to a particular relevant topic of public interest.\nIs the statement of public interest?\nYes → STOP (NOT criminally relevant according to §§185-187 StGB)\nNo → Step 6\n\nStep 6: A statement is considered abusive criticism if it goes beyond plausible criticism by primarily intending to abusively offend the victim, hereby neglecting a substantiated contribution.\nIs the statement abusive criticism?\nYes → STOP (criminally RELEVANT according to §§185-187 StGB)\nNo → STOP (NOT criminally relevant according to §§185-187 StGB)\n\n\nAccording to this decision schema, decide whether the following text is criminally revant according to §§185-187 StGB (Defamatory Offense). Answer only with 'True' (criminally relevant according to §§185-187 StGB) or 'False' (not criminally relevant according to §§185-187 StGB).""}, {""role"": ""user"", ""content"": ""Na endlich haben se den wixxer.. Jetzt nur noch verbuddeln...:)""}]",0,FN
935684106470013,"Nicht immer alles so hindrehen wie man möchte. Hier dreht es sich nicht um einen Generalverdacht gegen 1.6 Milliarden Menschen sondern um einen konkreten Vorwurf gegen den Koran. Einfach mal bei der Sache bleiben! Aber wenn Sie es so wollen; Ja auch gegen 1.6 Milliarden Menschen spreche ich hiermit einen Generalverdacht aus. Wie Ralf Höfle schon geschrieben hat sind die friedlichen Moslems entweder in der Unterzahl oder haben sich nicht mit dem Koran beschäftigt. Für mich ist jeder, der an den Koran glaubt, entweder dumm weil er ihn nicht wirklich versteht, oder aber ein potentieller Mörder wie man es bei den ISIS Vollidioten wieder mal sieht.",False,True, True,"[{""role"": ""system"", ""content"": ""You are a legal expert for defamatory offenses according the the German Criminal Code (§§185-187 StGB). Help the user decide whether given posts fall within in the scope of these articles.""}, {""role"": ""user"", ""content"": ""Step 1: A defamatory object can be a living individual, a group of persons that is distinguishable from the general public such that every member of that group could feel their honor is infringed or collective entities such as governments or press companies with a recognised social role and who act with a collective, single will.\nIs there a defamatory object in this statement? \nNo → STOP (NOT criminally relevant according to §§185-187 StGB)\nYes → Step 2\n\nStep 2: A disparaging statement is a statement which interferes with the potential victim's right to honour. It is already fulfilled by expressing contempt or disrespect through the allegation of shortcomings that could reduce the victim’s social standing.\nIs there a disparaging statement directed towards the defamatory object?\nNo → STOP (NOT criminally relevant according to §§185-187 StGB)\nYes → Step 3\n\nStep 3: A factual claim is a stetement that can be proven to be true or untrue in front of a court. A value judgment constitutes and expression of personal opinions.\nIs it primarily a value judgement and NOT primarily a factual claim?\nNo → STOP (NOT criminally relevant according to §§185-187 StGB)\nYes → Step 4\n\nStep 4: An abusive insult is a statement that constitutes breaking a taboo by itself and intends only the defamation of the victim without any substantiated contribution.\nIs the statement an abusive insult?\nYes → STOP (criminally RELEVANT according to §§185-187 StGB)\nNo → Step 5\n\nStep 5: A statement is of public interest if it contains a contribution to the public discourse with respect to a particular relevant topic of public interest.\nIs the statement of public interest?\nYes → STOP (NOT criminally relevant according to §§185-187 StGB)\nNo → Step 6\n\nStep 6: A statement is considered abusive criticism if it goes beyond plausible criticism by primarily intending to abusively offend the victim, hereby neglecting a substantiated contribution.\nIs the statement abusive criticism?\nYes → STOP (criminally RELEVANT according to §§185-187 StGB)\nNo → STOP (NOT criminally relevant according to §§185-187 StGB)\n\n\nAccording to this decision schema, decide whether the following text is criminally revant according to §§185-187 StGB (Defamatory Offense). Answer only with 'True' (criminally relevant according to §§185-187 StGB) or 'False' (not criminally relevant according to §§185-187 StGB).""}, {""role"": ""user"", ""content"": ""Nicht immer alles so hindrehen wie man möchte. Hier dreht es sich nicht um einen Generalverdacht gegen 1.6 Milliarden Menschen sondern um einen konkreten Vorwurf gegen den Koran. Einfach mal bei der Sache bleiben! Aber wenn Sie es so wollen; Ja auch gegen 1.6 Milliarden Menschen spreche ich hiermit einen Generalverdacht aus. Wie Ralf Höfle schon geschrieben hat sind die friedlichen Moslems entweder in der Unterzahl oder haben sich nicht mit dem Koran beschäftigt. Für mich ist jeder, der an den Koran glaubt, entweder dumm weil er ihn nicht wirklich versteht, oder aber ein potentieller Mörder wie man es bei den ISIS Vollidioten wieder mal sieht.""}]",3,FP
935747779796979,"Das ist der,der Dir dein leergekifftes Köpfchen abschneidet!",True,False, False,"[{""role"": ""system"", ""content"": ""You are a legal expert for defamatory offenses according the the German Criminal Code (§§185-187 StGB). Help the user decide whether given posts fall within in the scope of these articles.""}, {""role"": ""user"", ""content"": ""Step 1: A defamatory object can be a living individual, a group of persons that is distinguishable from the general public such that every member of that group could feel their honor is infringed or collective entities such as governments or press companies with a recognised social role and who act with a collective, single will.\nIs there a defamatory object in this statement? \nNo → STOP (NOT criminally relevant according to §§185-187 StGB)\nYes → Step 2\n\nStep 2: A disparaging statement is a statement which interferes with the potential victim's right to honour. It is already fulfilled by expressing contempt or disrespect through the allegation of shortcomings that could reduce the victim’s social standing.\nIs there a disparaging statement directed towards the defamatory object?\nNo → STOP (NOT criminally relevant according to §§185-187 StGB)\nYes → Step 3\n\nStep 3: A factual claim is a stetement that can be proven to be true or untrue in front of a court. A value judgment constitutes and expression of personal opinions.\nIs it primarily a value judgement and NOT primarily a factual claim?\nNo → STOP (NOT criminally relevant according to §§185-187 StGB)\nYes → Step 4\n\nStep 4: An abusive insult is a statement that constitutes breaking a taboo by itself and intends only the defamation of the victim without any substantiated contribution.\nIs the statement an abusive insult?\nYes → STOP (criminally RELEVANT according to §§185-187 StGB)\nNo → Step 5\n\nStep 5: A statement is of public interest if it contains a contribution to the public discourse with respect to a particular relevant topic of public interest.\nIs the statement of public interest?\nYes → STOP (NOT criminally relevant according to §§185-187 StGB)\nNo → Step 6\n\nStep 6: A statement is considered abusive criticism if it goes beyond plausible criticism by primarily intending to abusively offend the victim, hereby neglecting a substantiated contribution.\nIs the statement abusive criticism?\nYes → STOP (criminally RELEVANT according to §§185-187 StGB)\nNo → STOP (NOT criminally relevant according to §§185-187 StGB)\n\n\nAccording to this decision schema, decide whether the following text is criminally revant according to §§185-187 StGB (Defamatory Offense). Answer only with 'True' (criminally relevant according to §§185-187 StGB) or 'False' (not criminally relevant according to §§185-187 StGB).""}, {""role"": ""user"", ""content"": ""Das ist der,der Dir dein leergekifftes Köpfchen abschneidet!""}]",3,FN
945530602152030,"Sag ich doch, diese Linksfaschisten werden vom Staat bezahlt!
Nicht Arbeiten, aber bißchen durch Deutschland Touren... 
Diese elenden Zecken, die dann noch auf unseren Staat scheißen sind unser Unheil.
Wer solche Kinder erzieht, gehört erschossen!",False,True, True,"[{""role"": ""system"", ""content"": ""You are a legal expert for defamatory offenses according the the German Criminal Code (§§185-187 StGB). Help the user decide whether given posts fall within in the scope of these articles.""}, {""role"": ""user"", ""content"": ""Step 1: A defamatory object can be a living individual, a group of persons that is distinguishable from the general public such that every member of that group could feel their honor is infringed or collective entities such as governments or press companies with a recognised social role and who act with a collective, single will.\nIs there a defamatory object in this statement? \nNo → STOP (NOT criminally relevant according to §§185-187 StGB)\nYes → Step 2\n\nStep 2: A disparaging statement is a statement which interferes with the potential victim's right to honour. It is already fulfilled by expressing contempt or disrespect through the allegation of shortcomings that could reduce the victim’s social standing.\nIs there a disparaging statement directed towards the defamatory object?\nNo → STOP (NOT criminally relevant according to §§185-187 StGB)\nYes → Step 3\n\nStep 3: A factual claim is a stetement that can be proven to be true or untrue in front of a court. A value judgment constitutes and expression of personal opinions.\nIs it primarily a value judgement and NOT primarily a factual claim?\nNo → STOP (NOT criminally relevant according to §§185-187 StGB)\nYes → Step 4\n\nStep 4: An abusive insult is a statement that constitutes breaking a taboo by itself and intends only the defamation of the victim without any substantiated contribution.\nIs the statement an abusive insult?\nYes → STOP (criminally RELEVANT according to §§185-187 StGB)\nNo → Step 5\n\nStep 5: A statement is of public interest if it contains a contribution to the public discourse with respect to a particular relevant topic of public interest.\nIs the statement of public interest?\nYes → STOP (NOT criminally relevant according to §§185-187 StGB)\nNo → Step 6\n\nStep 6: A statement is considered abusive criticism if it goes beyond plausible criticism by primarily intending to abusively offend the victim, hereby neglecting a substantiated contribution.\nIs the statement abusive criticism?\nYes → STOP (criminally RELEVANT according to §§185-187 StGB)\nNo → STOP (NOT criminally relevant according to §§185-187 StGB)\n\n\nAccording to this decision schema, decide whether the following text is criminally revant according to §§185-187 StGB (Defamatory Offense). Answer only with 'True' (criminally relevant according to §§185-187 StGB) or 'False' (not criminally relevant according to §§185-187 StGB).""}, {""role"": ""user"", ""content"": ""Sag ich doch, diese Linksfaschisten werden vom Staat bezahlt!\r\nNicht Arbeiten, aber bißchen durch Deutschland Touren... \r\nDiese elenden Zecken, die dann noch auf unseren Staat scheißen sind unser Unheil.\r\nWer solche Kinder erzieht, gehört erschossen!""}]",2,FP
945842575454166,"Naja, wenn ich mir so die beiden Ökologischen Kackschüsse auf dem Foto so anschaue ist wohl davon auszugehen, dass sie dem Rot/Grün / Linksfaschistischem Spektrum zuzurechnen sind! ! ! !",True,False, False,"[{""role"": ""system"", ""content"": ""You are a legal expert for defamatory offenses according the the German Criminal Code (§§185-187 StGB). Help the user decide whether given posts fall within in the scope of these articles.""}, {""role"": ""user"", ""content"": ""Step 1: A defamatory object can be a living individual, a group of persons that is distinguishable from the general public such that every member of that group could feel their honor is infringed or collective entities such as governments or press companies with a recognised social role and who act with a collective, single will.\nIs there a defamatory object in this statement? \nNo → STOP (NOT criminally relevant according to §§185-187 StGB)\nYes → Step 2\n\nStep 2: A disparaging statement is a statement which interferes with the potential victim's right to honour. It is already fulfilled by expressing contempt or disrespect through the allegation of shortcomings that could reduce the victim’s social standing.\nIs there a disparaging statement directed towards the defamatory object?\nNo → STOP (NOT criminally relevant according to §§185-187 StGB)\nYes → Step 3\n\nStep 3: A factual claim is a stetement that can be proven to be true or untrue in front of a court. A value judgment constitutes and expression of personal opinions.\nIs it primarily a value judgement and NOT primarily a factual claim?\nNo → STOP (NOT criminally relevant according to §§185-187 StGB)\nYes → Step 4\n\nStep 4: An abusive insult is a statement that constitutes breaking a taboo by itself and intends only the defamation of the victim without any substantiated contribution.\nIs the statement an abusive insult?\nYes → STOP (criminally RELEVANT according to §§185-187 StGB)\nNo → Step 5\n\nStep 5: A statement is of public interest if it contains a contribution to the public discourse with respect to a particular relevant topic of public interest.\nIs the statement of public interest?\nYes → STOP (NOT criminally relevant according to §§185-187 StGB)\nNo → Step 6\n\nStep 6: A statement is considered abusive criticism if it goes beyond plausible criticism by primarily intending to abusively offend the victim, hereby neglecting a substantiated contribution.\nIs the statement abusive criticism?\nYes → STOP (criminally RELEVANT according to §§185-187 StGB)\nNo → STOP (NOT criminally relevant according to §§185-187 StGB)\n\n\nAccording to this decision schema, decide whether the following text is criminally revant according to §§185-187 StGB (Defamatory Offense). Answer only with 'True' (criminally relevant according to §§185-187 StGB) or 'False' (not criminally relevant according to §§185-187 StGB).""}, {""role"": ""user"", ""content"": ""Naja, wenn ich mir so die beiden Ökologischen Kackschüsse auf dem Foto so anschaue ist wohl davon auszugehen, dass sie dem Rot/Grün / Linksfaschistischem Spektrum zuzurechnen sind! ! ! !""}]",2,FN
945879122117178,"Wenn mich einer von den Bastarden auch nur noch ein einziges Mal bedrängt, dann trete ich ihn so zwischen die Beine, dass er nicht mehr überlegen muss, ob er nun Rechts- oder Linksträger ist. Er wird dann eher Ähnlichkeit mit einem Hamsterpo haben",False,True, True,"[{""role"": ""system"", ""content"": ""You are a legal expert for defamatory offenses according the the German Criminal Code (§§185-187 StGB). Help the user decide whether given posts fall within in the scope of these articles.""}, {""role"": ""user"", ""content"": ""Step 1: A defamatory object can be a living individual, a group of persons that is distinguishable from the general public such that every member of that group could feel their honor is infringed or collective entities such as governments or press companies with a recognised social role and who act with a collective, single will.\nIs there a defamatory object in this statement? \nNo → STOP (NOT criminally relevant according to §§185-187 StGB)\nYes → Step 2\n\nStep 2: A disparaging statement is a statement which interferes with the potential victim's right to honour. It is already fulfilled by expressing contempt or disrespect through the allegation of shortcomings that could reduce the victim’s social standing.\nIs there a disparaging statement directed towards the defamatory object?\nNo → STOP (NOT criminally relevant according to §§185-187 StGB)\nYes → Step 3\n\nStep 3: A factual claim is a stetement that can be proven to be true or untrue in front of a court. A value judgment constitutes and expression of personal opinions.\nIs it primarily a value judgement and NOT primarily a factual claim?\nNo → STOP (NOT criminally relevant according to §§185-187 StGB)\nYes → Step 4\n\nStep 4: An abusive insult is a statement that constitutes breaking a taboo by itself and intends only the defamation of the victim without any substantiated contribution.\nIs the statement an abusive insult?\nYes → STOP (criminally RELEVANT according to §§185-187 StGB)\nNo → Step 5\n\nStep 5: A statement is of public interest if it contains a contribution to the public discourse with respect to a particular relevant topic of public interest.\nIs the statement of public interest?\nYes → STOP (NOT criminally relevant according to §§185-187 StGB)\nNo → Step 6\n\nStep 6: A statement is considered abusive criticism if it goes beyond plausible criticism by primarily intending to abusively offend the victim, hereby neglecting a substantiated contribution.\nIs the statement abusive criticism?\nYes → STOP (criminally RELEVANT according to §§185-187 StGB)\nNo → STOP (NOT criminally relevant according to §§185-187 StGB)\n\n\nAccording to this decision schema, decide whether the following text is criminally revant according to §§185-187 StGB (Defamatory Offense). Answer only with 'True' (criminally relevant according to §§185-187 StGB) or 'False' (not criminally relevant according to §§185-187 StGB).""}, {""role"": ""user"", ""content"": ""Wenn mich einer von den Bastarden auch nur noch ein einziges Mal bedrängt, dann trete ich ihn so zwischen die Beine, dass er nicht mehr überlegen muss, ob er nun Rechts- oder Linksträger ist. Er wird dann eher Ähnlichkeit mit einem Hamsterpo haben""}]",2,FP
945893202115770,"na da dürfen wir gespannt sein,was diese sozi otze sich einfallen läßt?!
die damit einhergehenden probleme u konflikte kann man dann nicht mehr vertuschen!!!!
aber wir kennen die verantwortlichen,wir wissen eure namen dann noch,wenn hier alles in rauch aufgeht!!!wir vergessen euch das nicht...",True,False, False,"[{""role"": ""system"", ""content"": ""You are a legal expert for defamatory offenses according the the German Criminal Code (§§185-187 StGB). Help the user decide whether given posts fall within in the scope of these articles.""}, {""role"": ""user"", ""content"": ""Step 1: A defamatory object can be a living individual, a group of persons that is distinguishable from the general public such that every member of that group could feel their honor is infringed or collective entities such as governments or press companies with a recognised social role and who act with a collective, single will.\nIs there a defamatory object in this statement? \nNo → STOP (NOT criminally relevant according to §§185-187 StGB)\nYes → Step 2\n\nStep 2: A disparaging statement is a statement which interferes with the potential victim's right to honour. It is already fulfilled by expressing contempt or disrespect through the allegation of shortcomings that could reduce the victim’s social standing.\nIs there a disparaging statement directed towards the defamatory object?\nNo → STOP (NOT criminally relevant according to §§185-187 StGB)\nYes → Step 3\n\nStep 3: A factual claim is a stetement that can be proven to be true or untrue in front of a court. A value judgment constitutes and expression of personal opinions.\nIs it primarily a value judgement and NOT primarily a factual claim?\nNo → STOP (NOT criminally relevant according to §§185-187 StGB)\nYes → Step 4\n\nStep 4: An abusive insult is a statement that constitutes breaking a taboo by itself and intends only the defamation of the victim without any substantiated contribution.\nIs the statement an abusive insult?\nYes → STOP (criminally RELEVANT according to §§185-187 StGB)\nNo → Step 5\n\nStep 5: A statement is of public interest if it contains a contribution to the public discourse with respect to a particular relevant topic of public interest.\nIs the statement of public interest?\nYes → STOP (NOT criminally relevant according to §§185-187 StGB)\nNo → Step 6\n\nStep 6: A statement is considered abusive criticism if it goes beyond plausible criticism by primarily intending to abusively offend the victim, hereby neglecting a substantiated contribution.\nIs the statement abusive criticism?\nYes → STOP (criminally RELEVANT according to §§185-187 StGB)\nNo → STOP (NOT criminally relevant according to §§185-187 StGB)\n\n\nAccording to this decision schema, decide whether the following text is criminally revant according to §§185-187 StGB (Defamatory Offense). Answer only with 'True' (criminally relevant according to §§185-187 StGB) or 'False' (not criminally relevant according to §§185-187 StGB).""}, {""role"": ""user"", ""content"": ""na da dürfen wir gespannt sein,was diese sozi otze sich einfallen läßt?!\r\ndie damit einhergehenden probleme u konflikte kann man dann nicht mehr vertuschen!!!!\r\naber wir kennen die verantwortlichen,wir wissen eure namen dann noch,wenn hier alles in rauch aufgeht!!!wir vergessen euch das nicht...""}]",1,FN
945911692113921,"Na hoffentlich nicht....es trifft ja leider immer die Menschen, die sich aufgrund ihres Wohnortes, Konfrontationen mit den ""Fachkräften"" nicht entziehen können. Die hirnlosen ""Deutschland braucht Vielfalt"" Plapperer leben doch zum größten Teil in den besseren Wohngegenden oder kennen sich mit Unterwerfungsgesten bestens aus, sodass sie meist verschont von Übergriffen bleiben. Bestes Beispiel sind die Grünen Pädo's. Predigen ein multikulturelles zusammenleben aber ihre Kinder schicken sie auf Schulen an denen der Migrantenanteil quasi inexistent ist :(",True,False, False,"[{""role"": ""system"", ""content"": ""You are a legal expert for defamatory offenses according the the German Criminal Code (§§185-187 StGB). Help the user decide whether given posts fall within in the scope of these articles.""}, {""role"": ""user"", ""content"": ""Step 1: A defamatory object can be a living individual, a group of persons that is distinguishable from the general public such that every member of that group could feel their honor is infringed or collective entities such as governments or press companies with a recognised social role and who act with a collective, single will.\nIs there a defamatory object in this statement? \nNo → STOP (NOT criminally relevant according to §§185-187 StGB)\nYes → Step 2\n\nStep 2: A disparaging statement is a statement which interferes with the potential victim's right to honour. It is already fulfilled by expressing contempt or disrespect through the allegation of shortcomings that could reduce the victim’s social standing.\nIs there a disparaging statement directed towards the defamatory object?\nNo → STOP (NOT criminally relevant according to §§185-187 StGB)\nYes → Step 3\n\nStep 3: A factual claim is a stetement that can be proven to be true or untrue in front of a court. A value judgment constitutes and expression of personal opinions.\nIs it primarily a value judgement and NOT primarily a factual claim?\nNo → STOP (NOT criminally relevant according to §§185-187 StGB)\nYes → Step 4\n\nStep 4: An abusive insult is a statement that constitutes breaking a taboo by itself and intends only the defamation of the victim without any substantiated contribution.\nIs the statement an abusive insult?\nYes → STOP (criminally RELEVANT according to §§185-187 StGB)\nNo → Step 5\n\nStep 5: A statement is of public interest if it contains a contribution to the public discourse with respect to a particular relevant topic of public interest.\nIs the statement of public interest?\nYes → STOP (NOT criminally relevant according to §§185-187 StGB)\nNo → Step 6\n\nStep 6: A statement is considered abusive criticism if it goes beyond plausible criticism by primarily intending to abusively offend the victim, hereby neglecting a substantiated contribution.\nIs the statement abusive criticism?\nYes → STOP (criminally RELEVANT according to §§185-187 StGB)\nNo → STOP (NOT criminally relevant according to §§185-187 StGB)\n\n\nAccording to this decision schema, decide whether the following text is criminally revant according to §§185-187 StGB (Defamatory Offense). Answer only with 'True' (criminally relevant according to §§185-187 StGB) or 'False' (not criminally relevant according to §§185-187 StGB).""}, {""role"": ""user"", ""content"": ""Na hoffentlich nicht....es trifft ja leider immer die Menschen, die sich aufgrund ihres Wohnortes, Konfrontationen mit den \""Fachkräften\"" nicht entziehen können. Die hirnlosen \""Deutschland braucht Vielfalt\"" Plapperer leben doch zum größten Teil in den besseren Wohngegenden oder kennen sich mit Unterwerfungsgesten bestens aus, sodass sie meist verschont von Übergriffen bleiben. Bestes Beispiel sind die Grünen Pädo's. Predigen ein multikulturelles zusammenleben aber ihre Kinder schicken sie auf Schulen an denen der Migrantenanteil quasi inexistent ist :(""}]",3,FN
948209741884116,...und dann noch das dumme Geschwätz von dem Bundespräsidenten...der größte Deutschenhasser...wer bezahlt den eigentlich?,True,False, False,"[{""role"": ""system"", ""content"": ""You are a legal expert for defamatory offenses according the the German Criminal Code (§§185-187 StGB). Help the user decide whether given posts fall within in the scope of these articles.""}, {""role"": ""user"", ""content"": ""Step 1: A defamatory object can be a living individual, a group of persons that is distinguishable from the general public such that every member of that group could feel their honor is infringed or collective entities such as governments or press companies with a recognised social role and who act with a collective, single will.\nIs there a defamatory object in this statement? \nNo → STOP (NOT criminally relevant according to §§185-187 StGB)\nYes → Step 2\n\nStep 2: A disparaging statement is a statement which interferes with the potential victim's right to honour. It is already fulfilled by expressing contempt or disrespect through the allegation of shortcomings that could reduce the victim’s social standing.\nIs there a disparaging statement directed towards the defamatory object?\nNo → STOP (NOT criminally relevant according to §§185-187 StGB)\nYes → Step 3\n\nStep 3: A factual claim is a stetement that can be proven to be true or untrue in front of a court. A value judgment constitutes and expression of personal opinions.\nIs it primarily a value judgement and NOT primarily a factual claim?\nNo → STOP (NOT criminally relevant according to §§185-187 StGB)\nYes → Step 4\n\nStep 4: An abusive insult is a statement that constitutes breaking a taboo by itself and intends only the defamation of the victim without any substantiated contribution.\nIs the statement an abusive insult?\nYes → STOP (criminally RELEVANT according to §§185-187 StGB)\nNo → Step 5\n\nStep 5: A statement is of public interest if it contains a contribution to the public discourse with respect to a particular relevant topic of public interest.\nIs the statement of public interest?\nYes → STOP (NOT criminally relevant according to §§185-187 StGB)\nNo → Step 6\n\nStep 6: A statement is considered abusive criticism if it goes beyond plausible criticism by primarily intending to abusively offend the victim, hereby neglecting a substantiated contribution.\nIs the statement abusive criticism?\nYes → STOP (criminally RELEVANT according to §§185-187 StGB)\nNo → STOP (NOT criminally relevant according to §§185-187 StGB)\n\n\nAccording to this decision schema, decide whether the following text is criminally revant according to §§185-187 StGB (Defamatory Offense). Answer only with 'True' (criminally relevant according to §§185-187 StGB) or 'False' (not criminally relevant according to §§185-187 StGB).""}, {""role"": ""user"", ""content"": ""...und dann noch das dumme Geschwätz von dem Bundespräsidenten...der größte Deutschenhasser...wer bezahlt den eigentlich?""}]",1,FN
951874724850951,wegen dem kleinen riss geht der zum arzt. dat is ein WEICHEI,True,False, False,"[{""role"": ""system"", ""content"": ""You are a legal expert for defamatory offenses according the the German Criminal Code (§§185-187 StGB). Help the user decide whether given posts fall within in the scope of these articles.""}, {""role"": ""user"", ""content"": ""Step 1: A defamatory object can be a living individual, a group of persons that is distinguishable from the general public such that every member of that group could feel their honor is infringed or collective entities such as governments or press companies with a recognised social role and who act with a collective, single will.\nIs there a defamatory object in this statement? \nNo → STOP (NOT criminally relevant according to §§185-187 StGB)\nYes → Step 2\n\nStep 2: A disparaging statement is a statement which interferes with the potential victim's right to honour. It is already fulfilled by expressing contempt or disrespect through the allegation of shortcomings that could reduce the victim’s social standing.\nIs there a disparaging statement directed towards the defamatory object?\nNo → STOP (NOT criminally relevant according to §§185-187 StGB)\nYes → Step 3\n\nStep 3: A factual claim is a stetement that can be proven to be true or untrue in front of a court. A value judgment constitutes and expression of personal opinions.\nIs it primarily a value judgement and NOT primarily a factual claim?\nNo → STOP (NOT criminally relevant according to §§185-187 StGB)\nYes → Step 4\n\nStep 4: An abusive insult is a statement that constitutes breaking a taboo by itself and intends only the defamation of the victim without any substantiated contribution.\nIs the statement an abusive insult?\nYes → STOP (criminally RELEVANT according to §§185-187 StGB)\nNo → Step 5\n\nStep 5: A statement is of public interest if it contains a contribution to the public discourse with respect to a particular relevant topic of public interest.\nIs the statement of public interest?\nYes → STOP (NOT criminally relevant according to §§185-187 StGB)\nNo → Step 6\n\nStep 6: A statement is considered abusive criticism if it goes beyond plausible criticism by primarily intending to abusively offend the victim, hereby neglecting a substantiated contribution.\nIs the statement abusive criticism?\nYes → STOP (criminally RELEVANT according to §§185-187 StGB)\nNo → STOP (NOT criminally relevant according to §§185-187 StGB)\n\n\nAccording to this decision schema, decide whether the following text is criminally revant according to §§185-187 StGB (Defamatory Offense). Answer only with 'True' (criminally relevant according to §§185-187 StGB) or 'False' (not criminally relevant according to §§185-187 StGB).""}, {""role"": ""user"", ""content"": ""wegen dem kleinen riss geht der zum arzt. dat is ein WEICHEI""}]",1,FN
951881554850268,"Die pädophilkranken Grünen werden sich noch wundern was der Islam, dem sie so zugetan sind, mit ihnen anstellt. Nichts hassen sie mehr als Homos. Du kannst Kinder oder Esel fi...., das machen sie selbst mit freuden, aber Homos säbeln sie als aller erstes die Runkel ab. Da kommen ihnen die Grünen gerade recht.",True,False, False,"[{""role"": ""system"", ""content"": ""You are a legal expert for defamatory offenses according the the German Criminal Code (§§185-187 StGB). Help the user decide whether given posts fall within in the scope of these articles.""}, {""role"": ""user"", ""content"": ""Step 1: A defamatory object can be a living individual, a group of persons that is distinguishable from the general public such that every member of that group could feel their honor is infringed or collective entities such as governments or press companies with a recognised social role and who act with a collective, single will.\nIs there a defamatory object in this statement? \nNo → STOP (NOT criminally relevant according to §§185-187 StGB)\nYes → Step 2\n\nStep 2: A disparaging statement is a statement which interferes with the potential victim's right to honour. It is already fulfilled by expressing contempt or disrespect through the allegation of shortcomings that could reduce the victim’s social standing.\nIs there a disparaging statement directed towards the defamatory object?\nNo → STOP (NOT criminally relevant according to §§185-187 StGB)\nYes → Step 3\n\nStep 3: A factual claim is a stetement that can be proven to be true or untrue in front of a court. A value judgment constitutes and expression of personal opinions.\nIs it primarily a value judgement and NOT primarily a factual claim?\nNo → STOP (NOT criminally relevant according to §§185-187 StGB)\nYes → Step 4\n\nStep 4: An abusive insult is a statement that constitutes breaking a taboo by itself and intends only the defamation of the victim without any substantiated contribution.\nIs the statement an abusive insult?\nYes → STOP (criminally RELEVANT according to §§185-187 StGB)\nNo → Step 5\n\nStep 5: A statement is of public interest if it contains a contribution to the public discourse with respect to a particular relevant topic of public interest.\nIs the statement of public interest?\nYes → STOP (NOT criminally relevant according to §§185-187 StGB)\nNo → Step 6\n\nStep 6: A statement is considered abusive criticism if it goes beyond plausible criticism by primarily intending to abusively offend the victim, hereby neglecting a substantiated contribution.\nIs the statement abusive criticism?\nYes → STOP (criminally RELEVANT according to §§185-187 StGB)\nNo → STOP (NOT criminally relevant according to §§185-187 StGB)\n\n\nAccording to this decision schema, decide whether the following text is criminally revant according to §§185-187 StGB (Defamatory Offense). Answer only with 'True' (criminally relevant according to §§185-187 StGB) or 'False' (not criminally relevant according to §§185-187 StGB).""}, {""role"": ""user"", ""content"": ""Die pädophilkranken Grünen werden sich noch wundern was der Islam, dem sie so zugetan sind, mit ihnen anstellt. Nichts hassen sie mehr als Homos. Du kannst Kinder oder Esel fi...., das machen sie selbst mit freuden, aber Homos säbeln sie als aller erstes die Runkel ab. Da kommen ihnen die Grünen gerade recht.""}]",1,FN
951882118183545,Der is aber auch ne hässliche Alte...,True,False, False,"[{""role"": ""system"", ""content"": ""You are a legal expert for defamatory offenses according the the German Criminal Code (§§185-187 StGB). Help the user decide whether given posts fall within in the scope of these articles.""}, {""role"": ""user"", ""content"": ""Step 1: A defamatory object can be a living individual, a group of persons that is distinguishable from the general public such that every member of that group could feel their honor is infringed or collective entities such as governments or press companies with a recognised social role and who act with a collective, single will.\nIs there a defamatory object in this statement? \nNo → STOP (NOT criminally relevant according to §§185-187 StGB)\nYes → Step 2\n\nStep 2: A disparaging statement is a statement which interferes with the potential victim's right to honour. It is already fulfilled by expressing contempt or disrespect through the allegation of shortcomings that could reduce the victim’s social standing.\nIs there a disparaging statement directed towards the defamatory object?\nNo → STOP (NOT criminally relevant according to §§185-187 StGB)\nYes → Step 3\n\nStep 3: A factual claim is a stetement that can be proven to be true or untrue in front of a court. A value judgment constitutes and expression of personal opinions.\nIs it primarily a value judgement and NOT primarily a factual claim?\nNo → STOP (NOT criminally relevant according to §§185-187 StGB)\nYes → Step 4\n\nStep 4: An abusive insult is a statement that constitutes breaking a taboo by itself and intends only the defamation of the victim without any substantiated contribution.\nIs the statement an abusive insult?\nYes → STOP (criminally RELEVANT according to §§185-187 StGB)\nNo → Step 5\n\nStep 5: A statement is of public interest if it contains a contribution to the public discourse with respect to a particular relevant topic of public interest.\nIs the statement of public interest?\nYes → STOP (NOT criminally relevant according to §§185-187 StGB)\nNo → Step 6\n\nStep 6: A statement is considered abusive criticism if it goes beyond plausible criticism by primarily intending to abusively offend the victim, hereby neglecting a substantiated contribution.\nIs the statement abusive criticism?\nYes → STOP (criminally RELEVANT according to §§185-187 StGB)\nNo → STOP (NOT criminally relevant according to §§185-187 StGB)\n\n\nAccording to this decision schema, decide whether the following text is criminally revant according to §§185-187 StGB (Defamatory Offense). Answer only with 'True' (criminally relevant according to §§185-187 StGB) or 'False' (not criminally relevant according to §§185-187 StGB).""}, {""role"": ""user"", ""content"": ""Der is aber auch ne hässliche Alte...""}]",3,FN
951885771516513,"Hahahahaha,wie dumm muß man sein??? Da sieht man wieder was fleischentzug und überdosierte körner und grünzeugs zufuhr bei diesen linksterroristen anrichtet,denen gehört der schädel gespalten damit deren hirn mal wieder wat frische luft bekommt,das muß ja gären in deren köpfen,soweit ich mich errinnern kann,erzeugt doch eingelagertes grünzeug in einem luftdichtenraum mit etwas feuchtigkeit silage (tierfutter)oder?LOOOOL ...Als ich diesen beitrag gelesen habe,hatte ich sofort das bild vom simpson Nelson in meinen kopf aber mit diesen ""südländern"" wie einer diesen Marcel R. von hinten nimmt und ihn immer wieder anbrüllt ""warum F... du dich selbst"" und einer von vorne der ihn immer wieder anbrüllt ""warum Blä... du dir selbst einen"" hahahaha,Ooooh man man man ich kann nicht mehr vor lachen ;)",True,False, False,"[{""role"": ""system"", ""content"": ""You are a legal expert for defamatory offenses according the the German Criminal Code (§§185-187 StGB). Help the user decide whether given posts fall within in the scope of these articles.""}, {""role"": ""user"", ""content"": ""Step 1: A defamatory object can be a living individual, a group of persons that is distinguishable from the general public such that every member of that group could feel their honor is infringed or collective entities such as governments or press companies with a recognised social role and who act with a collective, single will.\nIs there a defamatory object in this statement? \nNo → STOP (NOT criminally relevant according to §§185-187 StGB)\nYes → Step 2\n\nStep 2: A disparaging statement is a statement which interferes with the potential victim's right to honour. It is already fulfilled by expressing contempt or disrespect through the allegation of shortcomings that could reduce the victim’s social standing.\nIs there a disparaging statement directed towards the defamatory object?\nNo → STOP (NOT criminally relevant according to §§185-187 StGB)\nYes → Step 3\n\nStep 3: A factual claim is a stetement that can be proven to be true or untrue in front of a court. A value judgment constitutes and expression of personal opinions.\nIs it primarily a value judgement and NOT primarily a factual claim?\nNo → STOP (NOT criminally relevant according to §§185-187 StGB)\nYes → Step 4\n\nStep 4: An abusive insult is a statement that constitutes breaking a taboo by itself and intends only the defamation of the victim without any substantiated contribution.\nIs the statement an abusive insult?\nYes → STOP (criminally RELEVANT according to §§185-187 StGB)\nNo → Step 5\n\nStep 5: A statement is of public interest if it contains a contribution to the public discourse with respect to a particular relevant topic of public interest.\nIs the statement of public interest?\nYes → STOP (NOT criminally relevant according to §§185-187 StGB)\nNo → Step 6\n\nStep 6: A statement is considered abusive criticism if it goes beyond plausible criticism by primarily intending to abusively offend the victim, hereby neglecting a substantiated contribution.\nIs the statement abusive criticism?\nYes → STOP (criminally RELEVANT according to §§185-187 StGB)\nNo → STOP (NOT criminally relevant according to §§185-187 StGB)\n\n\nAccording to this decision schema, decide whether the following text is criminally revant according to §§185-187 StGB (Defamatory Offense). Answer only with 'True' (criminally relevant according to §§185-187 StGB) or 'False' (not criminally relevant according to §§185-187 StGB).""}, {""role"": ""user"", ""content"": ""Hahahahaha,wie dumm muß man sein??? Da sieht man wieder was fleischentzug und überdosierte körner und grünzeugs zufuhr bei diesen linksterroristen anrichtet,denen gehört der schädel gespalten damit deren hirn mal wieder wat frische luft bekommt,das muß ja gären in deren köpfen,soweit ich mich errinnern kann,erzeugt doch eingelagertes grünzeug in einem luftdichtenraum mit etwas feuchtigkeit silage (tierfutter)oder?LOOOOL ...Als ich diesen beitrag gelesen habe,hatte ich sofort das bild vom simpson Nelson in meinen kopf aber mit diesen \""südländern\"" wie einer diesen Marcel R. von hinten nimmt und ihn immer wieder anbrüllt \""warum F... du dich selbst\"" und einer von vorne der ihn immer wieder anbrüllt \""warum Blä... du dir selbst einen\"" hahahaha,Ooooh man man man ich kann nicht mehr vor lachen ;)""}]",3,FN
951890911515999,Tuntiges Weichei - der soll mal nicht so jammern .. ist ja nur ein kleiner Kratzer,True,False, False,"[{""role"": ""system"", ""content"": ""You are a legal expert for defamatory offenses according the the German Criminal Code (§§185-187 StGB). Help the user decide whether given posts fall within in the scope of these articles.""}, {""role"": ""user"", ""content"": ""Step 1: A defamatory object can be a living individual, a group of persons that is distinguishable from the general public such that every member of that group could feel their honor is infringed or collective entities such as governments or press companies with a recognised social role and who act with a collective, single will.\nIs there a defamatory object in this statement? \nNo → STOP (NOT criminally relevant according to §§185-187 StGB)\nYes → Step 2\n\nStep 2: A disparaging statement is a statement which interferes with the potential victim's right to honour. It is already fulfilled by expressing contempt or disrespect through the allegation of shortcomings that could reduce the victim’s social standing.\nIs there a disparaging statement directed towards the defamatory object?\nNo → STOP (NOT criminally relevant according to §§185-187 StGB)\nYes → Step 3\n\nStep 3: A factual claim is a stetement that can be proven to be true or untrue in front of a court. A value judgment constitutes and expression of personal opinions.\nIs it primarily a value judgement and NOT primarily a factual claim?\nNo → STOP (NOT criminally relevant according to §§185-187 StGB)\nYes → Step 4\n\nStep 4: An abusive insult is a statement that constitutes breaking a taboo by itself and intends only the defamation of the victim without any substantiated contribution.\nIs the statement an abusive insult?\nYes → STOP (criminally RELEVANT according to §§185-187 StGB)\nNo → Step 5\n\nStep 5: A statement is of public interest if it contains a contribution to the public discourse with respect to a particular relevant topic of public interest.\nIs the statement of public interest?\nYes → STOP (NOT criminally relevant according to §§185-187 StGB)\nNo → Step 6\n\nStep 6: A statement is considered abusive criticism if it goes beyond plausible criticism by primarily intending to abusively offend the victim, hereby neglecting a substantiated contribution.\nIs the statement abusive criticism?\nYes → STOP (criminally RELEVANT according to §§185-187 StGB)\nNo → STOP (NOT criminally relevant according to §§185-187 StGB)\n\n\nAccording to this decision schema, decide whether the following text is criminally revant according to §§185-187 StGB (Defamatory Offense). Answer only with 'True' (criminally relevant according to §§185-187 StGB) or 'False' (not criminally relevant according to §§185-187 StGB).""}, {""role"": ""user"", ""content"": ""Tuntiges Weichei - der soll mal nicht so jammern .. ist ja nur ein kleiner Kratzer""}]",3,FN
951895724848851,Der Vollhorst kann nicht mal Forsa richtig schreiben. Ist wohl mangelnde Allgemeinbildung eines Kerndeutschen,True,False, False,"[{""role"": ""system"", ""content"": ""You are a legal expert for defamatory offenses according the the German Criminal Code (§§185-187 StGB). Help the user decide whether given posts fall within in the scope of these articles.""}, {""role"": ""user"", ""content"": ""Step 1: A defamatory object can be a living individual, a group of persons that is distinguishable from the general public such that every member of that group could feel their honor is infringed or collective entities such as governments or press companies with a recognised social role and who act with a collective, single will.\nIs there a defamatory object in this statement? \nNo → STOP (NOT criminally relevant according to §§185-187 StGB)\nYes → Step 2\n\nStep 2: A disparaging statement is a statement which interferes with the potential victim's right to honour. It is already fulfilled by expressing contempt or disrespect through the allegation of shortcomings that could reduce the victim’s social standing.\nIs there a disparaging statement directed towards the defamatory object?\nNo → STOP (NOT criminally relevant according to §§185-187 StGB)\nYes → Step 3\n\nStep 3: A factual claim is a stetement that can be proven to be true or untrue in front of a court. A value judgment constitutes and expression of personal opinions.\nIs it primarily a value judgement and NOT primarily a factual claim?\nNo → STOP (NOT criminally relevant according to §§185-187 StGB)\nYes → Step 4\n\nStep 4: An abusive insult is a statement that constitutes breaking a taboo by itself and intends only the defamation of the victim without any substantiated contribution.\nIs the statement an abusive insult?\nYes → STOP (criminally RELEVANT according to §§185-187 StGB)\nNo → Step 5\n\nStep 5: A statement is of public interest if it contains a contribution to the public discourse with respect to a particular relevant topic of public interest.\nIs the statement of public interest?\nYes → STOP (NOT criminally relevant according to §§185-187 StGB)\nNo → Step 6\n\nStep 6: A statement is considered abusive criticism if it goes beyond plausible criticism by primarily intending to abusively offend the victim, hereby neglecting a substantiated contribution.\nIs the statement abusive criticism?\nYes → STOP (criminally RELEVANT according to §§185-187 StGB)\nNo → STOP (NOT criminally relevant according to §§185-187 StGB)\n\n\nAccording to this decision schema, decide whether the following text is criminally revant according to §§185-187 StGB (Defamatory Offense). Answer only with 'True' (criminally relevant according to §§185-187 StGB) or 'False' (not criminally relevant according to §§185-187 StGB).""}, {""role"": ""user"", ""content"": ""Der Vollhorst kann nicht mal Forsa richtig schreiben. Ist wohl mangelnde Allgemeinbildung eines Kerndeutschen""}]",3,FN
952084304829993,Das dumme Schwein hat ja auf Gangbang gehofft. ..leider wurde es nur Bumm-Aua...trifft den Richtigen,True,False, False,"[{""role"": ""system"", ""content"": ""You are a legal expert for defamatory offenses according the the German Criminal Code (§§185-187 StGB). Help the user decide whether given posts fall within in the scope of these articles.""}, {""role"": ""user"", ""content"": ""Step 1: A defamatory object can be a living individual, a group of persons that is distinguishable from the general public such that every member of that group could feel their honor is infringed or collective entities such as governments or press companies with a recognised social role and who act with a collective, single will.\nIs there a defamatory object in this statement? \nNo → STOP (NOT criminally relevant according to §§185-187 StGB)\nYes → Step 2\n\nStep 2: A disparaging statement is a statement which interferes with the potential victim's right to honour. It is already fulfilled by expressing contempt or disrespect through the allegation of shortcomings that could reduce the victim’s social standing.\nIs there a disparaging statement directed towards the defamatory object?\nNo → STOP (NOT criminally relevant according to §§185-187 StGB)\nYes → Step 3\n\nStep 3: A factual claim is a stetement that can be proven to be true or untrue in front of a court. A value judgment constitutes and expression of personal opinions.\nIs it primarily a value judgement and NOT primarily a factual claim?\nNo → STOP (NOT criminally relevant according to §§185-187 StGB)\nYes → Step 4\n\nStep 4: An abusive insult is a statement that constitutes breaking a taboo by itself and intends only the defamation of the victim without any substantiated contribution.\nIs the statement an abusive insult?\nYes → STOP (criminally RELEVANT according to §§185-187 StGB)\nNo → Step 5\n\nStep 5: A statement is of public interest if it contains a contribution to the public discourse with respect to a particular relevant topic of public interest.\nIs the statement of public interest?\nYes → STOP (NOT criminally relevant according to §§185-187 StGB)\nNo → Step 6\n\nStep 6: A statement is considered abusive criticism if it goes beyond plausible criticism by primarily intending to abusively offend the victim, hereby neglecting a substantiated contribution.\nIs the statement abusive criticism?\nYes → STOP (criminally RELEVANT according to §§185-187 StGB)\nNo → STOP (NOT criminally relevant according to §§185-187 StGB)\n\n\nAccording to this decision schema, decide whether the following text is criminally revant according to §§185-187 StGB (Defamatory Offense). Answer only with 'True' (criminally relevant according to §§185-187 StGB) or 'False' (not criminally relevant according to §§185-187 StGB).""}, {""role"": ""user"", ""content"": ""Das dumme Schwein hat ja auf Gangbang gehofft. ..leider wurde es nur Bumm-Aua...trifft den Richtigen""}]",1,FN
952157218156035,"Gleich die Junx zurückpfeifen und diesem dummen Lutscher gleich nochmal die Fresse polieren, denn er hat es nicht verstanden, das er Lektion erhalten hat weil er sich als Tunte verkleidet hat. Grüne Schöngeister brauchen da länger denn es fehlt an geistiger Kapazität.",True,False, False,"[{""role"": ""system"", ""content"": ""You are a legal expert for defamatory offenses according the the German Criminal Code (§§185-187 StGB). Help the user decide whether given posts fall within in the scope of these articles.""}, {""role"": ""user"", ""content"": ""Step 1: A defamatory object can be a living individual, a group of persons that is distinguishable from the general public such that every member of that group could feel their honor is infringed or collective entities such as governments or press companies with a recognised social role and who act with a collective, single will.\nIs there a defamatory object in this statement? \nNo → STOP (NOT criminally relevant according to §§185-187 StGB)\nYes → Step 2\n\nStep 2: A disparaging statement is a statement which interferes with the potential victim's right to honour. It is already fulfilled by expressing contempt or disrespect through the allegation of shortcomings that could reduce the victim’s social standing.\nIs there a disparaging statement directed towards the defamatory object?\nNo → STOP (NOT criminally relevant according to §§185-187 StGB)\nYes → Step 3\n\nStep 3: A factual claim is a stetement that can be proven to be true or untrue in front of a court. A value judgment constitutes and expression of personal opinions.\nIs it primarily a value judgement and NOT primarily a factual claim?\nNo → STOP (NOT criminally relevant according to §§185-187 StGB)\nYes → Step 4\n\nStep 4: An abusive insult is a statement that constitutes breaking a taboo by itself and intends only the defamation of the victim without any substantiated contribution.\nIs the statement an abusive insult?\nYes → STOP (criminally RELEVANT according to §§185-187 StGB)\nNo → Step 5\n\nStep 5: A statement is of public interest if it contains a contribution to the public discourse with respect to a particular relevant topic of public interest.\nIs the statement of public interest?\nYes → STOP (NOT criminally relevant according to §§185-187 StGB)\nNo → Step 6\n\nStep 6: A statement is considered abusive criticism if it goes beyond plausible criticism by primarily intending to abusively offend the victim, hereby neglecting a substantiated contribution.\nIs the statement abusive criticism?\nYes → STOP (criminally RELEVANT according to §§185-187 StGB)\nNo → STOP (NOT criminally relevant according to §§185-187 StGB)\n\n\nAccording to this decision schema, decide whether the following text is criminally revant according to §§185-187 StGB (Defamatory Offense). Answer only with 'True' (criminally relevant according to §§185-187 StGB) or 'False' (not criminally relevant according to §§185-187 StGB).""}, {""role"": ""user"", ""content"": ""Gleich die Junx zurückpfeifen und diesem dummen Lutscher gleich nochmal die Fresse polieren, denn er hat es nicht verstanden, das er Lektion erhalten hat weil er sich als Tunte verkleidet hat. Grüne Schöngeister brauchen da länger denn es fehlt an geistiger Kapazität.""}]",1,FN
952158638155893,Dafür sind Roten Schweine und grüne Kinderficker Partei verantwortlich im Bundesrat.,True,False, False,"[{""role"": ""system"", ""content"": ""You are a legal expert for defamatory offenses according the the German Criminal Code (§§185-187 StGB). Help the user decide whether given posts fall within in the scope of these articles.""}, {""role"": ""user"", ""content"": ""Step 1: A defamatory object can be a living individual, a group of persons that is distinguishable from the general public such that every member of that group could feel their honor is infringed or collective entities such as governments or press companies with a recognised social role and who act with a collective, single will.\nIs there a defamatory object in this statement? \nNo → STOP (NOT criminally relevant according to §§185-187 StGB)\nYes → Step 2\n\nStep 2: A disparaging statement is a statement which interferes with the potential victim's right to honour. It is already fulfilled by expressing contempt or disrespect through the allegation of shortcomings that could reduce the victim’s social standing.\nIs there a disparaging statement directed towards the defamatory object?\nNo → STOP (NOT criminally relevant according to §§185-187 StGB)\nYes → Step 3\n\nStep 3: A factual claim is a stetement that can be proven to be true or untrue in front of a court. A value judgment constitutes and expression of personal opinions.\nIs it primarily a value judgement and NOT primarily a factual claim?\nNo → STOP (NOT criminally relevant according to §§185-187 StGB)\nYes → Step 4\n\nStep 4: An abusive insult is a statement that constitutes breaking a taboo by itself and intends only the defamation of the victim without any substantiated contribution.\nIs the statement an abusive insult?\nYes → STOP (criminally RELEVANT according to §§185-187 StGB)\nNo → Step 5\n\nStep 5: A statement is of public interest if it contains a contribution to the public discourse with respect to a particular relevant topic of public interest.\nIs the statement of public interest?\nYes → STOP (NOT criminally relevant according to §§185-187 StGB)\nNo → Step 6\n\nStep 6: A statement is considered abusive criticism if it goes beyond plausible criticism by primarily intending to abusively offend the victim, hereby neglecting a substantiated contribution.\nIs the statement abusive criticism?\nYes → STOP (criminally RELEVANT according to §§185-187 StGB)\nNo → STOP (NOT criminally relevant according to §§185-187 StGB)\n\n\nAccording to this decision schema, decide whether the following text is criminally revant according to §§185-187 StGB (Defamatory Offense). Answer only with 'True' (criminally relevant according to §§185-187 StGB) or 'False' (not criminally relevant according to §§185-187 StGB).""}, {""role"": ""user"", ""content"": ""Dafür sind Roten Schweine und grüne Kinderficker Partei verantwortlich im Bundesrat.""}]",2,FN
952178954820528,Mathias Schü ... Dir schreibt man in diesem Zusammenhang groß Du überhebliches ...  Und wenn ich mir das Profil von dem Rotzlöffel ansehe ... Denk ich mir meinen Teil,True,False, False,"[{""role"": ""system"", ""content"": ""You are a legal expert for defamatory offenses according the the German Criminal Code (§§185-187 StGB). Help the user decide whether given posts fall within in the scope of these articles.""}, {""role"": ""user"", ""content"": ""Step 1: A defamatory object can be a living individual, a group of persons that is distinguishable from the general public such that every member of that group could feel their honor is infringed or collective entities such as governments or press companies with a recognised social role and who act with a collective, single will.\nIs there a defamatory object in this statement? \nNo → STOP (NOT criminally relevant according to §§185-187 StGB)\nYes → Step 2\n\nStep 2: A disparaging statement is a statement which interferes with the potential victim's right to honour. It is already fulfilled by expressing contempt or disrespect through the allegation of shortcomings that could reduce the victim’s social standing.\nIs there a disparaging statement directed towards the defamatory object?\nNo → STOP (NOT criminally relevant according to §§185-187 StGB)\nYes → Step 3\n\nStep 3: A factual claim is a stetement that can be proven to be true or untrue in front of a court. A value judgment constitutes and expression of personal opinions.\nIs it primarily a value judgement and NOT primarily a factual claim?\nNo → STOP (NOT criminally relevant according to §§185-187 StGB)\nYes → Step 4\n\nStep 4: An abusive insult is a statement that constitutes breaking a taboo by itself and intends only the defamation of the victim without any substantiated contribution.\nIs the statement an abusive insult?\nYes → STOP (criminally RELEVANT according to §§185-187 StGB)\nNo → Step 5\n\nStep 5: A statement is of public interest if it contains a contribution to the public discourse with respect to a particular relevant topic of public interest.\nIs the statement of public interest?\nYes → STOP (NOT criminally relevant according to §§185-187 StGB)\nNo → Step 6\n\nStep 6: A statement is considered abusive criticism if it goes beyond plausible criticism by primarily intending to abusively offend the victim, hereby neglecting a substantiated contribution.\nIs the statement abusive criticism?\nYes → STOP (criminally RELEVANT according to §§185-187 StGB)\nNo → STOP (NOT criminally relevant according to §§185-187 StGB)\n\n\nAccording to this decision schema, decide whether the following text is criminally revant according to §§185-187 StGB (Defamatory Offense). Answer only with 'True' (criminally relevant according to §§185-187 StGB) or 'False' (not criminally relevant according to §§185-187 StGB).""}, {""role"": ""user"", ""content"": ""Mathias Schü ... Dir schreibt man in diesem Zusammenhang groß Du überhebliches ...  Und wenn ich mir das Profil von dem Rotzlöffel ansehe ... Denk ich mir meinen Teil""}]",0,FN
960927587278998,"Rosa Weiss, ist doch hinlänglich bekannt, dass sich hinter diesen Organisationen der letzte ""Abschaum und arbeitsscheues Gesindel"" befindet und bei den Plattköpfen, in Berlin, hohe Anerkennung findet. Sollten sich die Zeiten ändern, wird man für diese Unproduktiven auch einen Arbeitsplatz bereitstellen, um das Bruttosozialprodukt zu steigern.",True,False, False,"[{""role"": ""system"", ""content"": ""You are a legal expert for defamatory offenses according the the German Criminal Code (§§185-187 StGB). Help the user decide whether given posts fall within in the scope of these articles.""}, {""role"": ""user"", ""content"": ""Step 1: A defamatory object can be a living individual, a group of persons that is distinguishable from the general public such that every member of that group could feel their honor is infringed or collective entities such as governments or press companies with a recognised social role and who act with a collective, single will.\nIs there a defamatory object in this statement? \nNo → STOP (NOT criminally relevant according to §§185-187 StGB)\nYes → Step 2\n\nStep 2: A disparaging statement is a statement which interferes with the potential victim's right to honour. It is already fulfilled by expressing contempt or disrespect through the allegation of shortcomings that could reduce the victim’s social standing.\nIs there a disparaging statement directed towards the defamatory object?\nNo → STOP (NOT criminally relevant according to §§185-187 StGB)\nYes → Step 3\n\nStep 3: A factual claim is a stetement that can be proven to be true or untrue in front of a court. A value judgment constitutes and expression of personal opinions.\nIs it primarily a value judgement and NOT primarily a factual claim?\nNo → STOP (NOT criminally relevant according to §§185-187 StGB)\nYes → Step 4\n\nStep 4: An abusive insult is a statement that constitutes breaking a taboo by itself and intends only the defamation of the victim without any substantiated contribution.\nIs the statement an abusive insult?\nYes → STOP (criminally RELEVANT according to §§185-187 StGB)\nNo → Step 5\n\nStep 5: A statement is of public interest if it contains a contribution to the public discourse with respect to a particular relevant topic of public interest.\nIs the statement of public interest?\nYes → STOP (NOT criminally relevant according to §§185-187 StGB)\nNo → Step 6\n\nStep 6: A statement is considered abusive criticism if it goes beyond plausible criticism by primarily intending to abusively offend the victim, hereby neglecting a substantiated contribution.\nIs the statement abusive criticism?\nYes → STOP (criminally RELEVANT according to §§185-187 StGB)\nNo → STOP (NOT criminally relevant according to §§185-187 StGB)\n\n\nAccording to this decision schema, decide whether the following text is criminally revant according to §§185-187 StGB (Defamatory Offense). Answer only with 'True' (criminally relevant according to §§185-187 StGB) or 'False' (not criminally relevant according to §§185-187 StGB).""}, {""role"": ""user"", ""content"": ""Rosa Weiss, ist doch hinlänglich bekannt, dass sich hinter diesen Organisationen der letzte \""Abschaum und arbeitsscheues Gesindel\"" befindet und bei den Plattköpfen, in Berlin, hohe Anerkennung findet. Sollten sich die Zeiten ändern, wird man für diese Unproduktiven auch einen Arbeitsplatz bereitstellen, um das Bruttosozialprodukt zu steigern.""}]",0,FN
960976363940787,sau dumm sind die von PEGIDA...,True,False, False,"[{""role"": ""system"", ""content"": ""You are a legal expert for defamatory offenses according the the German Criminal Code (§§185-187 StGB). Help the user decide whether given posts fall within in the scope of these articles.""}, {""role"": ""user"", ""content"": ""Step 1: A defamatory object can be a living individual, a group of persons that is distinguishable from the general public such that every member of that group could feel their honor is infringed or collective entities such as governments or press companies with a recognised social role and who act with a collective, single will.\nIs there a defamatory object in this statement? \nNo → STOP (NOT criminally relevant according to §§185-187 StGB)\nYes → Step 2\n\nStep 2: A disparaging statement is a statement which interferes with the potential victim's right to honour. It is already fulfilled by expressing contempt or disrespect through the allegation of shortcomings that could reduce the victim’s social standing.\nIs there a disparaging statement directed towards the defamatory object?\nNo → STOP (NOT criminally relevant according to §§185-187 StGB)\nYes → Step 3\n\nStep 3: A factual claim is a stetement that can be proven to be true or untrue in front of a court. A value judgment constitutes and expression of personal opinions.\nIs it primarily a value judgement and NOT primarily a factual claim?\nNo → STOP (NOT criminally relevant according to §§185-187 StGB)\nYes → Step 4\n\nStep 4: An abusive insult is a statement that constitutes breaking a taboo by itself and intends only the defamation of the victim without any substantiated contribution.\nIs the statement an abusive insult?\nYes → STOP (criminally RELEVANT according to §§185-187 StGB)\nNo → Step 5\n\nStep 5: A statement is of public interest if it contains a contribution to the public discourse with respect to a particular relevant topic of public interest.\nIs the statement of public interest?\nYes → STOP (NOT criminally relevant according to §§185-187 StGB)\nNo → Step 6\n\nStep 6: A statement is considered abusive criticism if it goes beyond plausible criticism by primarily intending to abusively offend the victim, hereby neglecting a substantiated contribution.\nIs the statement abusive criticism?\nYes → STOP (criminally RELEVANT according to §§185-187 StGB)\nNo → STOP (NOT criminally relevant according to §§185-187 StGB)\n\n\nAccording to this decision schema, decide whether the following text is criminally revant according to §§185-187 StGB (Defamatory Offense). Answer only with 'True' (criminally relevant according to §§185-187 StGB) or 'False' (not criminally relevant according to §§185-187 StGB).""}, {""role"": ""user"", ""content"": ""sau dumm sind die von PEGIDA...""}]",0,FN
960984853939938,Und Udo Görtz ist dumm.,True,False, False,"[{""role"": ""system"", ""content"": ""You are a legal expert for defamatory offenses according the the German Criminal Code (§§185-187 StGB). Help the user decide whether given posts fall within in the scope of these articles.""}, {""role"": ""user"", ""content"": ""Step 1: A defamatory object can be a living individual, a group of persons that is distinguishable from the general public such that every member of that group could feel their honor is infringed or collective entities such as governments or press companies with a recognised social role and who act with a collective, single will.\nIs there a defamatory object in this statement? \nNo → STOP (NOT criminally relevant according to §§185-187 StGB)\nYes → Step 2\n\nStep 2: A disparaging statement is a statement which interferes with the potential victim's right to honour. It is already fulfilled by expressing contempt or disrespect through the allegation of shortcomings that could reduce the victim’s social standing.\nIs there a disparaging statement directed towards the defamatory object?\nNo → STOP (NOT criminally relevant according to §§185-187 StGB)\nYes → Step 3\n\nStep 3: A factual claim is a stetement that can be proven to be true or untrue in front of a court. A value judgment constitutes and expression of personal opinions.\nIs it primarily a value judgement and NOT primarily a factual claim?\nNo → STOP (NOT criminally relevant according to §§185-187 StGB)\nYes → Step 4\n\nStep 4: An abusive insult is a statement that constitutes breaking a taboo by itself and intends only the defamation of the victim without any substantiated contribution.\nIs the statement an abusive insult?\nYes → STOP (criminally RELEVANT according to §§185-187 StGB)\nNo → Step 5\n\nStep 5: A statement is of public interest if it contains a contribution to the public discourse with respect to a particular relevant topic of public interest.\nIs the statement of public interest?\nYes → STOP (NOT criminally relevant according to §§185-187 StGB)\nNo → Step 6\n\nStep 6: A statement is considered abusive criticism if it goes beyond plausible criticism by primarily intending to abusively offend the victim, hereby neglecting a substantiated contribution.\nIs the statement abusive criticism?\nYes → STOP (criminally RELEVANT according to §§185-187 StGB)\nNo → STOP (NOT criminally relevant according to §§185-187 StGB)\n\n\nAccording to this decision schema, decide whether the following text is criminally revant according to §§185-187 StGB (Defamatory Offense). Answer only with 'True' (criminally relevant according to §§185-187 StGB) or 'False' (not criminally relevant according to §§185-187 StGB).""}, {""role"": ""user"", ""content"": ""Und Udo Görtz ist dumm.""}]",2,FN
961109890594101,"Grenzen dicht meine Fresse! Vor 10 Jahren haste viel Strafe bezahlt wenn du ne Stange Kippen mehr geschmuggelt hast, jetzt stürmen tausende gewalttätige Muselmänner über die Grenzen. Und ihr feigen Dreckasseln sitzt auf eurem fetten Arsch Zuhause!",True,False, False,"[{""role"": ""system"", ""content"": ""You are a legal expert for defamatory offenses according the the German Criminal Code (§§185-187 StGB). Help the user decide whether given posts fall within in the scope of these articles.""}, {""role"": ""user"", ""content"": ""Step 1: A defamatory object can be a living individual, a group of persons that is distinguishable from the general public such that every member of that group could feel their honor is infringed or collective entities such as governments or press companies with a recognised social role and who act with a collective, single will.\nIs there a defamatory object in this statement? \nNo → STOP (NOT criminally relevant according to §§185-187 StGB)\nYes → Step 2\n\nStep 2: A disparaging statement is a statement which interferes with the potential victim's right to honour. It is already fulfilled by expressing contempt or disrespect through the allegation of shortcomings that could reduce the victim’s social standing.\nIs there a disparaging statement directed towards the defamatory object?\nNo → STOP (NOT criminally relevant according to §§185-187 StGB)\nYes → Step 3\n\nStep 3: A factual claim is a stetement that can be proven to be true or untrue in front of a court. A value judgment constitutes and expression of personal opinions.\nIs it primarily a value judgement and NOT primarily a factual claim?\nNo → STOP (NOT criminally relevant according to §§185-187 StGB)\nYes → Step 4\n\nStep 4: An abusive insult is a statement that constitutes breaking a taboo by itself and intends only the defamation of the victim without any substantiated contribution.\nIs the statement an abusive insult?\nYes → STOP (criminally RELEVANT according to §§185-187 StGB)\nNo → Step 5\n\nStep 5: A statement is of public interest if it contains a contribution to the public discourse with respect to a particular relevant topic of public interest.\nIs the statement of public interest?\nYes → STOP (NOT criminally relevant according to §§185-187 StGB)\nNo → Step 6\n\nStep 6: A statement is considered abusive criticism if it goes beyond plausible criticism by primarily intending to abusively offend the victim, hereby neglecting a substantiated contribution.\nIs the statement abusive criticism?\nYes → STOP (criminally RELEVANT according to §§185-187 StGB)\nNo → STOP (NOT criminally relevant according to §§185-187 StGB)\n\n\nAccording to this decision schema, decide whether the following text is criminally revant according to §§185-187 StGB (Defamatory Offense). Answer only with 'True' (criminally relevant according to §§185-187 StGB) or 'False' (not criminally relevant according to §§185-187 StGB).""}, {""role"": ""user"", ""content"": ""Grenzen dicht meine Fresse! Vor 10 Jahren haste viel Strafe bezahlt wenn du ne Stange Kippen mehr geschmuggelt hast, jetzt stürmen tausende gewalttätige Muselmänner über die Grenzen. Und ihr feigen Dreckasseln sitzt auf eurem fetten Arsch Zuhause!""}]",1,FN
963599823678441,"Wenn Heino noch paar Haare hätte, dann wären sie auch blond. Warum: Die Wahrscheinlichkeit, dass doofe Menschen blond sind, ist recht hoch. ;-)",True,False, False,"[{""role"": ""system"", ""content"": ""You are a legal expert for defamatory offenses according the the German Criminal Code (§§185-187 StGB). Help the user decide whether given posts fall within in the scope of these articles.""}, {""role"": ""user"", ""content"": ""Step 1: A defamatory object can be a living individual, a group of persons that is distinguishable from the general public such that every member of that group could feel their honor is infringed or collective entities such as governments or press companies with a recognised social role and who act with a collective, single will.\nIs there a defamatory object in this statement? \nNo → STOP (NOT criminally relevant according to §§185-187 StGB)\nYes → Step 2\n\nStep 2: A disparaging statement is a statement which interferes with the potential victim's right to honour. It is already fulfilled by expressing contempt or disrespect through the allegation of shortcomings that could reduce the victim’s social standing.\nIs there a disparaging statement directed towards the defamatory object?\nNo → STOP (NOT criminally relevant according to §§185-187 StGB)\nYes → Step 3\n\nStep 3: A factual claim is a stetement that can be proven to be true or untrue in front of a court. A value judgment constitutes and expression of personal opinions.\nIs it primarily a value judgement and NOT primarily a factual claim?\nNo → STOP (NOT criminally relevant according to §§185-187 StGB)\nYes → Step 4\n\nStep 4: An abusive insult is a statement that constitutes breaking a taboo by itself and intends only the defamation of the victim without any substantiated contribution.\nIs the statement an abusive insult?\nYes → STOP (criminally RELEVANT according to §§185-187 StGB)\nNo → Step 5\n\nStep 5: A statement is of public interest if it contains a contribution to the public discourse with respect to a particular relevant topic of public interest.\nIs the statement of public interest?\nYes → STOP (NOT criminally relevant according to §§185-187 StGB)\nNo → Step 6\n\nStep 6: A statement is considered abusive criticism if it goes beyond plausible criticism by primarily intending to abusively offend the victim, hereby neglecting a substantiated contribution.\nIs the statement abusive criticism?\nYes → STOP (criminally RELEVANT according to §§185-187 StGB)\nNo → STOP (NOT criminally relevant according to §§185-187 StGB)\n\n\nAccording to this decision schema, decide whether the following text is criminally revant according to §§185-187 StGB (Defamatory Offense). Answer only with 'True' (criminally relevant according to §§185-187 StGB) or 'False' (not criminally relevant according to §§185-187 StGB).""}, {""role"": ""user"", ""content"": ""Wenn Heino noch paar Haare hätte, dann wären sie auch blond. Warum: Die Wahrscheinlichkeit, dass doofe Menschen blond sind, ist recht hoch. ;-)""}]",3,FN
966947220010368,"Du hast sie wohl nicht alle, Brandt. Bist wohl zu lange im Dunkeln rumgefahren, linker Kasper.",False,True, True,"[{""role"": ""system"", ""content"": ""You are a legal expert for defamatory offenses according the the German Criminal Code (§§185-187 StGB). Help the user decide whether given posts fall within in the scope of these articles.""}, {""role"": ""user"", ""content"": ""Step 1: A defamatory object can be a living individual, a group of persons that is distinguishable from the general public such that every member of that group could feel their honor is infringed or collective entities such as governments or press companies with a recognised social role and who act with a collective, single will.\nIs there a defamatory object in this statement? \nNo → STOP (NOT criminally relevant according to §§185-187 StGB)\nYes → Step 2\n\nStep 2: A disparaging statement is a statement which interferes with the potential victim's right to honour. It is already fulfilled by expressing contempt or disrespect through the allegation of shortcomings that could reduce the victim’s social standing.\nIs there a disparaging statement directed towards the defamatory object?\nNo → STOP (NOT criminally relevant according to §§185-187 StGB)\nYes → Step 3\n\nStep 3: A factual claim is a stetement that can be proven to be true or untrue in front of a court. A value judgment constitutes and expression of personal opinions.\nIs it primarily a value judgement and NOT primarily a factual claim?\nNo → STOP (NOT criminally relevant according to §§185-187 StGB)\nYes → Step 4\n\nStep 4: An abusive insult is a statement that constitutes breaking a taboo by itself and intends only the defamation of the victim without any substantiated contribution.\nIs the statement an abusive insult?\nYes → STOP (criminally RELEVANT according to §§185-187 StGB)\nNo → Step 5\n\nStep 5: A statement is of public interest if it contains a contribution to the public discourse with respect to a particular relevant topic of public interest.\nIs the statement of public interest?\nYes → STOP (NOT criminally relevant according to §§185-187 StGB)\nNo → Step 6\n\nStep 6: A statement is considered abusive criticism if it goes beyond plausible criticism by primarily intending to abusively offend the victim, hereby neglecting a substantiated contribution.\nIs the statement abusive criticism?\nYes → STOP (criminally RELEVANT according to §§185-187 StGB)\nNo → STOP (NOT criminally relevant according to §§185-187 StGB)\n\n\nAccording to this decision schema, decide whether the following text is criminally revant according to §§185-187 StGB (Defamatory Offense). Answer only with 'True' (criminally relevant according to §§185-187 StGB) or 'False' (not criminally relevant according to §§185-187 StGB).""}, {""role"": ""user"", ""content"": ""Du hast sie wohl nicht alle, Brandt. Bist wohl zu lange im Dunkeln rumgefahren, linker Kasper.""}]",2,FP
968128036558953,"Ich hab noch nie so schwachsinniges logorrhoeiges Zeug gelesen wie hier... Aber Deutsche bleibt eben im Hirn dreckige eitle Nazis...
Schaut mal was Ihr und eure Verbündeten auf der Welt angerichtet habt! 
Als ob es jemanden auf der Welt gibt, der freiwillig in ein Boot steigt um zu fliehen, obwohl er nicht schwimmen kann! Da muss man schon Angst haben um so etwas zu machen!

Ich wünsche euch allen, die hier ihren Hirnschiss ablassen und die Schnauze so weit aufreißen wie ein Garagentor, das das sie hungern und dursten, so wie die Flüchtlinge!
Ich wette, dass die hälfte der kommentierenden Personen hier selber Sozialschmarotzer sind!
Und mal ehrlich... Ihr seid doch sowieso vom Aussterben bedroht mit eurer 1,5 Geburtenrate.... Wer zahlt euch mal die Rente ihr Heilige????

Ihr habt nicht mal eure Kultur gewahrt.... Welch Kultur überhaupt?  Ihr habt doch keine!!!!!!!",True,False, False,"[{""role"": ""system"", ""content"": ""You are a legal expert for defamatory offenses according the the German Criminal Code (§§185-187 StGB). Help the user decide whether given posts fall within in the scope of these articles.""}, {""role"": ""user"", ""content"": ""Step 1: A defamatory object can be a living individual, a group of persons that is distinguishable from the general public such that every member of that group could feel their honor is infringed or collective entities such as governments or press companies with a recognised social role and who act with a collective, single will.\nIs there a defamatory object in this statement? \nNo → STOP (NOT criminally relevant according to §§185-187 StGB)\nYes → Step 2\n\nStep 2: A disparaging statement is a statement which interferes with the potential victim's right to honour. It is already fulfilled by expressing contempt or disrespect through the allegation of shortcomings that could reduce the victim’s social standing.\nIs there a disparaging statement directed towards the defamatory object?\nNo → STOP (NOT criminally relevant according to §§185-187 StGB)\nYes → Step 3\n\nStep 3: A factual claim is a stetement that can be proven to be true or untrue in front of a court. A value judgment constitutes and expression of personal opinions.\nIs it primarily a value judgement and NOT primarily a factual claim?\nNo → STOP (NOT criminally relevant according to §§185-187 StGB)\nYes → Step 4\n\nStep 4: An abusive insult is a statement that constitutes breaking a taboo by itself and intends only the defamation of the victim without any substantiated contribution.\nIs the statement an abusive insult?\nYes → STOP (criminally RELEVANT according to §§185-187 StGB)\nNo → Step 5\n\nStep 5: A statement is of public interest if it contains a contribution to the public discourse with respect to a particular relevant topic of public interest.\nIs the statement of public interest?\nYes → STOP (NOT criminally relevant according to §§185-187 StGB)\nNo → Step 6\n\nStep 6: A statement is considered abusive criticism if it goes beyond plausible criticism by primarily intending to abusively offend the victim, hereby neglecting a substantiated contribution.\nIs the statement abusive criticism?\nYes → STOP (criminally RELEVANT according to §§185-187 StGB)\nNo → STOP (NOT criminally relevant according to §§185-187 StGB)\n\n\nAccording to this decision schema, decide whether the following text is criminally revant according to §§185-187 StGB (Defamatory Offense). Answer only with 'True' (criminally relevant according to §§185-187 StGB) or 'False' (not criminally relevant according to §§185-187 StGB).""}, {""role"": ""user"", ""content"": ""Ich hab noch nie so schwachsinniges logorrhoeiges Zeug gelesen wie hier... Aber Deutsche bleibt eben im Hirn dreckige eitle Nazis...\r\nSchaut mal was Ihr und eure Verbündeten auf der Welt angerichtet habt! \r\nAls ob es jemanden auf der Welt gibt, der freiwillig in ein Boot steigt um zu fliehen, obwohl er nicht schwimmen kann! Da muss man schon Angst haben um so etwas zu machen!\r\n\r\nIch wünsche euch allen, die hier ihren Hirnschiss ablassen und die Schnauze so weit aufreißen wie ein Garagentor, das das sie hungern und dursten, so wie die Flüchtlinge!\r\nIch wette, dass die hälfte der kommentierenden Personen hier selber Sozialschmarotzer sind!\r\nUnd mal ehrlich... Ihr seid doch sowieso vom Aussterben bedroht mit eurer 1,5 Geburtenrate.... Wer zahlt euch mal die Rente ihr Heilige????\r\n\r\nIhr habt nicht mal eure Kultur gewahrt.... Welch Kultur überhaupt?  Ihr habt doch keine!!!!!!!""}]",3,FN
982648725106884,Was für ein dreckspack danke fr Merkel ich hoff der Blitz trifft dich beim sch......,False,True, True,"[{""role"": ""system"", ""content"": ""You are a legal expert for defamatory offenses according the the German Criminal Code (§§185-187 StGB). Help the user decide whether given posts fall within in the scope of these articles.""}, {""role"": ""user"", ""content"": ""Step 1: A defamatory object can be a living individual, a group of persons that is distinguishable from the general public such that every member of that group could feel their honor is infringed or collective entities such as governments or press companies with a recognised social role and who act with a collective, single will.\nIs there a defamatory object in this statement? \nNo → STOP (NOT criminally relevant according to §§185-187 StGB)\nYes → Step 2\n\nStep 2: A disparaging statement is a statement which interferes with the potential victim's right to honour. It is already fulfilled by expressing contempt or disrespect through the allegation of shortcomings that could reduce the victim’s social standing.\nIs there a disparaging statement directed towards the defamatory object?\nNo → STOP (NOT criminally relevant according to §§185-187 StGB)\nYes → Step 3\n\nStep 3: A factual claim is a stetement that can be proven to be true or untrue in front of a court. A value judgment constitutes and expression of personal opinions.\nIs it primarily a value judgement and NOT primarily a factual claim?\nNo → STOP (NOT criminally relevant according to §§185-187 StGB)\nYes → Step 4\n\nStep 4: An abusive insult is a statement that constitutes breaking a taboo by itself and intends only the defamation of the victim without any substantiated contribution.\nIs the statement an abusive insult?\nYes → STOP (criminally RELEVANT according to §§185-187 StGB)\nNo → Step 5\n\nStep 5: A statement is of public interest if it contains a contribution to the public discourse with respect to a particular relevant topic of public interest.\nIs the statement of public interest?\nYes → STOP (NOT criminally relevant according to §§185-187 StGB)\nNo → Step 6\n\nStep 6: A statement is considered abusive criticism if it goes beyond plausible criticism by primarily intending to abusively offend the victim, hereby neglecting a substantiated contribution.\nIs the statement abusive criticism?\nYes → STOP (criminally RELEVANT according to §§185-187 StGB)\nNo → STOP (NOT criminally relevant according to §§185-187 StGB)\n\n\nAccording to this decision schema, decide whether the following text is criminally revant according to §§185-187 StGB (Defamatory Offense). Answer only with 'True' (criminally relevant according to §§185-187 StGB) or 'False' (not criminally relevant according to §§185-187 StGB).""}, {""role"": ""user"", ""content"": ""Was für ein dreckspack danke fr Merkel ich hoff der Blitz trifft dich beim sch......""}]",2,FP
982662305105526,Scheiß Pack !!!!,False,True, True,"[{""role"": ""system"", ""content"": ""You are a legal expert for defamatory offenses according the the German Criminal Code (§§185-187 StGB). Help the user decide whether given posts fall within in the scope of these articles.""}, {""role"": ""user"", ""content"": ""Step 1: A defamatory object can be a living individual, a group of persons that is distinguishable from the general public such that every member of that group could feel their honor is infringed or collective entities such as governments or press companies with a recognised social role and who act with a collective, single will.\nIs there a defamatory object in this statement? \nNo → STOP (NOT criminally relevant according to §§185-187 StGB)\nYes → Step 2\n\nStep 2: A disparaging statement is a statement which interferes with the potential victim's right to honour. It is already fulfilled by expressing contempt or disrespect through the allegation of shortcomings that could reduce the victim’s social standing.\nIs there a disparaging statement directed towards the defamatory object?\nNo → STOP (NOT criminally relevant according to §§185-187 StGB)\nYes → Step 3\n\nStep 3: A factual claim is a stetement that can be proven to be true or untrue in front of a court. A value judgment constitutes and expression of personal opinions.\nIs it primarily a value judgement and NOT primarily a factual claim?\nNo → STOP (NOT criminally relevant according to §§185-187 StGB)\nYes → Step 4\n\nStep 4: An abusive insult is a statement that constitutes breaking a taboo by itself and intends only the defamation of the victim without any substantiated contribution.\nIs the statement an abusive insult?\nYes → STOP (criminally RELEVANT according to §§185-187 StGB)\nNo → Step 5\n\nStep 5: A statement is of public interest if it contains a contribution to the public discourse with respect to a particular relevant topic of public interest.\nIs the statement of public interest?\nYes → STOP (NOT criminally relevant according to §§185-187 StGB)\nNo → Step 6\n\nStep 6: A statement is considered abusive criticism if it goes beyond plausible criticism by primarily intending to abusively offend the victim, hereby neglecting a substantiated contribution.\nIs the statement abusive criticism?\nYes → STOP (criminally RELEVANT according to §§185-187 StGB)\nNo → STOP (NOT criminally relevant according to §§185-187 StGB)\n\n\nAccording to this decision schema, decide whether the following text is criminally revant according to §§185-187 StGB (Defamatory Offense). Answer only with 'True' (criminally relevant according to §§185-187 StGB) or 'False' (not criminally relevant according to §§185-187 StGB).""}, {""role"": ""user"", ""content"": ""Scheiß Pack !!!!""}]",1,FP
982682521770171,Anke Schneider merkte was???? Deinen Kommentar hättest Dur sparen können. ...Trottl,True,False, False,"[{""role"": ""system"", ""content"": ""You are a legal expert for defamatory offenses according the the German Criminal Code (§§185-187 StGB). Help the user decide whether given posts fall within in the scope of these articles.""}, {""role"": ""user"", ""content"": ""Step 1: A defamatory object can be a living individual, a group of persons that is distinguishable from the general public such that every member of that group could feel their honor is infringed or collective entities such as governments or press companies with a recognised social role and who act with a collective, single will.\nIs there a defamatory object in this statement? \nNo → STOP (NOT criminally relevant according to §§185-187 StGB)\nYes → Step 2\n\nStep 2: A disparaging statement is a statement which interferes with the potential victim's right to honour. It is already fulfilled by expressing contempt or disrespect through the allegation of shortcomings that could reduce the victim’s social standing.\nIs there a disparaging statement directed towards the defamatory object?\nNo → STOP (NOT criminally relevant according to §§185-187 StGB)\nYes → Step 3\n\nStep 3: A factual claim is a stetement that can be proven to be true or untrue in front of a court. A value judgment constitutes and expression of personal opinions.\nIs it primarily a value judgement and NOT primarily a factual claim?\nNo → STOP (NOT criminally relevant according to §§185-187 StGB)\nYes → Step 4\n\nStep 4: An abusive insult is a statement that constitutes breaking a taboo by itself and intends only the defamation of the victim without any substantiated contribution.\nIs the statement an abusive insult?\nYes → STOP (criminally RELEVANT according to §§185-187 StGB)\nNo → Step 5\n\nStep 5: A statement is of public interest if it contains a contribution to the public discourse with respect to a particular relevant topic of public interest.\nIs the statement of public interest?\nYes → STOP (NOT criminally relevant according to §§185-187 StGB)\nNo → Step 6\n\nStep 6: A statement is considered abusive criticism if it goes beyond plausible criticism by primarily intending to abusively offend the victim, hereby neglecting a substantiated contribution.\nIs the statement abusive criticism?\nYes → STOP (criminally RELEVANT according to §§185-187 StGB)\nNo → STOP (NOT criminally relevant according to §§185-187 StGB)\n\n\nAccording to this decision schema, decide whether the following text is criminally revant according to §§185-187 StGB (Defamatory Offense). Answer only with 'True' (criminally relevant according to §§185-187 StGB) or 'False' (not criminally relevant according to §§185-187 StGB).""}, {""role"": ""user"", ""content"": ""Anke Schneider merkte was???? Deinen Kommentar hättest Dur sparen können. ...Trottl""}]",1,FN
982690255102731,Ramon De la Perez Fluchbenzin gegurgelt oder keine Steine mehr von der Antifa bekommen ? so eine Blitzbirne ^^,True,False, False,"[{""role"": ""system"", ""content"": ""You are a legal expert for defamatory offenses according the the German Criminal Code (§§185-187 StGB). Help the user decide whether given posts fall within in the scope of these articles.""}, {""role"": ""user"", ""content"": ""Step 1: A defamatory object can be a living individual, a group of persons that is distinguishable from the general public such that every member of that group could feel their honor is infringed or collective entities such as governments or press companies with a recognised social role and who act with a collective, single will.\nIs there a defamatory object in this statement? \nNo → STOP (NOT criminally relevant according to §§185-187 StGB)\nYes → Step 2\n\nStep 2: A disparaging statement is a statement which interferes with the potential victim's right to honour. It is already fulfilled by expressing contempt or disrespect through the allegation of shortcomings that could reduce the victim’s social standing.\nIs there a disparaging statement directed towards the defamatory object?\nNo → STOP (NOT criminally relevant according to §§185-187 StGB)\nYes → Step 3\n\nStep 3: A factual claim is a stetement that can be proven to be true or untrue in front of a court. A value judgment constitutes and expression of personal opinions.\nIs it primarily a value judgement and NOT primarily a factual claim?\nNo → STOP (NOT criminally relevant according to §§185-187 StGB)\nYes → Step 4\n\nStep 4: An abusive insult is a statement that constitutes breaking a taboo by itself and intends only the defamation of the victim without any substantiated contribution.\nIs the statement an abusive insult?\nYes → STOP (criminally RELEVANT according to §§185-187 StGB)\nNo → Step 5\n\nStep 5: A statement is of public interest if it contains a contribution to the public discourse with respect to a particular relevant topic of public interest.\nIs the statement of public interest?\nYes → STOP (NOT criminally relevant according to §§185-187 StGB)\nNo → Step 6\n\nStep 6: A statement is considered abusive criticism if it goes beyond plausible criticism by primarily intending to abusively offend the victim, hereby neglecting a substantiated contribution.\nIs the statement abusive criticism?\nYes → STOP (criminally RELEVANT according to §§185-187 StGB)\nNo → STOP (NOT criminally relevant according to §§185-187 StGB)\n\n\nAccording to this decision schema, decide whether the following text is criminally revant according to §§185-187 StGB (Defamatory Offense). Answer only with 'True' (criminally relevant according to §§185-187 StGB) or 'False' (not criminally relevant according to §§185-187 StGB).""}, {""role"": ""user"", ""content"": ""Ramon De la Perez Fluchbenzin gegurgelt oder keine Steine mehr von der Antifa bekommen ? so eine Blitzbirne ^^""}]",0,FN
982693915102365,"Ramon De la Perez....glaub mir!!! ALLE Profile der Idioten, die jetzt noch diskutieren wie Du, hab ich abgespeichert! Sollte auch nur einem meiner Kinder, meiner Familie oder Freunden etwas passieren... dann klappt schon mal Euren Gebetsteppich auf! Auf Geisteskrankheit, wie sie bei Euch vorliegt, werde ich dann keine Rücksicht mehr nehmen, versprochen!!",True,False, False,"[{""role"": ""system"", ""content"": ""You are a legal expert for defamatory offenses according the the German Criminal Code (§§185-187 StGB). Help the user decide whether given posts fall within in the scope of these articles.""}, {""role"": ""user"", ""content"": ""Step 1: A defamatory object can be a living individual, a group of persons that is distinguishable from the general public such that every member of that group could feel their honor is infringed or collective entities such as governments or press companies with a recognised social role and who act with a collective, single will.\nIs there a defamatory object in this statement? \nNo → STOP (NOT criminally relevant according to §§185-187 StGB)\nYes → Step 2\n\nStep 2: A disparaging statement is a statement which interferes with the potential victim's right to honour. It is already fulfilled by expressing contempt or disrespect through the allegation of shortcomings that could reduce the victim’s social standing.\nIs there a disparaging statement directed towards the defamatory object?\nNo → STOP (NOT criminally relevant according to §§185-187 StGB)\nYes → Step 3\n\nStep 3: A factual claim is a stetement that can be proven to be true or untrue in front of a court. A value judgment constitutes and expression of personal opinions.\nIs it primarily a value judgement and NOT primarily a factual claim?\nNo → STOP (NOT criminally relevant according to §§185-187 StGB)\nYes → Step 4\n\nStep 4: An abusive insult is a statement that constitutes breaking a taboo by itself and intends only the defamation of the victim without any substantiated contribution.\nIs the statement an abusive insult?\nYes → STOP (criminally RELEVANT according to §§185-187 StGB)\nNo → Step 5\n\nStep 5: A statement is of public interest if it contains a contribution to the public discourse with respect to a particular relevant topic of public interest.\nIs the statement of public interest?\nYes → STOP (NOT criminally relevant according to §§185-187 StGB)\nNo → Step 6\n\nStep 6: A statement is considered abusive criticism if it goes beyond plausible criticism by primarily intending to abusively offend the victim, hereby neglecting a substantiated contribution.\nIs the statement abusive criticism?\nYes → STOP (criminally RELEVANT according to §§185-187 StGB)\nNo → STOP (NOT criminally relevant according to §§185-187 StGB)\n\n\nAccording to this decision schema, decide whether the following text is criminally revant according to §§185-187 StGB (Defamatory Offense). Answer only with 'True' (criminally relevant according to §§185-187 StGB) or 'False' (not criminally relevant according to §§185-187 StGB).""}, {""role"": ""user"", ""content"": ""Ramon De la Perez....glaub mir!!! ALLE Profile der Idioten, die jetzt noch diskutieren wie Du, hab ich abgespeichert! Sollte auch nur einem meiner Kinder, meiner Familie oder Freunden etwas passieren... dann klappt schon mal Euren Gebetsteppich auf! Auf Geisteskrankheit, wie sie bei Euch vorliegt, werde ich dann keine Rücksicht mehr nehmen, versprochen!!""}]",1,FN
982694885102268,"Hoffentlich sieht Frau Merkel und die hirnlosen Helfer aus München, was sie angerichtet haben!!!! HIRNLOS! nicht weiter denken können, und dann noch das Maul aufreissen!",True,False, False,"[{""role"": ""system"", ""content"": ""You are a legal expert for defamatory offenses according the the German Criminal Code (§§185-187 StGB). Help the user decide whether given posts fall within in the scope of these articles.""}, {""role"": ""user"", ""content"": ""Step 1: A defamatory object can be a living individual, a group of persons that is distinguishable from the general public such that every member of that group could feel their honor is infringed or collective entities such as governments or press companies with a recognised social role and who act with a collective, single will.\nIs there a defamatory object in this statement? \nNo → STOP (NOT criminally relevant according to §§185-187 StGB)\nYes → Step 2\n\nStep 2: A disparaging statement is a statement which interferes with the potential victim's right to honour. It is already fulfilled by expressing contempt or disrespect through the allegation of shortcomings that could reduce the victim’s social standing.\nIs there a disparaging statement directed towards the defamatory object?\nNo → STOP (NOT criminally relevant according to §§185-187 StGB)\nYes → Step 3\n\nStep 3: A factual claim is a stetement that can be proven to be true or untrue in front of a court. A value judgment constitutes and expression of personal opinions.\nIs it primarily a value judgement and NOT primarily a factual claim?\nNo → STOP (NOT criminally relevant according to §§185-187 StGB)\nYes → Step 4\n\nStep 4: An abusive insult is a statement that constitutes breaking a taboo by itself and intends only the defamation of the victim without any substantiated contribution.\nIs the statement an abusive insult?\nYes → STOP (criminally RELEVANT according to §§185-187 StGB)\nNo → Step 5\n\nStep 5: A statement is of public interest if it contains a contribution to the public discourse with respect to a particular relevant topic of public interest.\nIs the statement of public interest?\nYes → STOP (NOT criminally relevant according to §§185-187 StGB)\nNo → Step 6\n\nStep 6: A statement is considered abusive criticism if it goes beyond plausible criticism by primarily intending to abusively offend the victim, hereby neglecting a substantiated contribution.\nIs the statement abusive criticism?\nYes → STOP (criminally RELEVANT according to §§185-187 StGB)\nNo → STOP (NOT criminally relevant according to §§185-187 StGB)\n\n\nAccording to this decision schema, decide whether the following text is criminally revant according to §§185-187 StGB (Defamatory Offense). Answer only with 'True' (criminally relevant according to §§185-187 StGB) or 'False' (not criminally relevant according to §§185-187 StGB).""}, {""role"": ""user"", ""content"": ""Hoffentlich sieht Frau Merkel und die hirnlosen Helfer aus München, was sie angerichtet haben!!!! HIRNLOS! nicht weiter denken können, und dann noch das Maul aufreissen!""}]",3,FN
982702218434868,Lisa Sander und Du?  Was bist Du? Auf jeden Fall nicht ganz dicht in Deinem Oberstübchen ????????????,True,False, False,"[{""role"": ""system"", ""content"": ""You are a legal expert for defamatory offenses according the the German Criminal Code (§§185-187 StGB). Help the user decide whether given posts fall within in the scope of these articles.""}, {""role"": ""user"", ""content"": ""Step 1: A defamatory object can be a living individual, a group of persons that is distinguishable from the general public such that every member of that group could feel their honor is infringed or collective entities such as governments or press companies with a recognised social role and who act with a collective, single will.\nIs there a defamatory object in this statement? \nNo → STOP (NOT criminally relevant according to §§185-187 StGB)\nYes → Step 2\n\nStep 2: A disparaging statement is a statement which interferes with the potential victim's right to honour. It is already fulfilled by expressing contempt or disrespect through the allegation of shortcomings that could reduce the victim’s social standing.\nIs there a disparaging statement directed towards the defamatory object?\nNo → STOP (NOT criminally relevant according to §§185-187 StGB)\nYes → Step 3\n\nStep 3: A factual claim is a stetement that can be proven to be true or untrue in front of a court. A value judgment constitutes and expression of personal opinions.\nIs it primarily a value judgement and NOT primarily a factual claim?\nNo → STOP (NOT criminally relevant according to §§185-187 StGB)\nYes → Step 4\n\nStep 4: An abusive insult is a statement that constitutes breaking a taboo by itself and intends only the defamation of the victim without any substantiated contribution.\nIs the statement an abusive insult?\nYes → STOP (criminally RELEVANT according to §§185-187 StGB)\nNo → Step 5\n\nStep 5: A statement is of public interest if it contains a contribution to the public discourse with respect to a particular relevant topic of public interest.\nIs the statement of public interest?\nYes → STOP (NOT criminally relevant according to §§185-187 StGB)\nNo → Step 6\n\nStep 6: A statement is considered abusive criticism if it goes beyond plausible criticism by primarily intending to abusively offend the victim, hereby neglecting a substantiated contribution.\nIs the statement abusive criticism?\nYes → STOP (criminally RELEVANT according to §§185-187 StGB)\nNo → STOP (NOT criminally relevant according to §§185-187 StGB)\n\n\nAccording to this decision schema, decide whether the following text is criminally revant according to §§185-187 StGB (Defamatory Offense). Answer only with 'True' (criminally relevant according to §§185-187 StGB) or 'False' (not criminally relevant according to §§185-187 StGB).""}, {""role"": ""user"", ""content"": ""Lisa Sander und Du?  Was bist Du? Auf jeden Fall nicht ganz dicht in Deinem Oberstübchen ????????????""}]",3,FN
982702985101458,"Die Schneider hat doch den Knall noch nicht gehört , spätestens wen Ali und Mustafa sich so richtig an ihr vergehen dann ist das Geschrei groß , Schrei aber bitte nicht um Hilfe und lass es über dich ergehen .. Oder die Schneider  steht uff Asylantenschwänze dann wäre ihr dämlicher Kommentar plausibel ...!!!",True,False, False,"[{""role"": ""system"", ""content"": ""You are a legal expert for defamatory offenses according the the German Criminal Code (§§185-187 StGB). Help the user decide whether given posts fall within in the scope of these articles.""}, {""role"": ""user"", ""content"": ""Step 1: A defamatory object can be a living individual, a group of persons that is distinguishable from the general public such that every member of that group could feel their honor is infringed or collective entities such as governments or press companies with a recognised social role and who act with a collective, single will.\nIs there a defamatory object in this statement? \nNo → STOP (NOT criminally relevant according to §§185-187 StGB)\nYes → Step 2\n\nStep 2: A disparaging statement is a statement which interferes with the potential victim's right to honour. It is already fulfilled by expressing contempt or disrespect through the allegation of shortcomings that could reduce the victim’s social standing.\nIs there a disparaging statement directed towards the defamatory object?\nNo → STOP (NOT criminally relevant according to §§185-187 StGB)\nYes → Step 3\n\nStep 3: A factual claim is a stetement that can be proven to be true or untrue in front of a court. A value judgment constitutes and expression of personal opinions.\nIs it primarily a value judgement and NOT primarily a factual claim?\nNo → STOP (NOT criminally relevant according to §§185-187 StGB)\nYes → Step 4\n\nStep 4: An abusive insult is a statement that constitutes breaking a taboo by itself and intends only the defamation of the victim without any substantiated contribution.\nIs the statement an abusive insult?\nYes → STOP (criminally RELEVANT according to §§185-187 StGB)\nNo → Step 5\n\nStep 5: A statement is of public interest if it contains a contribution to the public discourse with respect to a particular relevant topic of public interest.\nIs the statement of public interest?\nYes → STOP (NOT criminally relevant according to §§185-187 StGB)\nNo → Step 6\n\nStep 6: A statement is considered abusive criticism if it goes beyond plausible criticism by primarily intending to abusively offend the victim, hereby neglecting a substantiated contribution.\nIs the statement abusive criticism?\nYes → STOP (criminally RELEVANT according to §§185-187 StGB)\nNo → STOP (NOT criminally relevant according to §§185-187 StGB)\n\n\nAccording to this decision schema, decide whether the following text is criminally revant according to §§185-187 StGB (Defamatory Offense). Answer only with 'True' (criminally relevant according to §§185-187 StGB) or 'False' (not criminally relevant according to §§185-187 StGB).""}, {""role"": ""user"", ""content"": ""Die Schneider hat doch den Knall noch nicht gehört , spätestens wen Ali und Mustafa sich so richtig an ihr vergehen dann ist das Geschrei groß , Schrei aber bitte nicht um Hilfe und lass es über dich ergehen .. Oder die Schneider  steht uff Asylantenschwänze dann wäre ihr dämlicher Kommentar plausibel ...!!!""}]",3,FN
982714248433665,"Michael Karlshorst Michael Karlshorst nein es gefällt uns besser wenn die Ungarn mit Steinen beworfen werden,du hohle Nuss!",False,True, True,"[{""role"": ""system"", ""content"": ""You are a legal expert for defamatory offenses according the the German Criminal Code (§§185-187 StGB). Help the user decide whether given posts fall within in the scope of these articles.""}, {""role"": ""user"", ""content"": ""Step 1: A defamatory object can be a living individual, a group of persons that is distinguishable from the general public such that every member of that group could feel their honor is infringed or collective entities such as governments or press companies with a recognised social role and who act with a collective, single will.\nIs there a defamatory object in this statement? \nNo → STOP (NOT criminally relevant according to §§185-187 StGB)\nYes → Step 2\n\nStep 2: A disparaging statement is a statement which interferes with the potential victim's right to honour. It is already fulfilled by expressing contempt or disrespect through the allegation of shortcomings that could reduce the victim’s social standing.\nIs there a disparaging statement directed towards the defamatory object?\nNo → STOP (NOT criminally relevant according to §§185-187 StGB)\nYes → Step 3\n\nStep 3: A factual claim is a stetement that can be proven to be true or untrue in front of a court. A value judgment constitutes and expression of personal opinions.\nIs it primarily a value judgement and NOT primarily a factual claim?\nNo → STOP (NOT criminally relevant according to §§185-187 StGB)\nYes → Step 4\n\nStep 4: An abusive insult is a statement that constitutes breaking a taboo by itself and intends only the defamation of the victim without any substantiated contribution.\nIs the statement an abusive insult?\nYes → STOP (criminally RELEVANT according to §§185-187 StGB)\nNo → Step 5\n\nStep 5: A statement is of public interest if it contains a contribution to the public discourse with respect to a particular relevant topic of public interest.\nIs the statement of public interest?\nYes → STOP (NOT criminally relevant according to §§185-187 StGB)\nNo → Step 6\n\nStep 6: A statement is considered abusive criticism if it goes beyond plausible criticism by primarily intending to abusively offend the victim, hereby neglecting a substantiated contribution.\nIs the statement abusive criticism?\nYes → STOP (criminally RELEVANT according to §§185-187 StGB)\nNo → STOP (NOT criminally relevant according to §§185-187 StGB)\n\n\nAccording to this decision schema, decide whether the following text is criminally revant according to §§185-187 StGB (Defamatory Offense). Answer only with 'True' (criminally relevant according to §§185-187 StGB) or 'False' (not criminally relevant according to §§185-187 StGB).""}, {""role"": ""user"", ""content"": ""Michael Karlshorst Michael Karlshorst nein es gefällt uns besser wenn die Ungarn mit Steinen beworfen werden,du hohle Nuss!""}]",1,FP
982766048428485,"Der Ramon... ein kleiner Strüffler... der im Netz nach Aufmerksamkeit sucht, weil seine Eltern ihn nicht mögen :-)",True,False, False,"[{""role"": ""system"", ""content"": ""You are a legal expert for defamatory offenses according the the German Criminal Code (§§185-187 StGB). Help the user decide whether given posts fall within in the scope of these articles.""}, {""role"": ""user"", ""content"": ""Step 1: A defamatory object can be a living individual, a group of persons that is distinguishable from the general public such that every member of that group could feel their honor is infringed or collective entities such as governments or press companies with a recognised social role and who act with a collective, single will.\nIs there a defamatory object in this statement? \nNo → STOP (NOT criminally relevant according to §§185-187 StGB)\nYes → Step 2\n\nStep 2: A disparaging statement is a statement which interferes with the potential victim's right to honour. It is already fulfilled by expressing contempt or disrespect through the allegation of shortcomings that could reduce the victim’s social standing.\nIs there a disparaging statement directed towards the defamatory object?\nNo → STOP (NOT criminally relevant according to §§185-187 StGB)\nYes → Step 3\n\nStep 3: A factual claim is a stetement that can be proven to be true or untrue in front of a court. A value judgment constitutes and expression of personal opinions.\nIs it primarily a value judgement and NOT primarily a factual claim?\nNo → STOP (NOT criminally relevant according to §§185-187 StGB)\nYes → Step 4\n\nStep 4: An abusive insult is a statement that constitutes breaking a taboo by itself and intends only the defamation of the victim without any substantiated contribution.\nIs the statement an abusive insult?\nYes → STOP (criminally RELEVANT according to §§185-187 StGB)\nNo → Step 5\n\nStep 5: A statement is of public interest if it contains a contribution to the public discourse with respect to a particular relevant topic of public interest.\nIs the statement of public interest?\nYes → STOP (NOT criminally relevant according to §§185-187 StGB)\nNo → Step 6\n\nStep 6: A statement is considered abusive criticism if it goes beyond plausible criticism by primarily intending to abusively offend the victim, hereby neglecting a substantiated contribution.\nIs the statement abusive criticism?\nYes → STOP (criminally RELEVANT according to §§185-187 StGB)\nNo → STOP (NOT criminally relevant according to §§185-187 StGB)\n\n\nAccording to this decision schema, decide whether the following text is criminally revant according to §§185-187 StGB (Defamatory Offense). Answer only with 'True' (criminally relevant according to §§185-187 StGB) or 'False' (not criminally relevant according to §§185-187 StGB).""}, {""role"": ""user"", ""content"": ""Der Ramon... ein kleiner Strüffler... der im Netz nach Aufmerksamkeit sucht, weil seine Eltern ihn nicht mögen :-)""}]",3,FN
982772741761149,"Danger Dröger... warst Du jemalsauf Mallorca??? Nee, oder? Und wenn doch, dann kannst nur Du einer von denen gewesen sein, die sich dort verhalten, wie die Dreckschweine!",True,False, False,"[{""role"": ""system"", ""content"": ""You are a legal expert for defamatory offenses according the the German Criminal Code (§§185-187 StGB). Help the user decide whether given posts fall within in the scope of these articles.""}, {""role"": ""user"", ""content"": ""Step 1: A defamatory object can be a living individual, a group of persons that is distinguishable from the general public such that every member of that group could feel their honor is infringed or collective entities such as governments or press companies with a recognised social role and who act with a collective, single will.\nIs there a defamatory object in this statement? \nNo → STOP (NOT criminally relevant according to §§185-187 StGB)\nYes → Step 2\n\nStep 2: A disparaging statement is a statement which interferes with the potential victim's right to honour. It is already fulfilled by expressing contempt or disrespect through the allegation of shortcomings that could reduce the victim’s social standing.\nIs there a disparaging statement directed towards the defamatory object?\nNo → STOP (NOT criminally relevant according to §§185-187 StGB)\nYes → Step 3\n\nStep 3: A factual claim is a stetement that can be proven to be true or untrue in front of a court. A value judgment constitutes and expression of personal opinions.\nIs it primarily a value judgement and NOT primarily a factual claim?\nNo → STOP (NOT criminally relevant according to §§185-187 StGB)\nYes → Step 4\n\nStep 4: An abusive insult is a statement that constitutes breaking a taboo by itself and intends only the defamation of the victim without any substantiated contribution.\nIs the statement an abusive insult?\nYes → STOP (criminally RELEVANT according to §§185-187 StGB)\nNo → Step 5\n\nStep 5: A statement is of public interest if it contains a contribution to the public discourse with respect to a particular relevant topic of public interest.\nIs the statement of public interest?\nYes → STOP (NOT criminally relevant according to §§185-187 StGB)\nNo → Step 6\n\nStep 6: A statement is considered abusive criticism if it goes beyond plausible criticism by primarily intending to abusively offend the victim, hereby neglecting a substantiated contribution.\nIs the statement abusive criticism?\nYes → STOP (criminally RELEVANT according to §§185-187 StGB)\nNo → STOP (NOT criminally relevant according to §§185-187 StGB)\n\n\nAccording to this decision schema, decide whether the following text is criminally revant according to §§185-187 StGB (Defamatory Offense). Answer only with 'True' (criminally relevant according to §§185-187 StGB) or 'False' (not criminally relevant according to §§185-187 StGB).""}, {""role"": ""user"", ""content"": ""Danger Dröger... warst Du jemalsauf Mallorca??? Nee, oder? Und wenn doch, dann kannst nur Du einer von denen gewesen sein, die sich dort verhalten, wie die Dreckschweine!""}]",3,FN
982779048427185,"Lies Dir mal die Version des GG bis 1989 durch Mädel! Töpferkurs mit 1 abgechlossen, aber Geschichte abgewählt. Dummtrulla.",True,False, False,"[{""role"": ""system"", ""content"": ""You are a legal expert for defamatory offenses according the the German Criminal Code (§§185-187 StGB). Help the user decide whether given posts fall within in the scope of these articles.""}, {""role"": ""user"", ""content"": ""Step 1: A defamatory object can be a living individual, a group of persons that is distinguishable from the general public such that every member of that group could feel their honor is infringed or collective entities such as governments or press companies with a recognised social role and who act with a collective, single will.\nIs there a defamatory object in this statement? \nNo → STOP (NOT criminally relevant according to §§185-187 StGB)\nYes → Step 2\n\nStep 2: A disparaging statement is a statement which interferes with the potential victim's right to honour. It is already fulfilled by expressing contempt or disrespect through the allegation of shortcomings that could reduce the victim’s social standing.\nIs there a disparaging statement directed towards the defamatory object?\nNo → STOP (NOT criminally relevant according to §§185-187 StGB)\nYes → Step 3\n\nStep 3: A factual claim is a stetement that can be proven to be true or untrue in front of a court. A value judgment constitutes and expression of personal opinions.\nIs it primarily a value judgement and NOT primarily a factual claim?\nNo → STOP (NOT criminally relevant according to §§185-187 StGB)\nYes → Step 4\n\nStep 4: An abusive insult is a statement that constitutes breaking a taboo by itself and intends only the defamation of the victim without any substantiated contribution.\nIs the statement an abusive insult?\nYes → STOP (criminally RELEVANT according to §§185-187 StGB)\nNo → Step 5\n\nStep 5: A statement is of public interest if it contains a contribution to the public discourse with respect to a particular relevant topic of public interest.\nIs the statement of public interest?\nYes → STOP (NOT criminally relevant according to §§185-187 StGB)\nNo → Step 6\n\nStep 6: A statement is considered abusive criticism if it goes beyond plausible criticism by primarily intending to abusively offend the victim, hereby neglecting a substantiated contribution.\nIs the statement abusive criticism?\nYes → STOP (criminally RELEVANT according to §§185-187 StGB)\nNo → STOP (NOT criminally relevant according to §§185-187 StGB)\n\n\nAccording to this decision schema, decide whether the following text is criminally revant according to §§185-187 StGB (Defamatory Offense). Answer only with 'True' (criminally relevant according to §§185-187 StGB) or 'False' (not criminally relevant according to §§185-187 StGB).""}, {""role"": ""user"", ""content"": ""Lies Dir mal die Version des GG bis 1989 durch Mädel! Töpferkurs mit 1 abgechlossen, aber Geschichte abgewählt. Dummtrulla.""}]",3,FN
982808575090899,"Jana sei froh das wir nicht so sind wie deinesgleichen... die hätten deine Rechtschreibung aber auseinander gerissen und im gleichen Atemzug erzählen das sie Ahnung haben ??!! Kennst du das Sprichwort "" Dumm f.... gut ""  ....!?",True,False, False,"[{""role"": ""system"", ""content"": ""You are a legal expert for defamatory offenses according the the German Criminal Code (§§185-187 StGB). Help the user decide whether given posts fall within in the scope of these articles.""}, {""role"": ""user"", ""content"": ""Step 1: A defamatory object can be a living individual, a group of persons that is distinguishable from the general public such that every member of that group could feel their honor is infringed or collective entities such as governments or press companies with a recognised social role and who act with a collective, single will.\nIs there a defamatory object in this statement? \nNo → STOP (NOT criminally relevant according to §§185-187 StGB)\nYes → Step 2\n\nStep 2: A disparaging statement is a statement which interferes with the potential victim's right to honour. It is already fulfilled by expressing contempt or disrespect through the allegation of shortcomings that could reduce the victim’s social standing.\nIs there a disparaging statement directed towards the defamatory object?\nNo → STOP (NOT criminally relevant according to §§185-187 StGB)\nYes → Step 3\n\nStep 3: A factual claim is a stetement that can be proven to be true or untrue in front of a court. A value judgment constitutes and expression of personal opinions.\nIs it primarily a value judgement and NOT primarily a factual claim?\nNo → STOP (NOT criminally relevant according to §§185-187 StGB)\nYes → Step 4\n\nStep 4: An abusive insult is a statement that constitutes breaking a taboo by itself and intends only the defamation of the victim without any substantiated contribution.\nIs the statement an abusive insult?\nYes → STOP (criminally RELEVANT according to §§185-187 StGB)\nNo → Step 5\n\nStep 5: A statement is of public interest if it contains a contribution to the public discourse with respect to a particular relevant topic of public interest.\nIs the statement of public interest?\nYes → STOP (NOT criminally relevant according to §§185-187 StGB)\nNo → Step 6\n\nStep 6: A statement is considered abusive criticism if it goes beyond plausible criticism by primarily intending to abusively offend the victim, hereby neglecting a substantiated contribution.\nIs the statement abusive criticism?\nYes → STOP (criminally RELEVANT according to §§185-187 StGB)\nNo → STOP (NOT criminally relevant according to §§185-187 StGB)\n\n\nAccording to this decision schema, decide whether the following text is criminally revant according to §§185-187 StGB (Defamatory Offense). Answer only with 'True' (criminally relevant according to §§185-187 StGB) or 'False' (not criminally relevant according to §§185-187 StGB).""}, {""role"": ""user"", ""content"": ""Jana sei froh das wir nicht so sind wie deinesgleichen... die hätten deine Rechtschreibung aber auseinander gerissen und im gleichen Atemzug erzählen das sie Ahnung haben ??!! Kennst du das Sprichwort \"" Dumm f.... gut \""  ....!?""}]",3,FN
982910071747416,"Na Herr Weidner, funktioniert bei ihnen nur auf der persönlichen Schiene oder? Mehr Grips hätte ich einem Blödbürger auch nicht zugetraut. Und das sie nicht wissen wer das auf dem Foto ist hätte ich mir auch denken können :D",True,False, False,"[{""role"": ""system"", ""content"": ""You are a legal expert for defamatory offenses according the the German Criminal Code (§§185-187 StGB). Help the user decide whether given posts fall within in the scope of these articles.""}, {""role"": ""user"", ""content"": ""Step 1: A defamatory object can be a living individual, a group of persons that is distinguishable from the general public such that every member of that group could feel their honor is infringed or collective entities such as governments or press companies with a recognised social role and who act with a collective, single will.\nIs there a defamatory object in this statement? \nNo → STOP (NOT criminally relevant according to §§185-187 StGB)\nYes → Step 2\n\nStep 2: A disparaging statement is a statement which interferes with the potential victim's right to honour. It is already fulfilled by expressing contempt or disrespect through the allegation of shortcomings that could reduce the victim’s social standing.\nIs there a disparaging statement directed towards the defamatory object?\nNo → STOP (NOT criminally relevant according to §§185-187 StGB)\nYes → Step 3\n\nStep 3: A factual claim is a stetement that can be proven to be true or untrue in front of a court. A value judgment constitutes and expression of personal opinions.\nIs it primarily a value judgement and NOT primarily a factual claim?\nNo → STOP (NOT criminally relevant according to §§185-187 StGB)\nYes → Step 4\n\nStep 4: An abusive insult is a statement that constitutes breaking a taboo by itself and intends only the defamation of the victim without any substantiated contribution.\nIs the statement an abusive insult?\nYes → STOP (criminally RELEVANT according to §§185-187 StGB)\nNo → Step 5\n\nStep 5: A statement is of public interest if it contains a contribution to the public discourse with respect to a particular relevant topic of public interest.\nIs the statement of public interest?\nYes → STOP (NOT criminally relevant according to §§185-187 StGB)\nNo → Step 6\n\nStep 6: A statement is considered abusive criticism if it goes beyond plausible criticism by primarily intending to abusively offend the victim, hereby neglecting a substantiated contribution.\nIs the statement abusive criticism?\nYes → STOP (criminally RELEVANT according to §§185-187 StGB)\nNo → STOP (NOT criminally relevant according to §§185-187 StGB)\n\n\nAccording to this decision schema, decide whether the following text is criminally revant according to §§185-187 StGB (Defamatory Offense). Answer only with 'True' (criminally relevant according to §§185-187 StGB) or 'False' (not criminally relevant according to §§185-187 StGB).""}, {""role"": ""user"", ""content"": ""Na Herr Weidner, funktioniert bei ihnen nur auf der persönlichen Schiene oder? Mehr Grips hätte ich einem Blödbürger auch nicht zugetraut. Und das sie nicht wissen wer das auf dem Foto ist hätte ich mir auch denken können :D""}]",2,FN
982938298411260,"Guten Morgen Anke Schneider !

Habe gerade mal auf deinem Facebook Profil recherchiert. Nun ist mir alles klar warum du solchen MIST schreibst !!!

Freie Journalistin !!!!

Sagt doch alles !!!

Solche Leute wie du leben ja von solchen traurigen Ereignissen wie sie sich gerade ereignen !!!

Deswegen müsst ihr ja ""schmieren"" was das Zeug hält um damit euren Unterhalt zu verdienen !!! Egal ob es der Realität entspricht oder nicht ... Hauptsache es bringt genug Kohle !!! 

Also besser mal die Klappe halten wenn es um wirklich wichtige Sachen im Leben geht !!!",True,False, False,"[{""role"": ""system"", ""content"": ""You are a legal expert for defamatory offenses according the the German Criminal Code (§§185-187 StGB). Help the user decide whether given posts fall within in the scope of these articles.""}, {""role"": ""user"", ""content"": ""Step 1: A defamatory object can be a living individual, a group of persons that is distinguishable from the general public such that every member of that group could feel their honor is infringed or collective entities such as governments or press companies with a recognised social role and who act with a collective, single will.\nIs there a defamatory object in this statement? \nNo → STOP (NOT criminally relevant according to §§185-187 StGB)\nYes → Step 2\n\nStep 2: A disparaging statement is a statement which interferes with the potential victim's right to honour. It is already fulfilled by expressing contempt or disrespect through the allegation of shortcomings that could reduce the victim’s social standing.\nIs there a disparaging statement directed towards the defamatory object?\nNo → STOP (NOT criminally relevant according to §§185-187 StGB)\nYes → Step 3\n\nStep 3: A factual claim is a stetement that can be proven to be true or untrue in front of a court. A value judgment constitutes and expression of personal opinions.\nIs it primarily a value judgement and NOT primarily a factual claim?\nNo → STOP (NOT criminally relevant according to §§185-187 StGB)\nYes → Step 4\n\nStep 4: An abusive insult is a statement that constitutes breaking a taboo by itself and intends only the defamation of the victim without any substantiated contribution.\nIs the statement an abusive insult?\nYes → STOP (criminally RELEVANT according to §§185-187 StGB)\nNo → Step 5\n\nStep 5: A statement is of public interest if it contains a contribution to the public discourse with respect to a particular relevant topic of public interest.\nIs the statement of public interest?\nYes → STOP (NOT criminally relevant according to §§185-187 StGB)\nNo → Step 6\n\nStep 6: A statement is considered abusive criticism if it goes beyond plausible criticism by primarily intending to abusively offend the victim, hereby neglecting a substantiated contribution.\nIs the statement abusive criticism?\nYes → STOP (criminally RELEVANT according to §§185-187 StGB)\nNo → STOP (NOT criminally relevant according to §§185-187 StGB)\n\n\nAccording to this decision schema, decide whether the following text is criminally revant according to §§185-187 StGB (Defamatory Offense). Answer only with 'True' (criminally relevant according to §§185-187 StGB) or 'False' (not criminally relevant according to §§185-187 StGB).""}, {""role"": ""user"", ""content"": ""Guten Morgen Anke Schneider !\r\n\r\nHabe gerade mal auf deinem Facebook Profil recherchiert. Nun ist mir alles klar warum du solchen MIST schreibst !!!\r\n\r\nFreie Journalistin !!!!\r\n\r\nSagt doch alles !!!\r\n\r\nSolche Leute wie du leben ja von solchen traurigen Ereignissen wie sie sich gerade ereignen !!!\r\n\r\nDeswegen müsst ihr ja \""schmieren\"" was das Zeug hält um damit euren Unterhalt zu verdienen !!! Egal ob es der Realität entspricht oder nicht ... Hauptsache es bringt genug Kohle !!! \r\n\r\nAlso besser mal die Klappe halten wenn es um wirklich wichtige Sachen im Leben geht !!!""}]",0,FN
983216275050129,"Ramon ist so Hohl im Kopf, dass man darin einen Grossteil an Flüchtlingen unterbringen könnte....",True,False, False,"[{""role"": ""system"", ""content"": ""You are a legal expert for defamatory offenses according the the German Criminal Code (§§185-187 StGB). Help the user decide whether given posts fall within in the scope of these articles.""}, {""role"": ""user"", ""content"": ""Step 1: A defamatory object can be a living individual, a group of persons that is distinguishable from the general public such that every member of that group could feel their honor is infringed or collective entities such as governments or press companies with a recognised social role and who act with a collective, single will.\nIs there a defamatory object in this statement? \nNo → STOP (NOT criminally relevant according to §§185-187 StGB)\nYes → Step 2\n\nStep 2: A disparaging statement is a statement which interferes with the potential victim's right to honour. It is already fulfilled by expressing contempt or disrespect through the allegation of shortcomings that could reduce the victim’s social standing.\nIs there a disparaging statement directed towards the defamatory object?\nNo → STOP (NOT criminally relevant according to §§185-187 StGB)\nYes → Step 3\n\nStep 3: A factual claim is a stetement that can be proven to be true or untrue in front of a court. A value judgment constitutes and expression of personal opinions.\nIs it primarily a value judgement and NOT primarily a factual claim?\nNo → STOP (NOT criminally relevant according to §§185-187 StGB)\nYes → Step 4\n\nStep 4: An abusive insult is a statement that constitutes breaking a taboo by itself and intends only the defamation of the victim without any substantiated contribution.\nIs the statement an abusive insult?\nYes → STOP (criminally RELEVANT according to §§185-187 StGB)\nNo → Step 5\n\nStep 5: A statement is of public interest if it contains a contribution to the public discourse with respect to a particular relevant topic of public interest.\nIs the statement of public interest?\nYes → STOP (NOT criminally relevant according to §§185-187 StGB)\nNo → Step 6\n\nStep 6: A statement is considered abusive criticism if it goes beyond plausible criticism by primarily intending to abusively offend the victim, hereby neglecting a substantiated contribution.\nIs the statement abusive criticism?\nYes → STOP (criminally RELEVANT according to §§185-187 StGB)\nNo → STOP (NOT criminally relevant according to §§185-187 StGB)\n\n\nAccording to this decision schema, decide whether the following text is criminally revant according to §§185-187 StGB (Defamatory Offense). Answer only with 'True' (criminally relevant according to §§185-187 StGB) or 'False' (not criminally relevant according to §§185-187 StGB).""}, {""role"": ""user"", ""content"": ""Ramon ist so Hohl im Kopf, dass man darin einen Grossteil an Flüchtlingen unterbringen könnte....""}]",1,FN
985473014824455,Geh spielen.VOLLPFOSTEN.,True,False, False,"[{""role"": ""system"", ""content"": ""You are a legal expert for defamatory offenses according the the German Criminal Code (§§185-187 StGB). Help the user decide whether given posts fall within in the scope of these articles.""}, {""role"": ""user"", ""content"": ""Step 1: A defamatory object can be a living individual, a group of persons that is distinguishable from the general public such that every member of that group could feel their honor is infringed or collective entities such as governments or press companies with a recognised social role and who act with a collective, single will.\nIs there a defamatory object in this statement? \nNo → STOP (NOT criminally relevant according to §§185-187 StGB)\nYes → Step 2\n\nStep 2: A disparaging statement is a statement which interferes with the potential victim's right to honour. It is already fulfilled by expressing contempt or disrespect through the allegation of shortcomings that could reduce the victim’s social standing.\nIs there a disparaging statement directed towards the defamatory object?\nNo → STOP (NOT criminally relevant according to §§185-187 StGB)\nYes → Step 3\n\nStep 3: A factual claim is a stetement that can be proven to be true or untrue in front of a court. A value judgment constitutes and expression of personal opinions.\nIs it primarily a value judgement and NOT primarily a factual claim?\nNo → STOP (NOT criminally relevant according to §§185-187 StGB)\nYes → Step 4\n\nStep 4: An abusive insult is a statement that constitutes breaking a taboo by itself and intends only the defamation of the victim without any substantiated contribution.\nIs the statement an abusive insult?\nYes → STOP (criminally RELEVANT according to §§185-187 StGB)\nNo → Step 5\n\nStep 5: A statement is of public interest if it contains a contribution to the public discourse with respect to a particular relevant topic of public interest.\nIs the statement of public interest?\nYes → STOP (NOT criminally relevant according to §§185-187 StGB)\nNo → Step 6\n\nStep 6: A statement is considered abusive criticism if it goes beyond plausible criticism by primarily intending to abusively offend the victim, hereby neglecting a substantiated contribution.\nIs the statement abusive criticism?\nYes → STOP (criminally RELEVANT according to §§185-187 StGB)\nNo → STOP (NOT criminally relevant according to §§185-187 StGB)\n\n\nAccording to this decision schema, decide whether the following text is criminally revant according to §§185-187 StGB (Defamatory Offense). Answer only with 'True' (criminally relevant according to §§185-187 StGB) or 'False' (not criminally relevant according to §§185-187 StGB).""}, {""role"": ""user"", ""content"": ""Geh spielen.VOLLPFOSTEN.""}]",3,FN
987832297921860,Linksalternativ =  blunsblöde-dumme Schwafler-0 Ahnung von Tuten und Blasen.Einfach nur subhuman,False,True, True,"[{""role"": ""system"", ""content"": ""You are a legal expert for defamatory offenses according the the German Criminal Code (§§185-187 StGB). Help the user decide whether given posts fall within in the scope of these articles.""}, {""role"": ""user"", ""content"": ""Step 1: A defamatory object can be a living individual, a group of persons that is distinguishable from the general public such that every member of that group could feel their honor is infringed or collective entities such as governments or press companies with a recognised social role and who act with a collective, single will.\nIs there a defamatory object in this statement? \nNo → STOP (NOT criminally relevant according to §§185-187 StGB)\nYes → Step 2\n\nStep 2: A disparaging statement is a statement which interferes with the potential victim's right to honour. It is already fulfilled by expressing contempt or disrespect through the allegation of shortcomings that could reduce the victim’s social standing.\nIs there a disparaging statement directed towards the defamatory object?\nNo → STOP (NOT criminally relevant according to §§185-187 StGB)\nYes → Step 3\n\nStep 3: A factual claim is a stetement that can be proven to be true or untrue in front of a court. A value judgment constitutes and expression of personal opinions.\nIs it primarily a value judgement and NOT primarily a factual claim?\nNo → STOP (NOT criminally relevant according to §§185-187 StGB)\nYes → Step 4\n\nStep 4: An abusive insult is a statement that constitutes breaking a taboo by itself and intends only the defamation of the victim without any substantiated contribution.\nIs the statement an abusive insult?\nYes → STOP (criminally RELEVANT according to §§185-187 StGB)\nNo → Step 5\n\nStep 5: A statement is of public interest if it contains a contribution to the public discourse with respect to a particular relevant topic of public interest.\nIs the statement of public interest?\nYes → STOP (NOT criminally relevant according to §§185-187 StGB)\nNo → Step 6\n\nStep 6: A statement is considered abusive criticism if it goes beyond plausible criticism by primarily intending to abusively offend the victim, hereby neglecting a substantiated contribution.\nIs the statement abusive criticism?\nYes → STOP (criminally RELEVANT according to §§185-187 StGB)\nNo → STOP (NOT criminally relevant according to §§185-187 StGB)\n\n\nAccording to this decision schema, decide whether the following text is criminally revant according to §§185-187 StGB (Defamatory Offense). Answer only with 'True' (criminally relevant according to §§185-187 StGB) or 'False' (not criminally relevant according to §§185-187 StGB).""}, {""role"": ""user"", ""content"": ""Linksalternativ =  blunsblöde-dumme Schwafler-0 Ahnung von Tuten und Blasen.Einfach nur subhuman""}]",1,FP
989386511099772,"Hört euch mal das Gequatsche der Grünen im ZDF an , Frau Göring  hat einen Knall",True,False, False,"[{""role"": ""system"", ""content"": ""You are a legal expert for defamatory offenses according the the German Criminal Code (§§185-187 StGB). Help the user decide whether given posts fall within in the scope of these articles.""}, {""role"": ""user"", ""content"": ""Step 1: A defamatory object can be a living individual, a group of persons that is distinguishable from the general public such that every member of that group could feel their honor is infringed or collective entities such as governments or press companies with a recognised social role and who act with a collective, single will.\nIs there a defamatory object in this statement? \nNo → STOP (NOT criminally relevant according to §§185-187 StGB)\nYes → Step 2\n\nStep 2: A disparaging statement is a statement which interferes with the potential victim's right to honour. It is already fulfilled by expressing contempt or disrespect through the allegation of shortcomings that could reduce the victim’s social standing.\nIs there a disparaging statement directed towards the defamatory object?\nNo → STOP (NOT criminally relevant according to §§185-187 StGB)\nYes → Step 3\n\nStep 3: A factual claim is a stetement that can be proven to be true or untrue in front of a court. A value judgment constitutes and expression of personal opinions.\nIs it primarily a value judgement and NOT primarily a factual claim?\nNo → STOP (NOT criminally relevant according to §§185-187 StGB)\nYes → Step 4\n\nStep 4: An abusive insult is a statement that constitutes breaking a taboo by itself and intends only the defamation of the victim without any substantiated contribution.\nIs the statement an abusive insult?\nYes → STOP (criminally RELEVANT according to §§185-187 StGB)\nNo → Step 5\n\nStep 5: A statement is of public interest if it contains a contribution to the public discourse with respect to a particular relevant topic of public interest.\nIs the statement of public interest?\nYes → STOP (NOT criminally relevant according to §§185-187 StGB)\nNo → Step 6\n\nStep 6: A statement is considered abusive criticism if it goes beyond plausible criticism by primarily intending to abusively offend the victim, hereby neglecting a substantiated contribution.\nIs the statement abusive criticism?\nYes → STOP (criminally RELEVANT according to §§185-187 StGB)\nNo → STOP (NOT criminally relevant according to §§185-187 StGB)\n\n\nAccording to this decision schema, decide whether the following text is criminally revant according to §§185-187 StGB (Defamatory Offense). Answer only with 'True' (criminally relevant according to §§185-187 StGB) or 'False' (not criminally relevant according to §§185-187 StGB).""}, {""role"": ""user"", ""content"": ""Hört euch mal das Gequatsche der Grünen im ZDF an , Frau Göring  hat einen Knall""}]",0,FN
993569787348111,"Lol, das ist der Oberhammer. Hoffentlich schmeißen die beim Spiegel den Spasst dafür raus. Soviel Dünnschiss kann nichtmal dieses Hetzblatt verkraften.",True,False, False,"[{""role"": ""system"", ""content"": ""You are a legal expert for defamatory offenses according the the German Criminal Code (§§185-187 StGB). Help the user decide whether given posts fall within in the scope of these articles.""}, {""role"": ""user"", ""content"": ""Step 1: A defamatory object can be a living individual, a group of persons that is distinguishable from the general public such that every member of that group could feel their honor is infringed or collective entities such as governments or press companies with a recognised social role and who act with a collective, single will.\nIs there a defamatory object in this statement? \nNo → STOP (NOT criminally relevant according to §§185-187 StGB)\nYes → Step 2\n\nStep 2: A disparaging statement is a statement which interferes with the potential victim's right to honour. It is already fulfilled by expressing contempt or disrespect through the allegation of shortcomings that could reduce the victim’s social standing.\nIs there a disparaging statement directed towards the defamatory object?\nNo → STOP (NOT criminally relevant according to §§185-187 StGB)\nYes → Step 3\n\nStep 3: A factual claim is a stetement that can be proven to be true or untrue in front of a court. A value judgment constitutes and expression of personal opinions.\nIs it primarily a value judgement and NOT primarily a factual claim?\nNo → STOP (NOT criminally relevant according to §§185-187 StGB)\nYes → Step 4\n\nStep 4: An abusive insult is a statement that constitutes breaking a taboo by itself and intends only the defamation of the victim without any substantiated contribution.\nIs the statement an abusive insult?\nYes → STOP (criminally RELEVANT according to §§185-187 StGB)\nNo → Step 5\n\nStep 5: A statement is of public interest if it contains a contribution to the public discourse with respect to a particular relevant topic of public interest.\nIs the statement of public interest?\nYes → STOP (NOT criminally relevant according to §§185-187 StGB)\nNo → Step 6\n\nStep 6: A statement is considered abusive criticism if it goes beyond plausible criticism by primarily intending to abusively offend the victim, hereby neglecting a substantiated contribution.\nIs the statement abusive criticism?\nYes → STOP (criminally RELEVANT according to §§185-187 StGB)\nNo → STOP (NOT criminally relevant according to §§185-187 StGB)\n\n\nAccording to this decision schema, decide whether the following text is criminally revant according to §§185-187 StGB (Defamatory Offense). Answer only with 'True' (criminally relevant according to §§185-187 StGB) or 'False' (not criminally relevant according to §§185-187 StGB).""}, {""role"": ""user"", ""content"": ""Lol, das ist der Oberhammer. Hoffentlich schmeißen die beim Spiegel den Spasst dafür raus. Soviel Dünnschiss kann nichtmal dieses Hetzblatt verkraften.""}]",3,FN
993922567312833,"Jemand der so offensichtlich unter geistigen Ausfallerscheinungen leidet, ist sowieso unzurechnungsfähig. Im normalen Leben werden solche Menschen entmündigt und bekommen einen Vormund. Da Angela keine Nachkommen hat, ist das garnicht so einfach.",True,False, False,"[{""role"": ""system"", ""content"": ""You are a legal expert for defamatory offenses according the the German Criminal Code (§§185-187 StGB). Help the user decide whether given posts fall within in the scope of these articles.""}, {""role"": ""user"", ""content"": ""Step 1: A defamatory object can be a living individual, a group of persons that is distinguishable from the general public such that every member of that group could feel their honor is infringed or collective entities such as governments or press companies with a recognised social role and who act with a collective, single will.\nIs there a defamatory object in this statement? \nNo → STOP (NOT criminally relevant according to §§185-187 StGB)\nYes → Step 2\n\nStep 2: A disparaging statement is a statement which interferes with the potential victim's right to honour. It is already fulfilled by expressing contempt or disrespect through the allegation of shortcomings that could reduce the victim’s social standing.\nIs there a disparaging statement directed towards the defamatory object?\nNo → STOP (NOT criminally relevant according to §§185-187 StGB)\nYes → Step 3\n\nStep 3: A factual claim is a stetement that can be proven to be true or untrue in front of a court. A value judgment constitutes and expression of personal opinions.\nIs it primarily a value judgement and NOT primarily a factual claim?\nNo → STOP (NOT criminally relevant according to §§185-187 StGB)\nYes → Step 4\n\nStep 4: An abusive insult is a statement that constitutes breaking a taboo by itself and intends only the defamation of the victim without any substantiated contribution.\nIs the statement an abusive insult?\nYes → STOP (criminally RELEVANT according to §§185-187 StGB)\nNo → Step 5\n\nStep 5: A statement is of public interest if it contains a contribution to the public discourse with respect to a particular relevant topic of public interest.\nIs the statement of public interest?\nYes → STOP (NOT criminally relevant according to §§185-187 StGB)\nNo → Step 6\n\nStep 6: A statement is considered abusive criticism if it goes beyond plausible criticism by primarily intending to abusively offend the victim, hereby neglecting a substantiated contribution.\nIs the statement abusive criticism?\nYes → STOP (criminally RELEVANT according to §§185-187 StGB)\nNo → STOP (NOT criminally relevant according to §§185-187 StGB)\n\n\nAccording to this decision schema, decide whether the following text is criminally revant according to §§185-187 StGB (Defamatory Offense). Answer only with 'True' (criminally relevant according to §§185-187 StGB) or 'False' (not criminally relevant according to §§185-187 StGB).""}, {""role"": ""user"", ""content"": ""Jemand der so offensichtlich unter geistigen Ausfallerscheinungen leidet, ist sowieso unzurechnungsfähig. Im normalen Leben werden solche Menschen entmündigt und bekommen einen Vormund. Da Angela keine Nachkommen hat, ist das garnicht so einfach.""}]",2,FN
993957367309353,"Diese Zeiten der Abendstille sind endgültig vorbei: Danke Frau Merkel.
Ich hoffe nur, dass meine Enkel dir mal auf's Grab scheissen werden!

Doch das wäre doch mal ab Abschluß Lied nach der Demo.

Abendstille überall,
nur am Bach die Nachtigall
singt ihre Weise
klagend und leise
durch das Tal.

https://www.youtube.com/watch?v=WoO1CnFZIDE",True,False, False,"[{""role"": ""system"", ""content"": ""You are a legal expert for defamatory offenses according the the German Criminal Code (§§185-187 StGB). Help the user decide whether given posts fall within in the scope of these articles.""}, {""role"": ""user"", ""content"": ""Step 1: A defamatory object can be a living individual, a group of persons that is distinguishable from the general public such that every member of that group could feel their honor is infringed or collective entities such as governments or press companies with a recognised social role and who act with a collective, single will.\nIs there a defamatory object in this statement? \nNo → STOP (NOT criminally relevant according to §§185-187 StGB)\nYes → Step 2\n\nStep 2: A disparaging statement is a statement which interferes with the potential victim's right to honour. It is already fulfilled by expressing contempt or disrespect through the allegation of shortcomings that could reduce the victim’s social standing.\nIs there a disparaging statement directed towards the defamatory object?\nNo → STOP (NOT criminally relevant according to §§185-187 StGB)\nYes → Step 3\n\nStep 3: A factual claim is a stetement that can be proven to be true or untrue in front of a court. A value judgment constitutes and expression of personal opinions.\nIs it primarily a value judgement and NOT primarily a factual claim?\nNo → STOP (NOT criminally relevant according to §§185-187 StGB)\nYes → Step 4\n\nStep 4: An abusive insult is a statement that constitutes breaking a taboo by itself and intends only the defamation of the victim without any substantiated contribution.\nIs the statement an abusive insult?\nYes → STOP (criminally RELEVANT according to §§185-187 StGB)\nNo → Step 5\n\nStep 5: A statement is of public interest if it contains a contribution to the public discourse with respect to a particular relevant topic of public interest.\nIs the statement of public interest?\nYes → STOP (NOT criminally relevant according to §§185-187 StGB)\nNo → Step 6\n\nStep 6: A statement is considered abusive criticism if it goes beyond plausible criticism by primarily intending to abusively offend the victim, hereby neglecting a substantiated contribution.\nIs the statement abusive criticism?\nYes → STOP (criminally RELEVANT according to §§185-187 StGB)\nNo → STOP (NOT criminally relevant according to §§185-187 StGB)\n\n\nAccording to this decision schema, decide whether the following text is criminally revant according to §§185-187 StGB (Defamatory Offense). Answer only with 'True' (criminally relevant according to §§185-187 StGB) or 'False' (not criminally relevant according to §§185-187 StGB).""}, {""role"": ""user"", ""content"": ""Diese Zeiten der Abendstille sind endgültig vorbei: Danke Frau Merkel.\r\nIch hoffe nur, dass meine Enkel dir mal auf's Grab scheissen werden!\r\n\r\nDoch das wäre doch mal ab Abschluß Lied nach der Demo.\r\n\r\nAbendstille überall,\r\nnur am Bach die Nachtigall\r\nsingt ihre Weise\r\nklagend und leise\r\ndurch das Tal.\r\n\r\nhttps://www.youtube.com/watch?v=WoO1CnFZIDE""}]",3,FN
994237030614720,"Fritz Walther du kannst dich freuen auf was du willst.Deine linksfaschistische Antifantenmeinung interessiert hier nicht.Also such dir ne Demo,wo du was mit Steinen um dich werfen kannst und geh Leuten nicht auf den Sack die was für ihr Land tun.Und nein ich habe auch alleine keine Angst du Trottel.",True,False, False,"[{""role"": ""system"", ""content"": ""You are a legal expert for defamatory offenses according the the German Criminal Code (§§185-187 StGB). Help the user decide whether given posts fall within in the scope of these articles.""}, {""role"": ""user"", ""content"": ""Step 1: A defamatory object can be a living individual, a group of persons that is distinguishable from the general public such that every member of that group could feel their honor is infringed or collective entities such as governments or press companies with a recognised social role and who act with a collective, single will.\nIs there a defamatory object in this statement? \nNo → STOP (NOT criminally relevant according to §§185-187 StGB)\nYes → Step 2\n\nStep 2: A disparaging statement is a statement which interferes with the potential victim's right to honour. It is already fulfilled by expressing contempt or disrespect through the allegation of shortcomings that could reduce the victim’s social standing.\nIs there a disparaging statement directed towards the defamatory object?\nNo → STOP (NOT criminally relevant according to §§185-187 StGB)\nYes → Step 3\n\nStep 3: A factual claim is a stetement that can be proven to be true or untrue in front of a court. A value judgment constitutes and expression of personal opinions.\nIs it primarily a value judgement and NOT primarily a factual claim?\nNo → STOP (NOT criminally relevant according to §§185-187 StGB)\nYes → Step 4\n\nStep 4: An abusive insult is a statement that constitutes breaking a taboo by itself and intends only the defamation of the victim without any substantiated contribution.\nIs the statement an abusive insult?\nYes → STOP (criminally RELEVANT according to §§185-187 StGB)\nNo → Step 5\n\nStep 5: A statement is of public interest if it contains a contribution to the public discourse with respect to a particular relevant topic of public interest.\nIs the statement of public interest?\nYes → STOP (NOT criminally relevant according to §§185-187 StGB)\nNo → Step 6\n\nStep 6: A statement is considered abusive criticism if it goes beyond plausible criticism by primarily intending to abusively offend the victim, hereby neglecting a substantiated contribution.\nIs the statement abusive criticism?\nYes → STOP (criminally RELEVANT according to §§185-187 StGB)\nNo → STOP (NOT criminally relevant according to §§185-187 StGB)\n\n\nAccording to this decision schema, decide whether the following text is criminally revant according to §§185-187 StGB (Defamatory Offense). Answer only with 'True' (criminally relevant according to §§185-187 StGB) or 'False' (not criminally relevant according to §§185-187 StGB).""}, {""role"": ""user"", ""content"": ""Fritz Walther du kannst dich freuen auf was du willst.Deine linksfaschistische Antifantenmeinung interessiert hier nicht.Also such dir ne Demo,wo du was mit Steinen um dich werfen kannst und geh Leuten nicht auf den Sack die was für ihr Land tun.Und nein ich habe auch alleine keine Angst du Trottel.""}]",2,FN
994534540584969,[@IND]  Du  bist  ja jetzt schon Obergeil Aber  bitte seí  ein braver Linker  und halte Dein freches Maul. .,True,False, False,"[{""role"": ""system"", ""content"": ""You are a legal expert for defamatory offenses according the the German Criminal Code (§§185-187 StGB). Help the user decide whether given posts fall within in the scope of these articles.""}, {""role"": ""user"", ""content"": ""Step 1: A defamatory object can be a living individual, a group of persons that is distinguishable from the general public such that every member of that group could feel their honor is infringed or collective entities such as governments or press companies with a recognised social role and who act with a collective, single will.\nIs there a defamatory object in this statement? \nNo → STOP (NOT criminally relevant according to §§185-187 StGB)\nYes → Step 2\n\nStep 2: A disparaging statement is a statement which interferes with the potential victim's right to honour. It is already fulfilled by expressing contempt or disrespect through the allegation of shortcomings that could reduce the victim’s social standing.\nIs there a disparaging statement directed towards the defamatory object?\nNo → STOP (NOT criminally relevant according to §§185-187 StGB)\nYes → Step 3\n\nStep 3: A factual claim is a stetement that can be proven to be true or untrue in front of a court. A value judgment constitutes and expression of personal opinions.\nIs it primarily a value judgement and NOT primarily a factual claim?\nNo → STOP (NOT criminally relevant according to §§185-187 StGB)\nYes → Step 4\n\nStep 4: An abusive insult is a statement that constitutes breaking a taboo by itself and intends only the defamation of the victim without any substantiated contribution.\nIs the statement an abusive insult?\nYes → STOP (criminally RELEVANT according to §§185-187 StGB)\nNo → Step 5\n\nStep 5: A statement is of public interest if it contains a contribution to the public discourse with respect to a particular relevant topic of public interest.\nIs the statement of public interest?\nYes → STOP (NOT criminally relevant according to §§185-187 StGB)\nNo → Step 6\n\nStep 6: A statement is considered abusive criticism if it goes beyond plausible criticism by primarily intending to abusively offend the victim, hereby neglecting a substantiated contribution.\nIs the statement abusive criticism?\nYes → STOP (criminally RELEVANT according to §§185-187 StGB)\nNo → STOP (NOT criminally relevant according to §§185-187 StGB)\n\n\nAccording to this decision schema, decide whether the following text is criminally revant according to §§185-187 StGB (Defamatory Offense). Answer only with 'True' (criminally relevant according to §§185-187 StGB) or 'False' (not criminally relevant according to §§185-187 StGB).""}, {""role"": ""user"", ""content"": ""[@IND]  Du  bist  ja jetzt schon Obergeil Aber  bitte seí  ein braver Linker  und halte Dein freches Maul. .""}]",1,FN
994543903917366,"[@IND], ich meine wenn man die einsperrt, verursacht  das geistesgestörte Biest dem Volk nur überflüssige Kosten.  Ich würde eher vorschlagen die wie im Mittelsalter auf einem Scheiterhaufen als als abschreckende Hexe zu verbrennen. Das sollte gut geflimt  und auch in Afrika  vorgeführt werden mit dem Zusatz, dass wir das Gleiche mit jedem Koksbrocken  tun werden, der illegal unsere Grenzen überschreitet.  Wenn das alle in Afrika wissen, kommt bestimmt kein Koksbrocken illegal  zu uns.",True,False, False,"[{""role"": ""system"", ""content"": ""You are a legal expert for defamatory offenses according the the German Criminal Code (§§185-187 StGB). Help the user decide whether given posts fall within in the scope of these articles.""}, {""role"": ""user"", ""content"": ""Step 1: A defamatory object can be a living individual, a group of persons that is distinguishable from the general public such that every member of that group could feel their honor is infringed or collective entities such as governments or press companies with a recognised social role and who act with a collective, single will.\nIs there a defamatory object in this statement? \nNo → STOP (NOT criminally relevant according to §§185-187 StGB)\nYes → Step 2\n\nStep 2: A disparaging statement is a statement which interferes with the potential victim's right to honour. It is already fulfilled by expressing contempt or disrespect through the allegation of shortcomings that could reduce the victim’s social standing.\nIs there a disparaging statement directed towards the defamatory object?\nNo → STOP (NOT criminally relevant according to §§185-187 StGB)\nYes → Step 3\n\nStep 3: A factual claim is a stetement that can be proven to be true or untrue in front of a court. A value judgment constitutes and expression of personal opinions.\nIs it primarily a value judgement and NOT primarily a factual claim?\nNo → STOP (NOT criminally relevant according to §§185-187 StGB)\nYes → Step 4\n\nStep 4: An abusive insult is a statement that constitutes breaking a taboo by itself and intends only the defamation of the victim without any substantiated contribution.\nIs the statement an abusive insult?\nYes → STOP (criminally RELEVANT according to §§185-187 StGB)\nNo → Step 5\n\nStep 5: A statement is of public interest if it contains a contribution to the public discourse with respect to a particular relevant topic of public interest.\nIs the statement of public interest?\nYes → STOP (NOT criminally relevant according to §§185-187 StGB)\nNo → Step 6\n\nStep 6: A statement is considered abusive criticism if it goes beyond plausible criticism by primarily intending to abusively offend the victim, hereby neglecting a substantiated contribution.\nIs the statement abusive criticism?\nYes → STOP (criminally RELEVANT according to §§185-187 StGB)\nNo → STOP (NOT criminally relevant according to §§185-187 StGB)\n\n\nAccording to this decision schema, decide whether the following text is criminally revant according to §§185-187 StGB (Defamatory Offense). Answer only with 'True' (criminally relevant according to §§185-187 StGB) or 'False' (not criminally relevant according to §§185-187 StGB).""}, {""role"": ""user"", ""content"": ""[@IND], ich meine wenn man die einsperrt, verursacht  das geistesgestörte Biest dem Volk nur überflüssige Kosten.  Ich würde eher vorschlagen die wie im Mittelsalter auf einem Scheiterhaufen als als abschreckende Hexe zu verbrennen. Das sollte gut geflimt  und auch in Afrika  vorgeführt werden mit dem Zusatz, dass wir das Gleiche mit jedem Koksbrocken  tun werden, der illegal unsere Grenzen überschreitet.  Wenn das alle in Afrika wissen, kommt bestimmt kein Koksbrocken illegal  zu uns.""}]",2,FN
1007190959319327,"Na hoffentlich! (y) 58 kranke Arschlöcher weniger, gut so! ^_^",True,False, False,"[{""role"": ""system"", ""content"": ""You are a legal expert for defamatory offenses according the the German Criminal Code (§§185-187 StGB). Help the user decide whether given posts fall within in the scope of these articles.""}, {""role"": ""user"", ""content"": ""Step 1: A defamatory object can be a living individual, a group of persons that is distinguishable from the general public such that every member of that group could feel their honor is infringed or collective entities such as governments or press companies with a recognised social role and who act with a collective, single will.\nIs there a defamatory object in this statement? \nNo → STOP (NOT criminally relevant according to §§185-187 StGB)\nYes → Step 2\n\nStep 2: A disparaging statement is a statement which interferes with the potential victim's right to honour. It is already fulfilled by expressing contempt or disrespect through the allegation of shortcomings that could reduce the victim’s social standing.\nIs there a disparaging statement directed towards the defamatory object?\nNo → STOP (NOT criminally relevant according to §§185-187 StGB)\nYes → Step 3\n\nStep 3: A factual claim is a stetement that can be proven to be true or untrue in front of a court. A value judgment constitutes and expression of personal opinions.\nIs it primarily a value judgement and NOT primarily a factual claim?\nNo → STOP (NOT criminally relevant according to §§185-187 StGB)\nYes → Step 4\n\nStep 4: An abusive insult is a statement that constitutes breaking a taboo by itself and intends only the defamation of the victim without any substantiated contribution.\nIs the statement an abusive insult?\nYes → STOP (criminally RELEVANT according to §§185-187 StGB)\nNo → Step 5\n\nStep 5: A statement is of public interest if it contains a contribution to the public discourse with respect to a particular relevant topic of public interest.\nIs the statement of public interest?\nYes → STOP (NOT criminally relevant according to §§185-187 StGB)\nNo → Step 6\n\nStep 6: A statement is considered abusive criticism if it goes beyond plausible criticism by primarily intending to abusively offend the victim, hereby neglecting a substantiated contribution.\nIs the statement abusive criticism?\nYes → STOP (criminally RELEVANT according to §§185-187 StGB)\nNo → STOP (NOT criminally relevant according to §§185-187 StGB)\n\n\nAccording to this decision schema, decide whether the following text is criminally revant according to §§185-187 StGB (Defamatory Offense). Answer only with 'True' (criminally relevant according to §§185-187 StGB) or 'False' (not criminally relevant according to §§185-187 StGB).""}, {""role"": ""user"", ""content"": ""Na hoffentlich! (y) 58 kranke Arschlöcher weniger, gut so! ^_^""}]",3,FN
1010342855670804,André Weber - du Spacko regst dich über Inhalte des Islam auf? Mit Aufrufen zum Mord? du tickst doch nicht richtig...,False,True, True,"[{""role"": ""system"", ""content"": ""You are a legal expert for defamatory offenses according the the German Criminal Code (§§185-187 StGB). Help the user decide whether given posts fall within in the scope of these articles.""}, {""role"": ""user"", ""content"": ""Step 1: A defamatory object can be a living individual, a group of persons that is distinguishable from the general public such that every member of that group could feel their honor is infringed or collective entities such as governments or press companies with a recognised social role and who act with a collective, single will.\nIs there a defamatory object in this statement? \nNo → STOP (NOT criminally relevant according to §§185-187 StGB)\nYes → Step 2\n\nStep 2: A disparaging statement is a statement which interferes with the potential victim's right to honour. It is already fulfilled by expressing contempt or disrespect through the allegation of shortcomings that could reduce the victim’s social standing.\nIs there a disparaging statement directed towards the defamatory object?\nNo → STOP (NOT criminally relevant according to §§185-187 StGB)\nYes → Step 3\n\nStep 3: A factual claim is a stetement that can be proven to be true or untrue in front of a court. A value judgment constitutes and expression of personal opinions.\nIs it primarily a value judgement and NOT primarily a factual claim?\nNo → STOP (NOT criminally relevant according to §§185-187 StGB)\nYes → Step 4\n\nStep 4: An abusive insult is a statement that constitutes breaking a taboo by itself and intends only the defamation of the victim without any substantiated contribution.\nIs the statement an abusive insult?\nYes → STOP (criminally RELEVANT according to §§185-187 StGB)\nNo → Step 5\n\nStep 5: A statement is of public interest if it contains a contribution to the public discourse with respect to a particular relevant topic of public interest.\nIs the statement of public interest?\nYes → STOP (NOT criminally relevant according to §§185-187 StGB)\nNo → Step 6\n\nStep 6: A statement is considered abusive criticism if it goes beyond plausible criticism by primarily intending to abusively offend the victim, hereby neglecting a substantiated contribution.\nIs the statement abusive criticism?\nYes → STOP (criminally RELEVANT according to §§185-187 StGB)\nNo → STOP (NOT criminally relevant according to §§185-187 StGB)\n\n\nAccording to this decision schema, decide whether the following text is criminally revant according to §§185-187 StGB (Defamatory Offense). Answer only with 'True' (criminally relevant according to §§185-187 StGB) or 'False' (not criminally relevant according to §§185-187 StGB).""}, {""role"": ""user"", ""content"": ""André Weber - du Spacko regst dich über Inhalte des Islam auf? Mit Aufrufen zum Mord? du tickst doch nicht richtig...""}]",3,FP
1010344722337284,Und so einer spricht davon das der Koran zur Gewalt aufruft??? Geh wieder in deinen Führerbunker braunes Gesockse,False,True, True,"[{""role"": ""system"", ""content"": ""You are a legal expert for defamatory offenses according the the German Criminal Code (§§185-187 StGB). Help the user decide whether given posts fall within in the scope of these articles.""}, {""role"": ""user"", ""content"": ""Step 1: A defamatory object can be a living individual, a group of persons that is distinguishable from the general public such that every member of that group could feel their honor is infringed or collective entities such as governments or press companies with a recognised social role and who act with a collective, single will.\nIs there a defamatory object in this statement? \nNo → STOP (NOT criminally relevant according to §§185-187 StGB)\nYes → Step 2\n\nStep 2: A disparaging statement is a statement which interferes with the potential victim's right to honour. It is already fulfilled by expressing contempt or disrespect through the allegation of shortcomings that could reduce the victim’s social standing.\nIs there a disparaging statement directed towards the defamatory object?\nNo → STOP (NOT criminally relevant according to §§185-187 StGB)\nYes → Step 3\n\nStep 3: A factual claim is a stetement that can be proven to be true or untrue in front of a court. A value judgment constitutes and expression of personal opinions.\nIs it primarily a value judgement and NOT primarily a factual claim?\nNo → STOP (NOT criminally relevant according to §§185-187 StGB)\nYes → Step 4\n\nStep 4: An abusive insult is a statement that constitutes breaking a taboo by itself and intends only the defamation of the victim without any substantiated contribution.\nIs the statement an abusive insult?\nYes → STOP (criminally RELEVANT according to §§185-187 StGB)\nNo → Step 5\n\nStep 5: A statement is of public interest if it contains a contribution to the public discourse with respect to a particular relevant topic of public interest.\nIs the statement of public interest?\nYes → STOP (NOT criminally relevant according to §§185-187 StGB)\nNo → Step 6\n\nStep 6: A statement is considered abusive criticism if it goes beyond plausible criticism by primarily intending to abusively offend the victim, hereby neglecting a substantiated contribution.\nIs the statement abusive criticism?\nYes → STOP (criminally RELEVANT according to §§185-187 StGB)\nNo → STOP (NOT criminally relevant according to §§185-187 StGB)\n\n\nAccording to this decision schema, decide whether the following text is criminally revant according to §§185-187 StGB (Defamatory Offense). Answer only with 'True' (criminally relevant according to §§185-187 StGB) or 'False' (not criminally relevant according to §§185-187 StGB).""}, {""role"": ""user"", ""content"": ""Und so einer spricht davon das der Koran zur Gewalt aufruft??? Geh wieder in deinen Führerbunker braunes Gesockse""}]",0,FP
1010693522302404,Theo Brenner Suchen Sie mal einen Pathologen auf damit er Ihren Hirntod bestätigt !,True,False, False,"[{""role"": ""system"", ""content"": ""You are a legal expert for defamatory offenses according the the German Criminal Code (§§185-187 StGB). Help the user decide whether given posts fall within in the scope of these articles.""}, {""role"": ""user"", ""content"": ""Step 1: A defamatory object can be a living individual, a group of persons that is distinguishable from the general public such that every member of that group could feel their honor is infringed or collective entities such as governments or press companies with a recognised social role and who act with a collective, single will.\nIs there a defamatory object in this statement? \nNo → STOP (NOT criminally relevant according to §§185-187 StGB)\nYes → Step 2\n\nStep 2: A disparaging statement is a statement which interferes with the potential victim's right to honour. It is already fulfilled by expressing contempt or disrespect through the allegation of shortcomings that could reduce the victim’s social standing.\nIs there a disparaging statement directed towards the defamatory object?\nNo → STOP (NOT criminally relevant according to §§185-187 StGB)\nYes → Step 3\n\nStep 3: A factual claim is a stetement that can be proven to be true or untrue in front of a court. A value judgment constitutes and expression of personal opinions.\nIs it primarily a value judgement and NOT primarily a factual claim?\nNo → STOP (NOT criminally relevant according to §§185-187 StGB)\nYes → Step 4\n\nStep 4: An abusive insult is a statement that constitutes breaking a taboo by itself and intends only the defamation of the victim without any substantiated contribution.\nIs the statement an abusive insult?\nYes → STOP (criminally RELEVANT according to §§185-187 StGB)\nNo → Step 5\n\nStep 5: A statement is of public interest if it contains a contribution to the public discourse with respect to a particular relevant topic of public interest.\nIs the statement of public interest?\nYes → STOP (NOT criminally relevant according to §§185-187 StGB)\nNo → Step 6\n\nStep 6: A statement is considered abusive criticism if it goes beyond plausible criticism by primarily intending to abusively offend the victim, hereby neglecting a substantiated contribution.\nIs the statement abusive criticism?\nYes → STOP (criminally RELEVANT according to §§185-187 StGB)\nNo → STOP (NOT criminally relevant according to §§185-187 StGB)\n\n\nAccording to this decision schema, decide whether the following text is criminally revant according to §§185-187 StGB (Defamatory Offense). Answer only with 'True' (criminally relevant according to §§185-187 StGB) or 'False' (not criminally relevant according to §§185-187 StGB).""}, {""role"": ""user"", ""content"": ""Theo Brenner Suchen Sie mal einen Pathologen auf damit er Ihren Hirntod bestätigt !""}]",0,FN
1010742252297531,"verweichlichte verblödete dsdsschwuchtelvergendertehippigeneration, zu dumm zum leben, zu dumm zum arbeiten, aber dem erfolgreichen mittelstand erklären wollen wie das leben fuktioniert... ihr habt keine kinder, keine verantwortung, keine richtigen jobs und vor allem keine werte, ihr seit eine generation von kollektivem selbstversagen und wollt anderen erzählen wie das leben läuft?!!F.U",False,True, True,"[{""role"": ""system"", ""content"": ""You are a legal expert for defamatory offenses according the the German Criminal Code (§§185-187 StGB). Help the user decide whether given posts fall within in the scope of these articles.""}, {""role"": ""user"", ""content"": ""Step 1: A defamatory object can be a living individual, a group of persons that is distinguishable from the general public such that every member of that group could feel their honor is infringed or collective entities such as governments or press companies with a recognised social role and who act with a collective, single will.\nIs there a defamatory object in this statement? \nNo → STOP (NOT criminally relevant according to §§185-187 StGB)\nYes → Step 2\n\nStep 2: A disparaging statement is a statement which interferes with the potential victim's right to honour. It is already fulfilled by expressing contempt or disrespect through the allegation of shortcomings that could reduce the victim’s social standing.\nIs there a disparaging statement directed towards the defamatory object?\nNo → STOP (NOT criminally relevant according to §§185-187 StGB)\nYes → Step 3\n\nStep 3: A factual claim is a stetement that can be proven to be true or untrue in front of a court. A value judgment constitutes and expression of personal opinions.\nIs it primarily a value judgement and NOT primarily a factual claim?\nNo → STOP (NOT criminally relevant according to §§185-187 StGB)\nYes → Step 4\n\nStep 4: An abusive insult is a statement that constitutes breaking a taboo by itself and intends only the defamation of the victim without any substantiated contribution.\nIs the statement an abusive insult?\nYes → STOP (criminally RELEVANT according to §§185-187 StGB)\nNo → Step 5\n\nStep 5: A statement is of public interest if it contains a contribution to the public discourse with respect to a particular relevant topic of public interest.\nIs the statement of public interest?\nYes → STOP (NOT criminally relevant according to §§185-187 StGB)\nNo → Step 6\n\nStep 6: A statement is considered abusive criticism if it goes beyond plausible criticism by primarily intending to abusively offend the victim, hereby neglecting a substantiated contribution.\nIs the statement abusive criticism?\nYes → STOP (criminally RELEVANT according to §§185-187 StGB)\nNo → STOP (NOT criminally relevant according to §§185-187 StGB)\n\n\nAccording to this decision schema, decide whether the following text is criminally revant according to §§185-187 StGB (Defamatory Offense). Answer only with 'True' (criminally relevant according to §§185-187 StGB) or 'False' (not criminally relevant according to §§185-187 StGB).""}, {""role"": ""user"", ""content"": ""verweichlichte verblödete dsdsschwuchtelvergendertehippigeneration, zu dumm zum leben, zu dumm zum arbeiten, aber dem erfolgreichen mittelstand erklären wollen wie das leben fuktioniert... ihr habt keine kinder, keine verantwortung, keine richtigen jobs und vor allem keine werte, ihr seit eine generation von kollektivem selbstversagen und wollt anderen erzählen wie das leben läuft?!!F.U""}]",1,FP
1010756935629396,"Nun Pohlheimer möglich dass es menschenfeindlich ist. Tatsache ist aber der Islam strebt nach der Weltherrschaft und steht für die Unterdrückung aller die nicht so denken, handeln und glauben wie es dieser pädophile Mörder Mohammed verlangt umgebracht werden müssen. Gerne kann ich die entsprechenden Suren und Verse posten. Minderbemittelt ist wer glaubt es gäbe einen Konsens zwischen Christen und Muslimen. So ist der Islam keine Religion sondern eine Ideologie und auf Grundlage des Koran und seiner Forderungen eine terroristische Vereinigung. Diese gehört verboten und MIT ALLEN MITTELN BEKÄMPFT. Sollte Dir das Hintergrundwissen fehlen nun Lesen bildet vor allem im Land der Dichter und Denker. Du minderbemittelter Schwachkopf. Mein Post ist argumentativ dein letzter Post nur Müll.",True,False, False,"[{""role"": ""system"", ""content"": ""You are a legal expert for defamatory offenses according the the German Criminal Code (§§185-187 StGB). Help the user decide whether given posts fall within in the scope of these articles.""}, {""role"": ""user"", ""content"": ""Step 1: A defamatory object can be a living individual, a group of persons that is distinguishable from the general public such that every member of that group could feel their honor is infringed or collective entities such as governments or press companies with a recognised social role and who act with a collective, single will.\nIs there a defamatory object in this statement? \nNo → STOP (NOT criminally relevant according to §§185-187 StGB)\nYes → Step 2\n\nStep 2: A disparaging statement is a statement which interferes with the potential victim's right to honour. It is already fulfilled by expressing contempt or disrespect through the allegation of shortcomings that could reduce the victim’s social standing.\nIs there a disparaging statement directed towards the defamatory object?\nNo → STOP (NOT criminally relevant according to §§185-187 StGB)\nYes → Step 3\n\nStep 3: A factual claim is a stetement that can be proven to be true or untrue in front of a court. A value judgment constitutes and expression of personal opinions.\nIs it primarily a value judgement and NOT primarily a factual claim?\nNo → STOP (NOT criminally relevant according to §§185-187 StGB)\nYes → Step 4\n\nStep 4: An abusive insult is a statement that constitutes breaking a taboo by itself and intends only the defamation of the victim without any substantiated contribution.\nIs the statement an abusive insult?\nYes → STOP (criminally RELEVANT according to §§185-187 StGB)\nNo → Step 5\n\nStep 5: A statement is of public interest if it contains a contribution to the public discourse with respect to a particular relevant topic of public interest.\nIs the statement of public interest?\nYes → STOP (NOT criminally relevant according to §§185-187 StGB)\nNo → Step 6\n\nStep 6: A statement is considered abusive criticism if it goes beyond plausible criticism by primarily intending to abusively offend the victim, hereby neglecting a substantiated contribution.\nIs the statement abusive criticism?\nYes → STOP (criminally RELEVANT according to §§185-187 StGB)\nNo → STOP (NOT criminally relevant according to §§185-187 StGB)\n\n\nAccording to this decision schema, decide whether the following text is criminally revant according to §§185-187 StGB (Defamatory Offense). Answer only with 'True' (criminally relevant according to §§185-187 StGB) or 'False' (not criminally relevant according to §§185-187 StGB).""}, {""role"": ""user"", ""content"": ""Nun Pohlheimer möglich dass es menschenfeindlich ist. Tatsache ist aber der Islam strebt nach der Weltherrschaft und steht für die Unterdrückung aller die nicht so denken, handeln und glauben wie es dieser pädophile Mörder Mohammed verlangt umgebracht werden müssen. Gerne kann ich die entsprechenden Suren und Verse posten. Minderbemittelt ist wer glaubt es gäbe einen Konsens zwischen Christen und Muslimen. So ist der Islam keine Religion sondern eine Ideologie und auf Grundlage des Koran und seiner Forderungen eine terroristische Vereinigung. Diese gehört verboten und MIT ALLEN MITTELN BEKÄMPFT. Sollte Dir das Hintergrundwissen fehlen nun Lesen bildet vor allem im Land der Dichter und Denker. Du minderbemittelter Schwachkopf. Mein Post ist argumentativ dein letzter Post nur Müll.""}]",0,FN
1010813705623719,"die schwuchteln, können nichts außer dummes zeug palavern",False,True, True,"[{""role"": ""system"", ""content"": ""You are a legal expert for defamatory offenses according the the German Criminal Code (§§185-187 StGB). Help the user decide whether given posts fall within in the scope of these articles.""}, {""role"": ""user"", ""content"": ""Step 1: A defamatory object can be a living individual, a group of persons that is distinguishable from the general public such that every member of that group could feel their honor is infringed or collective entities such as governments or press companies with a recognised social role and who act with a collective, single will.\nIs there a defamatory object in this statement? \nNo → STOP (NOT criminally relevant according to §§185-187 StGB)\nYes → Step 2\n\nStep 2: A disparaging statement is a statement which interferes with the potential victim's right to honour. It is already fulfilled by expressing contempt or disrespect through the allegation of shortcomings that could reduce the victim’s social standing.\nIs there a disparaging statement directed towards the defamatory object?\nNo → STOP (NOT criminally relevant according to §§185-187 StGB)\nYes → Step 3\n\nStep 3: A factual claim is a stetement that can be proven to be true or untrue in front of a court. A value judgment constitutes and expression of personal opinions.\nIs it primarily a value judgement and NOT primarily a factual claim?\nNo → STOP (NOT criminally relevant according to §§185-187 StGB)\nYes → Step 4\n\nStep 4: An abusive insult is a statement that constitutes breaking a taboo by itself and intends only the defamation of the victim without any substantiated contribution.\nIs the statement an abusive insult?\nYes → STOP (criminally RELEVANT according to §§185-187 StGB)\nNo → Step 5\n\nStep 5: A statement is of public interest if it contains a contribution to the public discourse with respect to a particular relevant topic of public interest.\nIs the statement of public interest?\nYes → STOP (NOT criminally relevant according to §§185-187 StGB)\nNo → Step 6\n\nStep 6: A statement is considered abusive criticism if it goes beyond plausible criticism by primarily intending to abusively offend the victim, hereby neglecting a substantiated contribution.\nIs the statement abusive criticism?\nYes → STOP (criminally RELEVANT according to §§185-187 StGB)\nNo → STOP (NOT criminally relevant according to §§185-187 StGB)\n\n\nAccording to this decision schema, decide whether the following text is criminally revant according to §§185-187 StGB (Defamatory Offense). Answer only with 'True' (criminally relevant according to §§185-187 StGB) or 'False' (not criminally relevant according to §§185-187 StGB).""}, {""role"": ""user"", ""content"": ""die schwuchteln, können nichts außer dummes zeug palavern""}]",2,FP
1010835515621538,"Die zwei Schwuchteln sind doch total verblödet, so wie unsere vor PC und PlayStation vergammelnde junge Generation. Die finden diese Homos auch noch geil! Da sieht man schon, was noch an Hirn vorhanden ist. Eigentlich brauchen wir uns gar nicht um die Zukunft der Deutschen zu sorgen, die sind es nicht mehr wert. Ich habe nur bedenken, dass der Islam sich so schnell ausbreiten wird und mir bald der Kopf abgeschnitten wird!",True,False, False,"[{""role"": ""system"", ""content"": ""You are a legal expert for defamatory offenses according the the German Criminal Code (§§185-187 StGB). Help the user decide whether given posts fall within in the scope of these articles.""}, {""role"": ""user"", ""content"": ""Step 1: A defamatory object can be a living individual, a group of persons that is distinguishable from the general public such that every member of that group could feel their honor is infringed or collective entities such as governments or press companies with a recognised social role and who act with a collective, single will.\nIs there a defamatory object in this statement? \nNo → STOP (NOT criminally relevant according to §§185-187 StGB)\nYes → Step 2\n\nStep 2: A disparaging statement is a statement which interferes with the potential victim's right to honour. It is already fulfilled by expressing contempt or disrespect through the allegation of shortcomings that could reduce the victim’s social standing.\nIs there a disparaging statement directed towards the defamatory object?\nNo → STOP (NOT criminally relevant according to §§185-187 StGB)\nYes → Step 3\n\nStep 3: A factual claim is a stetement that can be proven to be true or untrue in front of a court. A value judgment constitutes and expression of personal opinions.\nIs it primarily a value judgement and NOT primarily a factual claim?\nNo → STOP (NOT criminally relevant according to §§185-187 StGB)\nYes → Step 4\n\nStep 4: An abusive insult is a statement that constitutes breaking a taboo by itself and intends only the defamation of the victim without any substantiated contribution.\nIs the statement an abusive insult?\nYes → STOP (criminally RELEVANT according to §§185-187 StGB)\nNo → Step 5\n\nStep 5: A statement is of public interest if it contains a contribution to the public discourse with respect to a particular relevant topic of public interest.\nIs the statement of public interest?\nYes → STOP (NOT criminally relevant according to §§185-187 StGB)\nNo → Step 6\n\nStep 6: A statement is considered abusive criticism if it goes beyond plausible criticism by primarily intending to abusively offend the victim, hereby neglecting a substantiated contribution.\nIs the statement abusive criticism?\nYes → STOP (criminally RELEVANT according to §§185-187 StGB)\nNo → STOP (NOT criminally relevant according to §§185-187 StGB)\n\n\nAccording to this decision schema, decide whether the following text is criminally revant according to §§185-187 StGB (Defamatory Offense). Answer only with 'True' (criminally relevant according to §§185-187 StGB) or 'False' (not criminally relevant according to §§185-187 StGB).""}, {""role"": ""user"", ""content"": ""Die zwei Schwuchteln sind doch total verblödet, so wie unsere vor PC und PlayStation vergammelnde junge Generation. Die finden diese Homos auch noch geil! Da sieht man schon, was noch an Hirn vorhanden ist. Eigentlich brauchen wir uns gar nicht um die Zukunft der Deutschen zu sorgen, die sind es nicht mehr wert. Ich habe nur bedenken, dass der Islam sich so schnell ausbreiten wird und mir bald der Kopf abgeschnitten wird!""}]",2,FN
1010838695621220,"Wie ich diese drecks möchtegern Promis hasse, und sowas im deutschen Fernsehen. Schande für Deutschland. Joko, Klaas, Schweiger alles pack... In keinster weise fähig andere Meinungen zu tollerieren. Besoders Schweiger der penner rastet ja sofort aus. Keine anständige Diskussion möglich.",True,False, False,"[{""role"": ""system"", ""content"": ""You are a legal expert for defamatory offenses according the the German Criminal Code (§§185-187 StGB). Help the user decide whether given posts fall within in the scope of these articles.""}, {""role"": ""user"", ""content"": ""Step 1: A defamatory object can be a living individual, a group of persons that is distinguishable from the general public such that every member of that group could feel their honor is infringed or collective entities such as governments or press companies with a recognised social role and who act with a collective, single will.\nIs there a defamatory object in this statement? \nNo → STOP (NOT criminally relevant according to §§185-187 StGB)\nYes → Step 2\n\nStep 2: A disparaging statement is a statement which interferes with the potential victim's right to honour. It is already fulfilled by expressing contempt or disrespect through the allegation of shortcomings that could reduce the victim’s social standing.\nIs there a disparaging statement directed towards the defamatory object?\nNo → STOP (NOT criminally relevant according to §§185-187 StGB)\nYes → Step 3\n\nStep 3: A factual claim is a stetement that can be proven to be true or untrue in front of a court. A value judgment constitutes and expression of personal opinions.\nIs it primarily a value judgement and NOT primarily a factual claim?\nNo → STOP (NOT criminally relevant according to §§185-187 StGB)\nYes → Step 4\n\nStep 4: An abusive insult is a statement that constitutes breaking a taboo by itself and intends only the defamation of the victim without any substantiated contribution.\nIs the statement an abusive insult?\nYes → STOP (criminally RELEVANT according to §§185-187 StGB)\nNo → Step 5\n\nStep 5: A statement is of public interest if it contains a contribution to the public discourse with respect to a particular relevant topic of public interest.\nIs the statement of public interest?\nYes → STOP (NOT criminally relevant according to §§185-187 StGB)\nNo → Step 6\n\nStep 6: A statement is considered abusive criticism if it goes beyond plausible criticism by primarily intending to abusively offend the victim, hereby neglecting a substantiated contribution.\nIs the statement abusive criticism?\nYes → STOP (criminally RELEVANT according to §§185-187 StGB)\nNo → STOP (NOT criminally relevant according to §§185-187 StGB)\n\n\nAccording to this decision schema, decide whether the following text is criminally revant according to §§185-187 StGB (Defamatory Offense). Answer only with 'True' (criminally relevant according to §§185-187 StGB) or 'False' (not criminally relevant according to §§185-187 StGB).""}, {""role"": ""user"", ""content"": ""Wie ich diese drecks möchtegern Promis hasse, und sowas im deutschen Fernsehen. Schande für Deutschland. Joko, Klaas, Schweiger alles pack... In keinster weise fähig andere Meinungen zu tollerieren. Besoders Schweiger der penner rastet ja sofort aus. Keine anständige Diskussion möglich.""}]",0,FN
1011194372252319,Was hat die genommen???? Oder sind das die Hormone??,True,False, False,"[{""role"": ""system"", ""content"": ""You are a legal expert for defamatory offenses according the the German Criminal Code (§§185-187 StGB). Help the user decide whether given posts fall within in the scope of these articles.""}, {""role"": ""user"", ""content"": ""Step 1: A defamatory object can be a living individual, a group of persons that is distinguishable from the general public such that every member of that group could feel their honor is infringed or collective entities such as governments or press companies with a recognised social role and who act with a collective, single will.\nIs there a defamatory object in this statement? \nNo → STOP (NOT criminally relevant according to §§185-187 StGB)\nYes → Step 2\n\nStep 2: A disparaging statement is a statement which interferes with the potential victim's right to honour. It is already fulfilled by expressing contempt or disrespect through the allegation of shortcomings that could reduce the victim’s social standing.\nIs there a disparaging statement directed towards the defamatory object?\nNo → STOP (NOT criminally relevant according to §§185-187 StGB)\nYes → Step 3\n\nStep 3: A factual claim is a stetement that can be proven to be true or untrue in front of a court. A value judgment constitutes and expression of personal opinions.\nIs it primarily a value judgement and NOT primarily a factual claim?\nNo → STOP (NOT criminally relevant according to §§185-187 StGB)\nYes → Step 4\n\nStep 4: An abusive insult is a statement that constitutes breaking a taboo by itself and intends only the defamation of the victim without any substantiated contribution.\nIs the statement an abusive insult?\nYes → STOP (criminally RELEVANT according to §§185-187 StGB)\nNo → Step 5\n\nStep 5: A statement is of public interest if it contains a contribution to the public discourse with respect to a particular relevant topic of public interest.\nIs the statement of public interest?\nYes → STOP (NOT criminally relevant according to §§185-187 StGB)\nNo → Step 6\n\nStep 6: A statement is considered abusive criticism if it goes beyond plausible criticism by primarily intending to abusively offend the victim, hereby neglecting a substantiated contribution.\nIs the statement abusive criticism?\nYes → STOP (criminally RELEVANT according to §§185-187 StGB)\nNo → STOP (NOT criminally relevant according to §§185-187 StGB)\n\n\nAccording to this decision schema, decide whether the following text is criminally revant according to §§185-187 StGB (Defamatory Offense). Answer only with 'True' (criminally relevant according to §§185-187 StGB) or 'False' (not criminally relevant according to §§185-187 StGB).""}, {""role"": ""user"", ""content"": ""Was hat die genommen???? Oder sind das die Hormone??""}]",0,FN
1012231332148623,"ACHTUNG FAKEBILD! 

?????? Was für peinliche Schwachköpfe da wieder ihren geistigen Müll ablassen,einfach sensationell! Da wollen sich linksgrünfaschistische Volldeppen mit einem Fakebild über uns lustig machen und machen sich damit selbst herrlich zum Gespött der Nation! ??????

Diese geistigen Tiefflieger haben wirklich null Peilung und wissen offensichtlich nicht wofür ""Striezel"" und Striezelmarkt steht? 

Hey Ihr Luftpumpen, kurze Aufklärung über die Kultur und christliche Werte, das Christbrot, auch Striezel oder Stollen genannt, gab dem am Montag vor Weihnachten stattfindenden Markt um 1500 den Namen Striezelmontag! 

Der Christstollen oder Weihnachtsstollen ist ein brotähnlicher Kuchen, der – dick mit Puderzucker bedeckt – an das gewickelte Christkind erinnern soll. 

Der Name STRIEZELMARKT steht also genau wie Weihnachtsmarkt ganz klar für die christlich geprägte Kultur des Abendlandes!

#HooligansGegenSatzbauIQ0 ##MerktEuchDieNamen #LinksfaschistenStoppen #KeinFussBreitLinkenFaschisten #SAntifa",True,False, False,"[{""role"": ""system"", ""content"": ""You are a legal expert for defamatory offenses according the the German Criminal Code (§§185-187 StGB). Help the user decide whether given posts fall within in the scope of these articles.""}, {""role"": ""user"", ""content"": ""Step 1: A defamatory object can be a living individual, a group of persons that is distinguishable from the general public such that every member of that group could feel their honor is infringed or collective entities such as governments or press companies with a recognised social role and who act with a collective, single will.\nIs there a defamatory object in this statement? \nNo → STOP (NOT criminally relevant according to §§185-187 StGB)\nYes → Step 2\n\nStep 2: A disparaging statement is a statement which interferes with the potential victim's right to honour. It is already fulfilled by expressing contempt or disrespect through the allegation of shortcomings that could reduce the victim’s social standing.\nIs there a disparaging statement directed towards the defamatory object?\nNo → STOP (NOT criminally relevant according to §§185-187 StGB)\nYes → Step 3\n\nStep 3: A factual claim is a stetement that can be proven to be true or untrue in front of a court. A value judgment constitutes and expression of personal opinions.\nIs it primarily a value judgement and NOT primarily a factual claim?\nNo → STOP (NOT criminally relevant according to §§185-187 StGB)\nYes → Step 4\n\nStep 4: An abusive insult is a statement that constitutes breaking a taboo by itself and intends only the defamation of the victim without any substantiated contribution.\nIs the statement an abusive insult?\nYes → STOP (criminally RELEVANT according to §§185-187 StGB)\nNo → Step 5\n\nStep 5: A statement is of public interest if it contains a contribution to the public discourse with respect to a particular relevant topic of public interest.\nIs the statement of public interest?\nYes → STOP (NOT criminally relevant according to §§185-187 StGB)\nNo → Step 6\n\nStep 6: A statement is considered abusive criticism if it goes beyond plausible criticism by primarily intending to abusively offend the victim, hereby neglecting a substantiated contribution.\nIs the statement abusive criticism?\nYes → STOP (criminally RELEVANT according to §§185-187 StGB)\nNo → STOP (NOT criminally relevant according to §§185-187 StGB)\n\n\nAccording to this decision schema, decide whether the following text is criminally revant according to §§185-187 StGB (Defamatory Offense). Answer only with 'True' (criminally relevant according to §§185-187 StGB) or 'False' (not criminally relevant according to §§185-187 StGB).""}, {""role"": ""user"", ""content"": ""ACHTUNG FAKEBILD! \r\n\r\n?????? Was für peinliche Schwachköpfe da wieder ihren geistigen Müll ablassen,einfach sensationell! Da wollen sich linksgrünfaschistische Volldeppen mit einem Fakebild über uns lustig machen und machen sich damit selbst herrlich zum Gespött der Nation! ??????\r\n\r\nDiese geistigen Tiefflieger haben wirklich null Peilung und wissen offensichtlich nicht wofür \""Striezel\"" und Striezelmarkt steht? \r\n\r\nHey Ihr Luftpumpen, kurze Aufklärung über die Kultur und christliche Werte, das Christbrot, auch Striezel oder Stollen genannt, gab dem am Montag vor Weihnachten stattfindenden Markt um 1500 den Namen Striezelmontag! \r\n\r\nDer Christstollen oder Weihnachtsstollen ist ein brotähnlicher Kuchen, der – dick mit Puderzucker bedeckt – an das gewickelte Christkind erinnern soll. \r\n\r\nDer Name STRIEZELMARKT steht also genau wie Weihnachtsmarkt ganz klar für die christlich geprägte Kultur des Abendlandes!\r\n\r\n#HooligansGegenSatzbauIQ0 ##MerktEuchDieNamen #LinksfaschistenStoppen #KeinFussBreitLinkenFaschisten #SAntifa""}]",3,FN
1012242835480806,charakterloses gesindel was dort die macht übernommen hat,True,False, False,"[{""role"": ""system"", ""content"": ""You are a legal expert for defamatory offenses according the the German Criminal Code (§§185-187 StGB). Help the user decide whether given posts fall within in the scope of these articles.""}, {""role"": ""user"", ""content"": ""Step 1: A defamatory object can be a living individual, a group of persons that is distinguishable from the general public such that every member of that group could feel their honor is infringed or collective entities such as governments or press companies with a recognised social role and who act with a collective, single will.\nIs there a defamatory object in this statement? \nNo → STOP (NOT criminally relevant according to §§185-187 StGB)\nYes → Step 2\n\nStep 2: A disparaging statement is a statement which interferes with the potential victim's right to honour. It is already fulfilled by expressing contempt or disrespect through the allegation of shortcomings that could reduce the victim’s social standing.\nIs there a disparaging statement directed towards the defamatory object?\nNo → STOP (NOT criminally relevant according to §§185-187 StGB)\nYes → Step 3\n\nStep 3: A factual claim is a stetement that can be proven to be true or untrue in front of a court. A value judgment constitutes and expression of personal opinions.\nIs it primarily a value judgement and NOT primarily a factual claim?\nNo → STOP (NOT criminally relevant according to §§185-187 StGB)\nYes → Step 4\n\nStep 4: An abusive insult is a statement that constitutes breaking a taboo by itself and intends only the defamation of the victim without any substantiated contribution.\nIs the statement an abusive insult?\nYes → STOP (criminally RELEVANT according to §§185-187 StGB)\nNo → Step 5\n\nStep 5: A statement is of public interest if it contains a contribution to the public discourse with respect to a particular relevant topic of public interest.\nIs the statement of public interest?\nYes → STOP (NOT criminally relevant according to §§185-187 StGB)\nNo → Step 6\n\nStep 6: A statement is considered abusive criticism if it goes beyond plausible criticism by primarily intending to abusively offend the victim, hereby neglecting a substantiated contribution.\nIs the statement abusive criticism?\nYes → STOP (criminally RELEVANT according to §§185-187 StGB)\nNo → STOP (NOT criminally relevant according to §§185-187 StGB)\n\n\nAccording to this decision schema, decide whether the following text is criminally revant according to §§185-187 StGB (Defamatory Offense). Answer only with 'True' (criminally relevant according to §§185-187 StGB) or 'False' (not criminally relevant according to §§185-187 StGB).""}, {""role"": ""user"", ""content"": ""charakterloses gesindel was dort die macht übernommen hat""}]",0,FN
1012249965480093,"Weiß doch mittlerweile jeder klar denkende Mensch wie die Linken ticken... die haben nen IQ von ner Kastanie, ähm ja sorry an alle Kastanien, das habt ihr nicht verdient mit denen verglichen zu werden...",True,False, False,"[{""role"": ""system"", ""content"": ""You are a legal expert for defamatory offenses according the the German Criminal Code (§§185-187 StGB). Help the user decide whether given posts fall within in the scope of these articles.""}, {""role"": ""user"", ""content"": ""Step 1: A defamatory object can be a living individual, a group of persons that is distinguishable from the general public such that every member of that group could feel their honor is infringed or collective entities such as governments or press companies with a recognised social role and who act with a collective, single will.\nIs there a defamatory object in this statement? \nNo → STOP (NOT criminally relevant according to §§185-187 StGB)\nYes → Step 2\n\nStep 2: A disparaging statement is a statement which interferes with the potential victim's right to honour. It is already fulfilled by expressing contempt or disrespect through the allegation of shortcomings that could reduce the victim’s social standing.\nIs there a disparaging statement directed towards the defamatory object?\nNo → STOP (NOT criminally relevant according to §§185-187 StGB)\nYes → Step 3\n\nStep 3: A factual claim is a stetement that can be proven to be true or untrue in front of a court. A value judgment constitutes and expression of personal opinions.\nIs it primarily a value judgement and NOT primarily a factual claim?\nNo → STOP (NOT criminally relevant according to §§185-187 StGB)\nYes → Step 4\n\nStep 4: An abusive insult is a statement that constitutes breaking a taboo by itself and intends only the defamation of the victim without any substantiated contribution.\nIs the statement an abusive insult?\nYes → STOP (criminally RELEVANT according to §§185-187 StGB)\nNo → Step 5\n\nStep 5: A statement is of public interest if it contains a contribution to the public discourse with respect to a particular relevant topic of public interest.\nIs the statement of public interest?\nYes → STOP (NOT criminally relevant according to §§185-187 StGB)\nNo → Step 6\n\nStep 6: A statement is considered abusive criticism if it goes beyond plausible criticism by primarily intending to abusively offend the victim, hereby neglecting a substantiated contribution.\nIs the statement abusive criticism?\nYes → STOP (criminally RELEVANT according to §§185-187 StGB)\nNo → STOP (NOT criminally relevant according to §§185-187 StGB)\n\n\nAccording to this decision schema, decide whether the following text is criminally revant according to §§185-187 StGB (Defamatory Offense). Answer only with 'True' (criminally relevant according to §§185-187 StGB) or 'False' (not criminally relevant according to §§185-187 StGB).""}, {""role"": ""user"", ""content"": ""Weiß doch mittlerweile jeder klar denkende Mensch wie die Linken ticken... die haben nen IQ von ner Kastanie, ähm ja sorry an alle Kastanien, das habt ihr nicht verdient mit denen verglichen zu werden...""}]",2,FN
1012917188746704,Die Grünen?Das sind doch gossgezogene Nachgeburten.,True,False, False,"[{""role"": ""system"", ""content"": ""You are a legal expert for defamatory offenses according the the German Criminal Code (§§185-187 StGB). Help the user decide whether given posts fall within in the scope of these articles.""}, {""role"": ""user"", ""content"": ""Step 1: A defamatory object can be a living individual, a group of persons that is distinguishable from the general public such that every member of that group could feel their honor is infringed or collective entities such as governments or press companies with a recognised social role and who act with a collective, single will.\nIs there a defamatory object in this statement? \nNo → STOP (NOT criminally relevant according to §§185-187 StGB)\nYes → Step 2\n\nStep 2: A disparaging statement is a statement which interferes with the potential victim's right to honour. It is already fulfilled by expressing contempt or disrespect through the allegation of shortcomings that could reduce the victim’s social standing.\nIs there a disparaging statement directed towards the defamatory object?\nNo → STOP (NOT criminally relevant according to §§185-187 StGB)\nYes → Step 3\n\nStep 3: A factual claim is a stetement that can be proven to be true or untrue in front of a court. A value judgment constitutes and expression of personal opinions.\nIs it primarily a value judgement and NOT primarily a factual claim?\nNo → STOP (NOT criminally relevant according to §§185-187 StGB)\nYes → Step 4\n\nStep 4: An abusive insult is a statement that constitutes breaking a taboo by itself and intends only the defamation of the victim without any substantiated contribution.\nIs the statement an abusive insult?\nYes → STOP (criminally RELEVANT according to §§185-187 StGB)\nNo → Step 5\n\nStep 5: A statement is of public interest if it contains a contribution to the public discourse with respect to a particular relevant topic of public interest.\nIs the statement of public interest?\nYes → STOP (NOT criminally relevant according to §§185-187 StGB)\nNo → Step 6\n\nStep 6: A statement is considered abusive criticism if it goes beyond plausible criticism by primarily intending to abusively offend the victim, hereby neglecting a substantiated contribution.\nIs the statement abusive criticism?\nYes → STOP (criminally RELEVANT according to §§185-187 StGB)\nNo → STOP (NOT criminally relevant according to §§185-187 StGB)\n\n\nAccording to this decision schema, decide whether the following text is criminally revant according to §§185-187 StGB (Defamatory Offense). Answer only with 'True' (criminally relevant according to §§185-187 StGB) or 'False' (not criminally relevant according to §§185-187 StGB).""}, {""role"": ""user"", ""content"": ""Die Grünen?Das sind doch gossgezogene Nachgeburten.""}]",1,FN
1013008112070945,"Und wie ist das eigentlich, wenn man aussieht, wie ein Zigeuner ... :-D   Kleiner Scherz Eddie ... no hard feelings.",True,False, False,"[{""role"": ""system"", ""content"": ""You are a legal expert for defamatory offenses according the the German Criminal Code (§§185-187 StGB). Help the user decide whether given posts fall within in the scope of these articles.""}, {""role"": ""user"", ""content"": ""Step 1: A defamatory object can be a living individual, a group of persons that is distinguishable from the general public such that every member of that group could feel their honor is infringed or collective entities such as governments or press companies with a recognised social role and who act with a collective, single will.\nIs there a defamatory object in this statement? \nNo → STOP (NOT criminally relevant according to §§185-187 StGB)\nYes → Step 2\n\nStep 2: A disparaging statement is a statement which interferes with the potential victim's right to honour. It is already fulfilled by expressing contempt or disrespect through the allegation of shortcomings that could reduce the victim’s social standing.\nIs there a disparaging statement directed towards the defamatory object?\nNo → STOP (NOT criminally relevant according to §§185-187 StGB)\nYes → Step 3\n\nStep 3: A factual claim is a stetement that can be proven to be true or untrue in front of a court. A value judgment constitutes and expression of personal opinions.\nIs it primarily a value judgement and NOT primarily a factual claim?\nNo → STOP (NOT criminally relevant according to §§185-187 StGB)\nYes → Step 4\n\nStep 4: An abusive insult is a statement that constitutes breaking a taboo by itself and intends only the defamation of the victim without any substantiated contribution.\nIs the statement an abusive insult?\nYes → STOP (criminally RELEVANT according to §§185-187 StGB)\nNo → Step 5\n\nStep 5: A statement is of public interest if it contains a contribution to the public discourse with respect to a particular relevant topic of public interest.\nIs the statement of public interest?\nYes → STOP (NOT criminally relevant according to §§185-187 StGB)\nNo → Step 6\n\nStep 6: A statement is considered abusive criticism if it goes beyond plausible criticism by primarily intending to abusively offend the victim, hereby neglecting a substantiated contribution.\nIs the statement abusive criticism?\nYes → STOP (criminally RELEVANT according to §§185-187 StGB)\nNo → STOP (NOT criminally relevant according to §§185-187 StGB)\n\n\nAccording to this decision schema, decide whether the following text is criminally revant according to §§185-187 StGB (Defamatory Offense). Answer only with 'True' (criminally relevant according to §§185-187 StGB) or 'False' (not criminally relevant according to §§185-187 StGB).""}, {""role"": ""user"", ""content"": ""Und wie ist das eigentlich, wenn man aussieht, wie ein Zigeuner ... :-D   Kleiner Scherz Eddie ... no hard feelings.""}]",3,FN
1018199341551822,"Please can anyone translate to German and spread the message: This is what's gonna happen: This is all Jews plan who want to control the world and all the money, they use muslims as tools to start WW3, which has already started by the way and there's no way to stop it. Then it is going to be a white genocide, which is aimed at killing as many whites as possible, in particular white men because they are the only counterweight to jewishness. Apparently white women are less of a problem because they can be enslaved and forced to relationships with black and brown so that the black offspring will come out anyway. This genocide has already started, for example, in the UK jobs and promotions get black and muslims and in general they are promoted regardless of the level of stupidity, the idea is to weaken whites first. Islam was deliberately sent to Europe so that these two tribes i.e. muslims and Christians begin to fight badly, crowds will come, this is just a beginning, they will break into houses and will be provided with guns while we won't.. In this way a large group of white men i.e. the most competitive and intelligent individuals will be killed. Jews have a plan and know what to do later with brown, sort of mixed race society easily prone to huge manipulation. Merkel and all EU politicians know what they are doing and have been well paid. This isn't at all about integration or refugees, this is deliberate plan to destroy.",False,True, True,"[{""role"": ""system"", ""content"": ""You are a legal expert for defamatory offenses according the the German Criminal Code (§§185-187 StGB). Help the user decide whether given posts fall within in the scope of these articles.""}, {""role"": ""user"", ""content"": ""Step 1: A defamatory object can be a living individual, a group of persons that is distinguishable from the general public such that every member of that group could feel their honor is infringed or collective entities such as governments or press companies with a recognised social role and who act with a collective, single will.\nIs there a defamatory object in this statement? \nNo → STOP (NOT criminally relevant according to §§185-187 StGB)\nYes → Step 2\n\nStep 2: A disparaging statement is a statement which interferes with the potential victim's right to honour. It is already fulfilled by expressing contempt or disrespect through the allegation of shortcomings that could reduce the victim’s social standing.\nIs there a disparaging statement directed towards the defamatory object?\nNo → STOP (NOT criminally relevant according to §§185-187 StGB)\nYes → Step 3\n\nStep 3: A factual claim is a stetement that can be proven to be true or untrue in front of a court. A value judgment constitutes and expression of personal opinions.\nIs it primarily a value judgement and NOT primarily a factual claim?\nNo → STOP (NOT criminally relevant according to §§185-187 StGB)\nYes → Step 4\n\nStep 4: An abusive insult is a statement that constitutes breaking a taboo by itself and intends only the defamation of the victim without any substantiated contribution.\nIs the statement an abusive insult?\nYes → STOP (criminally RELEVANT according to §§185-187 StGB)\nNo → Step 5\n\nStep 5: A statement is of public interest if it contains a contribution to the public discourse with respect to a particular relevant topic of public interest.\nIs the statement of public interest?\nYes → STOP (NOT criminally relevant according to §§185-187 StGB)\nNo → Step 6\n\nStep 6: A statement is considered abusive criticism if it goes beyond plausible criticism by primarily intending to abusively offend the victim, hereby neglecting a substantiated contribution.\nIs the statement abusive criticism?\nYes → STOP (criminally RELEVANT according to §§185-187 StGB)\nNo → STOP (NOT criminally relevant according to §§185-187 StGB)\n\n\nAccording to this decision schema, decide whether the following text is criminally revant according to §§185-187 StGB (Defamatory Offense). Answer only with 'True' (criminally relevant according to §§185-187 StGB) or 'False' (not criminally relevant according to §§185-187 StGB).""}, {""role"": ""user"", ""content"": ""Please can anyone translate to German and spread the message: This is what's gonna happen: This is all Jews plan who want to control the world and all the money, they use muslims as tools to start WW3, which has already started by the way and there's no way to stop it. Then it is going to be a white genocide, which is aimed at killing as many whites as possible, in particular white men because they are the only counterweight to jewishness. Apparently white women are less of a problem because they can be enslaved and forced to relationships with black and brown so that the black offspring will come out anyway. This genocide has already started, for example, in the UK jobs and promotions get black and muslims and in general they are promoted regardless of the level of stupidity, the idea is to weaken whites first. Islam was deliberately sent to Europe so that these two tribes i.e. muslims and Christians begin to fight badly, crowds will come, this is just a beginning, they will break into houses and will be provided with guns while we won't.. In this way a large group of white men i.e. the most competitive and intelligent individuals will be killed. Jews have a plan and know what to do later with brown, sort of mixed race society easily prone to huge manipulation. Merkel and all EU politicians know what they are doing and have been well paid. This isn't at all about integration or refugees, this is deliberate plan to destroy.""}]",0,FP
1018217584883331,Und wir sind hier auf den Seiten von Pegida. Erzählen sie ihren Müll doch woanders.,True,False, False,"[{""role"": ""system"", ""content"": ""You are a legal expert for defamatory offenses according the the German Criminal Code (§§185-187 StGB). Help the user decide whether given posts fall within in the scope of these articles.""}, {""role"": ""user"", ""content"": ""Step 1: A defamatory object can be a living individual, a group of persons that is distinguishable from the general public such that every member of that group could feel their honor is infringed or collective entities such as governments or press companies with a recognised social role and who act with a collective, single will.\nIs there a defamatory object in this statement? \nNo → STOP (NOT criminally relevant according to §§185-187 StGB)\nYes → Step 2\n\nStep 2: A disparaging statement is a statement which interferes with the potential victim's right to honour. It is already fulfilled by expressing contempt or disrespect through the allegation of shortcomings that could reduce the victim’s social standing.\nIs there a disparaging statement directed towards the defamatory object?\nNo → STOP (NOT criminally relevant according to §§185-187 StGB)\nYes → Step 3\n\nStep 3: A factual claim is a stetement that can be proven to be true or untrue in front of a court. A value judgment constitutes and expression of personal opinions.\nIs it primarily a value judgement and NOT primarily a factual claim?\nNo → STOP (NOT criminally relevant according to §§185-187 StGB)\nYes → Step 4\n\nStep 4: An abusive insult is a statement that constitutes breaking a taboo by itself and intends only the defamation of the victim without any substantiated contribution.\nIs the statement an abusive insult?\nYes → STOP (criminally RELEVANT according to §§185-187 StGB)\nNo → Step 5\n\nStep 5: A statement is of public interest if it contains a contribution to the public discourse with respect to a particular relevant topic of public interest.\nIs the statement of public interest?\nYes → STOP (NOT criminally relevant according to §§185-187 StGB)\nNo → Step 6\n\nStep 6: A statement is considered abusive criticism if it goes beyond plausible criticism by primarily intending to abusively offend the victim, hereby neglecting a substantiated contribution.\nIs the statement abusive criticism?\nYes → STOP (criminally RELEVANT according to §§185-187 StGB)\nNo → STOP (NOT criminally relevant according to §§185-187 StGB)\n\n\nAccording to this decision schema, decide whether the following text is criminally revant according to §§185-187 StGB (Defamatory Offense). Answer only with 'True' (criminally relevant according to §§185-187 StGB) or 'False' (not criminally relevant according to §§185-187 StGB).""}, {""role"": ""user"", ""content"": ""Und wir sind hier auf den Seiten von Pegida. Erzählen sie ihren Müll doch woanders.""}]",3,FN
1035118629859893,Kann sich Merkel schon mal in Chile um Asyl bemühen die nehmen doch unsere abgehalfterten politiker,True,False, False,"[{""role"": ""system"", ""content"": ""You are a legal expert for defamatory offenses according the the German Criminal Code (§§185-187 StGB). Help the user decide whether given posts fall within in the scope of these articles.""}, {""role"": ""user"", ""content"": ""Step 1: A defamatory object can be a living individual, a group of persons that is distinguishable from the general public such that every member of that group could feel their honor is infringed or collective entities such as governments or press companies with a recognised social role and who act with a collective, single will.\nIs there a defamatory object in this statement? \nNo → STOP (NOT criminally relevant according to §§185-187 StGB)\nYes → Step 2\n\nStep 2: A disparaging statement is a statement which interferes with the potential victim's right to honour. It is already fulfilled by expressing contempt or disrespect through the allegation of shortcomings that could reduce the victim’s social standing.\nIs there a disparaging statement directed towards the defamatory object?\nNo → STOP (NOT criminally relevant according to §§185-187 StGB)\nYes → Step 3\n\nStep 3: A factual claim is a stetement that can be proven to be true or untrue in front of a court. A value judgment constitutes and expression of personal opinions.\nIs it primarily a value judgement and NOT primarily a factual claim?\nNo → STOP (NOT criminally relevant according to §§185-187 StGB)\nYes → Step 4\n\nStep 4: An abusive insult is a statement that constitutes breaking a taboo by itself and intends only the defamation of the victim without any substantiated contribution.\nIs the statement an abusive insult?\nYes → STOP (criminally RELEVANT according to §§185-187 StGB)\nNo → Step 5\n\nStep 5: A statement is of public interest if it contains a contribution to the public discourse with respect to a particular relevant topic of public interest.\nIs the statement of public interest?\nYes → STOP (NOT criminally relevant according to §§185-187 StGB)\nNo → Step 6\n\nStep 6: A statement is considered abusive criticism if it goes beyond plausible criticism by primarily intending to abusively offend the victim, hereby neglecting a substantiated contribution.\nIs the statement abusive criticism?\nYes → STOP (criminally RELEVANT according to §§185-187 StGB)\nNo → STOP (NOT criminally relevant according to §§185-187 StGB)\n\n\nAccording to this decision schema, decide whether the following text is criminally revant according to §§185-187 StGB (Defamatory Offense). Answer only with 'True' (criminally relevant according to §§185-187 StGB) or 'False' (not criminally relevant according to §§185-187 StGB).""}, {""role"": ""user"", ""content"": ""Kann sich Merkel schon mal in Chile um Asyl bemühen die nehmen doch unsere abgehalfterten politiker""}]",2,FN
1035126343192455,"Schwulenhaußen ...??? Finger in den Po, Bahnhofsklo ...?",False,True, True,"[{""role"": ""system"", ""content"": ""You are a legal expert for defamatory offenses according the the German Criminal Code (§§185-187 StGB). Help the user decide whether given posts fall within in the scope of these articles.""}, {""role"": ""user"", ""content"": ""Step 1: A defamatory object can be a living individual, a group of persons that is distinguishable from the general public such that every member of that group could feel their honor is infringed or collective entities such as governments or press companies with a recognised social role and who act with a collective, single will.\nIs there a defamatory object in this statement? \nNo → STOP (NOT criminally relevant according to §§185-187 StGB)\nYes → Step 2\n\nStep 2: A disparaging statement is a statement which interferes with the potential victim's right to honour. It is already fulfilled by expressing contempt or disrespect through the allegation of shortcomings that could reduce the victim’s social standing.\nIs there a disparaging statement directed towards the defamatory object?\nNo → STOP (NOT criminally relevant according to §§185-187 StGB)\nYes → Step 3\n\nStep 3: A factual claim is a stetement that can be proven to be true or untrue in front of a court. A value judgment constitutes and expression of personal opinions.\nIs it primarily a value judgement and NOT primarily a factual claim?\nNo → STOP (NOT criminally relevant according to §§185-187 StGB)\nYes → Step 4\n\nStep 4: An abusive insult is a statement that constitutes breaking a taboo by itself and intends only the defamation of the victim without any substantiated contribution.\nIs the statement an abusive insult?\nYes → STOP (criminally RELEVANT according to §§185-187 StGB)\nNo → Step 5\n\nStep 5: A statement is of public interest if it contains a contribution to the public discourse with respect to a particular relevant topic of public interest.\nIs the statement of public interest?\nYes → STOP (NOT criminally relevant according to §§185-187 StGB)\nNo → Step 6\n\nStep 6: A statement is considered abusive criticism if it goes beyond plausible criticism by primarily intending to abusively offend the victim, hereby neglecting a substantiated contribution.\nIs the statement abusive criticism?\nYes → STOP (criminally RELEVANT according to §§185-187 StGB)\nNo → STOP (NOT criminally relevant according to §§185-187 StGB)\n\n\nAccording to this decision schema, decide whether the following text is criminally revant according to §§185-187 StGB (Defamatory Offense). Answer only with 'True' (criminally relevant according to §§185-187 StGB) or 'False' (not criminally relevant according to §§185-187 StGB).""}, {""role"": ""user"", ""content"": ""Schwulenhaußen ...??? Finger in den Po, Bahnhofsklo ...?""}]",3,FP
1035135369858219,"Ich bin auch sehr beeindruckt. Wie gerne währe ich dabei. Die Hymne ist auch schön gesungen, hoffe wir schaffen das , dieses miststück von Merkel zu stürzen.",True,False, False,"[{""role"": ""system"", ""content"": ""You are a legal expert for defamatory offenses according the the German Criminal Code (§§185-187 StGB). Help the user decide whether given posts fall within in the scope of these articles.""}, {""role"": ""user"", ""content"": ""Step 1: A defamatory object can be a living individual, a group of persons that is distinguishable from the general public such that every member of that group could feel their honor is infringed or collective entities such as governments or press companies with a recognised social role and who act with a collective, single will.\nIs there a defamatory object in this statement? \nNo → STOP (NOT criminally relevant according to §§185-187 StGB)\nYes → Step 2\n\nStep 2: A disparaging statement is a statement which interferes with the potential victim's right to honour. It is already fulfilled by expressing contempt or disrespect through the allegation of shortcomings that could reduce the victim’s social standing.\nIs there a disparaging statement directed towards the defamatory object?\nNo → STOP (NOT criminally relevant according to §§185-187 StGB)\nYes → Step 3\n\nStep 3: A factual claim is a stetement that can be proven to be true or untrue in front of a court. A value judgment constitutes and expression of personal opinions.\nIs it primarily a value judgement and NOT primarily a factual claim?\nNo → STOP (NOT criminally relevant according to §§185-187 StGB)\nYes → Step 4\n\nStep 4: An abusive insult is a statement that constitutes breaking a taboo by itself and intends only the defamation of the victim without any substantiated contribution.\nIs the statement an abusive insult?\nYes → STOP (criminally RELEVANT according to §§185-187 StGB)\nNo → Step 5\n\nStep 5: A statement is of public interest if it contains a contribution to the public discourse with respect to a particular relevant topic of public interest.\nIs the statement of public interest?\nYes → STOP (NOT criminally relevant according to §§185-187 StGB)\nNo → Step 6\n\nStep 6: A statement is considered abusive criticism if it goes beyond plausible criticism by primarily intending to abusively offend the victim, hereby neglecting a substantiated contribution.\nIs the statement abusive criticism?\nYes → STOP (criminally RELEVANT according to §§185-187 StGB)\nNo → STOP (NOT criminally relevant according to §§185-187 StGB)\n\n\nAccording to this decision schema, decide whether the following text is criminally revant according to §§185-187 StGB (Defamatory Offense). Answer only with 'True' (criminally relevant according to §§185-187 StGB) or 'False' (not criminally relevant according to §§185-187 StGB).""}, {""role"": ""user"", ""content"": ""Ich bin auch sehr beeindruckt. Wie gerne währe ich dabei. Die Hymne ist auch schön gesungen, hoffe wir schaffen das , dieses miststück von Merkel zu stürzen.""}]",3,FN
1035560899815666,"Efe Zehir,die dumme Nazinummer zieht nicht mehr und wenn du ein Fünkchen Verstand hättest würdest du erkennen das dies Unsinn ist. Bei so viele Leuten solltest du Beten das sie keine Nazis sind ansonsten wärt ihr schon draußen.",False,True, True,"[{""role"": ""system"", ""content"": ""You are a legal expert for defamatory offenses according the the German Criminal Code (§§185-187 StGB). Help the user decide whether given posts fall within in the scope of these articles.""}, {""role"": ""user"", ""content"": ""Step 1: A defamatory object can be a living individual, a group of persons that is distinguishable from the general public such that every member of that group could feel their honor is infringed or collective entities such as governments or press companies with a recognised social role and who act with a collective, single will.\nIs there a defamatory object in this statement? \nNo → STOP (NOT criminally relevant according to §§185-187 StGB)\nYes → Step 2\n\nStep 2: A disparaging statement is a statement which interferes with the potential victim's right to honour. It is already fulfilled by expressing contempt or disrespect through the allegation of shortcomings that could reduce the victim’s social standing.\nIs there a disparaging statement directed towards the defamatory object?\nNo → STOP (NOT criminally relevant according to §§185-187 StGB)\nYes → Step 3\n\nStep 3: A factual claim is a stetement that can be proven to be true or untrue in front of a court. A value judgment constitutes and expression of personal opinions.\nIs it primarily a value judgement and NOT primarily a factual claim?\nNo → STOP (NOT criminally relevant according to §§185-187 StGB)\nYes → Step 4\n\nStep 4: An abusive insult is a statement that constitutes breaking a taboo by itself and intends only the defamation of the victim without any substantiated contribution.\nIs the statement an abusive insult?\nYes → STOP (criminally RELEVANT according to §§185-187 StGB)\nNo → Step 5\n\nStep 5: A statement is of public interest if it contains a contribution to the public discourse with respect to a particular relevant topic of public interest.\nIs the statement of public interest?\nYes → STOP (NOT criminally relevant according to §§185-187 StGB)\nNo → Step 6\n\nStep 6: A statement is considered abusive criticism if it goes beyond plausible criticism by primarily intending to abusively offend the victim, hereby neglecting a substantiated contribution.\nIs the statement abusive criticism?\nYes → STOP (criminally RELEVANT according to §§185-187 StGB)\nNo → STOP (NOT criminally relevant according to §§185-187 StGB)\n\n\nAccording to this decision schema, decide whether the following text is criminally revant according to §§185-187 StGB (Defamatory Offense). Answer only with 'True' (criminally relevant according to §§185-187 StGB) or 'False' (not criminally relevant according to §§185-187 StGB).""}, {""role"": ""user"", ""content"": ""Efe Zehir,die dumme Nazinummer zieht nicht mehr und wenn du ein Fünkchen Verstand hättest würdest du erkennen das dies Unsinn ist. Bei so viele Leuten solltest du Beten das sie keine Nazis sind ansonsten wärt ihr schon draußen.""}]",2,FP
1044135405624882,"#PEGIDA #Verabschiedungskultur #GrenzenDICHT #InformiertEuch



http://www.t-online.de/nachrichten/ausland/eu/id_76696664/oesterreich-beschliesst-obergrenze-fuer-fluechtlinge.html



(...)Mit Merkel abgesprochen - Österreich beschließt Obergrenze für Flüchtlinge



Österreich prescht im Streit um Obergrenzen für Flüchtlinge voran. 37.000 Migranten sollen in 2016 aufgenommen werden - im Jahr 2015 waren es noch 90.000. Im nächsten Schritt werden die Grenzkontrollen verschärft.(...)



MIT MERKEL ABGESPROCHEN...... Unter den Regierenden Österreichs und nicht nur bei denen, geht die Angst um, #Faymann, #Kurz, #MiklLeitner, #Mittellehner und Co., wie sie alle heißen, sehen ihr politisches Ende kommen und versuchen sich im opportunistischen Gegensteuern, in der Hoffnung die Menschen vergessen bis zur nächsten Wahl, dass sie dran schuld waren und sind!



Aber die #FPÖ wird dafür sorgen, dass dies NICHT passiert! (y) (y)



Grenzen DICHT und MASSIV, SCHNELL und WIRKSAM abschieben, das ist das Gebot der Stunde! 



Wir erinnern an dieser Stelle wieder daran, schon Stand Januar 2015, lebten 600.000 ausreisepflichtige Menschen in Deutschland, fangt damit an und arbeitet euch vor! (y)



http://www.finanznachrichten.de/nachrichten-2015-01/32606174-600-000-abgelehnte-asylbewerber-in-deutschland-003.htm



http://www.t-online.de/nachrichten/ausland/eu/id_76696664/oesterreich-beschliesst-obergrenze-fuer-fluechtlinge.html",False,True, True,"[{""role"": ""system"", ""content"": ""You are a legal expert for defamatory offenses according the the German Criminal Code (§§185-187 StGB). Help the user decide whether given posts fall within in the scope of these articles.""}, {""role"": ""user"", ""content"": ""Step 1: A defamatory object can be a living individual, a group of persons that is distinguishable from the general public such that every member of that group could feel their honor is infringed or collective entities such as governments or press companies with a recognised social role and who act with a collective, single will.\nIs there a defamatory object in this statement? \nNo → STOP (NOT criminally relevant according to §§185-187 StGB)\nYes → Step 2\n\nStep 2: A disparaging statement is a statement which interferes with the potential victim's right to honour. It is already fulfilled by expressing contempt or disrespect through the allegation of shortcomings that could reduce the victim’s social standing.\nIs there a disparaging statement directed towards the defamatory object?\nNo → STOP (NOT criminally relevant according to §§185-187 StGB)\nYes → Step 3\n\nStep 3: A factual claim is a stetement that can be proven to be true or untrue in front of a court. A value judgment constitutes and expression of personal opinions.\nIs it primarily a value judgement and NOT primarily a factual claim?\nNo → STOP (NOT criminally relevant according to §§185-187 StGB)\nYes → Step 4\n\nStep 4: An abusive insult is a statement that constitutes breaking a taboo by itself and intends only the defamation of the victim without any substantiated contribution.\nIs the statement an abusive insult?\nYes → STOP (criminally RELEVANT according to §§185-187 StGB)\nNo → Step 5\n\nStep 5: A statement is of public interest if it contains a contribution to the public discourse with respect to a particular relevant topic of public interest.\nIs the statement of public interest?\nYes → STOP (NOT criminally relevant according to §§185-187 StGB)\nNo → Step 6\n\nStep 6: A statement is considered abusive criticism if it goes beyond plausible criticism by primarily intending to abusively offend the victim, hereby neglecting a substantiated contribution.\nIs the statement abusive criticism?\nYes → STOP (criminally RELEVANT according to §§185-187 StGB)\nNo → STOP (NOT criminally relevant according to §§185-187 StGB)\n\n\nAccording to this decision schema, decide whether the following text is criminally revant according to §§185-187 StGB (Defamatory Offense). Answer only with 'True' (criminally relevant according to §§185-187 StGB) or 'False' (not criminally relevant according to §§185-187 StGB).""}, {""role"": ""user"", ""content"": ""#PEGIDA #Verabschiedungskultur #GrenzenDICHT #InformiertEuch\r\n\r\n\r\n\r\nhttp://www.t-online.de/nachrichten/ausland/eu/id_76696664/oesterreich-beschliesst-obergrenze-fuer-fluechtlinge.html\r\n\r\n\r\n\r\n(...)Mit Merkel abgesprochen - Österreich beschließt Obergrenze für Flüchtlinge\r\n\r\n\r\n\r\nÖsterreich prescht im Streit um Obergrenzen für Flüchtlinge voran. 37.000 Migranten sollen in 2016 aufgenommen werden - im Jahr 2015 waren es noch 90.000. Im nächsten Schritt werden die Grenzkontrollen verschärft.(...)\r\n\r\n\r\n\r\nMIT MERKEL ABGESPROCHEN...... Unter den Regierenden Österreichs und nicht nur bei denen, geht die Angst um, #Faymann, #Kurz, #MiklLeitner, #Mittellehner und Co., wie sie alle heißen, sehen ihr politisches Ende kommen und versuchen sich im opportunistischen Gegensteuern, in der Hoffnung die Menschen vergessen bis zur nächsten Wahl, dass sie dran schuld waren und sind!\r\n\r\n\r\n\r\nAber die #FPÖ wird dafür sorgen, dass dies NICHT passiert! (y) (y)\r\n\r\n\r\n\r\nGrenzen DICHT und MASSIV, SCHNELL und WIRKSAM abschieben, das ist das Gebot der Stunde! \r\n\r\n\r\n\r\nWir erinnern an dieser Stelle wieder daran, schon Stand Januar 2015, lebten 600.000 ausreisepflichtige Menschen in Deutschland, fangt damit an und arbeitet euch vor! (y)\r\n\r\n\r\n\r\nhttp://www.finanznachrichten.de/nachrichten-2015-01/32606174-600-000-abgelehnte-asylbewerber-in-deutschland-003.htm\r\n\r\n\r\n\r\nhttp://www.t-online.de/nachrichten/ausland/eu/id_76696664/oesterreich-beschliesst-obergrenze-fuer-fluechtlinge.html""}]",3,FP
1044136628958093,"Wieso muss Oesterreich Merkel fragen? was ist da los? Alles bestimmt nur der senile vollgepisste Hosenanzug Merkel??? was ist das da fuer eine Diktatur, zum zweiten mal regiert ein Irrer Fuehrer und alle schauen zu. Geschichte wiederholt aber meistens nicht schon nach 70 Jahren.",True,False, False,"[{""role"": ""system"", ""content"": ""You are a legal expert for defamatory offenses according the the German Criminal Code (§§185-187 StGB). Help the user decide whether given posts fall within in the scope of these articles.""}, {""role"": ""user"", ""content"": ""Step 1: A defamatory object can be a living individual, a group of persons that is distinguishable from the general public such that every member of that group could feel their honor is infringed or collective entities such as governments or press companies with a recognised social role and who act with a collective, single will.\nIs there a defamatory object in this statement? \nNo → STOP (NOT criminally relevant according to §§185-187 StGB)\nYes → Step 2\n\nStep 2: A disparaging statement is a statement which interferes with the potential victim's right to honour. It is already fulfilled by expressing contempt or disrespect through the allegation of shortcomings that could reduce the victim’s social standing.\nIs there a disparaging statement directed towards the defamatory object?\nNo → STOP (NOT criminally relevant according to §§185-187 StGB)\nYes → Step 3\n\nStep 3: A factual claim is a stetement that can be proven to be true or untrue in front of a court. A value judgment constitutes and expression of personal opinions.\nIs it primarily a value judgement and NOT primarily a factual claim?\nNo → STOP (NOT criminally relevant according to §§185-187 StGB)\nYes → Step 4\n\nStep 4: An abusive insult is a statement that constitutes breaking a taboo by itself and intends only the defamation of the victim without any substantiated contribution.\nIs the statement an abusive insult?\nYes → STOP (criminally RELEVANT according to §§185-187 StGB)\nNo → Step 5\n\nStep 5: A statement is of public interest if it contains a contribution to the public discourse with respect to a particular relevant topic of public interest.\nIs the statement of public interest?\nYes → STOP (NOT criminally relevant according to §§185-187 StGB)\nNo → Step 6\n\nStep 6: A statement is considered abusive criticism if it goes beyond plausible criticism by primarily intending to abusively offend the victim, hereby neglecting a substantiated contribution.\nIs the statement abusive criticism?\nYes → STOP (criminally RELEVANT according to §§185-187 StGB)\nNo → STOP (NOT criminally relevant according to §§185-187 StGB)\n\n\nAccording to this decision schema, decide whether the following text is criminally revant according to §§185-187 StGB (Defamatory Offense). Answer only with 'True' (criminally relevant according to §§185-187 StGB) or 'False' (not criminally relevant according to §§185-187 StGB).""}, {""role"": ""user"", ""content"": ""Wieso muss Oesterreich Merkel fragen? was ist da los? Alles bestimmt nur der senile vollgepisste Hosenanzug Merkel??? was ist das da fuer eine Diktatur, zum zweiten mal regiert ein Irrer Fuehrer und alle schauen zu. Geschichte wiederholt aber meistens nicht schon nach 70 Jahren.""}]",2,FN
1044362922268797,Nichts neues...gehört ja schon zum guten Ton solche anzeigen...versucht der pädophile Beck doch auch ständig....,True,False, False,"[{""role"": ""system"", ""content"": ""You are a legal expert for defamatory offenses according the the German Criminal Code (§§185-187 StGB). Help the user decide whether given posts fall within in the scope of these articles.""}, {""role"": ""user"", ""content"": ""Step 1: A defamatory object can be a living individual, a group of persons that is distinguishable from the general public such that every member of that group could feel their honor is infringed or collective entities such as governments or press companies with a recognised social role and who act with a collective, single will.\nIs there a defamatory object in this statement? \nNo → STOP (NOT criminally relevant according to §§185-187 StGB)\nYes → Step 2\n\nStep 2: A disparaging statement is a statement which interferes with the potential victim's right to honour. It is already fulfilled by expressing contempt or disrespect through the allegation of shortcomings that could reduce the victim’s social standing.\nIs there a disparaging statement directed towards the defamatory object?\nNo → STOP (NOT criminally relevant according to §§185-187 StGB)\nYes → Step 3\n\nStep 3: A factual claim is a stetement that can be proven to be true or untrue in front of a court. A value judgment constitutes and expression of personal opinions.\nIs it primarily a value judgement and NOT primarily a factual claim?\nNo → STOP (NOT criminally relevant according to §§185-187 StGB)\nYes → Step 4\n\nStep 4: An abusive insult is a statement that constitutes breaking a taboo by itself and intends only the defamation of the victim without any substantiated contribution.\nIs the statement an abusive insult?\nYes → STOP (criminally RELEVANT according to §§185-187 StGB)\nNo → Step 5\n\nStep 5: A statement is of public interest if it contains a contribution to the public discourse with respect to a particular relevant topic of public interest.\nIs the statement of public interest?\nYes → STOP (NOT criminally relevant according to §§185-187 StGB)\nNo → Step 6\n\nStep 6: A statement is considered abusive criticism if it goes beyond plausible criticism by primarily intending to abusively offend the victim, hereby neglecting a substantiated contribution.\nIs the statement abusive criticism?\nYes → STOP (criminally RELEVANT according to §§185-187 StGB)\nNo → STOP (NOT criminally relevant according to §§185-187 StGB)\n\n\nAccording to this decision schema, decide whether the following text is criminally revant according to §§185-187 StGB (Defamatory Offense). Answer only with 'True' (criminally relevant according to §§185-187 StGB) or 'False' (not criminally relevant according to §§185-187 StGB).""}, {""role"": ""user"", ""content"": ""Nichts neues...gehört ja schon zum guten Ton solche anzeigen...versucht der pädophile Beck doch auch ständig....""}]",0,FN
1055074841197605,"Das Problem heißt IM Erika alias A. Merkel, diese transatlantische Marionette, die uns diese Völkerwanderung primitiv-archaischer Unkulturträger eingebrockt hat!

Andere europäische Staaten, Staatsmänner haben klug gehandelt und die Grenzen dicht gemacht! 

Merkel überfremdet durch ihre Einladung an die gesamte islamische Welt Europa, als dass jetzt schon aufgrund der ""hiesigen"" Moslems der Fall ist. 

MadMama zerstört Deutschland und Europa !

MadMama gehört eingewiesen!",True,False, False,"[{""role"": ""system"", ""content"": ""You are a legal expert for defamatory offenses according the the German Criminal Code (§§185-187 StGB). Help the user decide whether given posts fall within in the scope of these articles.""}, {""role"": ""user"", ""content"": ""Step 1: A defamatory object can be a living individual, a group of persons that is distinguishable from the general public such that every member of that group could feel their honor is infringed or collective entities such as governments or press companies with a recognised social role and who act with a collective, single will.\nIs there a defamatory object in this statement? \nNo → STOP (NOT criminally relevant according to §§185-187 StGB)\nYes → Step 2\n\nStep 2: A disparaging statement is a statement which interferes with the potential victim's right to honour. It is already fulfilled by expressing contempt or disrespect through the allegation of shortcomings that could reduce the victim’s social standing.\nIs there a disparaging statement directed towards the defamatory object?\nNo → STOP (NOT criminally relevant according to §§185-187 StGB)\nYes → Step 3\n\nStep 3: A factual claim is a stetement that can be proven to be true or untrue in front of a court. A value judgment constitutes and expression of personal opinions.\nIs it primarily a value judgement and NOT primarily a factual claim?\nNo → STOP (NOT criminally relevant according to §§185-187 StGB)\nYes → Step 4\n\nStep 4: An abusive insult is a statement that constitutes breaking a taboo by itself and intends only the defamation of the victim without any substantiated contribution.\nIs the statement an abusive insult?\nYes → STOP (criminally RELEVANT according to §§185-187 StGB)\nNo → Step 5\n\nStep 5: A statement is of public interest if it contains a contribution to the public discourse with respect to a particular relevant topic of public interest.\nIs the statement of public interest?\nYes → STOP (NOT criminally relevant according to §§185-187 StGB)\nNo → Step 6\n\nStep 6: A statement is considered abusive criticism if it goes beyond plausible criticism by primarily intending to abusively offend the victim, hereby neglecting a substantiated contribution.\nIs the statement abusive criticism?\nYes → STOP (criminally RELEVANT according to §§185-187 StGB)\nNo → STOP (NOT criminally relevant according to §§185-187 StGB)\n\n\nAccording to this decision schema, decide whether the following text is criminally revant according to §§185-187 StGB (Defamatory Offense). Answer only with 'True' (criminally relevant according to §§185-187 StGB) or 'False' (not criminally relevant according to §§185-187 StGB).""}, {""role"": ""user"", ""content"": ""Das Problem heißt IM Erika alias A. Merkel, diese transatlantische Marionette, die uns diese Völkerwanderung primitiv-archaischer Unkulturträger eingebrockt hat!\r\n\r\nAndere europäische Staaten, Staatsmänner haben klug gehandelt und die Grenzen dicht gemacht! \r\n\r\nMerkel überfremdet durch ihre Einladung an die gesamte islamische Welt Europa, als dass jetzt schon aufgrund der \""hiesigen\"" Moslems der Fall ist. \r\n\r\nMadMama zerstört Deutschland und Europa !\r\n\r\nMadMama gehört eingewiesen!""}]",3,FN
1055076691197420,"""Wir schaffen das"", wird Aysche Ferkel auch hier wieder sagen! Zum kotzen!!!",True,False, False,"[{""role"": ""system"", ""content"": ""You are a legal expert for defamatory offenses according the the German Criminal Code (§§185-187 StGB). Help the user decide whether given posts fall within in the scope of these articles.""}, {""role"": ""user"", ""content"": ""Step 1: A defamatory object can be a living individual, a group of persons that is distinguishable from the general public such that every member of that group could feel their honor is infringed or collective entities such as governments or press companies with a recognised social role and who act with a collective, single will.\nIs there a defamatory object in this statement? \nNo → STOP (NOT criminally relevant according to §§185-187 StGB)\nYes → Step 2\n\nStep 2: A disparaging statement is a statement which interferes with the potential victim's right to honour. It is already fulfilled by expressing contempt or disrespect through the allegation of shortcomings that could reduce the victim’s social standing.\nIs there a disparaging statement directed towards the defamatory object?\nNo → STOP (NOT criminally relevant according to §§185-187 StGB)\nYes → Step 3\n\nStep 3: A factual claim is a stetement that can be proven to be true or untrue in front of a court. A value judgment constitutes and expression of personal opinions.\nIs it primarily a value judgement and NOT primarily a factual claim?\nNo → STOP (NOT criminally relevant according to §§185-187 StGB)\nYes → Step 4\n\nStep 4: An abusive insult is a statement that constitutes breaking a taboo by itself and intends only the defamation of the victim without any substantiated contribution.\nIs the statement an abusive insult?\nYes → STOP (criminally RELEVANT according to §§185-187 StGB)\nNo → Step 5\n\nStep 5: A statement is of public interest if it contains a contribution to the public discourse with respect to a particular relevant topic of public interest.\nIs the statement of public interest?\nYes → STOP (NOT criminally relevant according to §§185-187 StGB)\nNo → Step 6\n\nStep 6: A statement is considered abusive criticism if it goes beyond plausible criticism by primarily intending to abusively offend the victim, hereby neglecting a substantiated contribution.\nIs the statement abusive criticism?\nYes → STOP (criminally RELEVANT according to §§185-187 StGB)\nNo → STOP (NOT criminally relevant according to §§185-187 StGB)\n\n\nAccording to this decision schema, decide whether the following text is criminally revant according to §§185-187 StGB (Defamatory Offense). Answer only with 'True' (criminally relevant according to §§185-187 StGB) or 'False' (not criminally relevant according to §§185-187 StGB).""}, {""role"": ""user"", ""content"": ""\""Wir schaffen das\"", wird Aysche Ferkel auch hier wieder sagen! Zum kotzen!!!""}]",0,FN
1055356674502755,Merkel  ist GRÖßTE SCHANDE IN GERMANY GESCHICHTE UND SIE IST NICHT ALLEIN NUR MIT GANZEN  BUNDESTAG UND VERFASUNG VERRÄTER RICHTER,True,False, False,"[{""role"": ""system"", ""content"": ""You are a legal expert for defamatory offenses according the the German Criminal Code (§§185-187 StGB). Help the user decide whether given posts fall within in the scope of these articles.""}, {""role"": ""user"", ""content"": ""Step 1: A defamatory object can be a living individual, a group of persons that is distinguishable from the general public such that every member of that group could feel their honor is infringed or collective entities such as governments or press companies with a recognised social role and who act with a collective, single will.\nIs there a defamatory object in this statement? \nNo → STOP (NOT criminally relevant according to §§185-187 StGB)\nYes → Step 2\n\nStep 2: A disparaging statement is a statement which interferes with the potential victim's right to honour. It is already fulfilled by expressing contempt or disrespect through the allegation of shortcomings that could reduce the victim’s social standing.\nIs there a disparaging statement directed towards the defamatory object?\nNo → STOP (NOT criminally relevant according to §§185-187 StGB)\nYes → Step 3\n\nStep 3: A factual claim is a stetement that can be proven to be true or untrue in front of a court. A value judgment constitutes and expression of personal opinions.\nIs it primarily a value judgement and NOT primarily a factual claim?\nNo → STOP (NOT criminally relevant according to §§185-187 StGB)\nYes → Step 4\n\nStep 4: An abusive insult is a statement that constitutes breaking a taboo by itself and intends only the defamation of the victim without any substantiated contribution.\nIs the statement an abusive insult?\nYes → STOP (criminally RELEVANT according to §§185-187 StGB)\nNo → Step 5\n\nStep 5: A statement is of public interest if it contains a contribution to the public discourse with respect to a particular relevant topic of public interest.\nIs the statement of public interest?\nYes → STOP (NOT criminally relevant according to §§185-187 StGB)\nNo → Step 6\n\nStep 6: A statement is considered abusive criticism if it goes beyond plausible criticism by primarily intending to abusively offend the victim, hereby neglecting a substantiated contribution.\nIs the statement abusive criticism?\nYes → STOP (criminally RELEVANT according to §§185-187 StGB)\nNo → STOP (NOT criminally relevant according to §§185-187 StGB)\n\n\nAccording to this decision schema, decide whether the following text is criminally revant according to §§185-187 StGB (Defamatory Offense). Answer only with 'True' (criminally relevant according to §§185-187 StGB) or 'False' (not criminally relevant according to §§185-187 StGB).""}, {""role"": ""user"", ""content"": ""Merkel  ist GRÖßTE SCHANDE IN GERMANY GESCHICHTE UND SIE IST NICHT ALLEIN NUR MIT GANZEN  BUNDESTAG UND VERFASUNG VERRÄTER RICHTER""}]",0,FN
1055369587834797,Der Rest der Arschkriecher genauso so eine Schande,False,True, True,"[{""role"": ""system"", ""content"": ""You are a legal expert for defamatory offenses according the the German Criminal Code (§§185-187 StGB). Help the user decide whether given posts fall within in the scope of these articles.""}, {""role"": ""user"", ""content"": ""Step 1: A defamatory object can be a living individual, a group of persons that is distinguishable from the general public such that every member of that group could feel their honor is infringed or collective entities such as governments or press companies with a recognised social role and who act with a collective, single will.\nIs there a defamatory object in this statement? \nNo → STOP (NOT criminally relevant according to §§185-187 StGB)\nYes → Step 2\n\nStep 2: A disparaging statement is a statement which interferes with the potential victim's right to honour. It is already fulfilled by expressing contempt or disrespect through the allegation of shortcomings that could reduce the victim’s social standing.\nIs there a disparaging statement directed towards the defamatory object?\nNo → STOP (NOT criminally relevant according to §§185-187 StGB)\nYes → Step 3\n\nStep 3: A factual claim is a stetement that can be proven to be true or untrue in front of a court. A value judgment constitutes and expression of personal opinions.\nIs it primarily a value judgement and NOT primarily a factual claim?\nNo → STOP (NOT criminally relevant according to §§185-187 StGB)\nYes → Step 4\n\nStep 4: An abusive insult is a statement that constitutes breaking a taboo by itself and intends only the defamation of the victim without any substantiated contribution.\nIs the statement an abusive insult?\nYes → STOP (criminally RELEVANT according to §§185-187 StGB)\nNo → Step 5\n\nStep 5: A statement is of public interest if it contains a contribution to the public discourse with respect to a particular relevant topic of public interest.\nIs the statement of public interest?\nYes → STOP (NOT criminally relevant according to §§185-187 StGB)\nNo → Step 6\n\nStep 6: A statement is considered abusive criticism if it goes beyond plausible criticism by primarily intending to abusively offend the victim, hereby neglecting a substantiated contribution.\nIs the statement abusive criticism?\nYes → STOP (criminally RELEVANT according to §§185-187 StGB)\nNo → STOP (NOT criminally relevant according to §§185-187 StGB)\n\n\nAccording to this decision schema, decide whether the following text is criminally revant according to §§185-187 StGB (Defamatory Offense). Answer only with 'True' (criminally relevant according to §§185-187 StGB) or 'False' (not criminally relevant according to §§185-187 StGB).""}, {""role"": ""user"", ""content"": ""Der Rest der Arschkriecher genauso so eine Schande""}]",2,FP
1056478657723890,"Da fehlen noch Hirnlos Künast, Marionetten Altmeyer und der GAUCKler",True,False, False,"[{""role"": ""system"", ""content"": ""You are a legal expert for defamatory offenses according the the German Criminal Code (§§185-187 StGB). Help the user decide whether given posts fall within in the scope of these articles.""}, {""role"": ""user"", ""content"": ""Step 1: A defamatory object can be a living individual, a group of persons that is distinguishable from the general public such that every member of that group could feel their honor is infringed or collective entities such as governments or press companies with a recognised social role and who act with a collective, single will.\nIs there a defamatory object in this statement? \nNo → STOP (NOT criminally relevant according to §§185-187 StGB)\nYes → Step 2\n\nStep 2: A disparaging statement is a statement which interferes with the potential victim's right to honour. It is already fulfilled by expressing contempt or disrespect through the allegation of shortcomings that could reduce the victim’s social standing.\nIs there a disparaging statement directed towards the defamatory object?\nNo → STOP (NOT criminally relevant according to §§185-187 StGB)\nYes → Step 3\n\nStep 3: A factual claim is a stetement that can be proven to be true or untrue in front of a court. A value judgment constitutes and expression of personal opinions.\nIs it primarily a value judgement and NOT primarily a factual claim?\nNo → STOP (NOT criminally relevant according to §§185-187 StGB)\nYes → Step 4\n\nStep 4: An abusive insult is a statement that constitutes breaking a taboo by itself and intends only the defamation of the victim without any substantiated contribution.\nIs the statement an abusive insult?\nYes → STOP (criminally RELEVANT according to §§185-187 StGB)\nNo → Step 5\n\nStep 5: A statement is of public interest if it contains a contribution to the public discourse with respect to a particular relevant topic of public interest.\nIs the statement of public interest?\nYes → STOP (NOT criminally relevant according to §§185-187 StGB)\nNo → Step 6\n\nStep 6: A statement is considered abusive criticism if it goes beyond plausible criticism by primarily intending to abusively offend the victim, hereby neglecting a substantiated contribution.\nIs the statement abusive criticism?\nYes → STOP (criminally RELEVANT according to §§185-187 StGB)\nNo → STOP (NOT criminally relevant according to §§185-187 StGB)\n\n\nAccording to this decision schema, decide whether the following text is criminally revant according to §§185-187 StGB (Defamatory Offense). Answer only with 'True' (criminally relevant according to §§185-187 StGB) or 'False' (not criminally relevant according to §§185-187 StGB).""}, {""role"": ""user"", ""content"": ""Da fehlen noch Hirnlos Künast, Marionetten Altmeyer und der GAUCKler""}]",0,FN
1056531561051933,"Britta Müller So wie bei Dir die Rechtschreibschwäche, mal abgesehen von den anderen Schwächen die Du besitzt...",False,True, True,"[{""role"": ""system"", ""content"": ""You are a legal expert for defamatory offenses according the the German Criminal Code (§§185-187 StGB). Help the user decide whether given posts fall within in the scope of these articles.""}, {""role"": ""user"", ""content"": ""Step 1: A defamatory object can be a living individual, a group of persons that is distinguishable from the general public such that every member of that group could feel their honor is infringed or collective entities such as governments or press companies with a recognised social role and who act with a collective, single will.\nIs there a defamatory object in this statement? \nNo → STOP (NOT criminally relevant according to §§185-187 StGB)\nYes → Step 2\n\nStep 2: A disparaging statement is a statement which interferes with the potential victim's right to honour. It is already fulfilled by expressing contempt or disrespect through the allegation of shortcomings that could reduce the victim’s social standing.\nIs there a disparaging statement directed towards the defamatory object?\nNo → STOP (NOT criminally relevant according to §§185-187 StGB)\nYes → Step 3\n\nStep 3: A factual claim is a stetement that can be proven to be true or untrue in front of a court. A value judgment constitutes and expression of personal opinions.\nIs it primarily a value judgement and NOT primarily a factual claim?\nNo → STOP (NOT criminally relevant according to §§185-187 StGB)\nYes → Step 4\n\nStep 4: An abusive insult is a statement that constitutes breaking a taboo by itself and intends only the defamation of the victim without any substantiated contribution.\nIs the statement an abusive insult?\nYes → STOP (criminally RELEVANT according to §§185-187 StGB)\nNo → Step 5\n\nStep 5: A statement is of public interest if it contains a contribution to the public discourse with respect to a particular relevant topic of public interest.\nIs the statement of public interest?\nYes → STOP (NOT criminally relevant according to §§185-187 StGB)\nNo → Step 6\n\nStep 6: A statement is considered abusive criticism if it goes beyond plausible criticism by primarily intending to abusively offend the victim, hereby neglecting a substantiated contribution.\nIs the statement abusive criticism?\nYes → STOP (criminally RELEVANT according to §§185-187 StGB)\nNo → STOP (NOT criminally relevant according to §§185-187 StGB)\n\n\nAccording to this decision schema, decide whether the following text is criminally revant according to §§185-187 StGB (Defamatory Offense). Answer only with 'True' (criminally relevant according to §§185-187 StGB) or 'False' (not criminally relevant according to §§185-187 StGB).""}, {""role"": ""user"", ""content"": ""Britta Müller So wie bei Dir die Rechtschreibschwäche, mal abgesehen von den anderen Schwächen die Du besitzt...""}]",3,FP
1056569714381451,"Diese geisteskranke Truppe gehört in eine geschlossene Anstalt,ohne Rentenanspruch und mit Freigang ins Asylheim zum Putzen...",True,False, False,"[{""role"": ""system"", ""content"": ""You are a legal expert for defamatory offenses according the the German Criminal Code (§§185-187 StGB). Help the user decide whether given posts fall within in the scope of these articles.""}, {""role"": ""user"", ""content"": ""Step 1: A defamatory object can be a living individual, a group of persons that is distinguishable from the general public such that every member of that group could feel their honor is infringed or collective entities such as governments or press companies with a recognised social role and who act with a collective, single will.\nIs there a defamatory object in this statement? \nNo → STOP (NOT criminally relevant according to §§185-187 StGB)\nYes → Step 2\n\nStep 2: A disparaging statement is a statement which interferes with the potential victim's right to honour. It is already fulfilled by expressing contempt or disrespect through the allegation of shortcomings that could reduce the victim’s social standing.\nIs there a disparaging statement directed towards the defamatory object?\nNo → STOP (NOT criminally relevant according to §§185-187 StGB)\nYes → Step 3\n\nStep 3: A factual claim is a stetement that can be proven to be true or untrue in front of a court. A value judgment constitutes and expression of personal opinions.\nIs it primarily a value judgement and NOT primarily a factual claim?\nNo → STOP (NOT criminally relevant according to §§185-187 StGB)\nYes → Step 4\n\nStep 4: An abusive insult is a statement that constitutes breaking a taboo by itself and intends only the defamation of the victim without any substantiated contribution.\nIs the statement an abusive insult?\nYes → STOP (criminally RELEVANT according to §§185-187 StGB)\nNo → Step 5\n\nStep 5: A statement is of public interest if it contains a contribution to the public discourse with respect to a particular relevant topic of public interest.\nIs the statement of public interest?\nYes → STOP (NOT criminally relevant according to §§185-187 StGB)\nNo → Step 6\n\nStep 6: A statement is considered abusive criticism if it goes beyond plausible criticism by primarily intending to abusively offend the victim, hereby neglecting a substantiated contribution.\nIs the statement abusive criticism?\nYes → STOP (criminally RELEVANT according to §§185-187 StGB)\nNo → STOP (NOT criminally relevant according to §§185-187 StGB)\n\n\nAccording to this decision schema, decide whether the following text is criminally revant according to §§185-187 StGB (Defamatory Offense). Answer only with 'True' (criminally relevant according to §§185-187 StGB) or 'False' (not criminally relevant according to §§185-187 StGB).""}, {""role"": ""user"", ""content"": ""Diese geisteskranke Truppe gehört in eine geschlossene Anstalt,ohne Rentenanspruch und mit Freigang ins Asylheim zum Putzen...""}]",0,FN
1056810031024086,...weg mit dieser VolksVerräterVerrücktenRegierung...!!!,True,False, False,"[{""role"": ""system"", ""content"": ""You are a legal expert for defamatory offenses according the the German Criminal Code (§§185-187 StGB). Help the user decide whether given posts fall within in the scope of these articles.""}, {""role"": ""user"", ""content"": ""Step 1: A defamatory object can be a living individual, a group of persons that is distinguishable from the general public such that every member of that group could feel their honor is infringed or collective entities such as governments or press companies with a recognised social role and who act with a collective, single will.\nIs there a defamatory object in this statement? \nNo → STOP (NOT criminally relevant according to §§185-187 StGB)\nYes → Step 2\n\nStep 2: A disparaging statement is a statement which interferes with the potential victim's right to honour. It is already fulfilled by expressing contempt or disrespect through the allegation of shortcomings that could reduce the victim’s social standing.\nIs there a disparaging statement directed towards the defamatory object?\nNo → STOP (NOT criminally relevant according to §§185-187 StGB)\nYes → Step 3\n\nStep 3: A factual claim is a stetement that can be proven to be true or untrue in front of a court. A value judgment constitutes and expression of personal opinions.\nIs it primarily a value judgement and NOT primarily a factual claim?\nNo → STOP (NOT criminally relevant according to §§185-187 StGB)\nYes → Step 4\n\nStep 4: An abusive insult is a statement that constitutes breaking a taboo by itself and intends only the defamation of the victim without any substantiated contribution.\nIs the statement an abusive insult?\nYes → STOP (criminally RELEVANT according to §§185-187 StGB)\nNo → Step 5\n\nStep 5: A statement is of public interest if it contains a contribution to the public discourse with respect to a particular relevant topic of public interest.\nIs the statement of public interest?\nYes → STOP (NOT criminally relevant according to §§185-187 StGB)\nNo → Step 6\n\nStep 6: A statement is considered abusive criticism if it goes beyond plausible criticism by primarily intending to abusively offend the victim, hereby neglecting a substantiated contribution.\nIs the statement abusive criticism?\nYes → STOP (criminally RELEVANT according to §§185-187 StGB)\nNo → STOP (NOT criminally relevant according to §§185-187 StGB)\n\n\nAccording to this decision schema, decide whether the following text is criminally revant according to §§185-187 StGB (Defamatory Offense). Answer only with 'True' (criminally relevant according to §§185-187 StGB) or 'False' (not criminally relevant according to §§185-187 StGB).""}, {""role"": ""user"", ""content"": ""...weg mit dieser VolksVerräterVerrücktenRegierung...!!!""}]",2,FN
1057707757600980,Das ist ein Guter Nachricht. Die Franzosen haben der Merkel Rücken gezeigt und jetzt andere Länder. Vielleicht endlich begreift diese Weib dass sie Blöd und gefährlich ist. Sie gehört in eine Zwangsjacke.,False,True, True,"[{""role"": ""system"", ""content"": ""You are a legal expert for defamatory offenses according the the German Criminal Code (§§185-187 StGB). Help the user decide whether given posts fall within in the scope of these articles.""}, {""role"": ""user"", ""content"": ""Step 1: A defamatory object can be a living individual, a group of persons that is distinguishable from the general public such that every member of that group could feel their honor is infringed or collective entities such as governments or press companies with a recognised social role and who act with a collective, single will.\nIs there a defamatory object in this statement? \nNo → STOP (NOT criminally relevant according to §§185-187 StGB)\nYes → Step 2\n\nStep 2: A disparaging statement is a statement which interferes with the potential victim's right to honour. It is already fulfilled by expressing contempt or disrespect through the allegation of shortcomings that could reduce the victim’s social standing.\nIs there a disparaging statement directed towards the defamatory object?\nNo → STOP (NOT criminally relevant according to §§185-187 StGB)\nYes → Step 3\n\nStep 3: A factual claim is a stetement that can be proven to be true or untrue in front of a court. A value judgment constitutes and expression of personal opinions.\nIs it primarily a value judgement and NOT primarily a factual claim?\nNo → STOP (NOT criminally relevant according to §§185-187 StGB)\nYes → Step 4\n\nStep 4: An abusive insult is a statement that constitutes breaking a taboo by itself and intends only the defamation of the victim without any substantiated contribution.\nIs the statement an abusive insult?\nYes → STOP (criminally RELEVANT according to §§185-187 StGB)\nNo → Step 5\n\nStep 5: A statement is of public interest if it contains a contribution to the public discourse with respect to a particular relevant topic of public interest.\nIs the statement of public interest?\nYes → STOP (NOT criminally relevant according to §§185-187 StGB)\nNo → Step 6\n\nStep 6: A statement is considered abusive criticism if it goes beyond plausible criticism by primarily intending to abusively offend the victim, hereby neglecting a substantiated contribution.\nIs the statement abusive criticism?\nYes → STOP (criminally RELEVANT according to §§185-187 StGB)\nNo → STOP (NOT criminally relevant according to §§185-187 StGB)\n\n\nAccording to this decision schema, decide whether the following text is criminally revant according to §§185-187 StGB (Defamatory Offense). Answer only with 'True' (criminally relevant according to §§185-187 StGB) or 'False' (not criminally relevant according to §§185-187 StGB).""}, {""role"": ""user"", ""content"": ""Das ist ein Guter Nachricht. Die Franzosen haben der Merkel Rücken gezeigt und jetzt andere Länder. Vielleicht endlich begreift diese Weib dass sie Blöd und gefährlich ist. Sie gehört in eine Zwangsjacke.""}]",2,FP
1057942087577547,"Wieso bloß haben die verantwortungsvolle Politiker und wir dagegen NUR die Osttrulla, die Misere,die Leyen,Gabriel die Schwabbelwurscht,den Vollhorscht, Maasmännchen etc.???",True,False, False,"[{""role"": ""system"", ""content"": ""You are a legal expert for defamatory offenses according the the German Criminal Code (§§185-187 StGB). Help the user decide whether given posts fall within in the scope of these articles.""}, {""role"": ""user"", ""content"": ""Step 1: A defamatory object can be a living individual, a group of persons that is distinguishable from the general public such that every member of that group could feel their honor is infringed or collective entities such as governments or press companies with a recognised social role and who act with a collective, single will.\nIs there a defamatory object in this statement? \nNo → STOP (NOT criminally relevant according to §§185-187 StGB)\nYes → Step 2\n\nStep 2: A disparaging statement is a statement which interferes with the potential victim's right to honour. It is already fulfilled by expressing contempt or disrespect through the allegation of shortcomings that could reduce the victim’s social standing.\nIs there a disparaging statement directed towards the defamatory object?\nNo → STOP (NOT criminally relevant according to §§185-187 StGB)\nYes → Step 3\n\nStep 3: A factual claim is a stetement that can be proven to be true or untrue in front of a court. A value judgment constitutes and expression of personal opinions.\nIs it primarily a value judgement and NOT primarily a factual claim?\nNo → STOP (NOT criminally relevant according to §§185-187 StGB)\nYes → Step 4\n\nStep 4: An abusive insult is a statement that constitutes breaking a taboo by itself and intends only the defamation of the victim without any substantiated contribution.\nIs the statement an abusive insult?\nYes → STOP (criminally RELEVANT according to §§185-187 StGB)\nNo → Step 5\n\nStep 5: A statement is of public interest if it contains a contribution to the public discourse with respect to a particular relevant topic of public interest.\nIs the statement of public interest?\nYes → STOP (NOT criminally relevant according to §§185-187 StGB)\nNo → Step 6\n\nStep 6: A statement is considered abusive criticism if it goes beyond plausible criticism by primarily intending to abusively offend the victim, hereby neglecting a substantiated contribution.\nIs the statement abusive criticism?\nYes → STOP (criminally RELEVANT according to §§185-187 StGB)\nNo → STOP (NOT criminally relevant according to §§185-187 StGB)\n\n\nAccording to this decision schema, decide whether the following text is criminally revant according to §§185-187 StGB (Defamatory Offense). Answer only with 'True' (criminally relevant according to §§185-187 StGB) or 'False' (not criminally relevant according to §§185-187 StGB).""}, {""role"": ""user"", ""content"": ""Wieso bloß haben die verantwortungsvolle Politiker und wir dagegen NUR die Osttrulla, die Misere,die Leyen,Gabriel die Schwabbelwurscht,den Vollhorscht, Maasmännchen etc.???""}]",3,FN
1063444290360660,"Solche aussagen  mussten ja von einem wohl müslikopp kommn.. xD ey lieber wäre ich bettelarm hätte nix zu fressen etc.. als mich zb so zu einem geisteskranken und asozialen verlogenen gesocks zu zählen wie zu unseren politfickern und antifagesindel etc.. das einzigste was diese herrschaften doch in ihrem leben wohl gelernt haben ist wie man den leuten am besten und schnellsten das geld aus der tasche leiert und sie für blöd verkauft.. aber um die eigene blödheit zu erkennen da mangelts wohl einfach an grauen zellen so das sie die scheisse die sie tag täglich verzapfen wohl am ende auch noch selbst glauben.. einfach nur ekelhaft  ,ehrenlos und erbärmlich dieses gesindel.. um von den eigentlichen antifanten mal garnicht zu reden diese würden sogar wohl auch noch ihr erstgeborenes verhöckern für den schnellen teuro weil sie wohl selbst sonst nichts auf die kette bekommen in ihrem leben... zb nicht mal sich einen ordentlichen facebook account zu erstellen mit nem ordentlichen profilbild.. aber hier die dicke fresse riskieren.. über andere  leute urteilen wollen.. wie tief kann man eigentlich sinken wie erbärmlich muss doch das eigene leben sein..!? Aber das mit yem fehlendem profilbild und dem account kann ich doch wiederrum schon verstehen.. sonst würde euch so mancher eure fickfressen eintreten",True,False, False,"[{""role"": ""system"", ""content"": ""You are a legal expert for defamatory offenses according the the German Criminal Code (§§185-187 StGB). Help the user decide whether given posts fall within in the scope of these articles.""}, {""role"": ""user"", ""content"": ""Step 1: A defamatory object can be a living individual, a group of persons that is distinguishable from the general public such that every member of that group could feel their honor is infringed or collective entities such as governments or press companies with a recognised social role and who act with a collective, single will.\nIs there a defamatory object in this statement? \nNo → STOP (NOT criminally relevant according to §§185-187 StGB)\nYes → Step 2\n\nStep 2: A disparaging statement is a statement which interferes with the potential victim's right to honour. It is already fulfilled by expressing contempt or disrespect through the allegation of shortcomings that could reduce the victim’s social standing.\nIs there a disparaging statement directed towards the defamatory object?\nNo → STOP (NOT criminally relevant according to §§185-187 StGB)\nYes → Step 3\n\nStep 3: A factual claim is a stetement that can be proven to be true or untrue in front of a court. A value judgment constitutes and expression of personal opinions.\nIs it primarily a value judgement and NOT primarily a factual claim?\nNo → STOP (NOT criminally relevant according to §§185-187 StGB)\nYes → Step 4\n\nStep 4: An abusive insult is a statement that constitutes breaking a taboo by itself and intends only the defamation of the victim without any substantiated contribution.\nIs the statement an abusive insult?\nYes → STOP (criminally RELEVANT according to §§185-187 StGB)\nNo → Step 5\n\nStep 5: A statement is of public interest if it contains a contribution to the public discourse with respect to a particular relevant topic of public interest.\nIs the statement of public interest?\nYes → STOP (NOT criminally relevant according to §§185-187 StGB)\nNo → Step 6\n\nStep 6: A statement is considered abusive criticism if it goes beyond plausible criticism by primarily intending to abusively offend the victim, hereby neglecting a substantiated contribution.\nIs the statement abusive criticism?\nYes → STOP (criminally RELEVANT according to §§185-187 StGB)\nNo → STOP (NOT criminally relevant according to §§185-187 StGB)\n\n\nAccording to this decision schema, decide whether the following text is criminally revant according to §§185-187 StGB (Defamatory Offense). Answer only with 'True' (criminally relevant according to §§185-187 StGB) or 'False' (not criminally relevant according to §§185-187 StGB).""}, {""role"": ""user"", ""content"": ""Solche aussagen  mussten ja von einem wohl müslikopp kommn.. xD ey lieber wäre ich bettelarm hätte nix zu fressen etc.. als mich zb so zu einem geisteskranken und asozialen verlogenen gesocks zu zählen wie zu unseren politfickern und antifagesindel etc.. das einzigste was diese herrschaften doch in ihrem leben wohl gelernt haben ist wie man den leuten am besten und schnellsten das geld aus der tasche leiert und sie für blöd verkauft.. aber um die eigene blödheit zu erkennen da mangelts wohl einfach an grauen zellen so das sie die scheisse die sie tag täglich verzapfen wohl am ende auch noch selbst glauben.. einfach nur ekelhaft  ,ehrenlos und erbärmlich dieses gesindel.. um von den eigentlichen antifanten mal garnicht zu reden diese würden sogar wohl auch noch ihr erstgeborenes verhöckern für den schnellen teuro weil sie wohl selbst sonst nichts auf die kette bekommen in ihrem leben... zb nicht mal sich einen ordentlichen facebook account zu erstellen mit nem ordentlichen profilbild.. aber hier die dicke fresse riskieren.. über andere  leute urteilen wollen.. wie tief kann man eigentlich sinken wie erbärmlich muss doch das eigene leben sein..!? Aber das mit yem fehlendem profilbild und dem account kann ich doch wiederrum schon verstehen.. sonst würde euch so mancher eure fickfressen eintreten""}]",3,FN
1063832000321889,"Naja, in Deutschland besteht Schulpflicht, kannst du nicht wissen...wenn ich in deinem Land groß geworden wäre, dann hätte ich das auch so machen können wie du: Schule schwänzen und den ganzen Tag Ziegen oder Kamele fick..!!! Sei es dir gegönnt...!!!",True,False, False,"[{""role"": ""system"", ""content"": ""You are a legal expert for defamatory offenses according the the German Criminal Code (§§185-187 StGB). Help the user decide whether given posts fall within in the scope of these articles.""}, {""role"": ""user"", ""content"": ""Step 1: A defamatory object can be a living individual, a group of persons that is distinguishable from the general public such that every member of that group could feel their honor is infringed or collective entities such as governments or press companies with a recognised social role and who act with a collective, single will.\nIs there a defamatory object in this statement? \nNo → STOP (NOT criminally relevant according to §§185-187 StGB)\nYes → Step 2\n\nStep 2: A disparaging statement is a statement which interferes with the potential victim's right to honour. It is already fulfilled by expressing contempt or disrespect through the allegation of shortcomings that could reduce the victim’s social standing.\nIs there a disparaging statement directed towards the defamatory object?\nNo → STOP (NOT criminally relevant according to §§185-187 StGB)\nYes → Step 3\n\nStep 3: A factual claim is a stetement that can be proven to be true or untrue in front of a court. A value judgment constitutes and expression of personal opinions.\nIs it primarily a value judgement and NOT primarily a factual claim?\nNo → STOP (NOT criminally relevant according to §§185-187 StGB)\nYes → Step 4\n\nStep 4: An abusive insult is a statement that constitutes breaking a taboo by itself and intends only the defamation of the victim without any substantiated contribution.\nIs the statement an abusive insult?\nYes → STOP (criminally RELEVANT according to §§185-187 StGB)\nNo → Step 5\n\nStep 5: A statement is of public interest if it contains a contribution to the public discourse with respect to a particular relevant topic of public interest.\nIs the statement of public interest?\nYes → STOP (NOT criminally relevant according to §§185-187 StGB)\nNo → Step 6\n\nStep 6: A statement is considered abusive criticism if it goes beyond plausible criticism by primarily intending to abusively offend the victim, hereby neglecting a substantiated contribution.\nIs the statement abusive criticism?\nYes → STOP (criminally RELEVANT according to §§185-187 StGB)\nNo → STOP (NOT criminally relevant according to §§185-187 StGB)\n\n\nAccording to this decision schema, decide whether the following text is criminally revant according to §§185-187 StGB (Defamatory Offense). Answer only with 'True' (criminally relevant according to §§185-187 StGB) or 'False' (not criminally relevant according to §§185-187 StGB).""}, {""role"": ""user"", ""content"": ""Naja, in Deutschland besteht Schulpflicht, kannst du nicht wissen...wenn ich in deinem Land groß geworden wäre, dann hätte ich das auch so machen können wie du: Schule schwänzen und den ganzen Tag Ziegen oder Kamele fick..!!! Sei es dir gegönnt...!!!""}]",3,FN
1064756853562737,Merkel das antichrist,True,False, False,"[{""role"": ""system"", ""content"": ""You are a legal expert for defamatory offenses according the the German Criminal Code (§§185-187 StGB). Help the user decide whether given posts fall within in the scope of these articles.""}, {""role"": ""user"", ""content"": ""Step 1: A defamatory object can be a living individual, a group of persons that is distinguishable from the general public such that every member of that group could feel their honor is infringed or collective entities such as governments or press companies with a recognised social role and who act with a collective, single will.\nIs there a defamatory object in this statement? \nNo → STOP (NOT criminally relevant according to §§185-187 StGB)\nYes → Step 2\n\nStep 2: A disparaging statement is a statement which interferes with the potential victim's right to honour. It is already fulfilled by expressing contempt or disrespect through the allegation of shortcomings that could reduce the victim’s social standing.\nIs there a disparaging statement directed towards the defamatory object?\nNo → STOP (NOT criminally relevant according to §§185-187 StGB)\nYes → Step 3\n\nStep 3: A factual claim is a stetement that can be proven to be true or untrue in front of a court. A value judgment constitutes and expression of personal opinions.\nIs it primarily a value judgement and NOT primarily a factual claim?\nNo → STOP (NOT criminally relevant according to §§185-187 StGB)\nYes → Step 4\n\nStep 4: An abusive insult is a statement that constitutes breaking a taboo by itself and intends only the defamation of the victim without any substantiated contribution.\nIs the statement an abusive insult?\nYes → STOP (criminally RELEVANT according to §§185-187 StGB)\nNo → Step 5\n\nStep 5: A statement is of public interest if it contains a contribution to the public discourse with respect to a particular relevant topic of public interest.\nIs the statement of public interest?\nYes → STOP (NOT criminally relevant according to §§185-187 StGB)\nNo → Step 6\n\nStep 6: A statement is considered abusive criticism if it goes beyond plausible criticism by primarily intending to abusively offend the victim, hereby neglecting a substantiated contribution.\nIs the statement abusive criticism?\nYes → STOP (criminally RELEVANT according to §§185-187 StGB)\nNo → STOP (NOT criminally relevant according to §§185-187 StGB)\n\n\nAccording to this decision schema, decide whether the following text is criminally revant according to §§185-187 StGB (Defamatory Offense). Answer only with 'True' (criminally relevant according to §§185-187 StGB) or 'False' (not criminally relevant according to §§185-187 StGB).""}, {""role"": ""user"", ""content"": ""Merkel das antichrist""}]",0,FN
1065588100146279,Die sollen mal die Doktor-Arbeit von A.Merkel finden !!!! - bisher weiss keiner wie diese geisteskranke Diktatorin ihre Doktorarbeit hinbekam oder in was überhaupt,True,False, False,"[{""role"": ""system"", ""content"": ""You are a legal expert for defamatory offenses according the the German Criminal Code (§§185-187 StGB). Help the user decide whether given posts fall within in the scope of these articles.""}, {""role"": ""user"", ""content"": ""Step 1: A defamatory object can be a living individual, a group of persons that is distinguishable from the general public such that every member of that group could feel their honor is infringed or collective entities such as governments or press companies with a recognised social role and who act with a collective, single will.\nIs there a defamatory object in this statement? \nNo → STOP (NOT criminally relevant according to §§185-187 StGB)\nYes → Step 2\n\nStep 2: A disparaging statement is a statement which interferes with the potential victim's right to honour. It is already fulfilled by expressing contempt or disrespect through the allegation of shortcomings that could reduce the victim’s social standing.\nIs there a disparaging statement directed towards the defamatory object?\nNo → STOP (NOT criminally relevant according to §§185-187 StGB)\nYes → Step 3\n\nStep 3: A factual claim is a stetement that can be proven to be true or untrue in front of a court. A value judgment constitutes and expression of personal opinions.\nIs it primarily a value judgement and NOT primarily a factual claim?\nNo → STOP (NOT criminally relevant according to §§185-187 StGB)\nYes → Step 4\n\nStep 4: An abusive insult is a statement that constitutes breaking a taboo by itself and intends only the defamation of the victim without any substantiated contribution.\nIs the statement an abusive insult?\nYes → STOP (criminally RELEVANT according to §§185-187 StGB)\nNo → Step 5\n\nStep 5: A statement is of public interest if it contains a contribution to the public discourse with respect to a particular relevant topic of public interest.\nIs the statement of public interest?\nYes → STOP (NOT criminally relevant according to §§185-187 StGB)\nNo → Step 6\n\nStep 6: A statement is considered abusive criticism if it goes beyond plausible criticism by primarily intending to abusively offend the victim, hereby neglecting a substantiated contribution.\nIs the statement abusive criticism?\nYes → STOP (criminally RELEVANT according to §§185-187 StGB)\nNo → STOP (NOT criminally relevant according to §§185-187 StGB)\n\n\nAccording to this decision schema, decide whether the following text is criminally revant according to §§185-187 StGB (Defamatory Offense). Answer only with 'True' (criminally relevant according to §§185-187 StGB) or 'False' (not criminally relevant according to §§185-187 StGB).""}, {""role"": ""user"", ""content"": ""Die sollen mal die Doktor-Arbeit von A.Merkel finden !!!! - bisher weiss keiner wie diese geisteskranke Diktatorin ihre Doktorarbeit hinbekam oder in was überhaupt""}]",1,FN
1065935673444855,"Wenn der Parasit gewusst hätte,was die für ein Wert hat; hätte der die nit zurück gebracht,!",True,False, False,"[{""role"": ""system"", ""content"": ""You are a legal expert for defamatory offenses according the the German Criminal Code (§§185-187 StGB). Help the user decide whether given posts fall within in the scope of these articles.""}, {""role"": ""user"", ""content"": ""Step 1: A defamatory object can be a living individual, a group of persons that is distinguishable from the general public such that every member of that group could feel their honor is infringed or collective entities such as governments or press companies with a recognised social role and who act with a collective, single will.\nIs there a defamatory object in this statement? \nNo → STOP (NOT criminally relevant according to §§185-187 StGB)\nYes → Step 2\n\nStep 2: A disparaging statement is a statement which interferes with the potential victim's right to honour. It is already fulfilled by expressing contempt or disrespect through the allegation of shortcomings that could reduce the victim’s social standing.\nIs there a disparaging statement directed towards the defamatory object?\nNo → STOP (NOT criminally relevant according to §§185-187 StGB)\nYes → Step 3\n\nStep 3: A factual claim is a stetement that can be proven to be true or untrue in front of a court. A value judgment constitutes and expression of personal opinions.\nIs it primarily a value judgement and NOT primarily a factual claim?\nNo → STOP (NOT criminally relevant according to §§185-187 StGB)\nYes → Step 4\n\nStep 4: An abusive insult is a statement that constitutes breaking a taboo by itself and intends only the defamation of the victim without any substantiated contribution.\nIs the statement an abusive insult?\nYes → STOP (criminally RELEVANT according to §§185-187 StGB)\nNo → Step 5\n\nStep 5: A statement is of public interest if it contains a contribution to the public discourse with respect to a particular relevant topic of public interest.\nIs the statement of public interest?\nYes → STOP (NOT criminally relevant according to §§185-187 StGB)\nNo → Step 6\n\nStep 6: A statement is considered abusive criticism if it goes beyond plausible criticism by primarily intending to abusively offend the victim, hereby neglecting a substantiated contribution.\nIs the statement abusive criticism?\nYes → STOP (criminally RELEVANT according to §§185-187 StGB)\nNo → STOP (NOT criminally relevant according to §§185-187 StGB)\n\n\nAccording to this decision schema, decide whether the following text is criminally revant according to §§185-187 StGB (Defamatory Offense). Answer only with 'True' (criminally relevant according to §§185-187 StGB) or 'False' (not criminally relevant according to §§185-187 StGB).""}, {""role"": ""user"", ""content"": ""Wenn der Parasit gewusst hätte,was die für ein Wert hat; hätte der die nit zurück gebracht,!""}]",1,FN
1067815666590189,"Bitte, bitte, Klaus Ehm, nicht Merkelchen schreiben! Da denkt man an ein süßes kleines Ferkelchen. Für uns ist es eine hässliche, verlogene, schandhafte Frau!",True,False, False,"[{""role"": ""system"", ""content"": ""You are a legal expert for defamatory offenses according the the German Criminal Code (§§185-187 StGB). Help the user decide whether given posts fall within in the scope of these articles.""}, {""role"": ""user"", ""content"": ""Step 1: A defamatory object can be a living individual, a group of persons that is distinguishable from the general public such that every member of that group could feel their honor is infringed or collective entities such as governments or press companies with a recognised social role and who act with a collective, single will.\nIs there a defamatory object in this statement? \nNo → STOP (NOT criminally relevant according to §§185-187 StGB)\nYes → Step 2\n\nStep 2: A disparaging statement is a statement which interferes with the potential victim's right to honour. It is already fulfilled by expressing contempt or disrespect through the allegation of shortcomings that could reduce the victim’s social standing.\nIs there a disparaging statement directed towards the defamatory object?\nNo → STOP (NOT criminally relevant according to §§185-187 StGB)\nYes → Step 3\n\nStep 3: A factual claim is a stetement that can be proven to be true or untrue in front of a court. A value judgment constitutes and expression of personal opinions.\nIs it primarily a value judgement and NOT primarily a factual claim?\nNo → STOP (NOT criminally relevant according to §§185-187 StGB)\nYes → Step 4\n\nStep 4: An abusive insult is a statement that constitutes breaking a taboo by itself and intends only the defamation of the victim without any substantiated contribution.\nIs the statement an abusive insult?\nYes → STOP (criminally RELEVANT according to §§185-187 StGB)\nNo → Step 5\n\nStep 5: A statement is of public interest if it contains a contribution to the public discourse with respect to a particular relevant topic of public interest.\nIs the statement of public interest?\nYes → STOP (NOT criminally relevant according to §§185-187 StGB)\nNo → Step 6\n\nStep 6: A statement is considered abusive criticism if it goes beyond plausible criticism by primarily intending to abusively offend the victim, hereby neglecting a substantiated contribution.\nIs the statement abusive criticism?\nYes → STOP (criminally RELEVANT according to §§185-187 StGB)\nNo → STOP (NOT criminally relevant according to §§185-187 StGB)\n\n\nAccording to this decision schema, decide whether the following text is criminally revant according to §§185-187 StGB (Defamatory Offense). Answer only with 'True' (criminally relevant according to §§185-187 StGB) or 'False' (not criminally relevant according to §§185-187 StGB).""}, {""role"": ""user"", ""content"": ""Bitte, bitte, Klaus Ehm, nicht Merkelchen schreiben! Da denkt man an ein süßes kleines Ferkelchen. Für uns ist es eine hässliche, verlogene, schandhafte Frau!""}]",2,FN
1069077913130631,"Hallo , Wir sind Deutschland...........
Schon der Slogan ,, wir sind Deutschland........"" Typisch für die linke Pest, welche hier nur mit dem Duden unterwegs ist weil andere Argumente fehlen. Ihr seit höchstens die neue Pest für Deutschland! Nehmt die ganzen geisteskranken, fixenden und pädophilen Arschgeigen mit und wandert aus! Ihr seit nie Deutschland gewesen!",False,True, True,"[{""role"": ""system"", ""content"": ""You are a legal expert for defamatory offenses according the the German Criminal Code (§§185-187 StGB). Help the user decide whether given posts fall within in the scope of these articles.""}, {""role"": ""user"", ""content"": ""Step 1: A defamatory object can be a living individual, a group of persons that is distinguishable from the general public such that every member of that group could feel their honor is infringed or collective entities such as governments or press companies with a recognised social role and who act with a collective, single will.\nIs there a defamatory object in this statement? \nNo → STOP (NOT criminally relevant according to §§185-187 StGB)\nYes → Step 2\n\nStep 2: A disparaging statement is a statement which interferes with the potential victim's right to honour. It is already fulfilled by expressing contempt or disrespect through the allegation of shortcomings that could reduce the victim’s social standing.\nIs there a disparaging statement directed towards the defamatory object?\nNo → STOP (NOT criminally relevant according to §§185-187 StGB)\nYes → Step 3\n\nStep 3: A factual claim is a stetement that can be proven to be true or untrue in front of a court. A value judgment constitutes and expression of personal opinions.\nIs it primarily a value judgement and NOT primarily a factual claim?\nNo → STOP (NOT criminally relevant according to §§185-187 StGB)\nYes → Step 4\n\nStep 4: An abusive insult is a statement that constitutes breaking a taboo by itself and intends only the defamation of the victim without any substantiated contribution.\nIs the statement an abusive insult?\nYes → STOP (criminally RELEVANT according to §§185-187 StGB)\nNo → Step 5\n\nStep 5: A statement is of public interest if it contains a contribution to the public discourse with respect to a particular relevant topic of public interest.\nIs the statement of public interest?\nYes → STOP (NOT criminally relevant according to §§185-187 StGB)\nNo → Step 6\n\nStep 6: A statement is considered abusive criticism if it goes beyond plausible criticism by primarily intending to abusively offend the victim, hereby neglecting a substantiated contribution.\nIs the statement abusive criticism?\nYes → STOP (criminally RELEVANT according to §§185-187 StGB)\nNo → STOP (NOT criminally relevant according to §§185-187 StGB)\n\n\nAccording to this decision schema, decide whether the following text is criminally revant according to §§185-187 StGB (Defamatory Offense). Answer only with 'True' (criminally relevant according to §§185-187 StGB) or 'False' (not criminally relevant according to §§185-187 StGB).""}, {""role"": ""user"", ""content"": ""Hallo , Wir sind Deutschland...........\r\nSchon der Slogan ,, wir sind Deutschland........\"" Typisch für die linke Pest, welche hier nur mit dem Duden unterwegs ist weil andere Argumente fehlen. Ihr seit höchstens die neue Pest für Deutschland! Nehmt die ganzen geisteskranken, fixenden und pädophilen Arschgeigen mit und wandert aus! Ihr seit nie Deutschland gewesen!""}]",2,FP
1069139963124426,"... komisches Interview... Hallo Baden-Württemberger: was hat euch dazu bewogen, diese Spastiker zu wählen ???....",True,False, False,"[{""role"": ""system"", ""content"": ""You are a legal expert for defamatory offenses according the the German Criminal Code (§§185-187 StGB). Help the user decide whether given posts fall within in the scope of these articles.""}, {""role"": ""user"", ""content"": ""Step 1: A defamatory object can be a living individual, a group of persons that is distinguishable from the general public such that every member of that group could feel their honor is infringed or collective entities such as governments or press companies with a recognised social role and who act with a collective, single will.\nIs there a defamatory object in this statement? \nNo → STOP (NOT criminally relevant according to §§185-187 StGB)\nYes → Step 2\n\nStep 2: A disparaging statement is a statement which interferes with the potential victim's right to honour. It is already fulfilled by expressing contempt or disrespect through the allegation of shortcomings that could reduce the victim’s social standing.\nIs there a disparaging statement directed towards the defamatory object?\nNo → STOP (NOT criminally relevant according to §§185-187 StGB)\nYes → Step 3\n\nStep 3: A factual claim is a stetement that can be proven to be true or untrue in front of a court. A value judgment constitutes and expression of personal opinions.\nIs it primarily a value judgement and NOT primarily a factual claim?\nNo → STOP (NOT criminally relevant according to §§185-187 StGB)\nYes → Step 4\n\nStep 4: An abusive insult is a statement that constitutes breaking a taboo by itself and intends only the defamation of the victim without any substantiated contribution.\nIs the statement an abusive insult?\nYes → STOP (criminally RELEVANT according to §§185-187 StGB)\nNo → Step 5\n\nStep 5: A statement is of public interest if it contains a contribution to the public discourse with respect to a particular relevant topic of public interest.\nIs the statement of public interest?\nYes → STOP (NOT criminally relevant according to §§185-187 StGB)\nNo → Step 6\n\nStep 6: A statement is considered abusive criticism if it goes beyond plausible criticism by primarily intending to abusively offend the victim, hereby neglecting a substantiated contribution.\nIs the statement abusive criticism?\nYes → STOP (criminally RELEVANT according to §§185-187 StGB)\nNo → STOP (NOT criminally relevant according to §§185-187 StGB)\n\n\nAccording to this decision schema, decide whether the following text is criminally revant according to §§185-187 StGB (Defamatory Offense). Answer only with 'True' (criminally relevant according to §§185-187 StGB) or 'False' (not criminally relevant according to §§185-187 StGB).""}, {""role"": ""user"", ""content"": ""... komisches Interview... Hallo Baden-Württemberger: was hat euch dazu bewogen, diese Spastiker zu wählen ???....""}]",2,FN
1069269819778107,"Kretschi: Senil, debil, Hohlraumdübel und Gehirnprothesenträger.",True,False, False,"[{""role"": ""system"", ""content"": ""You are a legal expert for defamatory offenses according the the German Criminal Code (§§185-187 StGB). Help the user decide whether given posts fall within in the scope of these articles.""}, {""role"": ""user"", ""content"": ""Step 1: A defamatory object can be a living individual, a group of persons that is distinguishable from the general public such that every member of that group could feel their honor is infringed or collective entities such as governments or press companies with a recognised social role and who act with a collective, single will.\nIs there a defamatory object in this statement? \nNo → STOP (NOT criminally relevant according to §§185-187 StGB)\nYes → Step 2\n\nStep 2: A disparaging statement is a statement which interferes with the potential victim's right to honour. It is already fulfilled by expressing contempt or disrespect through the allegation of shortcomings that could reduce the victim’s social standing.\nIs there a disparaging statement directed towards the defamatory object?\nNo → STOP (NOT criminally relevant according to §§185-187 StGB)\nYes → Step 3\n\nStep 3: A factual claim is a stetement that can be proven to be true or untrue in front of a court. A value judgment constitutes and expression of personal opinions.\nIs it primarily a value judgement and NOT primarily a factual claim?\nNo → STOP (NOT criminally relevant according to §§185-187 StGB)\nYes → Step 4\n\nStep 4: An abusive insult is a statement that constitutes breaking a taboo by itself and intends only the defamation of the victim without any substantiated contribution.\nIs the statement an abusive insult?\nYes → STOP (criminally RELEVANT according to §§185-187 StGB)\nNo → Step 5\n\nStep 5: A statement is of public interest if it contains a contribution to the public discourse with respect to a particular relevant topic of public interest.\nIs the statement of public interest?\nYes → STOP (NOT criminally relevant according to §§185-187 StGB)\nNo → Step 6\n\nStep 6: A statement is considered abusive criticism if it goes beyond plausible criticism by primarily intending to abusively offend the victim, hereby neglecting a substantiated contribution.\nIs the statement abusive criticism?\nYes → STOP (criminally RELEVANT according to §§185-187 StGB)\nNo → STOP (NOT criminally relevant according to §§185-187 StGB)\n\n\nAccording to this decision schema, decide whether the following text is criminally revant according to §§185-187 StGB (Defamatory Offense). Answer only with 'True' (criminally relevant according to §§185-187 StGB) or 'False' (not criminally relevant according to §§185-187 StGB).""}, {""role"": ""user"", ""content"": ""Kretschi: Senil, debil, Hohlraumdübel und Gehirnprothesenträger.""}]",0,FN
1069275396444216,"Extreme schenkelklopfing: den Merkel muss weg... ich brech ab! :-) Ihr, liebe junge Deutsche! Du Vollpfosten!! :-)",False,True, True,"[{""role"": ""system"", ""content"": ""You are a legal expert for defamatory offenses according the the German Criminal Code (§§185-187 StGB). Help the user decide whether given posts fall within in the scope of these articles.""}, {""role"": ""user"", ""content"": ""Step 1: A defamatory object can be a living individual, a group of persons that is distinguishable from the general public such that every member of that group could feel their honor is infringed or collective entities such as governments or press companies with a recognised social role and who act with a collective, single will.\nIs there a defamatory object in this statement? \nNo → STOP (NOT criminally relevant according to §§185-187 StGB)\nYes → Step 2\n\nStep 2: A disparaging statement is a statement which interferes with the potential victim's right to honour. It is already fulfilled by expressing contempt or disrespect through the allegation of shortcomings that could reduce the victim’s social standing.\nIs there a disparaging statement directed towards the defamatory object?\nNo → STOP (NOT criminally relevant according to §§185-187 StGB)\nYes → Step 3\n\nStep 3: A factual claim is a stetement that can be proven to be true or untrue in front of a court. A value judgment constitutes and expression of personal opinions.\nIs it primarily a value judgement and NOT primarily a factual claim?\nNo → STOP (NOT criminally relevant according to §§185-187 StGB)\nYes → Step 4\n\nStep 4: An abusive insult is a statement that constitutes breaking a taboo by itself and intends only the defamation of the victim without any substantiated contribution.\nIs the statement an abusive insult?\nYes → STOP (criminally RELEVANT according to §§185-187 StGB)\nNo → Step 5\n\nStep 5: A statement is of public interest if it contains a contribution to the public discourse with respect to a particular relevant topic of public interest.\nIs the statement of public interest?\nYes → STOP (NOT criminally relevant according to §§185-187 StGB)\nNo → Step 6\n\nStep 6: A statement is considered abusive criticism if it goes beyond plausible criticism by primarily intending to abusively offend the victim, hereby neglecting a substantiated contribution.\nIs the statement abusive criticism?\nYes → STOP (criminally RELEVANT according to §§185-187 StGB)\nNo → STOP (NOT criminally relevant according to §§185-187 StGB)\n\n\nAccording to this decision schema, decide whether the following text is criminally revant according to §§185-187 StGB (Defamatory Offense). Answer only with 'True' (criminally relevant according to §§185-187 StGB) or 'False' (not criminally relevant according to §§185-187 StGB).""}, {""role"": ""user"", ""content"": ""Extreme schenkelklopfing: den Merkel muss weg... ich brech ab! :-) Ihr, liebe junge Deutsche! Du Vollpfosten!! :-)""}]",1,FP
1069457833092639,Wer kann den alten Mann für voll nehmen ? Da stimmt waa wie bei so vielen ganz schwer was im Kopf nicht ! Wie kann es sein das solche Parkinsonanwärzer solche Posten erlangen ? Absolut irre was in dieser Bananenrepublik passiert !,True,False, False,"[{""role"": ""system"", ""content"": ""You are a legal expert for defamatory offenses according the the German Criminal Code (§§185-187 StGB). Help the user decide whether given posts fall within in the scope of these articles.""}, {""role"": ""user"", ""content"": ""Step 1: A defamatory object can be a living individual, a group of persons that is distinguishable from the general public such that every member of that group could feel their honor is infringed or collective entities such as governments or press companies with a recognised social role and who act with a collective, single will.\nIs there a defamatory object in this statement? \nNo → STOP (NOT criminally relevant according to §§185-187 StGB)\nYes → Step 2\n\nStep 2: A disparaging statement is a statement which interferes with the potential victim's right to honour. It is already fulfilled by expressing contempt or disrespect through the allegation of shortcomings that could reduce the victim’s social standing.\nIs there a disparaging statement directed towards the defamatory object?\nNo → STOP (NOT criminally relevant according to §§185-187 StGB)\nYes → Step 3\n\nStep 3: A factual claim is a stetement that can be proven to be true or untrue in front of a court. A value judgment constitutes and expression of personal opinions.\nIs it primarily a value judgement and NOT primarily a factual claim?\nNo → STOP (NOT criminally relevant according to §§185-187 StGB)\nYes → Step 4\n\nStep 4: An abusive insult is a statement that constitutes breaking a taboo by itself and intends only the defamation of the victim without any substantiated contribution.\nIs the statement an abusive insult?\nYes → STOP (criminally RELEVANT according to §§185-187 StGB)\nNo → Step 5\n\nStep 5: A statement is of public interest if it contains a contribution to the public discourse with respect to a particular relevant topic of public interest.\nIs the statement of public interest?\nYes → STOP (NOT criminally relevant according to §§185-187 StGB)\nNo → Step 6\n\nStep 6: A statement is considered abusive criticism if it goes beyond plausible criticism by primarily intending to abusively offend the victim, hereby neglecting a substantiated contribution.\nIs the statement abusive criticism?\nYes → STOP (criminally RELEVANT according to §§185-187 StGB)\nNo → STOP (NOT criminally relevant according to §§185-187 StGB)\n\n\nAccording to this decision schema, decide whether the following text is criminally revant according to §§185-187 StGB (Defamatory Offense). Answer only with 'True' (criminally relevant according to §§185-187 StGB) or 'False' (not criminally relevant according to §§185-187 StGB).""}, {""role"": ""user"", ""content"": ""Wer kann den alten Mann für voll nehmen ? Da stimmt waa wie bei so vielen ganz schwer was im Kopf nicht ! Wie kann es sein das solche Parkinsonanwärzer solche Posten erlangen ? Absolut irre was in dieser Bananenrepublik passiert !""}]",0,FN
1095902123781543,Ekelhaftes Pack!,True,False, False,"[{""role"": ""system"", ""content"": ""You are a legal expert for defamatory offenses according the the German Criminal Code (§§185-187 StGB). Help the user decide whether given posts fall within in the scope of these articles.""}, {""role"": ""user"", ""content"": ""Step 1: A defamatory object can be a living individual, a group of persons that is distinguishable from the general public such that every member of that group could feel their honor is infringed or collective entities such as governments or press companies with a recognised social role and who act with a collective, single will.\nIs there a defamatory object in this statement? \nNo → STOP (NOT criminally relevant according to §§185-187 StGB)\nYes → Step 2\n\nStep 2: A disparaging statement is a statement which interferes with the potential victim's right to honour. It is already fulfilled by expressing contempt or disrespect through the allegation of shortcomings that could reduce the victim’s social standing.\nIs there a disparaging statement directed towards the defamatory object?\nNo → STOP (NOT criminally relevant according to §§185-187 StGB)\nYes → Step 3\n\nStep 3: A factual claim is a stetement that can be proven to be true or untrue in front of a court. A value judgment constitutes and expression of personal opinions.\nIs it primarily a value judgement and NOT primarily a factual claim?\nNo → STOP (NOT criminally relevant according to §§185-187 StGB)\nYes → Step 4\n\nStep 4: An abusive insult is a statement that constitutes breaking a taboo by itself and intends only the defamation of the victim without any substantiated contribution.\nIs the statement an abusive insult?\nYes → STOP (criminally RELEVANT according to §§185-187 StGB)\nNo → Step 5\n\nStep 5: A statement is of public interest if it contains a contribution to the public discourse with respect to a particular relevant topic of public interest.\nIs the statement of public interest?\nYes → STOP (NOT criminally relevant according to §§185-187 StGB)\nNo → Step 6\n\nStep 6: A statement is considered abusive criticism if it goes beyond plausible criticism by primarily intending to abusively offend the victim, hereby neglecting a substantiated contribution.\nIs the statement abusive criticism?\nYes → STOP (criminally RELEVANT according to §§185-187 StGB)\nNo → STOP (NOT criminally relevant according to §§185-187 StGB)\n\n\nAccording to this decision schema, decide whether the following text is criminally revant according to §§185-187 StGB (Defamatory Offense). Answer only with 'True' (criminally relevant according to §§185-187 StGB) or 'False' (not criminally relevant according to §§185-187 StGB).""}, {""role"": ""user"", ""content"": ""Ekelhaftes Pack!""}]",0,FN
1095968110441611,"zum kotzen,  wären sie lieber auf dem Meer abgesoffen wie die Ratten",False,True, True,"[{""role"": ""system"", ""content"": ""You are a legal expert for defamatory offenses according the the German Criminal Code (§§185-187 StGB). Help the user decide whether given posts fall within in the scope of these articles.""}, {""role"": ""user"", ""content"": ""Step 1: A defamatory object can be a living individual, a group of persons that is distinguishable from the general public such that every member of that group could feel their honor is infringed or collective entities such as governments or press companies with a recognised social role and who act with a collective, single will.\nIs there a defamatory object in this statement? \nNo → STOP (NOT criminally relevant according to §§185-187 StGB)\nYes → Step 2\n\nStep 2: A disparaging statement is a statement which interferes with the potential victim's right to honour. It is already fulfilled by expressing contempt or disrespect through the allegation of shortcomings that could reduce the victim’s social standing.\nIs there a disparaging statement directed towards the defamatory object?\nNo → STOP (NOT criminally relevant according to §§185-187 StGB)\nYes → Step 3\n\nStep 3: A factual claim is a stetement that can be proven to be true or untrue in front of a court. A value judgment constitutes and expression of personal opinions.\nIs it primarily a value judgement and NOT primarily a factual claim?\nNo → STOP (NOT criminally relevant according to §§185-187 StGB)\nYes → Step 4\n\nStep 4: An abusive insult is a statement that constitutes breaking a taboo by itself and intends only the defamation of the victim without any substantiated contribution.\nIs the statement an abusive insult?\nYes → STOP (criminally RELEVANT according to §§185-187 StGB)\nNo → Step 5\n\nStep 5: A statement is of public interest if it contains a contribution to the public discourse with respect to a particular relevant topic of public interest.\nIs the statement of public interest?\nYes → STOP (NOT criminally relevant according to §§185-187 StGB)\nNo → Step 6\n\nStep 6: A statement is considered abusive criticism if it goes beyond plausible criticism by primarily intending to abusively offend the victim, hereby neglecting a substantiated contribution.\nIs the statement abusive criticism?\nYes → STOP (criminally RELEVANT according to §§185-187 StGB)\nNo → STOP (NOT criminally relevant according to §§185-187 StGB)\n\n\nAccording to this decision schema, decide whether the following text is criminally revant according to §§185-187 StGB (Defamatory Offense). Answer only with 'True' (criminally relevant according to §§185-187 StGB) or 'False' (not criminally relevant according to §§185-187 StGB).""}, {""role"": ""user"", ""content"": ""zum kotzen,  wären sie lieber auf dem Meer abgesoffen wie die Ratten""}]",2,FP
1096372740401148,"Torsten Kauer, besser hätte man es nicht sagen können. Eine arme kleine Wurst. genau wie der Rest dieser Pegidabande!",False,True, True,"[{""role"": ""system"", ""content"": ""You are a legal expert for defamatory offenses according the the German Criminal Code (§§185-187 StGB). Help the user decide whether given posts fall within in the scope of these articles.""}, {""role"": ""user"", ""content"": ""Step 1: A defamatory object can be a living individual, a group of persons that is distinguishable from the general public such that every member of that group could feel their honor is infringed or collective entities such as governments or press companies with a recognised social role and who act with a collective, single will.\nIs there a defamatory object in this statement? \nNo → STOP (NOT criminally relevant according to §§185-187 StGB)\nYes → Step 2\n\nStep 2: A disparaging statement is a statement which interferes with the potential victim's right to honour. It is already fulfilled by expressing contempt or disrespect through the allegation of shortcomings that could reduce the victim’s social standing.\nIs there a disparaging statement directed towards the defamatory object?\nNo → STOP (NOT criminally relevant according to §§185-187 StGB)\nYes → Step 3\n\nStep 3: A factual claim is a stetement that can be proven to be true or untrue in front of a court. A value judgment constitutes and expression of personal opinions.\nIs it primarily a value judgement and NOT primarily a factual claim?\nNo → STOP (NOT criminally relevant according to §§185-187 StGB)\nYes → Step 4\n\nStep 4: An abusive insult is a statement that constitutes breaking a taboo by itself and intends only the defamation of the victim without any substantiated contribution.\nIs the statement an abusive insult?\nYes → STOP (criminally RELEVANT according to §§185-187 StGB)\nNo → Step 5\n\nStep 5: A statement is of public interest if it contains a contribution to the public discourse with respect to a particular relevant topic of public interest.\nIs the statement of public interest?\nYes → STOP (NOT criminally relevant according to §§185-187 StGB)\nNo → Step 6\n\nStep 6: A statement is considered abusive criticism if it goes beyond plausible criticism by primarily intending to abusively offend the victim, hereby neglecting a substantiated contribution.\nIs the statement abusive criticism?\nYes → STOP (criminally RELEVANT according to §§185-187 StGB)\nNo → STOP (NOT criminally relevant according to §§185-187 StGB)\n\n\nAccording to this decision schema, decide whether the following text is criminally revant according to §§185-187 StGB (Defamatory Offense). Answer only with 'True' (criminally relevant according to §§185-187 StGB) or 'False' (not criminally relevant according to §§185-187 StGB).""}, {""role"": ""user"", ""content"": ""Torsten Kauer, besser hätte man es nicht sagen können. Eine arme kleine Wurst. genau wie der Rest dieser Pegidabande!""}]",2,FP
1105825759455846,"Hahahah und wo ist dieser ""Islam""? Du Hinterwäldler es gibt auch Kirchen in Islamischen Länder aber dafür müsstest du Dorfesel aus deinem Bauernhof raus. Du kannst von Glück reden, dass du - wegen deinem Alter - die Islamisierung Deutschlands nicht mehr mit erleben wirst. In diesem Land werden in 100-200 Jahren mehr Moslems Leben als Christen usw. weil ihr am aussterben seid. Zu verdanken habt ihr das euch selber, denn zum Glück ist die Geburtenrate so niedrig „smile“-Emoticon. Die Welt wird ein besseres ohne euch Massemmörder.",True,False, False,"[{""role"": ""system"", ""content"": ""You are a legal expert for defamatory offenses according the the German Criminal Code (§§185-187 StGB). Help the user decide whether given posts fall within in the scope of these articles.""}, {""role"": ""user"", ""content"": ""Step 1: A defamatory object can be a living individual, a group of persons that is distinguishable from the general public such that every member of that group could feel their honor is infringed or collective entities such as governments or press companies with a recognised social role and who act with a collective, single will.\nIs there a defamatory object in this statement? \nNo → STOP (NOT criminally relevant according to §§185-187 StGB)\nYes → Step 2\n\nStep 2: A disparaging statement is a statement which interferes with the potential victim's right to honour. It is already fulfilled by expressing contempt or disrespect through the allegation of shortcomings that could reduce the victim’s social standing.\nIs there a disparaging statement directed towards the defamatory object?\nNo → STOP (NOT criminally relevant according to §§185-187 StGB)\nYes → Step 3\n\nStep 3: A factual claim is a stetement that can be proven to be true or untrue in front of a court. A value judgment constitutes and expression of personal opinions.\nIs it primarily a value judgement and NOT primarily a factual claim?\nNo → STOP (NOT criminally relevant according to §§185-187 StGB)\nYes → Step 4\n\nStep 4: An abusive insult is a statement that constitutes breaking a taboo by itself and intends only the defamation of the victim without any substantiated contribution.\nIs the statement an abusive insult?\nYes → STOP (criminally RELEVANT according to §§185-187 StGB)\nNo → Step 5\n\nStep 5: A statement is of public interest if it contains a contribution to the public discourse with respect to a particular relevant topic of public interest.\nIs the statement of public interest?\nYes → STOP (NOT criminally relevant according to §§185-187 StGB)\nNo → Step 6\n\nStep 6: A statement is considered abusive criticism if it goes beyond plausible criticism by primarily intending to abusively offend the victim, hereby neglecting a substantiated contribution.\nIs the statement abusive criticism?\nYes → STOP (criminally RELEVANT according to §§185-187 StGB)\nNo → STOP (NOT criminally relevant according to §§185-187 StGB)\n\n\nAccording to this decision schema, decide whether the following text is criminally revant according to §§185-187 StGB (Defamatory Offense). Answer only with 'True' (criminally relevant according to §§185-187 StGB) or 'False' (not criminally relevant according to §§185-187 StGB).""}, {""role"": ""user"", ""content"": ""Hahahah und wo ist dieser \""Islam\""? Du Hinterwäldler es gibt auch Kirchen in Islamischen Länder aber dafür müsstest du Dorfesel aus deinem Bauernhof raus. Du kannst von Glück reden, dass du - wegen deinem Alter - die Islamisierung Deutschlands nicht mehr mit erleben wirst. In diesem Land werden in 100-200 Jahren mehr Moslems Leben als Christen usw. weil ihr am aussterben seid. Zu verdanken habt ihr das euch selber, denn zum Glück ist die Geburtenrate so niedrig „smile“-Emoticon. Die Welt wird ein besseres ohne euch Massemmörder.""}]",0,FN
1106093872762368,...und dann lacht der Muhezin vom Minarett - die Deutschen sind im Kopf nicht mehr komplett - denn Merkel kniet vor Perversogan und macht sich an seine .... ran,True,False, False,"[{""role"": ""system"", ""content"": ""You are a legal expert for defamatory offenses according the the German Criminal Code (§§185-187 StGB). Help the user decide whether given posts fall within in the scope of these articles.""}, {""role"": ""user"", ""content"": ""Step 1: A defamatory object can be a living individual, a group of persons that is distinguishable from the general public such that every member of that group could feel their honor is infringed or collective entities such as governments or press companies with a recognised social role and who act with a collective, single will.\nIs there a defamatory object in this statement? \nNo → STOP (NOT criminally relevant according to §§185-187 StGB)\nYes → Step 2\n\nStep 2: A disparaging statement is a statement which interferes with the potential victim's right to honour. It is already fulfilled by expressing contempt or disrespect through the allegation of shortcomings that could reduce the victim’s social standing.\nIs there a disparaging statement directed towards the defamatory object?\nNo → STOP (NOT criminally relevant according to §§185-187 StGB)\nYes → Step 3\n\nStep 3: A factual claim is a stetement that can be proven to be true or untrue in front of a court. A value judgment constitutes and expression of personal opinions.\nIs it primarily a value judgement and NOT primarily a factual claim?\nNo → STOP (NOT criminally relevant according to §§185-187 StGB)\nYes → Step 4\n\nStep 4: An abusive insult is a statement that constitutes breaking a taboo by itself and intends only the defamation of the victim without any substantiated contribution.\nIs the statement an abusive insult?\nYes → STOP (criminally RELEVANT according to §§185-187 StGB)\nNo → Step 5\n\nStep 5: A statement is of public interest if it contains a contribution to the public discourse with respect to a particular relevant topic of public interest.\nIs the statement of public interest?\nYes → STOP (NOT criminally relevant according to §§185-187 StGB)\nNo → Step 6\n\nStep 6: A statement is considered abusive criticism if it goes beyond plausible criticism by primarily intending to abusively offend the victim, hereby neglecting a substantiated contribution.\nIs the statement abusive criticism?\nYes → STOP (criminally RELEVANT according to §§185-187 StGB)\nNo → STOP (NOT criminally relevant according to §§185-187 StGB)\n\n\nAccording to this decision schema, decide whether the following text is criminally revant according to §§185-187 StGB (Defamatory Offense). Answer only with 'True' (criminally relevant according to §§185-187 StGB) or 'False' (not criminally relevant according to §§185-187 StGB).""}, {""role"": ""user"", ""content"": ""...und dann lacht der Muhezin vom Minarett - die Deutschen sind im Kopf nicht mehr komplett - denn Merkel kniet vor Perversogan und macht sich an seine .... ran""}]",3,FN
1107838899254532,Linke waren schon immer Hirnlos und werden es immer bleiben.,True,False, False,"[{""role"": ""system"", ""content"": ""You are a legal expert for defamatory offenses according the the German Criminal Code (§§185-187 StGB). Help the user decide whether given posts fall within in the scope of these articles.""}, {""role"": ""user"", ""content"": ""Step 1: A defamatory object can be a living individual, a group of persons that is distinguishable from the general public such that every member of that group could feel their honor is infringed or collective entities such as governments or press companies with a recognised social role and who act with a collective, single will.\nIs there a defamatory object in this statement? \nNo → STOP (NOT criminally relevant according to §§185-187 StGB)\nYes → Step 2\n\nStep 2: A disparaging statement is a statement which interferes with the potential victim's right to honour. It is already fulfilled by expressing contempt or disrespect through the allegation of shortcomings that could reduce the victim’s social standing.\nIs there a disparaging statement directed towards the defamatory object?\nNo → STOP (NOT criminally relevant according to §§185-187 StGB)\nYes → Step 3\n\nStep 3: A factual claim is a stetement that can be proven to be true or untrue in front of a court. A value judgment constitutes and expression of personal opinions.\nIs it primarily a value judgement and NOT primarily a factual claim?\nNo → STOP (NOT criminally relevant according to §§185-187 StGB)\nYes → Step 4\n\nStep 4: An abusive insult is a statement that constitutes breaking a taboo by itself and intends only the defamation of the victim without any substantiated contribution.\nIs the statement an abusive insult?\nYes → STOP (criminally RELEVANT according to §§185-187 StGB)\nNo → Step 5\n\nStep 5: A statement is of public interest if it contains a contribution to the public discourse with respect to a particular relevant topic of public interest.\nIs the statement of public interest?\nYes → STOP (NOT criminally relevant according to §§185-187 StGB)\nNo → Step 6\n\nStep 6: A statement is considered abusive criticism if it goes beyond plausible criticism by primarily intending to abusively offend the victim, hereby neglecting a substantiated contribution.\nIs the statement abusive criticism?\nYes → STOP (criminally RELEVANT according to §§185-187 StGB)\nNo → STOP (NOT criminally relevant according to §§185-187 StGB)\n\n\nAccording to this decision schema, decide whether the following text is criminally revant according to §§185-187 StGB (Defamatory Offense). Answer only with 'True' (criminally relevant according to §§185-187 StGB) or 'False' (not criminally relevant according to §§185-187 StGB).""}, {""role"": ""user"", ""content"": ""Linke waren schon immer Hirnlos und werden es immer bleiben.""}]",0,FN
1108625339175888,Detlef Cordes Google COUDENHOVE--KALERGI plan to see all this refugee Crisis was planed before. and that fat a** polish B**ch is one of the executer of that plan. FATIMA MERKEL must be executed By Fire squad for what she did to Germans & Gemany,False,True, True,"[{""role"": ""system"", ""content"": ""You are a legal expert for defamatory offenses according the the German Criminal Code (§§185-187 StGB). Help the user decide whether given posts fall within in the scope of these articles.""}, {""role"": ""user"", ""content"": ""Step 1: A defamatory object can be a living individual, a group of persons that is distinguishable from the general public such that every member of that group could feel their honor is infringed or collective entities such as governments or press companies with a recognised social role and who act with a collective, single will.\nIs there a defamatory object in this statement? \nNo → STOP (NOT criminally relevant according to §§185-187 StGB)\nYes → Step 2\n\nStep 2: A disparaging statement is a statement which interferes with the potential victim's right to honour. It is already fulfilled by expressing contempt or disrespect through the allegation of shortcomings that could reduce the victim’s social standing.\nIs there a disparaging statement directed towards the defamatory object?\nNo → STOP (NOT criminally relevant according to §§185-187 StGB)\nYes → Step 3\n\nStep 3: A factual claim is a stetement that can be proven to be true or untrue in front of a court. A value judgment constitutes and expression of personal opinions.\nIs it primarily a value judgement and NOT primarily a factual claim?\nNo → STOP (NOT criminally relevant according to §§185-187 StGB)\nYes → Step 4\n\nStep 4: An abusive insult is a statement that constitutes breaking a taboo by itself and intends only the defamation of the victim without any substantiated contribution.\nIs the statement an abusive insult?\nYes → STOP (criminally RELEVANT according to §§185-187 StGB)\nNo → Step 5\n\nStep 5: A statement is of public interest if it contains a contribution to the public discourse with respect to a particular relevant topic of public interest.\nIs the statement of public interest?\nYes → STOP (NOT criminally relevant according to §§185-187 StGB)\nNo → Step 6\n\nStep 6: A statement is considered abusive criticism if it goes beyond plausible criticism by primarily intending to abusively offend the victim, hereby neglecting a substantiated contribution.\nIs the statement abusive criticism?\nYes → STOP (criminally RELEVANT according to §§185-187 StGB)\nNo → STOP (NOT criminally relevant according to §§185-187 StGB)\n\n\nAccording to this decision schema, decide whether the following text is criminally revant according to §§185-187 StGB (Defamatory Offense). Answer only with 'True' (criminally relevant according to §§185-187 StGB) or 'False' (not criminally relevant according to §§185-187 StGB).""}, {""role"": ""user"", ""content"": ""Detlef Cordes Google COUDENHOVE--KALERGI plan to see all this refugee Crisis was planed before. and that fat a** polish B**ch is one of the executer of that plan. FATIMA MERKEL must be executed By Fire squad for what she did to Germans & Gemany""}]",1,FP
1111332562238499,"Gutscheine für Kleidung? 

Was ist mit den Deutschen Familien die nen Antrag auf Bekleidung stellen? 

Die bekommen alle ne Absage, von der Arge, 

und solche Kanalratten bekommen einmal mehr alles in ihren Islamistischen Arsch gesteckt... 

Wird Zeit das die Regierung aufgelöst, oder weggebombt wird... Unfassbar sowas...",True,False, False,"[{""role"": ""system"", ""content"": ""You are a legal expert for defamatory offenses according the the German Criminal Code (§§185-187 StGB). Help the user decide whether given posts fall within in the scope of these articles.""}, {""role"": ""user"", ""content"": ""Step 1: A defamatory object can be a living individual, a group of persons that is distinguishable from the general public such that every member of that group could feel their honor is infringed or collective entities such as governments or press companies with a recognised social role and who act with a collective, single will.\nIs there a defamatory object in this statement? \nNo → STOP (NOT criminally relevant according to §§185-187 StGB)\nYes → Step 2\n\nStep 2: A disparaging statement is a statement which interferes with the potential victim's right to honour. It is already fulfilled by expressing contempt or disrespect through the allegation of shortcomings that could reduce the victim’s social standing.\nIs there a disparaging statement directed towards the defamatory object?\nNo → STOP (NOT criminally relevant according to §§185-187 StGB)\nYes → Step 3\n\nStep 3: A factual claim is a stetement that can be proven to be true or untrue in front of a court. A value judgment constitutes and expression of personal opinions.\nIs it primarily a value judgement and NOT primarily a factual claim?\nNo → STOP (NOT criminally relevant according to §§185-187 StGB)\nYes → Step 4\n\nStep 4: An abusive insult is a statement that constitutes breaking a taboo by itself and intends only the defamation of the victim without any substantiated contribution.\nIs the statement an abusive insult?\nYes → STOP (criminally RELEVANT according to §§185-187 StGB)\nNo → Step 5\n\nStep 5: A statement is of public interest if it contains a contribution to the public discourse with respect to a particular relevant topic of public interest.\nIs the statement of public interest?\nYes → STOP (NOT criminally relevant according to §§185-187 StGB)\nNo → Step 6\n\nStep 6: A statement is considered abusive criticism if it goes beyond plausible criticism by primarily intending to abusively offend the victim, hereby neglecting a substantiated contribution.\nIs the statement abusive criticism?\nYes → STOP (criminally RELEVANT according to §§185-187 StGB)\nNo → STOP (NOT criminally relevant according to §§185-187 StGB)\n\n\nAccording to this decision schema, decide whether the following text is criminally revant according to §§185-187 StGB (Defamatory Offense). Answer only with 'True' (criminally relevant according to §§185-187 StGB) or 'False' (not criminally relevant according to §§185-187 StGB).""}, {""role"": ""user"", ""content"": ""Gutscheine für Kleidung? \r\n\r\nWas ist mit den Deutschen Familien die nen Antrag auf Bekleidung stellen? \r\n\r\nDie bekommen alle ne Absage, von der Arge, \r\n\r\nund solche Kanalratten bekommen einmal mehr alles in ihren Islamistischen Arsch gesteckt... \r\n\r\nWird Zeit das die Regierung aufgelöst, oder weggebombt wird... Unfassbar sowas...""}]",0,FN
1112170062154749,"der Typ ist ja wie ein Furz, keiner sieht ihn aber alle riechen ihn ????....herrlich diese Links.- Grünen Trolle....wobei er schon extrem einseitig & dumpf ist *Chipsaufmach ??????",True,False, False,"[{""role"": ""system"", ""content"": ""You are a legal expert for defamatory offenses according the the German Criminal Code (§§185-187 StGB). Help the user decide whether given posts fall within in the scope of these articles.""}, {""role"": ""user"", ""content"": ""Step 1: A defamatory object can be a living individual, a group of persons that is distinguishable from the general public such that every member of that group could feel their honor is infringed or collective entities such as governments or press companies with a recognised social role and who act with a collective, single will.\nIs there a defamatory object in this statement? \nNo → STOP (NOT criminally relevant according to §§185-187 StGB)\nYes → Step 2\n\nStep 2: A disparaging statement is a statement which interferes with the potential victim's right to honour. It is already fulfilled by expressing contempt or disrespect through the allegation of shortcomings that could reduce the victim’s social standing.\nIs there a disparaging statement directed towards the defamatory object?\nNo → STOP (NOT criminally relevant according to §§185-187 StGB)\nYes → Step 3\n\nStep 3: A factual claim is a stetement that can be proven to be true or untrue in front of a court. A value judgment constitutes and expression of personal opinions.\nIs it primarily a value judgement and NOT primarily a factual claim?\nNo → STOP (NOT criminally relevant according to §§185-187 StGB)\nYes → Step 4\n\nStep 4: An abusive insult is a statement that constitutes breaking a taboo by itself and intends only the defamation of the victim without any substantiated contribution.\nIs the statement an abusive insult?\nYes → STOP (criminally RELEVANT according to §§185-187 StGB)\nNo → Step 5\n\nStep 5: A statement is of public interest if it contains a contribution to the public discourse with respect to a particular relevant topic of public interest.\nIs the statement of public interest?\nYes → STOP (NOT criminally relevant according to §§185-187 StGB)\nNo → Step 6\n\nStep 6: A statement is considered abusive criticism if it goes beyond plausible criticism by primarily intending to abusively offend the victim, hereby neglecting a substantiated contribution.\nIs the statement abusive criticism?\nYes → STOP (criminally RELEVANT according to §§185-187 StGB)\nNo → STOP (NOT criminally relevant according to §§185-187 StGB)\n\n\nAccording to this decision schema, decide whether the following text is criminally revant according to §§185-187 StGB (Defamatory Offense). Answer only with 'True' (criminally relevant according to §§185-187 StGB) or 'False' (not criminally relevant according to §§185-187 StGB).""}, {""role"": ""user"", ""content"": ""der Typ ist ja wie ein Furz, keiner sieht ihn aber alle riechen ihn ????....herrlich diese Links.- Grünen Trolle....wobei er schon extrem einseitig & dumpf ist *Chipsaufmach ??????""}]",2,FN
1127127497325672,"Was seid ihr für ungebildete Opfer, für euch gibt es wirklich keine Bezeichnung mehr, das sollte man ein neues Wort erfinden, geht euch verstecken!",False,True, True,"[{""role"": ""system"", ""content"": ""You are a legal expert for defamatory offenses according the the German Criminal Code (§§185-187 StGB). Help the user decide whether given posts fall within in the scope of these articles.""}, {""role"": ""user"", ""content"": ""Step 1: A defamatory object can be a living individual, a group of persons that is distinguishable from the general public such that every member of that group could feel their honor is infringed or collective entities such as governments or press companies with a recognised social role and who act with a collective, single will.\nIs there a defamatory object in this statement? \nNo → STOP (NOT criminally relevant according to §§185-187 StGB)\nYes → Step 2\n\nStep 2: A disparaging statement is a statement which interferes with the potential victim's right to honour. It is already fulfilled by expressing contempt or disrespect through the allegation of shortcomings that could reduce the victim’s social standing.\nIs there a disparaging statement directed towards the defamatory object?\nNo → STOP (NOT criminally relevant according to §§185-187 StGB)\nYes → Step 3\n\nStep 3: A factual claim is a stetement that can be proven to be true or untrue in front of a court. A value judgment constitutes and expression of personal opinions.\nIs it primarily a value judgement and NOT primarily a factual claim?\nNo → STOP (NOT criminally relevant according to §§185-187 StGB)\nYes → Step 4\n\nStep 4: An abusive insult is a statement that constitutes breaking a taboo by itself and intends only the defamation of the victim without any substantiated contribution.\nIs the statement an abusive insult?\nYes → STOP (criminally RELEVANT according to §§185-187 StGB)\nNo → Step 5\n\nStep 5: A statement is of public interest if it contains a contribution to the public discourse with respect to a particular relevant topic of public interest.\nIs the statement of public interest?\nYes → STOP (NOT criminally relevant according to §§185-187 StGB)\nNo → Step 6\n\nStep 6: A statement is considered abusive criticism if it goes beyond plausible criticism by primarily intending to abusively offend the victim, hereby neglecting a substantiated contribution.\nIs the statement abusive criticism?\nYes → STOP (criminally RELEVANT according to §§185-187 StGB)\nNo → STOP (NOT criminally relevant according to §§185-187 StGB)\n\n\nAccording to this decision schema, decide whether the following text is criminally revant according to §§185-187 StGB (Defamatory Offense). Answer only with 'True' (criminally relevant according to §§185-187 StGB) or 'False' (not criminally relevant according to §§185-187 StGB).""}, {""role"": ""user"", ""content"": ""Was seid ihr für ungebildete Opfer, für euch gibt es wirklich keine Bezeichnung mehr, das sollte man ein neues Wort erfinden, geht euch verstecken!""}]",1,FP
1134086349963120,Wie lächerlich ist diese Frau,True,False, False,"[{""role"": ""system"", ""content"": ""You are a legal expert for defamatory offenses according the the German Criminal Code (§§185-187 StGB). Help the user decide whether given posts fall within in the scope of these articles.""}, {""role"": ""user"", ""content"": ""Step 1: A defamatory object can be a living individual, a group of persons that is distinguishable from the general public such that every member of that group could feel their honor is infringed or collective entities such as governments or press companies with a recognised social role and who act with a collective, single will.\nIs there a defamatory object in this statement? \nNo → STOP (NOT criminally relevant according to §§185-187 StGB)\nYes → Step 2\n\nStep 2: A disparaging statement is a statement which interferes with the potential victim's right to honour. It is already fulfilled by expressing contempt or disrespect through the allegation of shortcomings that could reduce the victim’s social standing.\nIs there a disparaging statement directed towards the defamatory object?\nNo → STOP (NOT criminally relevant according to §§185-187 StGB)\nYes → Step 3\n\nStep 3: A factual claim is a stetement that can be proven to be true or untrue in front of a court. A value judgment constitutes and expression of personal opinions.\nIs it primarily a value judgement and NOT primarily a factual claim?\nNo → STOP (NOT criminally relevant according to §§185-187 StGB)\nYes → Step 4\n\nStep 4: An abusive insult is a statement that constitutes breaking a taboo by itself and intends only the defamation of the victim without any substantiated contribution.\nIs the statement an abusive insult?\nYes → STOP (criminally RELEVANT according to §§185-187 StGB)\nNo → Step 5\n\nStep 5: A statement is of public interest if it contains a contribution to the public discourse with respect to a particular relevant topic of public interest.\nIs the statement of public interest?\nYes → STOP (NOT criminally relevant according to §§185-187 StGB)\nNo → Step 6\n\nStep 6: A statement is considered abusive criticism if it goes beyond plausible criticism by primarily intending to abusively offend the victim, hereby neglecting a substantiated contribution.\nIs the statement abusive criticism?\nYes → STOP (criminally RELEVANT according to §§185-187 StGB)\nNo → STOP (NOT criminally relevant according to §§185-187 StGB)\n\n\nAccording to this decision schema, decide whether the following text is criminally revant according to §§185-187 StGB (Defamatory Offense). Answer only with 'True' (criminally relevant according to §§185-187 StGB) or 'False' (not criminally relevant according to §§185-187 StGB).""}, {""role"": ""user"", ""content"": ""Wie lächerlich ist diese Frau""}]",0,FN
1134091833295905,Diese behinderte olle ...,True,False, False,"[{""role"": ""system"", ""content"": ""You are a legal expert for defamatory offenses according the the German Criminal Code (§§185-187 StGB). Help the user decide whether given posts fall within in the scope of these articles.""}, {""role"": ""user"", ""content"": ""Step 1: A defamatory object can be a living individual, a group of persons that is distinguishable from the general public such that every member of that group could feel their honor is infringed or collective entities such as governments or press companies with a recognised social role and who act with a collective, single will.\nIs there a defamatory object in this statement? \nNo → STOP (NOT criminally relevant according to §§185-187 StGB)\nYes → Step 2\n\nStep 2: A disparaging statement is a statement which interferes with the potential victim's right to honour. It is already fulfilled by expressing contempt or disrespect through the allegation of shortcomings that could reduce the victim’s social standing.\nIs there a disparaging statement directed towards the defamatory object?\nNo → STOP (NOT criminally relevant according to §§185-187 StGB)\nYes → Step 3\n\nStep 3: A factual claim is a stetement that can be proven to be true or untrue in front of a court. A value judgment constitutes and expression of personal opinions.\nIs it primarily a value judgement and NOT primarily a factual claim?\nNo → STOP (NOT criminally relevant according to §§185-187 StGB)\nYes → Step 4\n\nStep 4: An abusive insult is a statement that constitutes breaking a taboo by itself and intends only the defamation of the victim without any substantiated contribution.\nIs the statement an abusive insult?\nYes → STOP (criminally RELEVANT according to §§185-187 StGB)\nNo → Step 5\n\nStep 5: A statement is of public interest if it contains a contribution to the public discourse with respect to a particular relevant topic of public interest.\nIs the statement of public interest?\nYes → STOP (NOT criminally relevant according to §§185-187 StGB)\nNo → Step 6\n\nStep 6: A statement is considered abusive criticism if it goes beyond plausible criticism by primarily intending to abusively offend the victim, hereby neglecting a substantiated contribution.\nIs the statement abusive criticism?\nYes → STOP (criminally RELEVANT according to §§185-187 StGB)\nNo → STOP (NOT criminally relevant according to §§185-187 StGB)\n\n\nAccording to this decision schema, decide whether the following text is criminally revant according to §§185-187 StGB (Defamatory Offense). Answer only with 'True' (criminally relevant according to §§185-187 StGB) or 'False' (not criminally relevant according to §§185-187 StGB).""}, {""role"": ""user"", ""content"": ""Diese behinderte olle ...""}]",2,FN
1134098659961889,Was dieser abartigen kreatur nur durch den Kopf geht. Ich hoffe sie wird für all ihre taten 3x mehr büßen,True,False, False,"[{""role"": ""system"", ""content"": ""You are a legal expert for defamatory offenses according the the German Criminal Code (§§185-187 StGB). Help the user decide whether given posts fall within in the scope of these articles.""}, {""role"": ""user"", ""content"": ""Step 1: A defamatory object can be a living individual, a group of persons that is distinguishable from the general public such that every member of that group could feel their honor is infringed or collective entities such as governments or press companies with a recognised social role and who act with a collective, single will.\nIs there a defamatory object in this statement? \nNo → STOP (NOT criminally relevant according to §§185-187 StGB)\nYes → Step 2\n\nStep 2: A disparaging statement is a statement which interferes with the potential victim's right to honour. It is already fulfilled by expressing contempt or disrespect through the allegation of shortcomings that could reduce the victim’s social standing.\nIs there a disparaging statement directed towards the defamatory object?\nNo → STOP (NOT criminally relevant according to §§185-187 StGB)\nYes → Step 3\n\nStep 3: A factual claim is a stetement that can be proven to be true or untrue in front of a court. A value judgment constitutes and expression of personal opinions.\nIs it primarily a value judgement and NOT primarily a factual claim?\nNo → STOP (NOT criminally relevant according to §§185-187 StGB)\nYes → Step 4\n\nStep 4: An abusive insult is a statement that constitutes breaking a taboo by itself and intends only the defamation of the victim without any substantiated contribution.\nIs the statement an abusive insult?\nYes → STOP (criminally RELEVANT according to §§185-187 StGB)\nNo → Step 5\n\nStep 5: A statement is of public interest if it contains a contribution to the public discourse with respect to a particular relevant topic of public interest.\nIs the statement of public interest?\nYes → STOP (NOT criminally relevant according to §§185-187 StGB)\nNo → Step 6\n\nStep 6: A statement is considered abusive criticism if it goes beyond plausible criticism by primarily intending to abusively offend the victim, hereby neglecting a substantiated contribution.\nIs the statement abusive criticism?\nYes → STOP (criminally RELEVANT according to §§185-187 StGB)\nNo → STOP (NOT criminally relevant according to §§185-187 StGB)\n\n\nAccording to this decision schema, decide whether the following text is criminally revant according to §§185-187 StGB (Defamatory Offense). Answer only with 'True' (criminally relevant according to §§185-187 StGB) or 'False' (not criminally relevant according to §§185-187 StGB).""}, {""role"": ""user"", ""content"": ""Was dieser abartigen kreatur nur durch den Kopf geht. Ich hoffe sie wird für all ihre taten 3x mehr büßen""}]",0,FN
1134142113290877,"Na dann Frau Merkel mit gutem Beispiel voran, knie nieder vor den Muslimischen Invasoren, roll den roten Teppich , über reich ihnen den Schlüssel für Deutschland und küss den den Arsch ! Wie dumm muss man eigentlich sein, diese Frau soll die Kanzlerin sein und hat nen angeblichen Doktortitel..............ich könnte nur noch kotzen, man wünscht sich fast die 30iger Jahre zurück",True,False, False,"[{""role"": ""system"", ""content"": ""You are a legal expert for defamatory offenses according the the German Criminal Code (§§185-187 StGB). Help the user decide whether given posts fall within in the scope of these articles.""}, {""role"": ""user"", ""content"": ""Step 1: A defamatory object can be a living individual, a group of persons that is distinguishable from the general public such that every member of that group could feel their honor is infringed or collective entities such as governments or press companies with a recognised social role and who act with a collective, single will.\nIs there a defamatory object in this statement? \nNo → STOP (NOT criminally relevant according to §§185-187 StGB)\nYes → Step 2\n\nStep 2: A disparaging statement is a statement which interferes with the potential victim's right to honour. It is already fulfilled by expressing contempt or disrespect through the allegation of shortcomings that could reduce the victim’s social standing.\nIs there a disparaging statement directed towards the defamatory object?\nNo → STOP (NOT criminally relevant according to §§185-187 StGB)\nYes → Step 3\n\nStep 3: A factual claim is a stetement that can be proven to be true or untrue in front of a court. A value judgment constitutes and expression of personal opinions.\nIs it primarily a value judgement and NOT primarily a factual claim?\nNo → STOP (NOT criminally relevant according to §§185-187 StGB)\nYes → Step 4\n\nStep 4: An abusive insult is a statement that constitutes breaking a taboo by itself and intends only the defamation of the victim without any substantiated contribution.\nIs the statement an abusive insult?\nYes → STOP (criminally RELEVANT according to §§185-187 StGB)\nNo → Step 5\n\nStep 5: A statement is of public interest if it contains a contribution to the public discourse with respect to a particular relevant topic of public interest.\nIs the statement of public interest?\nYes → STOP (NOT criminally relevant according to §§185-187 StGB)\nNo → Step 6\n\nStep 6: A statement is considered abusive criticism if it goes beyond plausible criticism by primarily intending to abusively offend the victim, hereby neglecting a substantiated contribution.\nIs the statement abusive criticism?\nYes → STOP (criminally RELEVANT according to §§185-187 StGB)\nNo → STOP (NOT criminally relevant according to §§185-187 StGB)\n\n\nAccording to this decision schema, decide whether the following text is criminally revant according to §§185-187 StGB (Defamatory Offense). Answer only with 'True' (criminally relevant according to §§185-187 StGB) or 'False' (not criminally relevant according to §§185-187 StGB).""}, {""role"": ""user"", ""content"": ""Na dann Frau Merkel mit gutem Beispiel voran, knie nieder vor den Muslimischen Invasoren, roll den roten Teppich , über reich ihnen den Schlüssel für Deutschland und küss den den Arsch ! Wie dumm muss man eigentlich sein, diese Frau soll die Kanzlerin sein und hat nen angeblichen Doktortitel..............ich könnte nur noch kotzen, man wünscht sich fast die 30iger Jahre zurück""}]",2,FN
1134242149947540,"Völlig verblödet die alte.. Ich wechsel die Straßenseite, so wie es geht, wenn mir sowas entgegen kommt..",True,False, False,"[{""role"": ""system"", ""content"": ""You are a legal expert for defamatory offenses according the the German Criminal Code (§§185-187 StGB). Help the user decide whether given posts fall within in the scope of these articles.""}, {""role"": ""user"", ""content"": ""Step 1: A defamatory object can be a living individual, a group of persons that is distinguishable from the general public such that every member of that group could feel their honor is infringed or collective entities such as governments or press companies with a recognised social role and who act with a collective, single will.\nIs there a defamatory object in this statement? \nNo → STOP (NOT criminally relevant according to §§185-187 StGB)\nYes → Step 2\n\nStep 2: A disparaging statement is a statement which interferes with the potential victim's right to honour. It is already fulfilled by expressing contempt or disrespect through the allegation of shortcomings that could reduce the victim’s social standing.\nIs there a disparaging statement directed towards the defamatory object?\nNo → STOP (NOT criminally relevant according to §§185-187 StGB)\nYes → Step 3\n\nStep 3: A factual claim is a stetement that can be proven to be true or untrue in front of a court. A value judgment constitutes and expression of personal opinions.\nIs it primarily a value judgement and NOT primarily a factual claim?\nNo → STOP (NOT criminally relevant according to §§185-187 StGB)\nYes → Step 4\n\nStep 4: An abusive insult is a statement that constitutes breaking a taboo by itself and intends only the defamation of the victim without any substantiated contribution.\nIs the statement an abusive insult?\nYes → STOP (criminally RELEVANT according to §§185-187 StGB)\nNo → Step 5\n\nStep 5: A statement is of public interest if it contains a contribution to the public discourse with respect to a particular relevant topic of public interest.\nIs the statement of public interest?\nYes → STOP (NOT criminally relevant according to §§185-187 StGB)\nNo → Step 6\n\nStep 6: A statement is considered abusive criticism if it goes beyond plausible criticism by primarily intending to abusively offend the victim, hereby neglecting a substantiated contribution.\nIs the statement abusive criticism?\nYes → STOP (criminally RELEVANT according to §§185-187 StGB)\nNo → STOP (NOT criminally relevant according to §§185-187 StGB)\n\n\nAccording to this decision schema, decide whether the following text is criminally revant according to §§185-187 StGB (Defamatory Offense). Answer only with 'True' (criminally relevant according to §§185-187 StGB) or 'False' (not criminally relevant according to §§185-187 StGB).""}, {""role"": ""user"", ""content"": ""Völlig verblödet die alte.. Ich wechsel die Straßenseite, so wie es geht, wenn mir sowas entgegen kommt..""}]",1,FN
1134249383280150,"Gute idee, Merkel! Lern ruhig mal einen kennen! Fahr einfach nachts ein paar mal OHNE Security durch Berlin Neukölln. ...geh doch einfach mal nachts alleine über den Platz am Kottbusser Tor! Da lernst du gleich Dutzende deiner Kulturbereicherer kennen! !! Oder...oder noch besser : Lade einfach mal ein paar zu dir nach Hause ein! Schenke denen eine wohnung ! Verzichte auf ein Großteil deines Geldes und saniere damit die Wohnung....
Schau dir an, was sie mit gesendeten Lebensmitteln machen und frage sie, was sie von schwulen , lesben und Christen halten. ...
Merkel. ...du bist das LETZTE! Du hast keine Ahnung, bist von deiner utopischen Idee total verblendet ...
Und völlig Realitätsfremd! Es ist ja SO leicht da oben auf dem Tron zu sitzen, wo man genug Kohle hat und in Sicherheit ist....da lebt sich's ganz gut, was? Bleib von mir aus gerne da....aber halt die Klappe und hör auf so zu tun als hättest du IRGEND EINE AHNUNG von dem was in Deutschland so passiert!!!! Ich spucke auf dich,  Angie!",True,False, False,"[{""role"": ""system"", ""content"": ""You are a legal expert for defamatory offenses according the the German Criminal Code (§§185-187 StGB). Help the user decide whether given posts fall within in the scope of these articles.""}, {""role"": ""user"", ""content"": ""Step 1: A defamatory object can be a living individual, a group of persons that is distinguishable from the general public such that every member of that group could feel their honor is infringed or collective entities such as governments or press companies with a recognised social role and who act with a collective, single will.\nIs there a defamatory object in this statement? \nNo → STOP (NOT criminally relevant according to §§185-187 StGB)\nYes → Step 2\n\nStep 2: A disparaging statement is a statement which interferes with the potential victim's right to honour. It is already fulfilled by expressing contempt or disrespect through the allegation of shortcomings that could reduce the victim’s social standing.\nIs there a disparaging statement directed towards the defamatory object?\nNo → STOP (NOT criminally relevant according to §§185-187 StGB)\nYes → Step 3\n\nStep 3: A factual claim is a stetement that can be proven to be true or untrue in front of a court. A value judgment constitutes and expression of personal opinions.\nIs it primarily a value judgement and NOT primarily a factual claim?\nNo → STOP (NOT criminally relevant according to §§185-187 StGB)\nYes → Step 4\n\nStep 4: An abusive insult is a statement that constitutes breaking a taboo by itself and intends only the defamation of the victim without any substantiated contribution.\nIs the statement an abusive insult?\nYes → STOP (criminally RELEVANT according to §§185-187 StGB)\nNo → Step 5\n\nStep 5: A statement is of public interest if it contains a contribution to the public discourse with respect to a particular relevant topic of public interest.\nIs the statement of public interest?\nYes → STOP (NOT criminally relevant according to §§185-187 StGB)\nNo → Step 6\n\nStep 6: A statement is considered abusive criticism if it goes beyond plausible criticism by primarily intending to abusively offend the victim, hereby neglecting a substantiated contribution.\nIs the statement abusive criticism?\nYes → STOP (criminally RELEVANT according to §§185-187 StGB)\nNo → STOP (NOT criminally relevant according to §§185-187 StGB)\n\n\nAccording to this decision schema, decide whether the following text is criminally revant according to §§185-187 StGB (Defamatory Offense). Answer only with 'True' (criminally relevant according to §§185-187 StGB) or 'False' (not criminally relevant according to §§185-187 StGB).""}, {""role"": ""user"", ""content"": ""Gute idee, Merkel! Lern ruhig mal einen kennen! Fahr einfach nachts ein paar mal OHNE Security durch Berlin Neukölln. ...geh doch einfach mal nachts alleine über den Platz am Kottbusser Tor! Da lernst du gleich Dutzende deiner Kulturbereicherer kennen! !! Oder...oder noch besser : Lade einfach mal ein paar zu dir nach Hause ein! Schenke denen eine wohnung ! Verzichte auf ein Großteil deines Geldes und saniere damit die Wohnung....\r\nSchau dir an, was sie mit gesendeten Lebensmitteln machen und frage sie, was sie von schwulen , lesben und Christen halten. ...\r\nMerkel. ...du bist das LETZTE! Du hast keine Ahnung, bist von deiner utopischen Idee total verblendet ...\r\nUnd völlig Realitätsfremd! Es ist ja SO leicht da oben auf dem Tron zu sitzen, wo man genug Kohle hat und in Sicherheit ist....da lebt sich's ganz gut, was? Bleib von mir aus gerne da....aber halt die Klappe und hör auf so zu tun als hättest du IRGEND EINE AHNUNG von dem was in Deutschland so passiert!!!! Ich spucke auf dich,  Angie!""}]",0,FN
1134498439921911,Das haben schon viele und sie haben mit ihren Tot dafür bezahlt. Und kleine Kinder wurden und werden vergewaltigt du VOLKSVERRÄTERIN,False,True, True,"[{""role"": ""system"", ""content"": ""You are a legal expert for defamatory offenses according the the German Criminal Code (§§185-187 StGB). Help the user decide whether given posts fall within in the scope of these articles.""}, {""role"": ""user"", ""content"": ""Step 1: A defamatory object can be a living individual, a group of persons that is distinguishable from the general public such that every member of that group could feel their honor is infringed or collective entities such as governments or press companies with a recognised social role and who act with a collective, single will.\nIs there a defamatory object in this statement? \nNo → STOP (NOT criminally relevant according to §§185-187 StGB)\nYes → Step 2\n\nStep 2: A disparaging statement is a statement which interferes with the potential victim's right to honour. It is already fulfilled by expressing contempt or disrespect through the allegation of shortcomings that could reduce the victim’s social standing.\nIs there a disparaging statement directed towards the defamatory object?\nNo → STOP (NOT criminally relevant according to §§185-187 StGB)\nYes → Step 3\n\nStep 3: A factual claim is a stetement that can be proven to be true or untrue in front of a court. A value judgment constitutes and expression of personal opinions.\nIs it primarily a value judgement and NOT primarily a factual claim?\nNo → STOP (NOT criminally relevant according to §§185-187 StGB)\nYes → Step 4\n\nStep 4: An abusive insult is a statement that constitutes breaking a taboo by itself and intends only the defamation of the victim without any substantiated contribution.\nIs the statement an abusive insult?\nYes → STOP (criminally RELEVANT according to §§185-187 StGB)\nNo → Step 5\n\nStep 5: A statement is of public interest if it contains a contribution to the public discourse with respect to a particular relevant topic of public interest.\nIs the statement of public interest?\nYes → STOP (NOT criminally relevant according to §§185-187 StGB)\nNo → Step 6\n\nStep 6: A statement is considered abusive criticism if it goes beyond plausible criticism by primarily intending to abusively offend the victim, hereby neglecting a substantiated contribution.\nIs the statement abusive criticism?\nYes → STOP (criminally RELEVANT according to §§185-187 StGB)\nNo → STOP (NOT criminally relevant according to §§185-187 StGB)\n\n\nAccording to this decision schema, decide whether the following text is criminally revant according to §§185-187 StGB (Defamatory Offense). Answer only with 'True' (criminally relevant according to §§185-187 StGB) or 'False' (not criminally relevant according to §§185-187 StGB).""}, {""role"": ""user"", ""content"": ""Das haben schon viele und sie haben mit ihren Tot dafür bezahlt. Und kleine Kinder wurden und werden vergewaltigt du VOLKSVERRÄTERIN""}]",3,FP
1152544654783956,Awo ....Arschlöcher ..,False,True, True,"[{""role"": ""system"", ""content"": ""You are a legal expert for defamatory offenses according the the German Criminal Code (§§185-187 StGB). Help the user decide whether given posts fall within in the scope of these articles.""}, {""role"": ""user"", ""content"": ""Step 1: A defamatory object can be a living individual, a group of persons that is distinguishable from the general public such that every member of that group could feel their honor is infringed or collective entities such as governments or press companies with a recognised social role and who act with a collective, single will.\nIs there a defamatory object in this statement? \nNo → STOP (NOT criminally relevant according to §§185-187 StGB)\nYes → Step 2\n\nStep 2: A disparaging statement is a statement which interferes with the potential victim's right to honour. It is already fulfilled by expressing contempt or disrespect through the allegation of shortcomings that could reduce the victim’s social standing.\nIs there a disparaging statement directed towards the defamatory object?\nNo → STOP (NOT criminally relevant according to §§185-187 StGB)\nYes → Step 3\n\nStep 3: A factual claim is a stetement that can be proven to be true or untrue in front of a court. A value judgment constitutes and expression of personal opinions.\nIs it primarily a value judgement and NOT primarily a factual claim?\nNo → STOP (NOT criminally relevant according to §§185-187 StGB)\nYes → Step 4\n\nStep 4: An abusive insult is a statement that constitutes breaking a taboo by itself and intends only the defamation of the victim without any substantiated contribution.\nIs the statement an abusive insult?\nYes → STOP (criminally RELEVANT according to §§185-187 StGB)\nNo → Step 5\n\nStep 5: A statement is of public interest if it contains a contribution to the public discourse with respect to a particular relevant topic of public interest.\nIs the statement of public interest?\nYes → STOP (NOT criminally relevant according to §§185-187 StGB)\nNo → Step 6\n\nStep 6: A statement is considered abusive criticism if it goes beyond plausible criticism by primarily intending to abusively offend the victim, hereby neglecting a substantiated contribution.\nIs the statement abusive criticism?\nYes → STOP (criminally RELEVANT according to §§185-187 StGB)\nNo → STOP (NOT criminally relevant according to §§185-187 StGB)\n\n\nAccording to this decision schema, decide whether the following text is criminally revant according to §§185-187 StGB (Defamatory Offense). Answer only with 'True' (criminally relevant according to §§185-187 StGB) or 'False' (not criminally relevant according to §§185-187 StGB).""}, {""role"": ""user"", ""content"": ""Awo ....Arschlöcher ..""}]",1,FP
1387018993718923264,@ahmad_omeirate @PRossberg Ja klar bester Podcast. Wenn deren lügen schon aufgedeckt wurden und du immer noch bester Podcast schreibst du Möchtegern kanake,True,False, False,"[{""role"": ""system"", ""content"": ""You are a legal expert for defamatory offenses according the the German Criminal Code (§§185-187 StGB). Help the user decide whether given posts fall within in the scope of these articles.""}, {""role"": ""user"", ""content"": ""Step 1: A defamatory object can be a living individual, a group of persons that is distinguishable from the general public such that every member of that group could feel their honor is infringed or collective entities such as governments or press companies with a recognised social role and who act with a collective, single will.\nIs there a defamatory object in this statement? \nNo → STOP (NOT criminally relevant according to §§185-187 StGB)\nYes → Step 2\n\nStep 2: A disparaging statement is a statement which interferes with the potential victim's right to honour. It is already fulfilled by expressing contempt or disrespect through the allegation of shortcomings that could reduce the victim’s social standing.\nIs there a disparaging statement directed towards the defamatory object?\nNo → STOP (NOT criminally relevant according to §§185-187 StGB)\nYes → Step 3\n\nStep 3: A factual claim is a stetement that can be proven to be true or untrue in front of a court. A value judgment constitutes and expression of personal opinions.\nIs it primarily a value judgement and NOT primarily a factual claim?\nNo → STOP (NOT criminally relevant according to §§185-187 StGB)\nYes → Step 4\n\nStep 4: An abusive insult is a statement that constitutes breaking a taboo by itself and intends only the defamation of the victim without any substantiated contribution.\nIs the statement an abusive insult?\nYes → STOP (criminally RELEVANT according to §§185-187 StGB)\nNo → Step 5\n\nStep 5: A statement is of public interest if it contains a contribution to the public discourse with respect to a particular relevant topic of public interest.\nIs the statement of public interest?\nYes → STOP (NOT criminally relevant according to §§185-187 StGB)\nNo → Step 6\n\nStep 6: A statement is considered abusive criticism if it goes beyond plausible criticism by primarily intending to abusively offend the victim, hereby neglecting a substantiated contribution.\nIs the statement abusive criticism?\nYes → STOP (criminally RELEVANT according to §§185-187 StGB)\nNo → STOP (NOT criminally relevant according to §§185-187 StGB)\n\n\nAccording to this decision schema, decide whether the following text is criminally revant according to §§185-187 StGB (Defamatory Offense). Answer only with 'True' (criminally relevant according to §§185-187 StGB) or 'False' (not criminally relevant according to §§185-187 StGB).""}, {""role"": ""user"", ""content"": ""@ahmad_omeirate @PRossberg Ja klar bester Podcast. Wenn deren lügen schon aufgedeckt wurden und du immer noch bester Podcast schreibst du Möchtegern kanake""}]",2,FN
1391698284826275840,"Bei dieser Drachenlord Haider Affäre hab ich mich fein rausgehalten. Verstehe nicht wieso die Leute schockiert sind, dass einer wieder ZDK der aussieht, als wären seine Chromosomen im Kern behindert und additional auftretend, ein dummer Hurensohn ist.",True,False, False,"[{""role"": ""system"", ""content"": ""You are a legal expert for defamatory offenses according the the German Criminal Code (§§185-187 StGB). Help the user decide whether given posts fall within in the scope of these articles.""}, {""role"": ""user"", ""content"": ""Step 1: A defamatory object can be a living individual, a group of persons that is distinguishable from the general public such that every member of that group could feel their honor is infringed or collective entities such as governments or press companies with a recognised social role and who act with a collective, single will.\nIs there a defamatory object in this statement? \nNo → STOP (NOT criminally relevant according to §§185-187 StGB)\nYes → Step 2\n\nStep 2: A disparaging statement is a statement which interferes with the potential victim's right to honour. It is already fulfilled by expressing contempt or disrespect through the allegation of shortcomings that could reduce the victim’s social standing.\nIs there a disparaging statement directed towards the defamatory object?\nNo → STOP (NOT criminally relevant according to §§185-187 StGB)\nYes → Step 3\n\nStep 3: A factual claim is a stetement that can be proven to be true or untrue in front of a court. A value judgment constitutes and expression of personal opinions.\nIs it primarily a value judgement and NOT primarily a factual claim?\nNo → STOP (NOT criminally relevant according to §§185-187 StGB)\nYes → Step 4\n\nStep 4: An abusive insult is a statement that constitutes breaking a taboo by itself and intends only the defamation of the victim without any substantiated contribution.\nIs the statement an abusive insult?\nYes → STOP (criminally RELEVANT according to §§185-187 StGB)\nNo → Step 5\n\nStep 5: A statement is of public interest if it contains a contribution to the public discourse with respect to a particular relevant topic of public interest.\nIs the statement of public interest?\nYes → STOP (NOT criminally relevant according to §§185-187 StGB)\nNo → Step 6\n\nStep 6: A statement is considered abusive criticism if it goes beyond plausible criticism by primarily intending to abusively offend the victim, hereby neglecting a substantiated contribution.\nIs the statement abusive criticism?\nYes → STOP (criminally RELEVANT according to §§185-187 StGB)\nNo → STOP (NOT criminally relevant according to §§185-187 StGB)\n\n\nAccording to this decision schema, decide whether the following text is criminally revant according to §§185-187 StGB (Defamatory Offense). Answer only with 'True' (criminally relevant according to §§185-187 StGB) or 'False' (not criminally relevant according to §§185-187 StGB).""}, {""role"": ""user"", ""content"": ""Bei dieser Drachenlord Haider Affäre hab ich mich fein rausgehalten. Verstehe nicht wieso die Leute schockiert sind, dass einer wieder ZDK der aussieht, als wären seine Chromosomen im Kern behindert und additional auftretend, ein dummer Hurensohn ist.""}]",1,FN
