,description,final_label,step_c_d_choice,step_e_choice,step_f_choice,step_g_choice,step_h_choice,step_i_choice,id,DEF
0,Islamische Ideologen und Hassprediger gehören nicht nach Deutschland. Keine Bühne für deren Menschenverachtung und Rassismus.,False,False,none,none,none,none,none,1106280639410358,False
1,Wir haben die Rechts-Faschichten und wir haben die Links-Faschichten(Extremisten)! Also braunes und schwarzes Pack! Alle beiden Lager ab in die Wüste!,False,False,none,none,none,none,none,972278059477284,False
3,"Ansichten diskutieren ist eine Sache, unsinniges monotones Gewäsch ohn die Grundlage jeglicher Lebenserfahrung und Hirn ablassen, die andere...Grönermeier ist der Musiker der CDU, jeder Idiot findet ihn gut,,,deswegen ist es besser wenn keiner von Pegida dieser Schwuchtel zuhört, sorry",True,True,True,True,False,False,True,856914051013686,True
4,hier merkt man wieder das die Linke Brut kein Gehirn hat,False,False,none,none,none,none,none,1108091079229314,False
5,"Guten Morgen, jeder der über folgenden Vorfall schon irgendwo las, wusste woher der Wind weht, eine ""Gruppe Jugendlicher"" bzw. ""eine Gruppe junger Männer"" verprügelte einen gewissen Marcel Rohrlack, den Sprecher der Grünen Jugend in München.

Nach dem Besuch des CSD, bei dem er als Frau verkleidet war, traf er die Bereicherer, bzw. sie trafen ihn.

Nun sind wir weit entfernt davon, schadenfreudig zu sein, es gibt keinerlei Rechtfertigung dafür, was ihm passiert ist, aber wer denkt Herr Rorlack zöge die richtigen Schlüsse, weit gefehlt, schaut Euch den Link an und staunt. 

http://www.pi-news.net/2015/07/muenchen-gruene-transe-von-kulturbereicherern-verpruegelt-afd-ist-schuld/#more-471024

Ein Auszug aus dem Text von www.pi-news.net 

(...)Als diese Woche die deutschen Medien berichteten, Marcel Rohrlack, der Sprecher der Grünen Jugend in München sei nach dem Besuch des CSD, bei dem er als Frau verkleidet war, von einer „Gruppe junger Männer“ geschlagen worden, gab es zuerst keine konkrete Täterbeschreibung. Diese wurde jetzt von der Polizei nachgereicht und nun ist klar, was eigentlich bei dieser fehlenden Täterbeschreibung jedem noch wirklich Denkenden schon die ganze Zeit dämmerte: „Südländer“ waren die eifrigen Überbringer von Kulturgut in Form eines Schlages, der Rohrlack die Brille zerstörte, ein blaues Auge und eine Wunde hinterließ, die genäht werden musste.

Inzwischen gab es eine Solidaritätsdemo für den Grünen und jede Menge Empörung von grün bis rot, durch alle Medien und auch wieder zurück – ohne freilich auch nur ansatzweise die Ursache jener sogenannten Homophobie zu diskutieren, die die Kulturschätzchen veranlasst hat, einem Unterstützer von Islamisierung und Masseneinwanderung das Dankesgeschenk eines Veilchens zu machen.(...)

#PEGIDA #DresdnerThesen #München #Einzelfall",False,False,none,none,none,none,none,951674248204332,False
7,Nicht gegen Ausländer. Gegen Islamismus und die Zerstörung unserer Kultur. Gegen Ausländer hat keiner was bin ja selbst einer,False,False,none,none,none,none,none,857820274256397,False
8,"Das glaub ich nicht das dem linken Dreckspack was passiert,die stehen unter Naturschutz!!",False,False,none,none,none,none,none,885886221449802,False
9,"pro PEGIDA, und Sie kommen nur mit Dingen, die Sie eigentlich besser wissen müssten/sollten. Anscheinend haben die Moslems doch teilweise Recht und sperren ein, oder verhüllen ihre Frauen, bis sie sie dann mal ""benötigen"".",False,False,none,none,none,none,none,856834561021635,False
10,Erdomerkel kann nichts dafür sie weiß nicht was sie tut.,False,True,True,True,False,True,True,1134118663293222,False
11,hast gesehen...Frauen schlägt man aus Frust brutal in die Fresse....sorry für die klare Ansage,False,False,none,none,none,none,none,857548644283560,False
12,"Ordnung herstellen, warnen und dann Schußbefehl, eine deutliche Sprache die auch verstanden wird, Gut hin oder her - wir haben es nicht mit notleidenden Menschen zu tun - hier steckt ein religiöser Wahnsinn dahinter - wir müßen und wir wollen uns nicht vereinnehmen lassen - deshalb handeln soweit wir noch dazu in der Lage sind -.",False,False,none,none,none,none,none,982743955097361,False
13,"Hast du Allah in der Birne, ist kein Platz mehrfürs Gehirne...",False,False,none,none,none,none,none,894880870550337,False
14,ich  finde wir sollten nicht an irgendwelchen zahlen festhalten das machen schon die linksgespülten. wichtig ist wir sind auf der straße und man nimmt uns wahr als stachel im fleisch der nation,False,False,none,none,none,none,none,856756991029392,False
15,Ramon De la Perez: Ist ein Internettroll.,False,True,False,none,none,none,none,982693671769056,False
17,"Menschlichkeit gegenüber ECHTE Flüchtlinge und Hilfe ist selbsverständlich.Auch gegen Ausländer aller Colour habe ich nichts , garnichts ! Willkommen ! Gegen Muslime die sich hier nicht anpassen wollen und in Ihrer Islam Welt leben möchten und noch darüber hinaus durch Ihre radikale Ansichten uns gefährden ,MÜSSEN SOFORT ABGESCHOBEN WERDEN ! ist meine Meinung .",False,False,none,none,none,none,none,857935367578221,False
18,"Alle Länder um Deutschland wachen auf, versuchen Ihr Volk zu schützen. Nur bei uns ist der Wahnsinn noch am Merkeln! Ich hoffe das sie dieses Jahr noch gestürzt wird und das dann jemand kommt der für das Deutsche Volk arbeitet!",False,True,False,none,none,none,none,1057707157601040,False
19,Und Du ein Muraddin :) -- Komische Islamisierte Mischpoke Du,True,True,True,True,True,none,none,857644467607311,True
20,"Solange mir solche Trolle wie Du mit einem Fakeprofil schreiben, weiß ich auf der richtigen Seite zu stehen. :-)",False,True,False,none,none,none,none,894852810553143,False
21,"Natürlich müssen sich auch die Osteuropäer anpassen. Wenn ich AktenzeichenXY schaue, sehe ich dort nur Osteuropäische Täter. Die sehen Deutschland als Goldgrube. Auch die müssen sich anpassen.",False,False,none,none,none,none,none,857261437645614,False
22,Versuchs doch hier in Leipzig mal! Da kommen die Linksfaschisten und haun Dir mit nem Pflasterstein oder nem Böller an den Kopf! Und von unserem Herrn Jung und dem tiefroten Polizeipräsidenten werden die Linksfaschisten auch nochmit Polizei unterstützt!#,False,True,False,none,none,none,none,982773525094404,False
23,"Mohamed , von PEGIDA faseln und nichts über linke Gewalt zu erwähnen! Ist ganz arm. Denn diese Linke Gewalt nebelt das Grundgesetz aus und zerstört die Demokratie!!!!",False,True,False,none,none,none,none,885914131447011,False
24,"So schaut's  aus Christoph. Ich plädiere für Dresden als Verhandlungsort. Aber vorher gibt's noch den langen Fussmarsch in Ketten und Stahlkugel am Bein von Berlin nach Dresden. Und damit es richtig spannend wird darf die verarschte Bevölkerung sich seines faulen Obstes ""entledigen"".",False,True,False,none,none,none,none,993931893978567,False
25,"Ramon ist auch einer dieser Internethelden, die im Deckmantel ihres Pseudonyms die große Klappe haben.
Armselig.",False,True,False,none,none,none,none,982680268437063,False
26,"Gerade im ZDF gesehen, die ""Auswanderer"" haben die Polizei angegriffen !!! Sie bringen ihre Religion, ihre Kultur und ihre Gewaltbereitschaft (vor der sie ja gerade fliehen) mit !! Da hilft nur Abschreckung. Siehe Australien !! Sonst endet das im Untergang des Abendlandes :(",False,False,none,none,none,none,none,982664155105341,False
28,Leute merkt euch diese awo Dreckfressen. Eines Tages gibt's vielleicht was aufs Maul.,False,,none,none,none,none,none,1152508174787604,False
29,sag mal bisst du so hässlich oder warum zeigst du nicht dein gesicht ? oder ist das die neue nurka die du trägst ?,True,True,True,True,False,False,True,856750231030068,True
30,"Ich hab mir das Heut auch im Fernseh angeschaut und hab gedacht ich spinne!! Die Medien reden dieses Verhalten immer noch schön, es waren ja live Bilder und ich schwöre Euch ich sah weder wirklich Frauen noch Kinder nur Männer die dreckig in die Kammera grinsen und gewaltätig sind!! Ich hab immer gesagt Menschen die wirklich in Not sind sollte man Helfen aber das ist kein Spass mehr!! Langsam sollten sogar die letzten Gutmenschen merken das was uns ""Mutti"" ins Land geholt hat zu 80% nichts mit Kriegsflüchtlingen und traumatisierten Familien zu tun hat!!! Wer mir das jetzt noch erzählen will leidet unter Realitätsverlust!!! Merkel und der Rest dieser Verbrecher macht Deutschland kaputt!!",False,True,True,True,False,True,False,982801071758316,False
32,Verpiss dich mit deinem fake account. ..troll wo anders rum.,False,True,False,none,none,none,none,856756301029461,False
34,"Und kann gleich ihre ""Fachkräfte"" mitnehmen.",False,,none,none,none,none,none,994290803942676,False
35,"Es war die AfD. Oder Nazis, Aber von der AfD angestifftet.",False,False,none,none,none,none,none,951870438184713,False
36,Merkel ist nicht unsere Bundeskanzlerin sondern der neue Nazi Führer......,False,True,True,True,False,True,True,856797207692037,False
37,Heinz Reinhardt Nur ein idiot merkt es nicht das die nicht Deutsche im lande sich gut eingenestet haben und es past ihnen garnicht das Der Deutsche (Nazi) meckert,False,True,True,True,False,True,False,1012034585501631,False
38,http://www.presseportal.de/blaulicht/pm/19027/3178920 wieder Rudelangriff von Merkels Neudeutschen auf junge Frau,False,False,none,none,none,none,none,1010701945634895,False
39,Shirin 1993 sollingen rechtsradikale  verbrennen  ein Mehrfamilienhaus  haus 5 tote  jüngstes  opfer  erst drei jahre  alt!!Wer  ist schuld  alle deutsche?Nein!was du hier machst ist ein dreckiges spielchen!! Weiss  du auch warum weil diese schreckliche tat interessiert  dich nur weil du den nazi aus dir raushängen lassen  kannst!!das arme Mädchen  hätte dich sonst nicht mal gejuckt!!!ps. Lese mal richtig die  zeitung  dein deutscher Landsmann  wollte schon immer mal ein menschen brennen sehn also einer der mörder von maria!!!!eonfach nur pervers,False,True,False,none,none,none,none,858008004237624,False
40,"und ""rein zufällig"" sind auch wieder Horden von Journalisten anwesend...Alle ""Aktivisten"" festnehmen und einsperren. Die Flüchtlinge kommen von alleine gar nicht auf solche bescheuerten Ideen...",False,False,none,none,none,none,none,1096051000433322,False
41,Pegida hat Die provoziert und LÜGEN noch gar nicht gelesen. Oder aus dem Zusammenhang gerissen. Und absichtlich falsch interpretiert.,False,,none,none,none,none,none,935256856512738,False
42,Merkel  ist GRÖßTE SCHANDE IN GERMANY GESCHICHTE UND SIE IST NICHT ALLEIN NUR MIT GANZEN  BUNDESTAG UND VERFASUNG VERRÄTER RICHTER,True,True,True,True,True,none,none,1055356674502755,True
43,"Das ist so typisch. Diese Machohaltung ist doch bald nicht mehr zu ertragen. Die kleinen Jungen werden schon so machomässig erzogen. Das erlebe ich immer wieder z. B. beim Einkaufen. Rüpelhaft, schlechtes Benehmen und die Mütter stehen daneben und sagen nichts. Grrrrrrrrrr!",False,False,none,none,none,none,none,856855447686213,False
44,"Das is lachhaft und primitiv...
Ausgerechnet die ey... Da sind kaum kompetenzen am werk...überwigend 2jahre eingestellte billigkräfte die der bevölkerung die hilfe verweigern und gesetzeswiderig handeln aber migranten den arsch vergolden...selber kein fachwissen am start aber aufmucken und wie so n dummes gör  auf andere zeigen die hingegen NIEMANDEM  schaden oder sich dran bereichern... 

Lachflash.... Also der artikel wird bei mir im kalender als witz des tages makiert... Lol...",False,,none,none,none,none,none,876304525741305,False
45,fränkchen du schimmelmöse wattis denn da los fühlst du dich angegriffen? denk an meine worte: pegida geht unter!,True,True,True,True,False,False,True,857518137619944,True
46,Bald kommt die Asylanten Gewerkschaft !!!,False,False,none,none,none,none,none,885895764782181,False
47,"Das ist mir auch aufgefallen, meisten sind es junge Frauen, die noch grün sind. Vielleicht gehören die zu den versprochenen 77 Jungfrauen.",False,False,none,none,none,none,none,856806847691073,False
48,"Jetzt sieht man das wahre Gesicht der armen Flüchtlinge !!! Wenn's nicht läuft terror machen !!
Und sowas holt unsere Regierung freiwillig ins Land ...unglaublich",False,True,False,none,none,none,none,982646241773799,False
49,"Was ich an Merkels Stelle oder der eines neuen Kanzlers tun würde? 

Gesetze würde ich klipp und klar einhalten und diese nicht brechen. Ich würde diese weit über 600000 im Januar diesen Jahres bereits Ausreisepflichtigen sofort medienwirksam außer Landes bringen.
Die Grenzen würde ich dichtmachen und kontrollieren und bewachen, so dass von den Ausgewiesenen und auch sonst niemand unberechtigt (wieder-)einreist.

In der DDR lebten bsplw. Vietnamesen, Kubaner , Deutsche problemlos miteinander. Keiner musste Angst vor aggressiven Gewalttaten haben. Die Kinder konntest Du stundenlang alleine raus in Stadt und Land lassen. Die waren spätestens beim Hunger wieder am Tisch. Alles entspannt.

Die Grenzen waren ab 1989 auch für DDR-Bürger in alle Richtungen offen, aber weiterhin nach außen bewacht. Das war in Ordnung so und das deutsche Volk geschützt.
Erst mit dem Schengen-Abkommen wurden den Diebesbanden usw. Tor und Tür ungebremst geöffnet.
Die deutschen Außengrenzen konnten jahrhundertelang erfolgreich geschützt und bewacht werden.
Lasst Euch keine Märchen erzählen, dass die nicht geschützt werden können.
Bundeswehr, Bundespolizei, Reservisten, Freiwillige und unfreiwillig verpflichtete Menschen (tageweise) könnten die Grenzen wieder aufbauen und bewachen.

Lieber gutgläubiger Mitmensch, wir kämpfen auch für Deine sichere Zukunft. Du erkennst leider die Tragweite der kurz- und mittelfristigen Gefahren für Dich und Deine Mitmenschen nicht, wie es scheint.",False,,none,none,none,none,none,1011570478881375,False
50,"Kein Angst, wenn das Drecksging steht renne ich mit Dynamit rein!",False,False,none,none,none,none,none,1105882786116810,False
51,Gleich alle grün und blau schlagen was anderes kennen die doch nicht .,False,False,none,none,none,none,none,1095900310448391,False
52,"Welches Land hat denn 1953 im Iran ein Putsch mit Hilfe des Geheimdienstes CIA durchgeführt? Die USA! Seit 1953 bomben die jedes Land in Nahen Osten in Grund und Boden und finanzieren Milizen, die dann zu Terrororganisation werden. 550 Milliarden Dollar setzt die Rüstungsindustrie der USA jährlich um. Die wollen doch gar keinen Frieden auf der Welt. Je mehr es knallt, desto mehr kann dieses insolvente Land an Kohle abzweigen. Schickt die ganzen Flüchtlinge doch mal zu den Amis. Mal gucken wie es dann im nahen Osten weitergeht.",False,False,none,none,none,none,none,1055245557847200,False
53,"Du sagst es. Pegida ist eine Bürgerbewegung. Die Menschen haben kein Vertrauen in Parteien, deswegen wäre es meiner Meinung nach der falsche Weg eine Partei zu gründen. Vertrauen beruht auf Mitspracherecht - eine Partei hat in unserer heutigen Politiklandschaft ein Wahlprogramm. Das aber nur den geringsten Teil der eigentlichen Aktionen und Entscheidungen widerspiegelt. Oder welche Partei hatte im Wahlprogramm den Punkt: Waffenlieferung an andere Länder, um Kriege zu unterstützen und die Kollateralschäden (Kriegsflüchtlinge, Verletzte...) ins eigene Land zu importieren...?",False,False,none,none,none,none,none,935471979824559,False
54,Ich suche schon ewig Arbeit und solche beschissenen Ausländer Pakis werden eingestellt. Was is das für ne beschissene Theorie????,False,False,none,none,none,none,none,876247789080312,False
55,"Herr Toden...usw packen sie ihr Ränzel schnappen sich ihre 6 Mill. Moslemfreunde und wandern sie bitte in die islamische Welt aus. Bitte bereichern sie Saudi Arabien mit ihren "" Weisheiten"". Deutschland, aber auch Europa braucht keine Todenh... usw.",False,True,False,none,none,none,none,894666533905104,False
56,"Schleuser brachte Flüchtlinge nach Deutschland
Bei den Iranern handelt es sich offenbar um Flüchtlinge, die mit Hilfe eines Schleusers nach Deutschland gelangt sind......................Wie es mit den Flüchtlingen und dem Schleuser nun weitergeht, ist derzeit noch unklar...................... die armen armen flüchtlinge wohnen im hotelzimmer ...traurig ;-) (keine gutmenschen mehr in münchen, die sie aufnehmen könnten?)",False,False,none,none,none,none,none,1011600738878349,False
57,Die sehn ja sowas von kriegstraumatisiert aus das einen das k...kommt !!!!,False,False,none,none,none,none,none,1096101507094938,False
59,"Linke haben Deutschland auch nicht voran gebracht.  Eher in den Abgrund. ..
Die goldene Mitte ist das Stichwort auch wenn in der Politik fast alles Links Grün versifft ist",False,False,none,none,none,none,none,888195264552231,False
60,"Michael Diez-Hammer Lummel ??? Ihr macht euch hier sowas von lächerlich, das ihr euch nicht dumm vorkommt zumal ihr es ja auch augenscheinlich seid. Der Herr Diez mit seinen immer gleichen Kommentaren möchte als sehr intellektuell gebildet erscheinen und meint er steht über den Dingen und die Meinung anderer ins lächerliche ziehen ...!!! Und der andere Hammel sollte sich erstmal schlau machen was ""Feuer Frei"" noch bedeuten könnte und somit jeder Klage standhält. Was für arme Würstchen ihr doch seid...!!!",True,True,True,True,False,False,True,982803365091420,True
61,"Da den verbloedeten Linksversifften nie irgendwelche guten Gegenargumente einfalllen, weissen sie fuer gewoehnlich auf voellig themenirrelevante Themen wie Rechtschreibung oder Grammatik hin.",False,False,none,none,none,none,none,961014363936987,False
63,Ist das nicht die Ultima Ratio ? also gebrauch von Schusswaffen nötig ? ;),False,False,none,none,none,none,none,1107843055920783,False
64,"Welche Studie sagt, dass die Ärzte, Ingenieure und Architekten, den Bildungsstand eines Viertklässlers haben.",False,False,none,none,none,none,none,994185507286539,False
65,"solange es die mauer gab waren wir die antifaschisten, ihr seid nur ein armseeliger haufen.",False,False,none,none,none,none,none,858380064200418,False
66,"das Pack,die Mischpoke,die Dunkeldeutschen,die welchen man nicht vertrauen darf,denen man nicht folgen soll,werden immer mehr.
Die Reihen der selbsternannter Zivilgesellschaft ,die Guten,die Ehrenhaften derden immer löchriger,hatten wir 89 schon mal,irgendwie.",False,False,none,none,none,none,none,1013018932069863,False
67,mitbürger/ innen???? jetzt fangt ihr auch schon mit diesem schwachsinn an!,False,False,none,none,none,none,none,856758237695934,False
68,Fordert endlich Volksabstimmung über den Asylscheis,False,False,none,none,none,none,none,945853278786429,False
69,"Genügend Braun und einen weiblichen Muhammedname??dann läufts.Iphone ,Wohnung (oder Zelt) Koch und Putzpersonal.Schwimmkurse ,Grillabende bei der Kirche,Fussballspiele und und und alles kein Problem mehr.Sehr gut aussehende Fahrräder gibts vielleicht auch noch.Gestern erst 2 gesehen.",False,False,none,none,none,none,none,960909320614158,False
70,kein einziger hartz4 empfänger bekommt zu kostenlosem wohnen und kostenlosem essen noch 340.- euro taschengeld - keiner!!!! wieso steht das diesen ...... zu ?,False,False,none,none,none,none,none,1111489462222809,False
71,Die lächerliche Anzeige wegen des Mistgabelsatzes wird auf dem Misthaufen der Gerichte landen - sprich: Einstellung wegen Geringfügigkeit. Alles andere ist primär.,False,False,none,none,none,none,none,1043589502346139,False
72,"Man sieht doch wie verlogen die Pegida-Organisatoren sind: Erst tritt Lutz Bachmann angeblich zurück. Heute stellt sich heraus, dass Frau Oertel deswegen zurücktritt, weil Lutz Bachmann nicht zurückgetreten ist und immer noch im Hintergrund die Fäden in der Hand hält. Was für ein schäbiger Haufen. Und die nennen sich Verteidiger des Abendlandes. Und Ihr rennt ihnen auch noch hinterher.",False,True,True,True,False,True,False,858400670865024,False
73,"Ich würd die ins Arbeitslager stecken wo sie Fertighäuser bauen  für Obdachlose,aber in einem 1 A Zustand.",False,False,none,none,none,none,none,1107838659254556,False
74,"Wie soll das enden? Naher Osten destabllisiert, der Osten auch, und jetzt Europa.
Meine Meinung nicht das Volk, sondern das System muss ausgetauscht werden.",False,False,none,none,none,none,none,856753931029698,False
75,"Pegida muss sich sofort von diesem Lutz Bachmann trennen. Das anmassende Verhalten dieses vorbestraften Wichtigtuers ist peinlich fuer ganz Deutschland. Sollte Pegida diesem Mann keinen Tritt in den Hintern verpassen und evtl. anderen voellig unfaehigen Personen auch , dann hat Pegida keinerlei Daseinsberechtigung mehr.Dann wuerde Pegida in keinster Weise mehr fuer das Volk sprechen.",False,True,False,none,none,none,none,885486088156482,False
76,Dafür sind Roten Schweine und grüne Kinderficker Partei verantwortlich im Bundesrat.,True,True,True,True,True,none,none,952158638155893,True
77,"Herr Kriese . Man könnte aber auch diese ganze (kriminelle) Energie für Veränderungen im eigenen Land einsetzen.  Immerhin reicht ein verbünden dieser ""traumatisierten"" Menschen ja auch dafür aus um ihre, mit Verlaub, schmarotzerhaften Forderungen durchzusetzen.",False,True,False,none,none,none,none,1096026103769145,False
78,zuwas braucht man eigene Fachkräfte ? Die werden doch importiert ! ;-),False,False,none,none,none,none,none,882033291835095,False
79,",,,,ist doch normal das immer was gefunden wird .Mit der Zahl der Neuankömmlinge steigt auch die Wahrscheinlichkeit eines ehrlichen Finders. Es müssen also seeeeehr viele Neuankömmlinge sein ?",False,False,none,none,none,none,none,1065154363522986,False
80,Über die Ossis damals gemault! Die schwarzen willkommen heißen! Ihr seid ja Bazis,False,,none,none,none,none,none,946609042044186,False
81,"So viel zur Integration und Vermittlung deutscher Werte. Da die neuen Bürger überhaupt kein Weinachten feiern, muss doch auch nichts geändert werden.",False,False,none,none,none,none,none,1012235318814891,False
82,"Britta Müller So wie bei Dir die Rechtschreibschwäche, mal abgesehen von den anderen Schwächen die Du besitzt...",False,True,False,none,none,none,none,1056531561051933,False
83,"Wenn Heino noch paar Haare hätte, dann wären sie auch blond. Warum: Die Wahrscheinlichkeit, dass doofe Menschen blond sind, ist recht hoch. ;-)",True,True,True,True,False,False,True,963599823678441,True
84,die solln im eigenem land kämpfen - brauchen nicht so weit reisen um unruhe zu stiften,False,False,none,none,none,none,none,982699331768490,False
86,"Schwulenhaußen ...??? Finger in den Po, Bahnhofsklo ...?",False,False,none,none,none,none,none,1035126343192455,False
87,"Hervorragend , Björn. Diesen Weg der Islamisierung werden wir nicht mitgehn, und daher werden die Islamknechte der altpartei-Mafia Pfründen verlieren. Die AfD wird den Platz einnehmen, die Mafia wird rausgekickt. Laßt euch doch aus USA eure überhöhten Pensionen zahlen ihr Wegelagerer von der Mafia. Laßt euch doch von den Yankees schmieren !! unser geld kriegt ihr nicht mehr ihr Diebe !",False,False,none,none,none,none,none,1121616887876733,False
88,[@IND] wie Du sind der Grund das Deutschland weiterschläft und total verbödet. Spar Dir Deine hirn und sinnlosen Antworten auf meine Posts Du Opfer !!!!,True,True,True,True,False,False,True,857352790969812,True
89,Sowas soll in unseren Land die so ein stress machen abartig diese Horden das sind Menschen  die nix im kop haben weg damit geht nach hause,False,False,none,none,none,none,none,982646015107155,False
90,Erhäng dich Schleicher oder wie auch immer du Pussy heisst tu Deutschland einen gefallen ....Adios,True,True,True,True,True,none,none,1012444858793937,True
91,"je,wo sind die weibsen denn nur,wenn demo war!ich war in aue,mehrfach in chemnitz u dresden u meist sah ich männer!!!!
also,wo sind sie,die frauen mit eiern,die sich politisch interessieren?wo?!einige wenige ausnahmen,denen ich den gleichen respekt entgegenbringe,wie den männern...die meisten damen interessiert das aber trotzdem nicht u da kannst du auf u niederhüpfen,wie du willst...
die dame oben sagte doch selbst,dass sie angst hat,als nazi zu gelten,oder?!es sollte ihr aber scheißegal sein,was andere denken!aber in münchen muss man sich ja gegenseitig was vormachen,als mal allen zu zeigen,hier,dass bin ich u das ist es,was ich denke u fühle u es ist mir egal,ob ihr hinter meinem rücken labert(als wenn die menschen das nicht auch so schon tun würden,ohne das man irgendetwas besonderes tut)

im übrigen stand ich da,als in chemnitz plötzlich gegendemonstranten zwischen uns waren u wir getrennt wurden.da kamen diese nachjacken u wollten einen lächerlichen sturmangriff führen,aber die polizei war da...ich bin bereit,zu kämpfen,wenn wir angegriffen werden!du auch?!
u ja,ich gebe dir in den punkt recht,auch ich  kenne diese typen,die,wenn se was gesoffen haben,erzählen,was sie alles tun würden u es dann nicht mal zu ner demo schaffen,zu der sie 5min weg hätten,zu der ich 45min fahre...u diese maulhuren kotzen mich genauso an,wie diese ignoranten weiber!!!!",False,False,none,none,none,none,none,945922665446157,False
92,"U Bahn schubser war ein deutscher mit Iranischen Wurzeln, wie sollte es auch anders sein http://www.bild.de/regional/berlin/vorsaetzliche-toetung/mann-stoesst-frau-vor-ubahn-44221754.bild.html",False,True,False,none,none,none,none,1044172618954494,False
94,"sehr treffend formuliert,du sprichst mir aus dem Herzen...ich wohne auf dem Land in einem Dorf mit ca. 4 Tausend Einwohner nahe der französischen Grenze, seit etwa einem halben Jahr werden wir hier förmlich von diesen ""Facharbeiter"" überrannt.Kopftücher an jeder Ecke wo man nur hinschaut. Da kommen ganze Sippschaften,das sind alles Großfamilien.Eine davon,die erst vor kurzem in ein altes Haus auf der anderen Straßenseite einzog hat als erstes mit großen Buchstaben das Wort Ramadan auf die Fensterscheibe geschrieben,und das müssen wir alles mit Toleranz und Emphatie so hinnehmen bis zu unserem Untergang,denn das ist alles von unserer Verräterregierung so gewollt.",False,True,False,none,none,none,none,1152539311451157,False
95,"Die zwei Schwuchteln sind doch total verblödet, so wie unsere vor PC und PlayStation vergammelnde junge Generation. Die finden diese Homos auch noch geil! Da sieht man schon, was noch an Hirn vorhanden ist. Eigentlich brauchen wir uns gar nicht um die Zukunft der Deutschen zu sorgen, die sind es nicht mehr wert. Ich habe nur bedenken, dass der Islam sich so schnell ausbreiten wird und mir bald der Kopf abgeschnitten wird!",True,True,True,True,False,False,True,1010835515621538,True
96,"Heute morgen auf Radio Gütersloh: Gestern haben im Kreis Gütersloh 3 Flüchtlinge versucht andere Flüchtlinge für den IS anzuwerben! Konsequenzen: Zur ""Strafe"" wurden die drei in andere Unterkünfte verteilt! Sind die jetzt völlig wahnsinnig geworden? Diese Regierung ist völlig unfähig! Abschieben wäre die richtige Antwort gewesen!",False,True,False,none,none,none,none,1011498575555232,False
97,"Die bekommen doch alles UMSONST.Wir, die Steuerzahler geben denen doch unser Letztes Hemd. Wir die Bürger dieses Staates bezahlen ja ihren Aufenthalt im Land. Die Sozialkassen wurden ja durch die Kanzlerin geöffnet. Sie holte ja die Welt nach Deutschland. Und diese GutMenschen machen wieder Rabatz. Wenn es einen Flüchtling in Deutschland nicht gefällt. Kann er ja gehen. Ab nach Frankreich !!! Nach einen Tag steht dieser wieder an der Grenze. Ich möchte wieder ins Land BITTE BITTE",False,False,none,none,none,none,none,1111325292239226,False
98,Richtig den ZDM sollte man abschaffen.Denn dort finden Terroisten unterschlumpf. Es ist so dass diese Wahnsinnigen erst Ihrer Oberhäuptlinge informieren was Sie vorhaben und die geben den Terroristen den Segen. Und dann setzt sich der Pomadenkopf in Talkshow und behauptet Er wissen von nichts und alle Moslems wären Engel. (Das glauben die Gutmenschen auch). Molsem sollten erst gar nicht im Fernsehen auftreten wenn ich die mit Kopftüscher im DEUTSCHEN Fernsehe sehe.,False,True,False,none,none,none,none,1085547898150299,False
99,"Die letzten Sätze machen mich da wütend ""JUNGE MÄNNER "". 

Warum sind eigentlich die meisten Flüchtlinge junge Männer ?? Weil keine Kinder und Frauen ?? Die hätten es viel mehr nötig. 

Stattdessen holen wir uns solche rein die schon im Heim gewalttätig sind ;) 

Aber das kommt davon wenn man Menschen in ein Land steckt das ihnen 20 Jahre voraus ist. Man lässt auch keinen Wilden Wolf in eine Wohnsiedlung ...",False,False,none,none,none,none,none,882706335101124,False
100,Bananenrepublik Deutsch-Schwarzafrika!',False,False,none,none,none,none,none,995792993792457,False
101,"sie sind es nicht gewöhnt in häusern zu leben,gebt ihnen hölen und erdlöcher.da wohnen sie wie zu hause ;-) und der kulturschock ist nicht so groß",False,False,none,none,none,none,none,857784670926624,False
102,Habe heute maximal pigmentierte u Asiaten gesehen völlig freilaufend ??????,False,False,none,none,none,none,none,857037377668020,False
103,Habe einen Kommentar unter seinen verlogenen Artikel geschrieben. Der wurde nach exakt 3 Min gelöscht. Die Wahrheit verträgt der Volksverhetzer Totenhöfer offensichtlich nicht.,False,True,True,True,False,True,True,894683777236713,False
105,Nicht nah genug für dich!!!geh dahin wo du hergekommen bist und verteile da deine dummen Sprüche .Den das ist eine deutsche Seite.Kameltreiber,True,True,True,True,False,False,True,855148311190260,True
106,Macht die Schotten dicht ! Parasiten abwehren mit allen Mitteln !!!,False,False,none,none,none,none,none,1057946414243781,False
107,"Moe Mac 
Nini hat nicht geschrieben, dass alle Ausländer ihr an die Wäsche wollen, sondern den Frauen grundsätzlich. Das können viele genau so bestätigen. Und sorry, auch nur eine Belästigung ist eine zu viel. In einer solchen Diskussion das Aussehen anzugreifen, ist niveaulos. Du siehst nicht so aus, als ob gerade Du Dir ein solches Urteil erlauben dürftest. 
Im Übrigen geht es nicht darum, wer deutsch ist und wer nicht, sondern darum wer uns ""bereichert"", indem wir für ihn und seine Angehörigen zahlen dürfen, wer nie vor hat, sich in unserem Land zu integrieren und anzupassen oder wirtschaftlich produktiv zu werden und dann auch noch Forderungen stellt und die, die für ihn aufkommen, anpöbelt und angreift, verbal und physisch. Schon mal dran gedacht, wie vielen Deutschen das Geld monatlich hinten und vorne nicht reicht, die keine Zuschüsse und Zugeständnisse wie die Flüchtlinge bekommen, die keine Wünsche bezüglich der Krankenleistungen äussern dürfen, etc etc etc.",False,True,False,none,none,none,none,946595778712179,False
108,Der Vollhorst kann nicht mal Forsa richtig schreiben. Ist wohl mangelnde Allgemeinbildung eines Kerndeutschen,True,True,True,True,False,False,True,951895724848851,True
109,machen aber mit! Noch bescheuerter! Lassen sich erst von Schleppern verarschen und dann von Aktivisten!,False,False,none,none,none,none,none,1096086830429739,False
110,"Immer wieder das gleiche. Sobald einer seine eigene Meinung hat und vertritt, welche nicht den uns auferlegten Gutmenschentum entspricht. Kommen die Geier und stürzen sich auf einen.",False,False,none,none,none,none,none,882254245146333,False
111,"Merkel mentes boldogabb uj Esztendoket kivanunk a Drezda-i igaz embereknek. A gyumolcs beerik, csak turelem.. Tisztelet Drezdanak.!",False,True,False,none,none,none,none,1035104153194674,False
112,"Polen/ Warschau // Hallo Chaos – Refugees, dann würden eure “Triller“ aus der Schnauze fallen ! Seht euch nur die ersten Sekunden an. Mehr könntet ihr sowieso nicht erkennen ! ?  https://www.youtube.com/watch?v=3l_1WthGZQE",False,False,none,none,none,none,none,982856128419477,False
113,und ich hab gelesen 2 schwerkriminelle skinheads geben illegalen sozialschmarozern nachhilfe in deutschunterricht und arbeiten in der grünen antikriegsbewegung und seit neusten helfen sie frau wagenknecht beim plakate kleben,False,False,none,none,none,none,none,1065476646824091,False
114,wegen dem kleinen riss geht der zum arzt. dat is ein WEICHEI,True,True,True,True,False,False,True,951874724850951,True
115,"Blödsinn! Ausser auf der Seite von Udo Ulfkotte im Kopp-Verlag wird in so gut wie allen Zeitungen die türkischstämmige Herkunft des Haupttäters verschwiegen! 
Im MDR hab ich heut im 30min Takt vom Holocaust gehört! Ich kanns nicht mehr hören! Von dem bestialischen Mord an der Maria in den letzten 3 Tagen KEIN EINZIGES MAL!
Wäre das Opfer ein Ausländer wie Khaled wären die Nachrichten voll davon! Ich habs 2 Wochen davor erlebt! Das ist gleichgeschaltete Lügenpresse! 
Und diese Tat ist um Längen brutaler als alles was ich in den letzten Jahren gehöt habe! Wo bleiben die Lichterketten, Tauermärsche, Mahnwachen, wie bei Khaled dem armen Opfer????",False,False,none,none,none,none,none,858028040902287,False
116,"Die kriminalität, Brutalität, Menschenverachtung, etc., die in den Unterkünften herrschen, spiegeln die islamischen Gesellschaften fokussiert wider. 

Unglaublich, dass diese primitiv-archaischen Eindringlinge millionenfach in unserem Land leben.
https://youtu.be/DjjrN0DXBhA",False,False,none,none,none,none,none,1070603156311440,False
118,Helfen gerne aber als Nachbarn nein danke. Wir werden aber dazu gezwungen mit diesen Wandalen Tür an Tür zu wohnen.,False,False,none,none,none,none,none,988264421211981,False
119,"stefan helmke wenn es ginge würdet ihr doch Stalin klonen,das war ein Verbrecher du linkes dumpfhirn",True,True,True,True,False,False,True,856777251027366,True
120,Linksalternativ =  blunsblöde-dumme Schwafler-0 Ahnung von Tuten und Blasen.Einfach nur subhuman,False,False,none,none,none,none,none,987832297921860,False
121,"Die Europäischen Völker haben zwei FEINDE, die neuen Hunnen und die links, grün, rot angehauchten 68er - die sich freuen wenn sie weg gezüchtet werden.",False,False,none,none,none,none,none,993503974021359,False
122,Lehrer sind schon immer Links angehaucht!,False,False,none,none,none,none,none,856766934361731,False
124,ich sehe Deutschland in ein paar Monaten oder Wochen auch so.Diese Muselmänner werden nicht gehen.Ich bin der Meinung man brauch keine Tausend von denen.Es geht auch mit 500 Bekloppten von denen.Diese Schläfer wissen wenn die es schaffen sollten dann haben sie Deutschland und die anderen Länder besetzt.Tja da ich das nicht möchte dann nur mit Gewalt.Raus raus raus und zwar noch dieses Jahr!Nicht warten.Durch ihre Handys bilden sie sich zu Gruppen.,False,False,none,none,none,none,none,982722715099485,False
126,"Tja, dumm gelaufen für die Uni - die hätten sich lieber komplett raushalten sollen. Was soll man sagen.. kein Tier beißt die Hand die es füttert.. und wenn doch gibt's n' Tritt. Die haben es nicht anders verdient. Respekt vor Herrn Stöcker !!",False,,none,none,none,none,none,882326688472422,False
127,"Sehr geehrte Freunde der Pegida   Ich war heute auf einer Veranstaltung zur Flüchtlingsunterbringung in unserer Gemeinde . Komisches Gefühl , unter lauter Gutmenschen zu sitzen.  Fakt war , dass jetzt statt im Landkreis versprochenen 1600 Imigranten  2100 allein dieses Jahr kommen sollen . Auch wurde die Aussage gemacht , dass zur Zeit keiner Abgelehnten ! in seine Heimat abgeschoben wird . Lediglich Abschiebungen in andere europäische Länder soll es ganz vereinzelt geben. Habt Ihr gehört : ES wird keiner Abgeschoben !!!!!!!!!!   Als dann noch der Pfaffe gekommen ist um für die ""armen Flüchtlinge"" zu werben , musste ich den Saal verlassen sonst hätte ich heute Nacht nicht mehr schlafen können .",False,True,False,none,none,none,none,982714895100267,False
128,Würden die sich mal mit dem gleichen Elan dafür einsetzen dass in ihren eigenen Ländern Frieden herrscht !!! Die bringen nur Chaos mit sag mal sieht das keiner!?,False,False,none,none,none,none,none,1095905187114570,False
129,"was können die sich eigentlich noch alles rausnehmen? Gnade uns Gott wenn die in Deutschland sind,",False,False,none,none,none,none,none,1095913913780364,False
132,"Es sind ""unsere Politiker"" die sich ausschließlich für diese Motzlems stark machen!",False,False,none,none,none,none,none,876277812410643,False
133,"München ist nicht bunt sondern zunhmend verdreckt. Die ""Bunten"" scheinen ganz schöne Saubären zu sein , wenn sie das nicht erkennen. Möcht nicht wissen wie es bei denen zuhaus aussieht.",False,False,none,none,none,none,none,946717165366707,False
134,"Nieder mit dem Gauckler u.der elenden Merkel.
Beide gehören zum Islam !",False,True,False,none,none,none,none,1031223780249378,False
136,"Es tut weh ! Es war die letzte Hoffnung und nu macht ihr sowas ... Das ihr kleinen Leuten die eure Demos mit ihrem Bischen geld(Fahrkosten ect) immer wieder besucht haben denen so gegenübertretet ist verdammt widerlich.nun zerlegt ihr euch damit seid ihr nicht besser wie die wessis die es nie gebacken bekommen haben!

Wir danken euch!!!schämt euch was!!!

Auf das ihr jetzt endlich dafür die Strafe bekommt und die islamisierung in ossiland richtig losgeht!vl rafft ihr wenn es längst zu spät ist das man sich hätte zusammenraufen müssen!

Gute Nacht schäbiges Deutschland?????????? PEGIDA",False,False,none,none,none,none,none,858393560865735,False
137,"Fritz Walther du kannst dich freuen auf was du willst.Deine linksfaschistische Antifantenmeinung interessiert hier nicht.Also such dir ne Demo,wo du was mit Steinen um dich werfen kannst und geh Leuten nicht auf den Sack die was für ihr Land tun.Und nein ich habe auch alleine keine Angst du Trottel.",True,True,True,True,False,False,True,994237030614720,True
138,"Ja, das wäre gut. Zum Beispiel mache ich mir Gedanken um das Reinheitsgebot des deutschen Bieres. Den Moslems traue ich zu, dass die uns da auch noch reinreden wollen.",False,False,none,none,none,none,none,857964560908635,False
139,"Der Widerstand wird hoffentlich so groß sein,das keine Moschee gebaut wird. Es wurden eh schon genug gebaut. Die Moslems können zu Hause beten,aber nicht noch weiter unser schönes Deutschland mit islamischen Bauten verschandeln.",False,False,none,none,none,none,none,1105730682798687,False
140,"Eine Servicekraft des Hotels, die arabisch spricht habe die Gäste gehört, wie.....
Na welch ein Glück, daß es solch treue, wachsame, integrierte Bürger gibt.",False,False,none,none,none,none,none,1011413938897029,False
141,Zahlen hin oder her.ich selbst kenne eine aeltere dame die von jenen begrabscht wurde.anzeige.eingestellt wegen geringfuegigkeit,False,False,none,none,none,none,none,894834950554929,False
142,"Ja Sie kann ja nach Syrien gehen und dort weiter machen. Das wäre super! Und wenn ich Geld borgen müsste, ich bezahle Ihr den Bootstripp hehe",False,True,False,none,none,none,none,994058973965859,False
143,"Oh Gott, NRW, das ist doch das versiffte Bundesland wo man schon mehr fremdartige sieht als Mitteleuropäer. Da ist eh schon alles verloren. Aber sollen sie nur machen, mir ist das egal, solang in meiner Straße keine Gruppen rumlungern. Sollen sie doch mit ihren Migranten glücklich werden. Wird aber eh nicht funktionieren wie man in Frankreich und England sieht!",False,False,none,none,none,none,none,1011024408935982,False
144,da könnten sich doch die ganzen nordafrikaner den umweg über die brd sparen - nach syrien ists ja nicht so weit,False,False,none,none,none,none,none,1092670327438056,False
145,"Nein, Erwin hat das Zusammenschlagen der Glocken nicht verpasst. Sein Kopf befand sich zwischendrin !!!",True,True,True,True,False,False,True,885865668118524,True
146,Jetzt wissen wir was wir für eine Sch--- im Land haben :(,False,False,none,none,none,none,none,982650225106734,False
147,Ganz einfach erklärt: Linke lügen - linke Lügen,False,False,none,none,none,none,none,1052473514791071,False
148,"toll! freut euch schon daruaf, das alle 3 Stunden zum Gebet gerufen wird - wer in der Nähe wohnt, wird auch nachts um 3 Uhr nicht mehr schlafen können - in der Türkei selbst erlebt !!!",False,False,none,none,none,none,none,1105441756160913,False
149,"Sie kennt ja besonders viele davon persönlich!! Das ich nicht lache, die, die am wenigsten mit Ihnen zu tun haben, predigen uns, wir sollen sie persönlich kennen lernen. Das ist an Heuchelei nicht zu überbieten und offenbart den Charakter dieser Märe!",False,True,False,none,none,none,none,1134077456630676,False
150,"Wer sich fragt warum immer wieder ein Neuaufguss von Auschwitz und Co kommt.... frei nach dem Motto... deine Vorfahren waren ganz böse.... usw. in Japan erforscht man das... Ausrottung der Deutschen hier einige Beispiele von unseren tollen Politikern....   ... interessant, wer hier in Deutschland Politik macht und sich auch noch dafür vom deutschen Volk bezahlen lässt! ACHTUNG ... manches hier kann zu Übelkeit führen!
Zitate:
Joschka Fischer: „Deutschland ist ein Problem, weil die Deutschen fleißiger, disziplinierter und begabter als der Rest Europas sind. Das wird immer wieder zu ‘Ungleichgewichten’ führen. Dem kann aber gegengesteuert werden, indem so viel Geld wie nur möglich aus Deutschland herausgeleitet wird. Es ist vollkommen egal wofür, es kann auch radikal verschwendet werden – Hauptsache, die Deutschen haben es nicht. Schon ist die Welt gerettet.“
Cem Özdemir, derzeit Bundesvorsitzender der Partei “Bündnis 90/ Die Grünen” im Bundestag mit deutschem Pass, in einem Interview mit dem „Tagesspiegel“ auf die Frage; wie er sich die Zukunft vorstellt?
„In Zwanzig Jahren haben wir eine Grüne Bundeskanzlerin und ich berate die türkische Regierung bei der Frage, wie sie ihre Probleme mit der deutschen Minderheit an der Mittelmeerküste in den Griff bekommt.“
Jürgen Trittin, Grüner Vorsitzender und ehemaliger Umweltminister: „Noch nie habe ich die deutsche Nationalhymne mitgesungen und ich werde es als Minister auch nicht tun.“ (Quelle: FAZ vom 02. 01. 2005)
Nochmals Joschka Fischer, Bündnis 90/ Die Grünen: „Deutschland muss von außen eingehegt und von innen durch Zustrom von Ausländern heterogenisiert, quasi verdünnt, werden.“ (Rezension zu Joschka Fischers Buch „Risiko Deutschland” - von Miriam Lau)
“Deutschland verschwindet jeden Tag immer mehr, und das finde ich einfach großartig.” Jürgen Trittin,
„Deutsche sind ‚Nicht-Migranten‘ - mehr nicht! …die Türkei ist zweite Heimat für mich, ich mache seit 20 Jahren Türkei-Politik.“ (Videoquelle) Claudia Roth, Vorstand Bündnis 90 / Die Grünen und Dt. Bundestagsabgeordnete
Sinngemäße Aussage von Cem Özdemir, Bündnis 90 / Die Grünen, auf Behauptung von Susanne Zeller-Hirzel, der letzten Überlebende der Weißen Rose, einer Widerstandsgruppe im sog. Dritten Reich: „Wir wollen, dass Deutschland islamisch wird!“ (Videoquelle)
M. Walid Nakschbandi, “Deutscher Staatsbürger” afghanischer Herkunft und Geschäftsführer der Fernsehproduktionsfirma AVE: „Wir kennen Euren inneren Zustand. Dafür haben wir einen Blick und die nötige Sensibilität. Und da wir Euch kennen, werden wir uns auf Euch nicht mehr verlassen. Wir gehen unseren Weg und der ist schmerzlich und voller Dornen, aber am Ende erfolgreich… . Ihr habt nur die Chance, mit uns zu leben. Ein Leben ohne uns wird es für Euch nicht mehr geben. Die Ibrahims, Stefanos, Marios, Laylas und Sorayas sind deutsche Realität.... . Ihr werdet es nicht verhindern können, dass bald ein türkisch stämmiger Richter über Euch das Urteil fällt, ein pakistanischer Arzt Eure Krankheiten heilt, ein Tamile im Parlament Eure Gesetze mit verabschiedet…. Nicht Ihr werdet die Gesellschaft modernisieren… und humanisieren, sondern wir werden es tun für Euch! - Ihr seid bei diesem leidvollen Prozess lediglich Zaungäste, lästige Gaffer! Wir werden die deutsche Gesellschaft in Ost und West verändern!“
Der Vorstand von “Bündnis 90 / Die Grünen” kürzlich in München: „Es geht nicht um Recht oder Unrecht in der Einwanderungsdebatte, uns geht es zuerst um die Zurückdrängung des deutschen Bevölkerungsanteils in diesem Land!“
“Das Problem ist nicht Sarrazin selbst als Person, sondern der gleichgesinnte Bevölkerungsanteil in Deutschland. ” Cem Özdemir, Bündnis 90 /Die Grünen, (Sarrazin hat bis zu 90% Zustimmung in der Bevölkerung.)
“Der deutsche Nachwuchs heißt jetzt Mustafa, Giovanni und Ali!”
Cem Özdemir, Bündnis 90/ Die Grünen auf dem Parteitag der Grünen 1998 in Bonn-Bad Godesberg.
“Am Nationalfeiertag der Deutschen ertrinken die Straßen in einem Meer aus roten Türkenflaggen und ein paar schwarzrotgoldenen Fahnen.”
Claudia Roth, Bündnis 90/ Die Grünen, Wunschvision zum Tag der Deutschen Einheit, Artikel in der Welt am Sonntag vom 6.Februar 2005.
“Deutsche sind Nicht-Migranten, mehr nicht!”
Claudia Roth, Bündnis 90/ Die Grünen
“Ich wollte, dass Frankreich bis zur Elbe reicht und Polen direkt an Frankreich grenzt.”- Sieglinde Frieß, Bündnis 90/ Die Grünen vor dem Parlament im Bundestag, (Quelle: FAZ vom 6.9.1989)
“Migration ist in Frankfurt eine Tatsache. Wenn Ihnen das nicht passt, müssen Sie woanders hinziehen.” (Antwort auf die Beschwerde zu Integrationsproblemen von 50 Anwohnern) - Nargess Eskandari-Grünberg, Bündnis90/Die Grünen, in der Frankfurter Rundschau vom 13. November 2007. Augenzeugen sagen, es hieß wörtlich “…dann wandern Sie doch aus!”
Sinngemäß: ""Wir, die Grünen, müssen dafür sorgen, so viele Ausländer wie möglich nach Deutschland zu holen. Wenn sie in Deutschland sind, müssen wir für ihr Wahlrecht kämpfen. Wenn wir das erreicht haben, werden wir den Stimmenanteil haben, den wir brauchen, um diese Republik zu verändern."" Daniel Cohn-Bendit, Bündnis 90/ Die Grünen
“Deutsche Helden müsste die Welt, tollwütigen Hunden gleich, einfach totschlagen.” Joschka Fischer, Bündnis 90/ Die Grünen
“Es geht nicht um Recht oder Unrecht in der Einwanderungsdebatte, uns geht es zuerst um die Zurückdrängung des deutschen Bevölkerungsanteils in diesem Land.” Vorstand der Bündnis 90/ Die Grünen von München.""  https://www.youtube.com/watch?v=te_NpUvM8R8",False,False,none,none,none,none,none,857950314243393,False
151,"lasst diese Ratten nicht rein, sofort abschieben",False,False,none,none,none,none,none,1095904037114685,False
152,"Da platzt die Asylantenkönigin sicher vor Stolz, wenn sie IHR zukünftiges Volk so kämpfen sieht.. mom i geh mal kotzen.......",False,True,False,none,none,none,none,982668405104916,False
153,Nach vier Jahren gibt es zur Belohnung einen deutschen Pass!,False,False,none,none,none,none,none,1063255133712909,False
154,"Nee nee , is schon klar, die Trüffelschweine haben jetzt richtig Konkurrenz bekommen durch die Invasoren ! Die Schweine müssen sich jetzt mächtig ins Zeug legen um nicht auf einer Moschee Baustelle zu landen...!!!",False,False,none,none,none,none,none,1064995260205563,False
155,"der Typ ist ja wie ein Furz, keiner sieht ihn aber alle riechen ihn ????....herrlich diese Links.- Grünen Trolle....wobei er schon extrem einseitig & dumpf ist *Chipsaufmach ??????",True,True,True,True,False,False,True,1112170062154749,True
157,"Wir brauchen Pegida. Habt ihr mit bekommen das man die Herkunft der Mörder verschweigt, die die 19 jährige hochschwangere Frau umgebracht haben? Warum wohl? Weil Pegida Recht hat. Es waren Türken, die jetzt Bonus von oben bekommen",False,False,none,none,none,none,none,856887944349630,False
158,Die Invasoren sollten lieber mal den Weg nach Hause finden.,False,False,none,none,none,none,none,1065227536849002,False
159,"Wenn muslime ihren Glauben verteidigen ist das legitim ,genauso legitim ist es wenn  wir den Islam hier nicht wollen.
Wenn muslime ihren Glauben verteidigen wollen sollen sie das in den 57 Islamischen Ländern machen aber nicht hier.
Wer über unsere Grenzen kommt kann seine Religion zur Privatsache machen, sie ablegen oder einfach wieder verschwinden.
Das ist Deutschland und kein islamischer Sharia-Staat und das wird er auch nicht solange wir das verhindern können.

Niemand spricht Muslimen ihre Glaubenüberzeugung ab nur dann ist deutschland für sie #nicht das  richtige Land.",False,False,none,none,none,none,none,1058052934233129,False
160,"Liebe Renate Schmitt. Keiner leugnet hier die Existenz islamischer Hassprediger ab. Es ist jedoch falsch, solche Leute als Musterbeispiele für Imame darzustellen. Genauso falsch wäre es zu behaupten, alle Pfarrer wären pädophil, alle Deutschen wären ausländerfeindlich usw.",False,True,False,none,none,none,none,894943690544055,False
161,"Was muß diese Frau unser Deutschland hassen. Denn ihr Deutschland ist es niemals, sonst würde sie dieses Land mit einer fremden Kultur nicht überschwemmen.",False,True,False,none,none,none,none,1057763907595365,False
162,Dieser Schlachthof ist sicherlich schon islamisiert!,False,False,none,none,none,none,none,1121268471244908,False
163,"Kann sein, dass er bald seinen Hut nehmen muss für eine solche ungeheuerliche Forderung nach Limitierung des Zuzugs für Flüchtlinge. Diese Leute und alle welcheWaren vorher alles Merkelspeichellecker, Klatschrefugees, Pegidahasser. Tut mir richtig gut, dass sie jetzt ihre Meinung kleinlaut revidieren müssen.",False,True,True,True,False,True,True,1013030805402009,False
164,"Das Problem dort ist, dass die Franzosen ihren Kolonie-Arabern die Staatsbürgerschaft gegeben haben.",False,False,none,none,none,none,none,995814050457018,False
165,"Andy es geht nicht nur um Radikale...es gibt Berichte, wonach die Nordafrikanischen Länder ihre Kriminellen und Geisteskranken in die Boote nach Europa setzen....wenn das stimmt, erklärt das vieles....",False,True,False,none,none,none,none,882699795101778,False
166,Arbeitslager müssen wieder her!,False,False,none,none,none,none,none,1107918365913252,False
167,"Merkel, hau ab!",False,True,False,none,none,none,none,1134130139958741,False
168,Geh dahin wo du herkommst Muraddin- hier will dich niemand haben!,False,True,False,none,none,none,none,857649270940164,False
171,"für straßen- und Brückenbau und Spielplätze ist kein Geld da, aber für so einen sinnlosen sch. und wir dürfen es sicher auch noch zahlen vom Steuergeld. da hilft nur ein Streichholz.....",False,False,none,none,none,none,none,1105428986162190,False
173,Lächerlich in Güterzüge passen viel mehr rein uns wer Deutschland nicht verlassen will bei der alten hexe im Kanzleramt ist noch platz,False,True,True,True,False,True,True,1057009574337465,False
174,"..die intelligenten Fachkräfte von Morgen, die Deutschland retten sollen...!? Deutschland....Quo vadis..???",False,False,none,none,none,none,none,1095899267115162,False
175,"Thomas Kiehl keiner der EU Staaten muss Flüchtlinge aufnehmen ! Sonnst wär Merkels Deal geplatzt und was meinst du wer wird das bezahlen,natürlich der die show bestellt hat.",False,True,False,none,none,none,none,1080487628656326,False
176,"Die Politik von CDU, SPD und GRÜNEN wird in einen Krieg führen, weil sich die Bevölkerung nicht länger für dumm verkaufen lässt.

Seit 30 Jahren predigen diese Versager Wein und liefern nichts als Essig. 

Aber damit nicht genug, beschimpfen sie ausnahmslos jede Opposition als Rechte, als Nazis, als Zerstörer des Sozialstaates.",False,True,True,True,False,True,False,1121609247877497,False
177,Das Viehzeug werden wir nicht mehr los !,False,False,none,none,none,none,none,1057124180992671,False
178,Der Islam und die Moschee gehören nicht zu Deutschland,False,False,none,none,none,none,none,1121664771205278,False
179,Nur Idioten wollen in Sachsen leben,False,False,none,none,none,none,none,856883901016701,False
180,"Di eJuden wissen auch nicht mehr was Sie machen , erst das Ferkel dazu drängen Europa und speziell D mit Asyls zu fluten und nun kriegen Sie Angst das Ihre Kirchen gesprengt werden .",False,,none,none,none,none,none,1013088465396243,False
181,"Was, und hat man keinen Deutschen gefunden den man das in die Schuhe schienen konnte ?",False,False,none,none,none,none,none,882032678501823,False
183,"ihr Osis klaut uns Ausländern erst die Arbeitsplätze, und jetzt hetzt ihr auch noch.
Kauf dir schonmal ne Burka wenn Du soviel Angst hast vor dem Islam, die köpfen nämlich mit vorliebe hässliche Menschen.
Ach und noch etwas, bleib bitte im Osten, hier im Westen sind wir ganz viele!!!",False,False,none,none,none,none,none,858648884173536,False
184,"Im Koran steht doch, daß Moslems  ""Ungläubige"" belügen und betrügen dürfen. Solche Erärungen sind von vorneherein nichts wert.",False,False,none,none,none,none,none,1084412618263827,False
186,"Vor einen halben Jahr hat man uns erzählt die flüchten vor dem IS, jetzt flüchten die vor Assad und den Russen? Hauen die sich dann gegenseitig die Köpfe bei uns ein? Und jetzt vorab für jeden Dünnbrettbohrer! Auch ohne (deutsche) Waffen würden die mit Messern und Knüpel aufeinander losgehen. Die sollen und müssen ihre Probleme in ihrer Welt in ihren Ländern lösen. UND Deutschland soll, darf und kann diese nicht hier in diesem Land klären!",False,False,none,none,none,none,none,1055277251177364,False
189,"Merkell lässt von ihrer Willkommenskultur nicht ab!! Hat sie gestern in München doppelt und dreifach erwähnt! Während andere hinter ihrem Volk stehen, verkauft die uns! Merkel ist der Untergang Deutschlands und wir halten uns viel zu still. Deshalb setzt die ihr Spiel fort....",False,True,False,none,none,none,none,1057942044244218,False
190,Was hat die genommen???? Oder sind das die Hormone??,True,True,True,True,False,False,True,1011194372252319,True
191,"nee die ""Schwulen"" lernen bei den Mussels erstmal Fliegen .",False,False,none,none,none,none,none,1010767258961697,False
192,"Eure ""Spaziergänge"" behindern sehr viele Pendler und sind einfach nur noch nervig, wenn eure asozialen Anhänger die Innenstädte blockieren! Trefft Euch doch zum ""Wissensaustausch"" in privaten Einrichtungen und nervt nicht die Bevölkerung.., fährt man in den Urlaub, so muss man sich schon fast schämen Deutsche zu sein, aufgrund eurer ausländerfeindlichen Aktionen!",False,False,none,none,none,none,none,858373474201077,False
193,"ja Helmut Schoolmann, und wenn die Marokkaner merken das es denen dadurch schlechter geht und sie für dich mitarbeiten und mehr Steuern zahlen müssen, wirst du gesteinigt, deine Frau vergewaltigt und deine kinder als Sklaven verkauft ! Super Idee !",False,True,False,none,none,none,none,882708281767596,False
194,"PEGIDA nur mit der allgemeinen Islamisierung abzutun wird nicht der Sche gerecht. In der Bewegung kommt die Stimmung gegen über der Regierung zum Ausdruck.Die Presse als Plakat der Regierung belügt uns doch ständig und die Regierenden lassen das bei Presse schön sitzen, weil das sonst Wählerstimmen kosten könnte.",False,True,True,True,False,True,False,857913240913767,False
195,"Das sind dann wohl die hochqualifizierten Fachkräfte, die Deutschland so dringend braucht. Ein Asylanten-Mob, aus der Gegend aus der ich komme sagt man Pack dazu, sind randaliert an der Ungarisch-Serbischen Grenze und interessiert sich einen feuchten Scheißdreck für die Gesetze und Regeln anderer Länder",False,False,none,none,none,none,none,982643815107375,False
196,Was soll eine Antifa allein auf der Straße? Wem sollen die Dummköpfe dann anpöbeln?,False,False,none,none,none,none,none,1052782481426841,False
197,Lernt doch den Asylanten deutsch und verkauft eure Seele gleich mit.,False,False,none,none,none,none,none,961229657248791,False
199,"Nix mehr gauner-""Balkan-Route"". die Trojaner hocken jetzt in Griechenland , grenzen werden gesperrt. Na endlich !! mußte man erst 2 mio. von diesen Schnorrern hier herbeilocken ? Das hätte sofort gestoppt gehört , diese mega-Gangsterei namens ""Balkanroute"".http://www.sueddeutsche.de/politik/fluechtlinge-auf-der-balkanroute-balkanstaaten-machen-dicht-mehr-als-fluechtlinge-sitzen-fest-1.2882941",False,False,none,none,none,none,none,1064999243538498,False
200,"Miriam Thomas, wie ihr, nehme an Türkin,  eure Kinder erzieht, sieht man an den vielen Kriminellen. Und ich selber habe einen Fall erlebt, wo eine türkische Familie den alten Vater zu Hause""gepflegt""hat. Völlig verwahrlost, dehydriert und durchgelegen war er.Aber Pflegegeld einsacken.",False,True,True,True,False,False,False,876356595736098,False
201,"Der soziale Faktor (staatlichenZuwendungen) spielt in der Frage der Auswahl des Zufluchtlandes die entscheidene Rolle . Wenn die einzige Intension der Flüchtlinge ein sicher Hort vor Krieg und Verfolgung wäre , warum die Strapazen der weiten Reise in klimatisch unattraktive Gebiete (Deutschland, Norwegen, Schweden) . Deutschland ist umgeben von sicheren Drittstaaten. Und zweitens, ja wir brauchen Zuwanderung aber auch nur deshalb, weil eine jahrelange familienfeindliche Politik betrieben wurde. Grund ist, die schwere Vereinbarkeit von Beruf und Familie. Deutschland als Wirtschaftskopf Europas sollte doch so potent sein ,um eine ganzheitliche , kostenlose Kindbetreuung gewährleisten zu können (gerade für die berufstätigen, wertschöpfenden Menschen). Wir pumpen unmengen Geld in die Töpfe Europas , nur nicht in die Vorsorge und Fürsorge unserer Kinder. Kein Geld für Schulen, Polizei, Kindergärten, Straßen , Kommunen,Rentner usw. aber Milliarden Euro für Scheinasylanten.",False,False,none,none,none,none,none,885307318174359,False
202,"Grönemeier ist ein nix, nichtmal singen kann die flachzange!!",True,True,True,True,False,False,True,855023321202759,True
203,"Spielt aber nicht wirklich eine große Rolle, es werden die einen nur durch die anderen ersetzt...mit Gerechtigkeit hat das auch wieder nichts zu tun, es sei denn es werden nur wirkliche Kriegsländer als solche eingestuft und nicht Urlaubsländer für die nichtmal eine Reisewarnung besteht und mit deren Regierungschefs unsere ""Politiker"" eine Freundschaft pflegen!  Aber das ist Wunschdenken...da unsere Verräter das Wort Gerechtigkeit schon lange aus ihren Gehirnen gestrichen haben, das würde ihr Politikerdasein dann nämlich zu kompliziert machen!",False,False,none,none,none,none,none,960870417284715,False
204,"Die AWO sieht doch auch wie sie mit den Arsch an die Wand kommt . Wenn es Geld gibt , verraten sie auch Deutschland",False,False,none,none,none,none,none,1152528161452272,False
205,"Die Lügenpresse, die ist Teil des Schweigekartells von Anfang Januar 2016  am Kölner Hauptbahnhof und der Domplatte... Sie wissen alles aber schreiben lieber nichts ... Der Leser fragt sich: Warum kaufe ich diese Zeitungen ?... Kündigen > Auflagenrückgang... Pegida-Mistgabeln  können sehr hilfreiche Mittel zur Läuterung sein",False,False,none,none,none,none,none,1043732338998522,False
206,"Und langsam, Europa wird genau so aussehen wie Beirut. Da genau die selben tieren hereingekommen sind.",False,False,none,none,none,none,none,982638668441223,False
208,#pegidasindallesarbeitslosehartz4empfängerdiezumerstenmaldasinternetentdeckthaben,False,False,none,none,none,none,none,856805511024540,False
209,"Auf Geheiß der Ministerpräsidenten Winfried Kretschmann und Malu Dreyer soll die AfD zu den üblichen Lifedebatten nicht eingeladen werden und der SWR führt diesen Befehl aus. Das hat mit Demokratie, unabhängiger Berichterstattung, Grundgesetz und Staatsferne nichts zu tun. Das ist ein weiterer unwiderlegbarer Beweis für den verlogenen undemokratischen Staatsfunk! Gleichzeitig wird Polen wegen seiner Medienpolitik in Brüssel vorrangig von deutschen Politikern abgekanzelt. Und darüber berichtet dann dieser verlogene Staatsfunk am selben Tag - ein Zusammenhang wird natürlich nicht gesehen. Wer soll dabei nicht an die Mistgabel denken! Und Protagonisten solcher Medien wollen unsere Tatjana strafrechtlich belangen, weil sie von ihrem Grundrecht auf Meinungsfreiheit Gebrauch gemacht hat! Pfui Teufel! Wo leben wir!",False,True,True,True,False,True,False,1043733988998357,False
210,Diese Lügen das unsere Grenze dicht wäre. DIE STEHEN SCHEUNENWEIT OFFEN. Googelt doch mal. Diese Lügenmedien! Ich habe es so satt. Und heute auf bayern 1 im Radio gehört wie ein braver Asylant wieder mal eine Geldbörse gefunden hat und zurück gebracht hat!,False,False,none,none,none,none,none,982728731765550,False
211,"Thomas, um deinen Kopf sicher noch weniger. Schade nur um dein Hundchen, das dann nicht mehr in die warme Bude darf, weil dann ja keine Engel mehr zu den Bewohnern deiner ehemaligen Unterkunft kommen würden. So hartherzig ist er halt, der von dir so geliebte Islamische Staat.",False,True,False,none,none,none,none,1011312965573793,False
212,"Noch sitzt ihr da oben, ihr feigen Gestalten, vom Feinde bezahlt und dem Volke zum Spott. Doch einst wird wieder Gerechtigkeit walten, dann richtet das Volk und es gnade euch Gott.",False,,none,none,none,none,none,881998811838543,False
213,"Dann auch Trennung von Deutschen und anderen Ethnien. Zumindest die, die diesen Wahn ablehnen. Wir MÜSSEN diese Durchmischung mitmachen. Uns schützt niemand. Ein Reservat für Deutsche in Deutschland?! Eigentlich schon traurig daran zu denken!",False,False,none,none,none,none,none,968151869889903,False
214,Wer weiß was der für Drogen genommen hat wo er bei der IS war! !!Der ist doch hängen geblieben!,True,True,True,True,False,False,True,894681810570243,True
215,Stefan Du Kommunisten Hohlkopf....,True,True,True,True,False,False,True,856777827693975,True
216,"Ist ja wie im Osten! Merken die Super - Politiker/fast-Millionäre  gar nicht, wie das eig ene Volk fast am verhungern ist ! Bitte sorgt dafür das unsere  Kinder und  dieRrentner",False,False,none,none,none,none,none,862094253828999,False
217,Da müssen Viehwaggons her dann klappt das mit der Massenabschiebung,False,False,none,none,none,none,none,1057451710959918,False
218,"verweichlichte verblödete dsdsschwuchtelvergendertehippigeneration, zu dumm zum leben, zu dumm zum arbeiten, aber dem erfolgreichen mittelstand erklären wollen wie das leben fuktioniert... ihr habt keine kinder, keine verantwortung, keine richtigen jobs und vor allem keine werte, ihr seit eine generation von kollektivem selbstversagen und wollt anderen erzählen wie das leben läuft?!!F.U",False,False,none,none,none,none,none,1010742252297531,False
219,"Hanna, hör auf Märchen zu erzählen. Nur weil du vielleicht ein Heim um die Ecke hast, wo tatsächlich auch ECHTE Flüchtlinge sind, ändert das trotzdem nichts an den Tatsachen, dass ~80% illegale Einwanderer sind und vorwiegend männlich. Denkst du wirklich, die Leute glauben eher deinem Gewäsch, als ihren eigenen Augen und Ohren?",False,True,False,none,none,none,none,968370733201350,False
221,"Und wieder ein Beweis von -zigtausenden, daß wir die unfähigste Regierung in der Glaskuppel sitzen haben. Alle Händchen im Schoß, bloß nix arbeiten müssen, Zeit absitzen und die fettesten Diäten kassieren. Man kann doch nicht so tatenlos zusehen, wie wir überrannt werden? Hallo? Auchwachen? Aber die immer Aussitzerei, und dann die Tröpelmina, falls die noch jemand kennt, ist so eine Kanne mit einem Hahn unten, und der tropft halt ab und zu, witziger Begriff, und so warten die Herren und Damen auch, bis",False,True,False,none,none,none,none,1105436739494748,False
222,Antifa sind die nützliche Idioten des BRD-Systems geworden und sehen das selbst nicht. Was ein traurigisch Ende des deutschen Antifaschismus.,False,False,none,none,none,none,none,885774341460990,False
223,Kathrin Oertel sollte sich mal lieber Gedanken um ihre mega hässlichen Augenbrauen machen das tut ja weh beim hingucken :D #edding #scheißaufPEGIDA,True,True,True,True,False,False,True,857918987579859,True
224,"In Africa and Middle East we have demographic explosions..50 years ago Algeria was with 8 mln population, now -34 mln...with average age-15 years.. there is no govermnent, even dictatorship that can build schools, infrastructure and create so many jobs for them.. Europe is doomed if not build walls and close all borders..",False,False,none,none,none,none,none,977024745669282,False
225,Und fragt die Flüchtling doch gleich noch nach der Bundeslade und dem golden Vlies...,False,False,none,none,none,none,none,1065253243513098,False
226,"Wär nett, wenn sie auch mal bei uns aufmerksam hinhören würde. Nur, allein hinhören nutzt nix, wenn ihr nix tut, sondern treudoof weiter macht. Denn Leute wie v.d. Leyen warnen vor einer drohenden Abschottung, wo unsere Grenzen weiterhin tagtäglich ungeschützt von zehntausenden unkontrolliert überrannt werden. Absurd.

Von der Leyen: ""Wir werden sehr genau hinhören, was Frankreich uns zu sagen hat, und aufmerksam auch analysieren, worum Frankreich uns bittet""",False,True,False,none,none,none,none,1010218772349879,False
227,Da hat doch schon wieder einer das Rad neu erfunden. Wie lange gibt es schon die 10 Thesen von Pegida ? Die anderen 9 Thesen erfinden diese schlauen Menschen bestimmt auch noch .,False,False,none,none,none,none,none,960923793946044,False
228,garnicht erst reinlassen diesen Abschaum aber dafür ist es schon zu spät,False,False,none,none,none,none,none,1057052507666505,False
230,Wie weit ist Klein- Heiko denn schon vor ideologischer Verblendung von der Wirklichkeit entrückt. Man kann in diesem speziellen Fall bereits von erheblicher Beeinträchtigung der Wahrnehmung der Realität sprechen.  Er passt zum Zentralbild der Regierung.,False,True,False,none,none,none,none,1120374664667622,False
231,"Naja, nichts Neues. Sie finden ja täglich Handys und Geldbörsen in vorbeilaufenden fremden Handtaschen und Jacken",False,False,none,none,none,none,none,1065324133506009,False
232,DEUTSCHLAND  die NEUE ZONE --Rechtsfreie Europazone--  Auf die STRASSE gegen diese PSEUDODEMOKRATIE  gegen rotrotgrüne Terroristen und Schmarotzer,False,False,none,none,none,none,none,1043681942336895,False
233,"Nein, warum auch? Wahrheit bleibt Wahrheit, natürlich nich für Linke wie DU.",False,True,True,True,False,False,False,856893747682383,False
234,weg mit dreck an der grenze stehen lassen,False,False,none,none,none,none,none,1055294291175660,False
235,"Deutschland: Prostituierte kostenlos für Asylbewerber?   Siegertsbrunn (Bayern) während einer Debatte, veranstaltet von der CSU, ehemaliger evangelischer Pastor Ulrich Wagner hat die Idee der verfügbare freie Prostituierte Asylanten vorgeschlagen. Ihm zufolge konnte durch Spenden der gemeinnützigen Seelen oder Handler der Bordell (s) bereit, die eine gute Arbeit zu erreichen finanziert werden. Ulrich Wagner bringt diese Idee nach vorn die Ängste beeinträchtigen, sexuelle Übergriffe treffen die deutschen Dörfer in denen die Asylbewerber befinden :/ .  
Es ist eine Schande  http://euro-jihad.com/blog/?p=29027 .",False,True,False,none,none,none,none,881958975175860,False
236,"Deren Trinkwasser muss mit Wirksamkeit einer Antibabypille versetzt werden, die haben außer Sex zu vollziehen nichts zu tun, natürlich werden die immer mehr! Arbeit auf den Feldern und im Handwerksbereich fördern, die sollen mal erfahren was Arbeit ist!!!",False,False,none,none,none,none,none,1055905544447868,False
237,Ramon De la Perez Fluchbenzin gegurgelt oder keine Steine mehr von der Antifa bekommen ? so eine Blitzbirne ^^,True,True,True,True,False,False,True,982690255102731,True
238,"Da wird jemend eingebürgert und dann verweigert SIE sich die Nationalhymne zu singen, und gibt auch noch offen und frech in die Kamera zu, sie wolle das gar nicht..., ihr wäre nur das Papier wichtig...
Also da hört sich doch alles auf!
Der Dame gehört sofort die deutsche Staatsbürgerschaft wieder aberkannt und sie hochkant wieder hinausgeworfen!!!",False,True,True,False,none,none,none,858074980897593,False
239,Dann wären nicht so viele hier. Muslime sind als Sozialschmarotzer bekannt,False,False,none,none,none,none,none,968078219897268,False
240,"...guten Morgen,liebe Britta: ...verrate uns doch bitte, aus welchem Jahrhundert Du bist??? Vielleicht können wir von Dir etwas lernen!Schönen Tag noch! Calle",False,True,False,none,none,none,none,1056748071030282,False
241,"Ihr Ungarn seid die Einzigen Die noch bei Verstand sind,haltet durch!Die Türken habt ihr vor Jahrhunderten auch schon rausgeschmissen! LG aus dem Pegidaland",False,False,none,none,none,none,none,982665751771848,False
242,Du bist dumm,False,True,True,True,False,False,True,856747811030310,False
243,"Wieso unterrichtet diese Tante Sirseloudi nicht in ihrem Herkunftsland? Dort kann sie doch die Studenten ausbilden. Ach so, die können ja nicht lesen und schreiben nur schießen. Ja dann bleib in Deutschland auf eine mehr oder weniger von euch kommt es noch nicht an. Wird sich ändern.",False,True,False,none,none,none,none,1011232272248529,False
244,"Wahrscheinlich nur einer der vielen jämmerlichen Feiglingen, die Schiss in der Hose haben und aus Angst vor den Islamisten lieber ihr eigenes Volk verraten und verkaufen.",False,,none,none,none,none,none,894998753871882,False
245,"Ich möchte mir in Deutschland nicht vorkommen wie im arabischen Raum oder in Afrika. Ich fühle mich immer fremder hier und wie auf Besuch in der eigenen Heimat. Es wird täglich mehr - man kann richtig zusehen, wie wir selbst immer mehr zur Minderheit im eigenen Land werden. Alles ist schon völlig muslimisch unterwandert - Politik, Polizei, Bundeswehr und in der Gastronomie sieht man auch immer weniger Deutsche. Das Stadtbild in Berlin prägen kinderwagenschiebende Muslime und junge muslimische Männer- die als regelrechte Invasoren nach Deutschland gekommen sind. In vielen Stadtbezirken sind die Deutschen schon weit in der Unterzahl- alles ist versifft, voller Dreck und Müll. In vielen berliner U-Bahn Linien sitzt man als Deutsche fast allein im Abteil und hört nur arabisch, türkisch usw. Die Lage in den Großstädten ist heute schon gravierend- und der muslimische Bevölkerungsanteil steigt in Zukunft noch rapider an- dann werden Sie auch mehr auf die Kleinstädte und Dörfer ausweichen und so das restliche- teilweise intakte Deutschland auch noch völlig zerstört.

Es macht mich unendlich traurig, was mit unserem wunderschönen Land geschieht. Gleichzeitig aber auch sehr wütend, dass die deutschen Männer nicht einmal uns Frauen und ihr eigenes Land verteidigen. Die Frauen sind die größten Leidtragenden einer Islamisierung. Diese Feigheit ist eine Schande. Meinen Respekt allen Männern, die dies nicht betrifft und die für unsere Zukunft kämpfen und nicht feige im Strom mit schwimmen.

Es war der größte Fehler der letzten 70 Jahre eine muslimische Einwanderung in Deutschland und Europa überhaupt zuzulassen. Der Koran verstösst gegen die Menschenrechte und die Ideologie Islam ist gegen unsere freien Werte, die demokratischen Verhältnisse und unsere Kultur gerichtet. Der Koran gehört in ganz Europa verboten und der Islam damit aus Europa verbannt.",False,False,none,none,none,none,none,1152531164785305,False
246,"Hallo Cornelia, ich sehe es genau wie Du. Wenn ich sehe wie diese stumpfsinnige Horde am Montag in Dresden spazieren geht, wird mir auch immer speiübel.",False,True,False,none,none,none,none,1055237147848041,False
247,"Zur Info: das ging noch ca. 800 Meter so weiter bis zu der Stelle, an der deine knapp 100 Nazi-Freunde eingekesselt waren......wer nicht live dabei war, sollte am besten die Fresse halten.",False,False,none,none,none,none,none,857574907614267,False
248,"Fachkräfte ja, Schmarotzer nein, ist doch ganz einfach. Kultur haben wir selbst, Religionsfaschisten brauchen wir nicht. Kamel und Eseltreiber brauchen wir auch nicht. Die Fachkräfte gehen dahin, wo man vernünftiges Geld für vernünftige Arbeit bekommt.",False,False,none,none,none,none,none,876299969075094,False
249,"keine asylanden mehr nach deutschland punkt aus ende damit, und die schon da sind sofort zurück.... danke danke danke",False,False,none,none,none,none,none,968970256474731,False
251,"Cool , die Demo insgeheim von den RECHTEN organisiert! Ich lach mich weg. Alle NAZIS :) http://www.spiegel.de/wirtschaft/soziales/ttip-bei-der-demo-marschieren-rechte-mit-kommentar-a-1057131.html",False,False,none,none,none,none,none,993506514021105,False
252,"Die werden Euch klein kriegen weil ihr euch da nicht einig seit. Zur Demo in Berlin waren kaum Leute da, wie geht sowas in so einer riesen Stadt? Wenn alle fuer 4 Wochen nicht mehr arbeiten gehen ist dieser Staat am Ende und kaputt, aber nein das geht ja nicht man muss ja Benzin kaufen fuern  BMW ...den einen die Antifa danach abfackelt...Mensch wacht doch mal auf dort und macht was!",False,False,none,none,none,none,none,1055225721182517,False
253,"8-10 Millionen Syrer und Iraker... und was ist mit den Marokkanern, Algeriern , Tunesiern, Jemeniten, Somalier , und noch schlimmer, Nigerianer . MAR: 2 Millionen, TU: 1,5 Millionen, SOM: 2 Millionen, NIG: 10 Millionen. merkel hat die schlimmste Völkerwanderung Menschengedenken ausgelöst. Ich bin kein Verschwörungstheoretiker, aber Freunde, ich bin der Meinung das wird ein ganz böses Jahr für unser Land, wir werden nirgends mehr sicher sein- Merkel hat das Tor zur Hölle aufgestoßen.",False,True,False,none,none,none,none,1055316054506817,False
255,"[@IND]  Krankenpflege und Schichtarbeit gab es auch als Deutschland noch fast keine Ausländer hatte und die Arbeit wurde gemacht. Krankenschwester war einst ein beliebter Beruf, nur in den letzten 20+ Jahren haben sich Arbeitsdruck und Arbeitsbedingungen in der Pflege massiv verschlechtert nach mehreren Gesundheitsreformen. Ohne Ausländer gab auch Landarbeiter, Putzfrauen, Stadtreinigung, Müllabfuhr usw. Wenn eine Stelle schwer zu besetzen war, erhöhte man den Lohn oder gab Sonderleistungen und dann bekam man Leute, denn so funktioniert Marktwirtschaft.  Aber dann wurden einige Unternehmen zu gierig und die Politik unterstütze es, indem Ausländer ins Land geholt wurden und man die Globalisierung forcierte. Und dann wollten die Roten (und später und schlimmer die Grünen) Multikulti, so holte man Moslems ins Land die nun eine Menge Probleme verursachen. Diese Ausländer zahlen nicht in unsere Kasse, sondern verursachen eine Menge Ausgaben: 30% haben keinen Schulabschluss, 40-60% sind arbeitslos je nach Region (und die Hausfrauenrate ist auch sehr hoch), ihre Kriminalitätsrate ist hoch, Integrationswilligkeit gering und hin und wieder liebäugeln sie mit dem Salafismus.",False,False,none,none,none,none,none,877367678968323,False
256,"scheiß auf deine nsu,das waren fehlgeleitete ,geisteskranke serienmörder und darüber wurde seit jahren genug gesagt und bis zum erbrechen berichtet,wenn die presse mal genauso von dem in deutschland herrschenden linksterrorismus und den morden,raubüberfällen und anderen straftaten ,von migranten gegen deutsche berichten würden,wuerden einigen vielleicht mal die scheuklappen verrutschen und den blick auf die realität freigeben.natürlich ist ,was die nsu getan hat nicht zu tolerieren,aber eben verbrechen von der ""guten"" seite auch nicht. außerdem was hat pegida mit der nsu zu tun ????",False,False,none,none,none,none,none,856767441028347,False
257,Der Islam ist das Verbrechen und muss bekämpft werden!,False,False,none,none,none,none,none,857153757656382,False
258,"Lieber Martin Jurk, ich denke immer, bevor ich etwas schreibe. Mit dieser abgedroschenen Polemik kommen Sie bei mir nicht durch.",False,True,False,none,none,none,none,894929973878760,False
259,Er wurde bestimmt gesponsert und wollte seine Story nur verkaufen.,False,True,False,none,none,none,none,894883577216733,False
260,"Marta, what do you mean with there claim to be no Nazi,..what are you,..I would say Kindergarten and Islamist!",True,True,True,True,False,False,True,858340034204421,True
261,"Merkel ist die Mutter der europäischen Probleme mit dem Islam, nur zugeben kann und darf sie es nicht. Merkel muss von der Straße aus abgewählt werden!",False,True,False,none,none,none,none,856797247692033,False
262,"58 tot? Na das sind mal endlich gute Nachrichten. Bei denen hilft nix anderes. Diskutieren, verhandeln, an den gesunden Menschenverstand appellieren...alles sinnlos. Bombt die IS nieder bis nur noch verbrannte Erde bleibt. Erlöst uns von diesem Krebsgeschwür liebe Russen.",False,False,none,none,none,none,none,1007495675955522,False
264,"Genau. völlig richtig. Kampf allen diesen Mafiosi, egal ob evangelen, katholen oder islam. Evangelen - Emanzen sind es, die hier Araber beischleusen mittels offenem, geplantem Gesetzesbruch. Diese Verbrechermafia hat hier das Gesetz außerkraft gesetzt und muß sofort verhaftet werden normalerweise.",False,False,none,none,none,none,none,1043627122342377,False
265,"Bis zum Ergebnis schleicht es erstmal vor sich hin mit der Pegida aber es wird der Zeitpunkt kommen wo es dann heisst "" die Umfragen sagten anderes voraus "" dann stehen die Deppen die diese gefälscht haben ziemlich blöd da . Man versuchte natürlich im Vorfeld mit gefälschten Umfragen eine falsche Gesamtmeinung zu verbreiten was die dann aber nicht zugeben können. Bei der diesjährigen Wahl werden sich der ein oder andere bestimmt blöd umgucken . Das passiert wenn die Realität verdrängt wird . So , jetzt noch zwei ????",False,False,none,none,none,none,none,1035119576526465,False
266,"nun mit  unserer kaputten leuchte wird das schlecht, einziger trumpf den die noch haben ist antifa, die machen alles für geld und die asylanten auch die zünden auch selber immer wieder mal ihre unterkunft an.",False,False,none,none,none,none,none,972222402816183,False
267,"Eine Hundedecke mit der Aufschrift ""Merkel muss weg"". Wenn der Hund gross genug ist traut sich auch z.B. in der Salafistenhochburg Berlin kein Staatstroll ran.",False,False,none,none,none,none,none,1010797295625360,False
268,Merkel u ihre Pläne !!!!! Scheiß Pläne sind das..überall wird das Geld verstreut und nichts passiert !!! Könnt kotzen !!,False,True,False,none,none,none,none,1057996380905451,False
269,Wer jetzt noch von traumatisierten  Flüchtlingen redet hat wohl sein bisschen letzten Verstand verloren.Und Mutti Merkel lässt dieses Pack dann auch noch rein.Pfui......,False,True,True,True,False,True,False,982714591766964,False
270,"Anke Schneider.... Du hast von Deinen Eltern auch nicht viel Aufmerksamkeit ab bekommen. Vor einem Jahr hättest Du mir noch leid getan. JETZT bist Du für mich nur noch ein mode- REFUGEE-WELCOME-Idiot, wie all die anderen linksversifften Steinewerfer!",True,True,True,True,False,False,True,982763365095420,True
271,"Eigentlich sollten wir uns zusammen tun und einen Anwalt finden, der unsere Regierung und Justiz wegen unterlassener Schadensabwehr anzeigen. Auch die Anwälte, die dafür gesorgt haben, dass die potenten Fummelafrikaner wieder ins Schwimmbad dürfen.",False,True,False,none,none,none,none,1043691182335971,False
272,"Anpassen heißt, die Familienhierarchie da lassen wo es hingehört: Irak und Türkei! Hier ist Deutschland, und hier gelten die deutschen Werte! Eine deutsche Frau darf einen Muslimen heiraten ohne gleich geköpft zu werden. Bei den Jesiden ist dies nicht der Fall.",False,False,none,none,none,none,none,857314080973683,False
274,"To you my good friend who read my words a message of strength Islam is not a religion Islam is a sadistic and criminal apologia that worships violence, sadism the sumicion mutilation theft looting terrorism totalitarianism envy the hate death and lies Muslims use the simulation lies and blackmail to impose there where they arrive their aim is the conquest think of your country in your family in your freedom before it is too late do not believe in those cowardly politicians and traitors who shout that ISLAM iS PEACE lie and betray their people to their history and their heritage your moral duty to stop the destruction of your civilization outside Europe's Muslims around the West not a single mosque or a single Koran say no to barbarism say NO TO ISLAM¡¡¡¡¡¡",False,False,none,none,none,none,none,1066041470100942,False
276,Die behinderte alte soll lieber mal ihr Volk kennen lernen und verstehen !!,False,True,True,True,False,True,True,1134222156616206,False
277,Och lasst doch die Salafistchen in Ruhe. Die machen doch nichts ausser bisschen Terror und Hetze. Die paar Einzelfällchen. Gleich das SEK. Hätte man doch den Gauck hinschicken können und paar Pressefotos knipsen können.,False,True,False,none,none,none,none,935471019824655,False
278,"Es sollte ein generelles ""Vermummugsverbot"" erlassen werden !!!

Einmal ist es eine Sicherheitsfrage!
Man muß immer erkennen , wer vor einem steht !!!
Egal ob Burka auf der Straße oder Gesichtsmasken bei einer Demo !!!

Fahren Sie mal mit einer Karnevalsmaske durch einen Radarblitzer, da werden sie vom Richter ans Kreuz genagelt!
Andererseits soll es toleriert werden !??

Bei einem 10tägigen Türkeiaufenthalt habe ich weniger Kopftücher gesehen , als in einer deutschen Kleinstadt in 10 Minuten !!!

Wo leben wir denn ???",False,False,none,none,none,none,none,1010221522349604,False
279,"na von irgendwas müssen die facharbeiter doch leben. hier wird nochmal nachgeschoben, dann lässt es sich gut leben vom kindergeld. die wollen doch ein mischvolk schaffen. hoffe nur das die deutschen frauen so schlau sind und nicht mit denen in de kiste hüpfen. von krankheiten die unsere kulturbereicherer mit reinschleppen ganz zu schweigen. der normale deutsche macht keine kinder weil er existenzängste hat bei dem arbeitsmarkt und der gesamtsituation. aber unseren facharbeitern ist ja das egal. hartz 4 hier ist bestimmt in afrika leben wie ein könig. afrika ist verwüstet, jetzt ist europa dran....",False,False,none,none,none,none,none,951572768214480,False
280,Heidi er macht seine Arbeit weiter wie früher nur durch die ganzen Medien wird er wieder mal in falsche Licht gezogen genau wie damals in israel  das beste an ihn ist und bleibt er braucht sich bei niemanden rechtfertigen was über ihn geschrieben wird wie das er zum salafisten Szene gehört oder das er zum Islam konvertiert ist am Ende wenn er fertig ist mit seine Arbeit wird er wie in israel beweisen das es immer 2 Seiten einer mediale gibt  wenn man zb das Thema iss ansieht  hat sich jemand gefragt wie sie entstanden wurde warum die so auf einmal gut ausgerüstet ist ? Dann fragt mal dieses den Obama und die Merkel die wissen es genau ihre Taten was die machen mit den Kurden ist widerlich und nicht vertretbar aber diese terror hat auch leider der Westen eine große Schuld dran alleine nur durch die Waffen Lieferung  wenn Obama wirklich den Kurden helfen würde dann hätte er das richtig getan wie damals als er sadam gestürzt hat was auch ein Riesen Fehler der Amerikaner war,False,True,False,none,none,none,none,895929753778782,False
281,Schweineblut in alle Getränke und speisen unter mischen und dan öffentlich machen dan verhungern die,False,False,none,none,none,none,none,1012235445481545,False
282,Auch der Osten wird bald vollständig mit dieser kulturellen Bereicherung gesegnet sein. Merkel und ihre korrupten Helferlein arbeiten grad fleißig daran. Jeden Tag strömen tausende illegale Einwanderer in's Land und werden flächendeckend in Position gebracht. Die Migrationsbombe ist bereits gelegt. Es fehlt nur noch der Zünder.,False,True,False,none,none,none,none,1035162073188882,False
284,"Das Studium qualifizierter Berufe wie Arzt wird in Deutschland gar nicht anerkannt. Wer bei mir Arzt studiert hat, so 3 Jahre Uni, 1* die Woche für 2 Stunden ist vieles aber kein Arzt. 

Rechtsanwalt schafft man in 2 Monaten ohne einmal eine Schule besucht zu haben. 

Bauingenieur nennt sich jeder der im Sand eine Burg baut. Steuern ist bei mir hier kein Thema. Firma inkl. Privat so runde 10-14%

Dafür beschäftigt aber auch jeder der kann einen Gärtner und ein Hausmädchen und schafft so viele Arbeitsplätze und Auskommen für ganze Familien.

Ausländer die her kommen haben nur eins im Sinn, ausbeuten.",False,False,none,none,none,none,none,876354639069627,False
285,"Politische Schulbildung? Der Kasper kann ja mal politische und allgemeine Bildung an den Grenzübergängen anbieten! Auf dem Stundenplan bitte: Frauen gegen Ihren Willen belästigen,begrapschen und vergewaltigen? Nicht erlaubt! Steht unter Strafe! Illegale Grenzübertritte in Europa? Nicht erlaubt!  Zig Identitäten zum abkassieren von Leistungen aller Art? Nicht erlaubt! Islamisierung betreiben? Nicht erlaubt! Und damit er und seines gleichen noch was lernen,bitte CDU ,SPD und Grünen Politiker mitnehmen! Sich am Volkseigentum bereichern? Nicht erlaubt! Pädo freundliche Drecksäcke finanzieren und unterstützen? Nicht erlaubt!Gegen den Willen des Volkes regieren? Nicht erlaubt! Rentenkassen plündern? Nicht erlaubt! Kinder und Altersarmut zulassen? Nicht erlaubt! Selbst Diäten schamlos erhöhen? Nicht erlaubt!Unfassbar welche Arschlöcher momentan in diesem Land Scheiße reden dürfen!",False,True,True,True,False,True,True,1066007420104347,False
286,einfach nur asi!,False,False,none,none,none,none,none,1035402853164804,False
287,"Ein Mann mit ""Eiern"" ?? Unser Bildungssystem lebt von solchen Stiftungen! Aber wozu ausbilden,wenn wir ja die ""Fachkräfte"" aus dem Ausland reinlassen? Ich könnte nur noch kotzen??!!!!",False,False,none,none,none,none,none,881958615175896,False
288,Kranke Gesellschaft die unter zwangsneurotischer Doppelmoral leidet,False,False,none,none,none,none,none,951870394851384,False
289,"Giordano gelesen .... Allerdings hatte auch er ein Problem mit dem Islam .... 
Sollte das nicht stutzig machen , Mani Blank ? 
Weil der Nationalsozialismus genauso  eine faschistische Ideologie ist , wie der Islam .... Und wer das nicht sehen will , ist ein Realitätsverweigerer !",False,True,True,True,False,False,False,857009177670840,False
290,Es ist ein Skandal das die Vetreter jener kommunistischen Bande die damals ihre eigenen Landleute niedermachen ließen heute wieder in einem deuteschn Parlament  sitzen !!!,False,True,True,True,False,True,False,936117326426691,False
291,"Tja - jetzt weiß man zumindest, wie man die Errichtung von Asylantenheimen in der eigenen Nachbarschaft gutmenschlich-korrekt ablehnt: In der eigenen Umgebung kann man den Herren Asylanten und ""Schutzsuchenden"" eben nicht den von ihnen geforderten und ihnen zustehenden gehobenen Lebensstandard und Komfort bieten. Ein schwerwiegender Verstoß gegen die Menschenrechte!",False,False,none,none,none,none,none,987921587912931,False
292,"Ups, war zu schnell, hier nun komplett: Der Islam gehört doch nicht deswegen zu Deutschland, weil hier relativ viele Moslems leben. Dann könnte ich auch sagen, der Scheckbetrug, die Sodomie oder der illegale Organhandel gehören zu Deutschland, weil hier auch Scheckbetrüger, Sodomisten und illegale Oreganhändler leben. Hier geht es doch um eine kulturelle, zivilisatorische Kompatibilität - und diue ist nicht im Entferntesten gegeben, wie gerade wieder der grausige ""Ehrenmord"" - in islamischen Kulturen tolerierte Normalität - in Berlin gezeigt hat, der wohl jeden hier erschaudern lässt. Begangen von einem Türken, dessen Familie seine hochschwangere Freundin nicht mochte.",False,False,none,none,none,none,none,857754044263020,False
293,"Da brauchen wir demnächst keine trüffelschweine mehr,die Flüchtlinge finden einfach alles....super fachpersonal",False,False,none,none,none,none,none,1065238026847953,False
294,So viele liebe wessis (sehr lieb gemeint) die sich hier bedanken und mit umzugsgedanken splielen.dann kommt bitte schnell ehe all die schönen Wohnungen von diversen fachkräften bezogen werden.oh weh oh weh gelinde ausgedrückt,False,False,none,none,none,none,none,991290890909334,False
295,Nichts neues...gehört ja schon zum guten Ton solche anzeigen...versucht der pädophile Beck doch auch ständig....,True,True,True,True,True,none,none,1044362922268797,True
296,Ohne worte.wir deutsche schaffen uns selber ab. Immer rein mit dem kriminen.viehzeug.,False,False,none,none,none,none,none,945873008784456,False
297,"Warum halten die Gutmenschenweiber nicht ihr Unterteil hin? Dauert etwas länger, bei den vielen jungen Frischblut.",False,False,none,none,none,none,none,945950328776724,False
298,"Das Problem ist nicht der eine oder andere echte Flüchtling, sondern die Massenflutung Deutschlands!",False,False,none,none,none,none,none,1134105556627866,False
299,"Gerry, ja, feige sind die Einen, in den Rücken fallen tun einem die Anderen ('Deutsche') :-( Hilfe von außen kriegen wir hoffentlich auch.. .. die Deutsche Seele wird wohl aufstehen, wenn der Affenzirkus aus Zwangsislam und Gedöns noch mehr um sich greift, aber bis dahin.. .. glaub' ich ham wir nix zu lachen.",False,True,False,none,none,none,none,1044152838956472,False
300,"Das aller letzte was ich tun werde, ist auf ein Ostdeutschen zu hören. Wie könnte ich euch ernst nehmen, immerhin habt ihr die Existenz der Banane erst in den 90ern entdeckt ??????",False,False,none,none,none,none,none,1035122053192884,False
301,Paul ist ein Linksradikaler Steinewerfer der Autos und Barrikaden anzündet!!!,False,True,True,False,none,none,none,856791584359266,False
302,"Gerade in diesem Moment  sagen die bei RTL,  schlappe  für  Pegida.  Die lügenpresse hat sich mal wieder  zu Wort gemeldet",False,False,none,none,none,none,none,1053593904679032,False
303,"Die haben kollektiv einen an der Klatsche. Was kommt als nächstes - ""Oh..da hat einer was von 'Mord und Totschlag' gesagt am Wühltisch im Schlußverkauf-das ist Aufruf zur Gewalt ! ANZEIGEN ! SOFORT !..und da hinten-da habe ich ganz deutlich gehört wie jemand 'Der lacht sich tot' gesagt hat.Das ist Sterbehilfe oder billigendes in Kauf nehmen daß eine Person ums Leben kommt . ANZEIGEN ! SOFORT ! ..Ich mag mir nun gar nicht vorstellen auf welche kranken Ideen die Herrschaften kommen wenn man nun äußert "" Das Übel an der Wurzel packen"" -gilt das dann als Aufforderung zu sexuellen Übergriffen ?",False,False,none,none,none,none,none,1043590509012705,False
304,"Die Debatten bringen doch gar nichts - rechte  - linke - wo fängt rechts an und wo hört Nationalstolz auf - wir haben doch in Deutschland keine täglich  genannte Islamophobie sondern eher eine Deutschphopie - in allen Ländern die ich bis jetzt bereist habe, sind die Menschen verdammt stolz auf ihr Land, ihre Heimat. Sogar die ärmsten der Armen in Brasilien sind stolze Brasilianer. Nur wie Deutschen trauen es uns gar nicht in den Mund zu nehmen. Ist man schon ein Nazi ( was auch immer das überhaupt sein soll ) wenn man bei der Hymne aufsteht oder sogar noch die Kopfbedeckung abnimmt?  Ich bemerke, dass zur Zeit alle TV-Sender vermehrt Berichte über KZ's und Judenverfolgung laufen. Das fällt regelrecht auf, dass hier auf unser aller Bewustsein Einfluss genommen werden soll. Wir sollen uns schlecht fühlen und uns beschämt zurück ziehen. Das alles zeigt doch, dass die Leute, die unser Protest erreichen soll, noch immer nicht begriffen haben, worum es geht. Oder es ist Taktik - stell dich doof - dann brauchts Du dich nicht bewegen. Wie links sind die agressiven Gegendemonstranten - da sind sicher mehr arbeitscheue Subjekte dabei, die Randale wollen, als bei Pegida wirklich harte Rechte - das ist die dümmste Masche, die man gegen uns fahren kann.",False,False,none,none,none,none,none,856901607681597,False
305,"Wenn die Linken alles abfackeln, kurz und klein schlagen, Polizisten  bedrohen rumpöbeln warum forden Sie nicht, dass diese sich davon distanzieren sollen Herr Sylvester? Auf friedliche Pegidaanhänger verbal eindreschen ist bequemer. Außerdem ist noch gar nicht geklärt, wer diesen Anschlag in Tröglitz gemacht hat. Also mal schön den Ball flach halten und nicht so rumstänkern.",False,True,True,True,False,True,False,895514840486940,False
306,khaled b lag ermordet in einer blutlache  vor einer tür und  die polizei hat  ein gewaltverbrechen ausgeschlossen. typisch osten :),False,True,False,none,none,none,none,895570800481344,False
307,Wie sollen die armen Flüchtlinge denn nun anderen Flüchtlingen Toilettenbenutzungsgebühren abpressen. :-(,False,False,none,none,none,none,none,1111316178906804,False
308,"Liebe Leute Lesen ! Ganz oben steht ganz gross Fakebild ! Die Antifanten Spinner haben hier ein Ei ins Nest gelegt  und lachen sich jetzt kaputt was hier im Netz abgeht. Ist es denn zuviel verlangt, erst mal alles zu lesen dann zu überlegen ob man den Sinn dahinter verstanden hat, und erst dann evtl. wenn es sein muss darauf zu reagieren?  Diese überstudierte Masse bei Hooligans gegen Satzbau hat offenbar Langeweile und kann nix anders als spalten. Lasst es nicht zu das dies passiert. Sie wollen nur euch und vor allem sich selber beweisen wie dumm ihr Unstudierten doch seid. Aber nur weil Arbeiterklasse einfacher gestrickt ist und denkt, ist sie nicht dumm. Denn diese überstudierte Masse kann nix anderes ausser Schachtelsätze bauen. Lasst Euch also von denen nicht einreden schlecht zu sein und lasst euch nicht niedermachen. Das ist deren einziges Ziel. Also bitte tut uns allen den Gefallen erst ALLES lesen,  dann verstehen, Luft holen und dann gemäßigt  reagieren. Und ja der Weihnachtsmarkt in Dresden auf dem Altmarkt heisst schon IMMER STRIETZELMARKT . !",False,False,none,none,none,none,none,1012402748798148,False
309,"Ich habe munkeln hören (ob das stimmt weis ich nicht, aber man muss ja hierzulande und heutzutage schon mit ALLEM rechnen!), dass sogar geprüft wird, in welchen Privathaushalten noch Platz wäre, um Asylbewerber unterzubringen. Sollte man sowas wirklich in Erwägung ziehen, dann sage ich gleich schonmal folgendes: NICHT BEI MIR!!!",False,False,none,none,none,none,none,951531151551975,False
310,Der Steinmeier ist ja sowas an blöde. Fiel schon während der Ukraine- Krise mit seinen dummen Kommentaren auf,False,True,True,True,False,True,True,1007175305987559,False
311,Wieso können Afrikaner nicht einfach mal verhüten???Man kann doch keine haufenweise Kinder in die Welt setzen und null finanzielle Ausstattung haben?Die werden dann alle krank und sterben. China hat es richtig gemacht mit ihrer ein Kind politik.schaut euch an wo sie wirtschaftlich nun stehen! Alle mal sterilisieren. Sry aber ist doch so,False,False,none,none,none,none,none,1055264327845323,False
312,"Todenhöfer ist pro Salafist und IS, ich vertraue ihm nicht ...",False,True,False,none,none,none,none,894749620563462,False
313,"Ganz einfach 
HAUT AB UND KOMMT ERST NICHT IN UNSER LAND",False,False,none,none,none,none,none,1096073150431107,False
314,"Von wegen...""hat den Höhepunkt erreicht und ist jetzt im Auflösen begriffen""...
Hätten die staatlichen Politikwissenschaftler gern. Zum Studium der Politikwissenschaften gehört auch Geschichte... wohl nicht richtig aufgepasst beim Thema ""89er Wende""?
Großartig!
Euer Leipziger ??",False,False,none,none,none,none,none,856747901030301,False
315,"Unserer Tochter (10.Klasse) wurde auch in der Schule kund getan, dass alle Leute, die sich einer Pegida Veranstaltung anschließen dumme Nazis sind. Und das waren Worte einer Lehrerin im Fach Sozialkunde... was soll man da noch sagen?! ??",False,True,False,none,none,none,none,856748231030268,False
316,Müssen wir jetzt die Panzer aus der Garage holen um uns zu schützen. Langsam bekommt man Angst. Bekomme ich nicht was ich will werde ich wüdent und zerstöre alles .......................,False,False,none,none,none,none,none,982711535100603,False
317,Der Vergleich mit den Babys ist nicht ganz fair......Babys können sich beim besten Willen nicht selbst versorgen........diese sogenannten Flüchtlinge können zu hause bleiben und ihre Länder wieder aufbauen.......oder gegen ihresgleichen kämpfen.....und für ihr Auskommen sorgen.....dann brauchen sie sich hier nicht alimentieren lassen und wie die Babys fühlen.....oder...???,False,False,none,none,none,none,none,1111424808895941,False
318,Der versucht jetzt alles um nochmal richtig Kasse zu machen..,False,True,False,none,none,none,none,894678363903921,False
319,"Das war doppelmord, an maria Maria und ihrem Baby !!! wenn ich an die Tat denke werde ich immer wieder wütend, und aggressiv ....was die beiden in diesen Minuten durch gemacht haben kann man sich nicht vor stellen...diese Bestien , diese Mörder ....die beiden Türken sollten in der Hölle schmoren!!!!!!",False,True,True,False,none,none,none,857167690988322,False
320,"En Gin, wenn deine Kommentare hier gelöscht werden sollten , dann weil man soviel Dummheit nur schwer ertragen kann . Eine starke Gesellschaft könnte dies ertragen , aber eine manipulierte, zerrissene Gesellschaft kann damit nur schwer umgehen . Ich weiß En Gin das verstehst du nicht und ja du hast Langeweile und wenig Freunde und Freude in deinem Leben und deswegen musst du uns hier nen Ohr abkauen . Kein einziger Kommentar von dir ergibt Sinn, nur Mist den du vom Stapel lässt . Also geh am besten dahin wo du hergekommen bist ,  oder ist Deutschland doch nicht so scheisse ? Oder finanziert der deutsche Steuerzahler dein Leben , und du kannst womöglich nirgends anders hin ?",True,True,True,True,False,False,True,855480707823687,True
321,"Wie sind Sie denn drauf? Gehts noch? Sie können doch die Demonstranten, die sich gegen kriminelle Wirtschaftsflüchtlinge gem. des 19 Punkte -Kataloges stellen, nicht mit den Rechtsradikalen gleichsetzen! Sie werden doch auch nicht als Anhänger  linker brandschatzender und totschlägerischer Chaoten bezeichnet, nur weil Sie anderer Meinung als die der Montagsdemonstranten sind! Haben Sie sich eigentlich mit Zielen von Pegida auseinandergesetzt? Oder sind Sie ein so unbedarfter Gutmensch der nur helfen will und die Augen vor der Wirklichkeit - der realen Parallelwelten mit den eigenen Gesetzmäßigkeiten - wissentlich verschließt?",False,True,False,none,none,none,none,895570657148025,False
322,"Das ist nicht schade sondern bitter , denn es geht uns alle an !!! Und ich bin so wütend über den Westen ich komme aus Kiel und würde fast alles machen nur um endlich die ignoranten hier im Westen wach zu rütteln etc ????",False,False,none,none,none,none,none,1035112469860509,False
323,"Die Gutmenschen wird es immer geben. ?? die begreifen diese Zusammenhänge such dann nicht, wenn man es ihnen 100 mal erklärt.",False,False,none,none,none,none,none,1055213871183702,False
324,"Bin auch dafür retour zurück .... Die brauch keiner sollen bei sich im Land rumhängen ,,,",False,False,none,none,none,none,none,960857950619295,False
325,"ich lach mich scheckig...Gut!!! Problem ist, da die Assys Bargeld wollen/brauchen, werden wohl noch mehr Überfälle standfinden.",False,False,none,none,none,none,none,1111331698905252,False
328,"An Stelle der ganzen blind verpufften Milliarden an Entwicklungshilfe sollte man in der III. Welt lieber an der Geburtenkontrolle arbeiten. Es ist nicht hinnehmbar, daß eine Population mehr Nachkommen schafft, als sie ernähren und großziehen kann.",False,False,none,none,none,none,none,1055211217850634,False
329,Und für was war das gut? Heute wird die noch wahrlich erkämpfte Demokratie regelrecht mit Füßen getreten. So läuft es in Deutschland.,False,False,none,none,none,none,none,935421243162966,False
330,"Oh waren es diesmal nicht die pösen Rechten??? Na sowas... Aber solange keiner zu Schaden kommt, sollte man die Dinger reihenweise abfackeln. Finde ich gut.",False,False,none,none,none,none,none,894912003880557,False
331,"Wir haben fast 3.000 Moscheen in Deutschland, das reicht. In der Türkei stehen gerade mal 16 Kirchen und die Muselmänner wollen bei uns nochmals 120 Moscheen dazu? Wohl einen Knall, aber gehörig. Vergrabt überall eine tote Sau als Grundstein, damit Ruhe einkehrt! Und Schweineblut vergießen, dann gibt es halt eine Woche lang bischen weniger Blutwurst als sonst, damit kann man leben, aber keine weitere Moschee mehr, Null, Zero, nichts, nada!",False,False,none,none,none,none,none,1107011946003894,False
332,"Aha, jetzt keine Geldbörsen mehr, jetzt rennt jeder mit ein teuren Gegenstand draussen rum und verliert es damit ein ziegenverwöhner dieses findet :-D :-D :-D",False,False,none,none,none,none,none,1065243486847407,False
333,Hier hat die AfD mal NICHT Recht! Es gibt keinen unpolitischen Islam! Jede Frau mit Kopftuch gehört des Landes verwiesen - inkl. der gesamten Sippschaft.,False,True,False,none,none,none,none,1114353061936449,False
334,"Die AfD ist die einzige Partei in Deutschland, welche sie Wahrheit über den Islam verbreitet!
VIELEN DANK DAFÜR!
Jetzt wird allmählich auch der Wahlmichel wach!
Jede Abartigkeit der Islamisten wird der AfD zukünftig Wahlstimmen bringen!
Das können  der Altparteien der CDU/CSU/SPD/FDP/SED/Grünen noch so viel zetern!
Mit dem islamkritischen Thema wird die AfD vermutlich bald die absolute Mehrheit in den Parlamenten erreichen, weil die linken Dämlacks keine Koalitionen zulassen!
Danach werden endlich Rückführungsprogramme durchgeführt!
Wir sollten inzwischen alles dafür tun, dass Islamisten sich bei uns nicht mehr wohl fühlen und möglichst von alleine wieder abhauen!",False,True,False,none,none,none,none,1113847901986965,False
335,"Die Deutschenhasser müssen so mit Klagen überflutet werden, dass sie mehr Zeit bei Gericht verbringen als beim schreiben ekeliger Anti-deutsch-Propaganda. Ausweisen müsste man alle Deutschenhasser.",False,False,none,none,none,none,none,1010743502297406,False
336,"Germans PLEASE, for the sake of European people across the world, DESTROY THE FRANKFURT SCHOOL, AND SMASH CULTURAL MARXISM! Burn it down and destroy the communists!!!!! SAVE US PLEASE!!!
http://www.marxists.org/subject/frankfurt-school/",False,False,none,none,none,none,none,857940527577705,False
337,"Haben denn damals die Journaillen-Häuptlinge Anzeige erstattet, als die CSU, etwa zu Waigels Zeiten von ""Ausmisten"" redeten? Meines Wissens nicht, aber die Damen und Herren in Gutmenschien haben wie mal brav aus dem benachbarten Hollandien gelernt: Die unerwünschte Meinung per Gerichte und Schadensersatzforderungen so madig und arm machen, bis sie nicht mehr quiekt.",False,,none,none,none,none,none,1044182942286795,False
338,"""Ob ein Asylsuchender ein Recht auf einen Aufenthaltstitel hat oder nicht, kann man nur in einem Asylverfahren feststellen.""

Ganz falsch!

Art. 16a, Absatz 2 GG sagt eindeutig, dass kein Asylrecht in D hat, wer aus einem Land der EU oder anderen sicheren Land einreist!

Da D nur von solchen Ländern umzingelt ist, hat kein Einziger ein Recht auf Asyl in D, das Asylverfahren kann in 2 Minuten abschlägig durchgeführt werden!

Ähnliches regelt auch das Dublin-Abkommen, das vorsieht, Asylverfahren im 1. EU-Land abzuwickeln, das ein Asylsuchender erreicht.

Nur durch eklatanten Bruch von EU- und D-Recht ist die Situation so, wie sie ist!

Von Merkel in selbstherrlichem Größenwahn alleine entschieden.",False,True,True,True,False,True,False,1039612899410466,False
339,"Ich habe auch nichts gegen Muslime, die unseren Glauben, unsere Gesetze  und unsere Kultur  respektieren.  Wenn du als Kind von ""Gastarbeitern"" in Deutschland gross geworden bist, dann frag mal deine Eltern,  wie wir alle vor Jahren  friedlich nebeneinander leben konnten. Findest du es richtig, dass es in unserer Heimat mehr Toleranz für Migranten gibt, als für das eigene Volk.  Ganz zu schweigen von der Nazikeule, die überwiegend von jugendlichen Migranten geschwungen wird. Da muss ich dir dann leider sagen, habe ich auch die Schnauze gestrichen voll, denn Deutschland ist meine Heimat und wem es nicht passt, darf sich gerne von anderen Staaten durchfüttern lassen.",False,False,none,none,none,none,none,1035127136525709,False
340,aber wenn schulbetrieb gestört wird geht jede form von beherbergung?? haben die linksfaschisten angst das die migranten denen die show stehlen und mehr aufmerksamkeit bekommen? oder gar angst wegen einer ständigen polizeipräsenz?,False,False,none,none,none,none,none,987962144575542,False
342,"Es dauert noch ein paar Minuten, da der Zustrom an Leuten noch kein Ende nimmt.

Wir sind jedenfalls motiviert bis in die Haarspitzen. ??????

#AsylbetrügerRaus ##MerktEuchDieNamen #MontagIstPegidaTag #GlücksritterZurückverschiffen #SchengenAussetzen #GrenzenDicht #PEGIDA",False,False,none,none,none,none,none,991234720914951,False
343,"[@IND] :
Mieterhöhungen treffen hier nur die Falschen, denn solche bekommen es ja bezahlt.....mehr als ein Inländer.",False,False,none,none,none,none,none,946923342012756,False
344,falsch ... es geht auch um Personalien ... keine Kriminelle mehr im Vorstand .. die Sache ist gut ... nur zu viele Rechte Spinner die sich einhaken ..,False,False,none,none,none,none,none,858398097531948,False
345,"Wieder zu hause, war wieder gut dabei gewesen zu sein, natürlich waren die Erwartungen und die Frage was nun wird. Das was ich erwartet habe, das habt ihr erledigt, Legida und Pegida ist zusammen gewachsen. Auch wenn die Presse ales versucht hat, eure Lügen machen uns nur stärker! Die reden waren Klasse, das Ziel sind die Politiker die an dieser Misere Schuld sind. Das Richtung ist klar, wir machen weiter!",False,False,none,none,none,none,none,856771654361259,False
346,"Wer redet von Spenden an PEGIDA, Schlagerjuri?
Geh und setz die Mütze ab, Dein Hirn vergärt schon!",False,True,True,True,False,True,True,857302890974802,False
347,Der Herr Mürwitz ist einfach nur ein Troll. Einfach links liegen lassen .,False,True,False,none,none,none,none,882035785168179,False
348,"richtig so  endlich fangen die ersten Länder an zu denken nur hier hat es in Deutschland noch nicht eingesetzt bei der Regierung. Nun sehen sie mal Frau Merkel das es auch ohne sie geht , sie mit ihrer scheiß Europäischen Union und dem Scheiß Euro . Mann kann andere Länder nicht zwingen  wenn man vor der eigenen Türe ein Haufen Scheiße selber liegen hat. Macht endlich die grenzen dicht hier  damit das ein ende hat.Dann sollte man dieses Regierung wegen Hochverrat  an das eigene Volk verurteilen und das ganze pack gleich mit raus schmeißen aber zz das ganze.",False,True,False,none,none,none,none,1057917330913356,False
349,Ich wundere mich schon lang darüber. Diese Hohlbirne läuft auf und darf alles. Was ist nur los mit den Deutschen! Wacht auf!,False,True,True,True,False,,False,858053330899758,False
350,"Polizei ins Gesicht. Jetzt schrein alle auf, sehr viele Menschen wusten das es nicht zuhändeln ist. Die haben ihre Gewalt brutalität und Mentalität mitgebracht. Es wird sich niemand hier eingliedern, die Flüchtlinge werden hier ihre eigenen Gesetze machen",False,False,none,none,none,none,none,989452951093128,False
351,Und warum hassen Türken Juden??...dann sind das in meinen Augen auch Nazis!,False,False,none,none,none,none,none,894913000547124,False
352,"Egal ob 10.000, 20.000 oder 30.000 die Presse bleibt trotz allem die LÜGENPRESSE !!!",False,False,none,none,none,none,none,856748511030240,False
353,War schon richtig dass die Russen das damals verhindert haben. Sonst hätten wir hier schon das 100-fache an Ausländern.,False,False,none,none,none,none,none,935653903139700,False
354,Diese ganzen vermummten Tanten will ich aber auch nicht hier haben.,False,False,none,none,none,none,none,1055665507805205,False
355,"Österreich und die anderen EU-Staaten sollte gar keine Flüchtlinge aufnehmen. Das sollte Merkel alleine ausbaden. Zwar dumm für uns in Deutschland, aber Merkel hat sie gerufen ...",False,True,False,none,none,none,none,1044395878932168,False
357,Was diese Schmarotzer sich anmaßen das ist unglaublich. Was würde uns in deren Heimat passieren würden wir uns so benehmen?,False,False,none,none,none,none,none,1096655267039562,False
358,Aldi kennt halt keine Vaterlandsliene sondern Geeeeeeeeeeeeeeeeeeeld,False,False,none,none,none,none,none,857943977577360,False
359,"Und wie ist das eigentlich, wenn man aussieht, wie ein Zigeuner ... :-D   Kleiner Scherz Eddie ... no hard feelings.",True,True,True,True,False,False,True,1013008112070945,True
360,Ran mit  Maschinengewehr und dann sollstemal sehen wie schnell die Strasse offen ist. spaetestens bei den ersten drei erschossenen rennen die anderen los. Ich haette da garkein Mitleid mit solchen Ratten die nur kommen um sich aushalten zu lassen und auch noch ganz frech was fordern. Dieses Pack braucht man genauso wenig wie die schwarze Beulenpest.,False,False,none,none,none,none,none,1095902737114815,False
361,Im Sommer werden solche Journalisten gehängt ;),False,,none,none,none,none,none,856996614338763,False
362,Christian Buttler Du bist wohl einer von den Gehirnamputierten die nichts Begreifen!!!,True,True,True,True,True,none,none,858397180865373,True
363,"Ich steh kurz davor wieder in die Kirche einzutreten, um mich von diesem widerlichen Islam noch mehr zu distanzieren. Eine Seuche ist das!",False,False,none,none,none,none,none,1084997548205334,False
364,Wenn ich in Deutschland bin...erstmal ein Messer kaufen! ASYLANTENLOGIK,False,False,none,none,none,none,none,882693571769067,False
365,ebend kam gerade im radio RBB INFORADIO ... wie toll ruhig und friedlich diese asylanten sind .... ha ha ha .... wenn es fuer ungarn (noch nicht fuer uns ....noch) nicht so traurig waere ..... koennte man sie auslachen ... staatsradio der BRD 1,False,False,none,none,none,none,none,982657888439301,False
366,"Aha MArion. Du wünscht Dir also das DDR Regime mit Mauer und Stacheldraht. Gott sei Dank haben solche Menschen wie Du hier null zu melden. Ab nach Russland, da hast Du Dein Terrorgrenzregime!",False,True,False,none,none,none,none,1010276485677441,False
368,"Slawen sind die besten Europäer. Nachtrag: viele Flüchtlinge sollten z.B. von Polen aufgenommen werden. Doch leider werden Wlodzimierz, Wiktor, Pawel und Grzegorz nicht zulassen, dass ihre Frauen von irgendwelchen Wesen aus Afrika oder dem nahen Osten vergewaltigt werden. Sie werden ebenfalls nicht einsehen, dass Gelder für Menschen gespendet werden, die es nicht verdient haben. Wie gut, dass Polen ein Land ist, wo Christentum, Heimatliebe und Nationalstolz stark verbreitet sind. Allein diese drei Tugenden schützen jedes Land vor dem, worunter Westeuropa momentan leidet.",False,False,none,none,none,none,none,962166503821773,False
369,"Drecks Antifa, wann werden die Deutschen mal WACH. 

Die Antifa wird für Straftaten bezahlt. Bekommen Sonderzüge nach Frankfurt.",False,False,none,none,none,none,none,885815994790158,False
370,Bei Mopo wird gerade wieder in einem Artikel gegen Pegida gehetzt. Widerliches Presstituiertenpack!,False,True,True,True,False,True,True,993964627308627,False
372,Heul leiser....,False,True,False,none,none,none,none,885662138138877,False
373,"Jetzt können die Gutmensch-Studenten Zeitung austragen, bis sie die Million für die Uni erwirtschaftet haben. ??

Richtig so Herr Stöcker.",False,True,False,none,none,none,none,881986248506466,False
374,"Die ""armen traumatisierten Flüchtlinge"" machen Rabatz,nicht zu fassen! Gibt immer noch Leute die glauben das sie sich bei uns integrieren und ja sooo gerne arbeiten möchten bei uns????????????????",False,False,none,none,none,none,none,982692971769126,False
375,ja so recht.... wir werden verarscht... oder sie versuchen es auf jeden Fall...ABER..  WIR lassen das nciht zu... Der Lügenpressssssssse und dem zensierten Fernsehn glauben wir schon lange nicht mehr... jA ABER was können WIR  - DAS VOLK .- konkret machen um diese  - UNS vernichten wollende US-Arabisch-.Muslimische-Marionetten.Regierung abzusetzen.. ALLE...ALLE---ALLE  DEUTSCHEN müssen  in Berlin vor dem Kanzleramt DAFÜR erscheinen und für die Absetzung dieser Gesetzwidrig- Handelnden demonstrieren... eine Mahnwache abhalten für UNSER zu erhaltendes DEMOKRATISCHES DEUTSCHLAND  des FRIEDENS...  OHNE EINWANDERUNG DES BÖSEN,False,False,none,none,none,none,none,1011808898857533,False
376,"he he du du ,wir sind ein Flüchtlingsland und brauchen Facharbeiter im Eseltreiben, sagt unser fetter Gabriel",False,True,True,True,False,True,True,894895843882173,False
377,Bist bestimmt sauer weil dein papa noch andere Kinder belästigt hat.,False,True,True,False,none,none,none,935295236508900,False
378,Die Kinder sterben im Sinne Allahs. Totale Scheisse . Ich habe Angst.,False,False,none,none,none,none,none,982643691774054,False
380,"Merkels völkischer Wahn- die kinderlose Straftäterin betrügt uns bewusst
https://youtu.be/-ZvihZmYfYM",False,True,True,True,False,True,True,993814560656967,False
381,Party im Vogel Käfig beendet! Dreckspack,False,False,none,none,none,none,none,935263819845375,False
382,"Eine völlig verantwortungslose Bevölkerungspolitik (Bevölkerungsexplosion) in den Herkunftsländern trägt massiv zu dem Elend bei. Das können wir nicht kompensieren ohne selber vor die Hunde zu gehen. Kapiert es endlich ihr linken Narren! Helft den Ländern vor Ort, aber importiert nicht zu millionen deren Probleme! 
Ist das so schwer zu verstehen?",False,False,none,none,none,none,none,856839227687835,False
383,"FRAU MERKER HERR GAUCKLER, wo ist jetzt ihr Aufschrei in Frankfurt werden Polizeiwachen angegriffen von Linken   SAntifa Idioten , dass muss der Staat wohl aushalten aber wegen einem umgehauenen Auto in Köln wird über Wochen über die Caoten der HOGESA berichtet. Hat der Bürgerkrieg schon begonnen???",False,True,False,none,none,none,none,886038731434551,False
384,"Solche aussagen  mussten ja von einem wohl müslikopp kommn.. xD ey lieber wäre ich bettelarm hätte nix zu fressen etc.. als mich zb so zu einem geisteskranken und asozialen verlogenen gesocks zu zählen wie zu unseren politfickern und antifagesindel etc.. das einzigste was diese herrschaften doch in ihrem leben wohl gelernt haben ist wie man den leuten am besten und schnellsten das geld aus der tasche leiert und sie für blöd verkauft.. aber um die eigene blödheit zu erkennen da mangelts wohl einfach an grauen zellen so das sie die scheisse die sie tag täglich verzapfen wohl am ende auch noch selbst glauben.. einfach nur ekelhaft  ,ehrenlos und erbärmlich dieses gesindel.. um von den eigentlichen antifanten mal garnicht zu reden diese würden sogar wohl auch noch ihr erstgeborenes verhöckern für den schnellen teuro weil sie wohl selbst sonst nichts auf die kette bekommen in ihrem leben... zb nicht mal sich einen ordentlichen facebook account zu erstellen mit nem ordentlichen profilbild.. aber hier die dicke fresse riskieren.. über andere  leute urteilen wollen.. wie tief kann man eigentlich sinken wie erbärmlich muss doch das eigene leben sein..!? Aber das mit yem fehlendem profilbild und dem account kann ich doch wiederrum schon verstehen.. sonst würde euch so mancher eure fickfressen eintreten",True,True,True,True,True,none,none,1063444290360660,True
385,"Wenn ich behaupte dass Ratten – aufgrund ihrer rattentypischen Massenvermehrung und Aggressivität – automatisch zu “harmlosen, friedlichen Nutztieren” werden, dann würde mich wohl JEDER für bekloppt halten – ZU RECHT! Wenn ich aber verkünde dass 1,7 Milliarden Moslems gar nicht böse sein können, und ein “paar hunderttausend ABSCHLACHTEREIEN” N U R Einzelfälle sind welche an der“ Religion des Friedens” überhaupt nichts ändern, dann bin ich plötzlich wieder politisch korrekt, also N O R M A L ! Das ist doch pervers! FDJ-EU-Übermutter Merkel: ""Der Islam gehört zu Deutschland.""

(Wo ist der Ausgang? Ich muss hier raus!!!)",False,True,False,none,none,none,none,888075084564249,False
386,"Hahahahaha,wie dumm muß man sein??? Da sieht man wieder was fleischentzug und überdosierte körner und grünzeugs zufuhr bei diesen linksterroristen anrichtet,denen gehört der schädel gespalten damit deren hirn mal wieder wat frische luft bekommt,das muß ja gären in deren köpfen,soweit ich mich errinnern kann,erzeugt doch eingelagertes grünzeug in einem luftdichtenraum mit etwas feuchtigkeit silage (tierfutter)oder?LOOOOL ...Als ich diesen beitrag gelesen habe,hatte ich sofort das bild vom simpson Nelson in meinen kopf aber mit diesen ""südländern"" wie einer diesen Marcel R. von hinten nimmt und ihn immer wieder anbrüllt ""warum F... du dich selbst"" und einer von vorne der ihn immer wieder anbrüllt ""warum Blä... du dir selbst einen"" hahahaha,Ooooh man man man ich kann nicht mehr vor lachen ;)",True,True,True,True,True,none,none,951885771516513,True
389,Die Alte ist krank im Kopf. Die wird nie zurück treten,False,True,True,True,False,True,True,993964160642007,False
390,"Einzelfälle ? Sexuelle Übergriffe ... | Geschlechter Verständnis ""Bildungsferner"" sollte uns alarmieren ! http://www.zeit.de/2015/45/sexuelle-gewalt-fluechtlinge-frauen-fluechtlingsheime",False,False,none,none,none,none,none,1012201658818257,False
392,"Was hab ich davon?? Vergewaltigte töchter? Geschlachteten hund? Messer im rücken? Muselmanen rundrum? Schwarze stoffbeutel? Man seit ihr krank, das ganze parteingefilz!",False,False,none,none,none,none,none,1134122153292873,False
393,"Vorsicht, fast ausschließlich Salafisten unter den Koranverteiler-Ständen auf der Straße.
Da würde ich die Finger von lassen.
Nimm das hier...
http://www.islamisches-zentrum-muenchen.de/PDF/quran01.pdf",False,False,none,none,none,none,none,857414437630314,False
394,"Sarah Lehmann verarscht euch nur, ein Blick auf ihren Profilbanner geworfen und schon sehr ihr woher der Wind weht.
Die Leute von der Antifa haben heute Spaßtag und ihr fallt  darauf rein.
Einfach ignorieren und dann ist gut.",False,True,False,none,none,none,none,894887053883052,False
395,"Die Regierende sind in die ecke gestelt wie ein hund und beißen um sich,die forderungen müssen lauter werden WECK mit diesen Volsmörderische politik und politiker Merkel WECK Regierung ab setzen.",False,True,True,True,False,True,True,1043594009012355,False
396,"Anja Lindner : Sie haben ja Recht, aber momentanes Recht ist es eben, dass dem Gesochs monatlich 350 Euronen an Taschengeld (für's Nichts-Tun"") zustehen - dazu kann man stehen, wie man will.

Und zum Thema ""Arbeiten gehen"" folgendes: 
   Was wir derzeit importieren, sind nicht nur ""ethnische"", also kulturelle und religiöse Konflikte, sondern auch eine ""industrielle Reservearmee"", für die es keine Beschäftigung gibt und keine geben wird, das Lumpenproletariat von morgen und übermorgen. 

In diesem Sinne: Über'm Äuator lacht die Sonne und über Deutschland lacht die ganze Welt.

Gruß von den Philippinen!",False,True,False,none,none,none,none,1111868078851614,False
397,"Man braucht gar keine Comedy-Sendungen mehr, die Politiker und Schreihals-Journalisten sind witzig genug :-D  Fordern ""für sich"" Meinungsfreiheit und sterben fast am Herzinfarkt, weil se ne Mistgabel sehen...Lächerlich",False,False,none,none,none,none,none,1043591835679239,False
398,"and you call these Zombie Mother F**ker . INNOCENT REFUGEES ???????????????????. this is a Massive Army to Annihilate Europe. KILL THEM ALLLLLLLLLLL. Just tell me why you have an Army ? to defend your country, isn't it ? then what are you waiting for. shoot them",False,False,none,none,none,none,none,1107995775905511,False
400,Stehen die Polizisten dort nur zur Zierde rum?,False,False,none,none,none,none,none,1095982907106798,False
401,Jetzt mal ne frage oben heisst es die polizei prüft im fall der schwangeren ermordeten maria ob es ein ehrenmord war...wenn er ein mädchen schwängert und es verstösst weil es den eltern nicht passt dann soll es ehrenmord gewesen sein ...und da wundert sich die politik wenn die volksseele hochkocht ..... gibts wieder einen kulturbonus ...deutsche wandern für sowas 25 jahre hinter gittern und evtl wird noch die besondere schwere der schuld  festgestellt ...es braucht sich in diesem land und europa wundern wenn rechtsradikale kräfte immer mehr zulauf bekommen ..es wird ja praktisch von allen seiten provoziert .man kann doch nicht mehr von einem echtssystem sprechen das deutsche mit aller härte des gesetzes bestraft und migranten die in deutschland geboren sind kulturbonus geben .. lass eine deutsche frau nach syrien gehn und autofahren das macht sie nicht lange und wenn sie dann vor gericht steht sagt sie das ist meine westliche kultur das ich autofahr was meint ihr was der richter dann sagt,False,True,False,none,none,none,none,857444217627336,False
402,"Wissen wir doch, aber die Propagandapresse der BRiD muss alles auf PEGIDA beziehen, da sie zur Zeit der größte Feind für das kriminelle Regime darstellen.",False,False,none,none,none,none,none,857866800918411,False
403,Sorgloser Depp mache Dir mal keine Sorgen es fing damals im Südwesten an und die Hogesa sind Idioten sorry es ist alles jetzt in guten Händen lieber vernünftige Leute die wissen was Patrioten sind und hier wird auch kein Staat was machen wie bei Pegida usw. Da die Leute alles schon durch gemacht haben....,False,True,True,True,False,True,False,858375677534190,False
404,Die Christen bei uns laufen auch nicht ständig mit nem Holzkreuz auf dem Buckel rum. Zumindest sollte der Kopflappen in Schulen verboten werden.,False,False,none,none,none,none,none,1010182402353516,False
406,"S.o. Es ist natürlich einfach jedes Hakenkreuz auf die Rechtsextremen abzuschieben - denn das zählt auch als ""judenfeindliche Straftat"". Eine Straftat wie judenfeindliche Parolen - sind die da auch aufgelistet. Hört einfach auf, die judenfeindliche Grundierung des Islam zu negieren. Ihr würdet den wahren Rechtsextremen komplett das Wasser abgraben, wenn ihr endlich diese Gefahren ernst nimmt und nicht verharmlosen würdet. Ich bin gegen Rechtsextreme - keine Frage. Judenfeindlichkeit ist das Letzte. Täter sollten auch hier richtig benannt werden.",False,False,none,none,none,none,none,895221087182982,False
407,"Warum nur lassen sich die Leute sowas gefallen? Einfach abfackeln diese Moscheen - Problem gelöst. Logisch dass die Gegner leichtes Spiel haben, wenn sich die Einheimischen nicht wehren.",False,False,none,none,none,none,none,1105417686163320,False
409,Dafür machen die scheiß Kroaten freie Bahn. Balkan Pack,False,False,none,none,none,none,none,982662171772206,False
410,"das Schlimme darin ist, dass es die Politiker ganz genau um  die Probleme wissen. Nur keiner dieser Damen und Herren den Arsch in der Hose hat mal NEIN zu sagen. Dieses ist nicht nur jämmerlich sondern dumm und kurzsichtig.",False,False,none,none,none,none,none,946376782067412,False
411,Deutschlnd ohne dich wäre eine Sorge weniger.,False,True,False,none,none,none,none,884852508219840,False
412,Nicht Wirtschaftsflüchtlinge....Schmarotzer.,False,False,none,none,none,none,none,882915261746898,False
413,"ist doch klar das sie dabei sein wollen wenn ihre Landsleute anfangen zu plündern.-Ich Denke mal das viele IS Kämpfer schon ihren Plan haben zuzu schlagen.Die Merkel muß weg und jetzt muß auch der Inerliche Sicherheit aller Deutschen gewährgeleistet sein..von der Leyen hat auch das Komando abzugeben-nur ich Glaube,.-) das sie nicht in der Lange ist wenn es zur ausstreitungen kommt ihre Handlung des Herres gewissenhaft zu führen",False,True,False,none,none,none,none,982648858440204,False
414,"Zitat J.T.: ""Noch nie wurde in Deutschland ein Deutscher von ""muslimischen"" Terroristen ermordet. Nie! Wer trotz der über 180 von Rechtsextremen ermordeten Deutschen verbreitet, es gebe in Deutschland zwar 270 islamistische, aber nur 12 rechtsradikale Gefährder, betreibt systematische islamophobe Volksverdummung. Und gezielte Verharmlosung des Rechtsradikalismus. Das ist gefährlich!"" Da rechnen Sie die vielen toten deutschen Menschen welche von Zuwanderern ums Leben kamen nicht. Warum auch. Es waren ja keine Terrorristen und wo beginnt der Terrorist für Sie? All die vergewaltigten Frauen in ganz Europa von Männern überwiegend islamischen Glaubens, weil Frauen ohne Kopftuch ja selber schuld haben. Ja, das ist natürlich kein Terrorismus. Einzelfälle..ganz klar und deutlich - oder? Ich habe so einen Unsinn nun gerade nicht von Ihnen erwartet. Kann natürlich möglich sein, dass Sie etwas durcheinander bringen in der Hektik die zur Zeit herrscht. Pegida ist Rechts....es sind bald oder schon, Menschen Rechts, wenn sie eine deutsche Eiche im Garten haben und wenn es zwei deutsche Eichen sind, dann sind sie gefährlich. *Buh*       Anm. - ich habe keinen Garten",False,True,False,none,none,none,none,894681893903568,False
415,"dieser Spinner Grönemeyer der das zur WErbung für seine CD genutzt hat ist ja mehr als peinlich. Wer hat das Land aufgebaut? 
Der gibt sich als Bochumer ist da weder geboren noch lebt er da, nuschelt vor sich hin und GEschichte scheint auch nicht sein Fall zu sein. Mathematik wohl eher weil dass man in England weniger STeuern zahlt hat er kapiert. Der soll mal im Pott leben dann sieht er was da mit Türken los ist. Soll erst einmal hier STeuern zahlen. Wer seine Musik kauft unterstützt das noch. Sollen das doch die Islamisten tun.",False,True,True,True,False,True,False,857399534298471,False
416,"Laut 'ZDF' gerade eben, gibt die Politik (PEGIDAWarnminister Maas) inzwischen zu, dass Sylvester eine Bundesweit geplante und abgesprochene Schweineaktion von Migranten war.

Und so trifft dieses Zitat dann doch zu: Auf dem Tahrir konnte man bereits nachweisen, was man hier inzwischen schon vermutet: Dass es sich bei den Vorgängen um konzertierte Aktionen handelte und dass zumindest ein Teil der Täter als bezahlte Söldner agierten. Das Mißhandeln, Vergewaltigen und sexuelle Bedrängen von Frauen stellte auf dem Tahrir wie auch in Köln eine Kriegshandlung dar, die der Destabilisierung des Staates und Demoralisierung der Bevölkerung diente bzw. dient.

""Die interessante Frage ist: wer hat die Aktion koordiniert? Und warum?“",False,True,False,none,none,none,none,1038637509508005,False
417,"Welche ""Fachkräfte""???? Fachkraft im Stehlen, Betrügen, Vergewaltigen??",False,False,none,none,none,none,none,876271422411282,False
418,Jetzt wird man schauen müssen wer keine Propangasflaschen kaufen darf. Ich würde Muslime unter Generalverdacht stellen.,False,False,none,none,none,none,none,1011469192224837,False
419,Kann sich Merkel schon mal in Chile um Asyl bemühen die nehmen doch unsere abgehalfterten politiker,True,True,True,True,False,False,True,1035118629859893,True
420,"Das wollte ich hören ?
Für Deutschland.  Für unsere Kinder.  
Gegen die Überfremdung.",False,False,none,none,none,none,none,855000761205015,False
421,"Die Saat des zukünftigen Terrorismus und des religiösen Fanatismus bringt die Politik gerade mit der Asylschwämme auf die Toleranzfelder der deutschen Äcker aus. Deutsche Extremisten reisen nach Syrien und töten im Namen des Koran und diese ungehemmten,skrupellosen Mörder kehren zurück in die soziale Geborgenheit und Sicherheit der Ungläubigen. Die von ihnen zu tiefst gehasste westliche Welt nimmt sie wieder mit offenen Armen auf und nährt und füttert den Keim des Bösen weiter. Die Erhöhung der Sozialleistungen für Asylbewerber ist doch eine perfekte Einladung an die Welt. Kein Geld für Schulen, Polizei, Kindergärten, Straßen , Kommunen,Rentner usw. aber Milliarden Euro für Scheinasylanten.",False,False,none,none,none,none,none,882011611837263,False
422,"von  den Bunten hört man nur: ""das hatten wir 1933 schon mal, das brauchen  wir nicht mehr"" ......ganz genau, so ist es ! 1933 hat der Terror die  Macht übernommen, und nun müssen wir verhindern daß wieder der Terror  regiert, nur dieses Mal ist es Islam-Terror ! Sind die alle so doof daß  sie nicht sehen woher die Gefahr heute kommt ? Bericht von Jürgen  Todenhöfer aus der IS-Hochburg nicht gesehen ??? Also ich kann nirgends  eine Nazigefahr erkennen. Pegida sind zu 99% Menschen die gerne in  Deutschland leben und die Gefahr sehen, daß unsere Heimat der  Muslimischen Globalisierung zum Opfer fällt. Keiner will intigrierte  Ausländer rauswerfen oder Kriegsflüchtlingen Asyl verweigern, aber mehr  sollte es nicht sein. Auch geht es nicht daß hier in Europa Werte  verloren gehen, nur damit sich Muslime hier zuhause fühlen....",False,True,False,none,none,none,none,857729187598839,False
423,"hat sich je ein asylant davon distanziert, wenn er seine eigene unterkunft angezündet hat und damit seine mitbewohner gefährdet hat? also warum wird hier mit zweierlei maß gemessen?",False,False,none,none,none,none,none,895481103823647,False
424,Nachricht an die Antifa und die linken Politverbrecher: https://www.youtube.com/watch?v=dvXk-6wfNDg&x-yt-ts=1422327029&x-yt-cl=84838260,False,False,none,none,none,none,none,857914017580356,False
425,Fock Islam,False,False,none,none,none,none,none,876630312375393,False
426,"Dann beginn Du doch mit einem konstruktiven Post. Welche Unwahrheiten? Totenhofer hat mehrmals in seinem Beitrag gelogen.
Und das er erst Tote in Deutschland erwartet, bevor etwas getan wird, ist absolut menschenverachtend.
Dresden soll das Tal der Ahnungslosen sein? Todenhöfer kann ja nicht einemal über die Grenzen unseres globalisierten Europas schauen. Frankreich, Belgien, Dänemark - da gab es Tote.
Atta kam damals aus Hamburg. Was will dieser Schmierfink denn noch?",False,True,True,True,False,True,False,894899930548431,False
427,"Und eins kann ich dir sagen du Vollidiot,ich hab mehr ahnung ,als du es dir vorstellen kannst,ja wahrscheinlich sogar mehr als du!!",True,True,True,True,False,False,True,982791521759271,True
428,Ignoriert ihn.. is een grüner Spinner.. er steht wohl eher auf seine Pedo Partei..,True,True,True,True,False,False,True,861954740509617,True
429,"Heidelberg ist eine Universitätsstadt, die meisten Ausländer sind Studierende und keine Analphabeten aus dem Libanon oder Anatolien. Es ist eine andere Bevölkerungsschicht, welche auch zur Integration bereit ist. Komme zum Ruhgebiet, z. B. Duisburg, wo einige Stadtteile unbewohnbar wurden, wo hohe Kriminalität herrscht, wo man als deutscher angepöbelt wird, wo man seine Kinder mit Angst in die Schule schickt, WELCOME in Duisburg!",False,False,none,none,none,none,none,856835021021589,False
430,"When will you all say ""enough is enough"" and take care of these worthless things?",False,False,none,none,none,none,none,1095911350447287,False
431,"Warum werden diese Schmarotzer auch noch auf Staatskosten nach Hause gebracht ?
Mein Vorschlag , wer keine Kohle fürs Ticket hat darf nach Hause wandern.",False,False,none,none,none,none,none,1057454320959657,False
432,Wer hier der Presse glaubt kann auch der Frau Merkel glauben die nehmen sich beim Lügen nichts !,False,True,True,True,False,True,True,856745534363871,False
433,"War da letztens nicht so ein Bericht vom Verfassungsschutz oder so ähnlich, über die aufkommende Pogrom-Stimmung in Deutschland?

Wie weit darf sich eine Regierung von ihrem Regierungsauftrag entfernen?

Und wenn sie sich soweit davon entfernt hat, dass sie den Schutz der eigenen Bevölkerung gar nicht mehr wirklich verfolgt oder verfolgen kann, dann ist es Zeit für eine Abwahl/Neuwahl.... damit diese Art von Briefen nie wieder notwendig sind.... Schlimm dass der nette Polizei Onkel so etwas schreibt (schreiben muss).... pure Hilfslosigkeit!!

Die Pegida fordert schon lange eine Verstärkung der Polizei.... und dann so ein Brief?

Eisenstiefel an und weg mit dieser linksrotgrünen Faschistentruppe",False,False,none,none,none,none,none,1052405014797921,False
434,"und Frankreich scheint Migrantenmutti und Deutschlandabschafferin Merkel auch von der Fahne zu gehen. Es wird hoffentlich einsam um Merkel, Deutschland steht aussenpolitisch fast wieder genauso isoliert da, wie am Vorabend des 1. und des 2. Weltkrieges. Eine gefährliche Lage, hoffentlich finden sich bald und nicht zu spät Königinmörder, die dem Schrecken ein Ende bereiten.",False,True,False,none,none,none,none,1057729404265482,False
436,zurück mit denen sollen ihr land aufbauen,False,False,none,none,none,none,none,1095990530439369,False
437,"Die Linken und Chaoten sind verantwortlich für die Gewalt gegen die Polizei,",False,False,none,none,none,none,none,1052391088132647,False
438,"Der Mann hat vollkommen recht.Jeder Ausländer der über ein sicheres Zwischenland hierher kommt ,sollte so chnell wie möglich abgeschoben werden",False,True,False,none,none,none,none,961025837269173,False
439,"Ich kenne durch meinen früheren Beruf einen Syrer, der seit 4 Jahren in DE ist, inzwischen eine Deutsche geheiratet hat und als Allgemeinmediziner praktiziert! Er sagte mir, dass die meisten angeblichen Flüchtlinge gar nicht oder wenig gebildet sind, je mehr Kinder sie haben, desto niedriger der Bildungsstand! Schön, dass dadurch neue Hartzer gezüchtet werden! Und was ist mit den vielen jungen Männern? Werden sie sich gewaltfrei gegenüber meinen Töchtern und Enkeltöchtern benehmen? Ich bezweifle dies!",False,True,False,none,none,none,none,993924913979265,False
440,warum denn das????  der kopf der kirche(mir fällt es echt schwer diesen namen der schande niederzuschreiben)ist doch schon tief genug im arsch dieser verblödeten sogenannten herrenreasse!!!!!,False,True,True,True,False,False,True,1085134531524969,False
441,"Wann hat bei Pegida jemals jemand etwas gegen wirkliche Flüchtlinge gesagt ? Egal ob christlich, jesidisch, atheistisch.....hier ist doch Willkommen, wer wirklich vor großer Not flüchtet. Aber ein sehr großer Teil kommt nicht aus Not, sondern um den Westen einzunehmen.
Besonders die ganzen schwarzen Jungen Männer. Und nee, die laufen nicht, die reißen LKWs kaputt oder brechen sie auf und springen einfach hinten rein. Unmöglich !",False,False,none,none,none,none,none,1012886525416437,False
442,Schlisen und zwahr sofort für alle muslimen.,False,False,none,none,none,none,none,1044284582276631,False
443,"Christine Nordmann - Selbst nur 1, sogenannter ""Gefährder"" ist mir schon zuviel! Die gehören nicht zu Deutschland!",False,True,False,none,none,none,none,1010235899014833,False
445,Angela Merkel ist nicht unsere Bundeskanzlerin sondern unser Nazi Führer........,False,True,True,True,False,True,True,856797607691997,False
446,"Die sollen sich alle gegenseitig rummachen,aber bitte nicht in EUROPA!",False,False,none,none,none,none,none,1063476433690779,False
448,"#Islam: The Religion of Genocide
http://www.savemysweden.com/islam-the-religion-of-genocide/",False,False,none,none,none,none,none,1065000050205084,False
449,"Klingt doch gut! Da nach dem offensichtlich erfolgreichen Waffenstillstand (unter Führung Rußlands) wohl auch bald die Befriedung Syriens (unter Führung Rußlands) einsetzen wird, müssen sich die Integrationsoptimierer (Dill Schweiner et al.) bald ein neues Betätigungsfeld suchen. ""Remigration"" - damit läßt sich 2016 RICHTIG Kohle verdienen! SICHERE Schiffspassagen und Flüge zurück ins gelobte Land. Finanziert vom Dummbürger.",False,False,none,none,none,none,none,1097873106917778,False
450,"Auf SternTV kommt gerade, dass die""bösen"" Ungarn die armen Kriegsflüchtlinge, die gerade ihr Gewaltpotential zeigen und eine Grenzverletzung begehen, mit Wasserwerfern zurückdrängen. Die gehören gleich zurückgebracht. Für mich sind das alles Wirtschaftsflüchtlinge, denn sie waren schon im ersten europäischen Land vor Krieg und Verfolgung  sicher. Und warum wollen sie alle nach Deutschland? Ein Schelm, der denkt, dass sie nur ans Geld wollen. Vom der Tagung des  sächsischen Parlaments kam heute, dass die ""Wanne"" noch nicht voll wäre. So viel kann man gar nicht essen, wie man k..... könnte. Das werden bald unsere"" Rentenbringer"" . WEEER GLAUUUUBT DENNN SOOOO WAAAS?",False,False,none,none,none,none,none,982755311762892,False
451,"Diesen (verlogenen) Brieftext der Gutmenschmafia sollte sich jeder Sportverein, dessen Turnhalle konfisziert wird, kopieren und damit die feindliche Übernahme zu verhindern versuchen.",False,False,none,none,none,none,none,987864114585345,False
452,und flüchte aus unseren land. kannst dann gerne asyl beantragen aber nicht hier.,False,True,False,none,none,none,none,994369143934842,False
453,"Warum sollte ich Propaganda machen? Ich hatte nur auf einige 1000 Menschen hingewiesen, denen im Namen Allah die Köpfe abgeschnitten, die Hirne herausgeschlagen, die gekreuzigt oder lebendig verbrannt wurden. Passte halt nicht ins selbstgebastelte Weltbild des Islamverstehers Todenhöfer.",False,True,False,none,none,none,none,895401043831653,False
454,"Sind nicht auch Politiker studierte Leute und was verzapfen die für einen Mist? Studiert haben, bedeutet nicht, dass auch die Intelligenz vorhanden ist. Ich kenne Menschen, die haben nicht studiert und sind viel schlauer, als solche, die jahrzehntelang studiert haben.",False,False,none,none,none,none,none,894868117218279,False
455,"Maik, weil von Beginn der Invasion an alle, die auch nur ansatzweise Kritik an dieser Asylpolitik geübt haben, die der Meinung waren, dass das nicht gut gehen kann, wurden ohne Ausnahme als Rassist, als Nazi oder als Rechtsradikal bezeichnet wurde!  Und mittlerweile habe ich das Gefühl, dass hier Jung gegen Alt ausgespielt bzw. aufeinander gehetzt wird, nur um diese Politik durch zu dreschen ... auf Teufel komm raus und ohne Rücksicht auf Verluste!",False,True,False,none,none,none,none,1152539768117778,False
456,Die Lügenpresse wird von wenigen tausend Leuten sprechen und schreiben. :-),False,False,none,none,none,none,none,856745107697247,False
458,Detlef Cordes Google COUDENHOVE--KALERGI plan to see all this refugee Crisis was planed before. and that fat a** polish B**ch is one of the executer of that plan. FATIMA MERKEL must be executed By Fire squad for what she did to Germans & Gemany,False,True,True,True,False,True,False,1108625339175888,False
459,"Ein Australische Truck mit 3 Hänger hinten dran und durch. Die stellen sich nicht mehr in den Weg, wetten? Denn wenn die über 70 Räder drüber sind, übernimmt die Sonne den Rest und dann weht der Wind die Pappnasen von der Straße.",False,False,none,none,none,none,none,1095991703772585,False
460,Da sieht man das ware Gesicht dieser Asylanten und so gewaltbereit sind die dann auch hier.,False,False,none,none,none,none,none,982669331771490,False
461,"Jana, da liegst du völlig daneben, Bürger der DDR waren von Geburt und Kultur her Deutsche, auch nach dem Grundgesetz der BRD vor 1989, also von wegen wer auf deutschem Boden geboren ist und eine deutsche Herkunft und Kultur hat etc...!!! Um ein Flüchtling bzw. Asylsuchender zu sein, muss man schon eine andere Herkunft als die des Aufnahmelandes haben! Außerdem sind doch fast alle in den ""Neuen Bundesländern"" geblieben die Einwohnerzahl dort liegt nur wenig unter dem was zu DDR-Zeiten an Population zu verzeichnen war! Das derzeit gültige Asylgesetz in der BRD sieht ünbrigens KEIN Asyl für Kriegsflüchtlinge vor, dafür ist/sind die Vereinten Nationen (UNHCR) zuständig, die Vereinten Nationen (UNHCR) hat/haben für die Syrer Aufnahmelager in Jordanien und in der Türkei, Frau Merkel hätte dort nur anrufen müssen, die Vereinten Nationen (UNHCR) hätte sich sicher über die Entlastung gefreut, keiner wäre ertrunken, niemad wäre verletzt wurden, alle wären registriert, ABER dann hätte Frau Merkel maximal 500.000 nehmen können, denn mehr hätten die Deutschen sicher nicht mitgemacht, nur durch ertrunkene Kinder und ähnliche Schreckensbilder werden die Menschen emotional und denken nicht mehr nach! Das ist der Plan, tote Kinder, ergo: erschütterte und dadurch hilfsbereite Deutsche, damit Merkel billige Lohnsklaven nach Deutschland holen kann, denn der Mindestlohn gilt nicht für Asylanten!!! Merkel hat Blut an den Händen, denn sie MUSSTE erst diese schlimmen Bilder produzieren bzw geschehen lassen, damit der naive Deutsche vor lauter Mitleid das Denken vergisst und eben bis Ende 2016 10 Millionen ins Land lässt, da die ja sonst alle ertrinken und so.",False,True,False,none,none,none,none,982799735091783,False
462,"""Fachkräftemangel"" weil pegida gegen massenhafte Zuwanderung ist soll also der Wirtschaft schaden. Das bei der BA nur Vollidioten sitzen ist mir ja schon lange klar aber so eine Aussage? Wenn ich mir den Großteil unserer Zuwanderer anschaue dann sind das Fachkräfte im Schweine hüten und betteln. Im eigenen Land sind die mit nem Kuhgespann durch die Dörfer gefahren die heute immer noch aussehen als wäre da gerade der 2. Weltkrieg zu Ende und die wollen uns solche Menschen als Fachkräfte auftischen? Die sollen erstmal für das eigene Volk Arbeit finden aber anscheinend gehts hier nur um Lohndumping. 8,50€ Mindestlohn schadet ja der Wirtschaft, so ein Zuwanderer putzt auch für weniger das Bahnhofsklo... Ohne Worte",False,False,none,none,none,none,none,876298435741914,False
463,"Die nutzlosen Schmarotzer lernen mich mal kennen, wenn se mir mir nochmal vor die Füße spucken, aber dann müsste ich ja den ärmsten der armen auch noch schmerzengeld zahlen",False,False,none,none,none,none,none,1134496189922136,False
464,"Jan Westermann gut sie haben den einen gefunden , wahrscheinlich konnte er mit einer Gitarre nichts anfangen , toll ! Bleiben die anderen mind. 1,5 Millionen , die nicht nach Deutschland kamen um Gitarren zu finden ! Und die anderen 800 000 vom letzten Jahr , wovon die meisten unangefochten die Kriminalstatistik sprengen ,wenn sie denn aufgenommen werden würden ! Was willst du mit deinem einen Syrier ? Falls es überhaupt einer ist ? Und wer sagt denn , daß er sie nicht vorher geklaut hat , um sie dann asylbeschleunigent zurück zubringen ? Das kann dein oller Musiker nicht beantworten ! Es gibt genug Asylanten ,welche so einen Blech nicht nötig haben , sich gut benehmen auch anpassen und trotzdem illegal sind ! Das gleiche wäre ,wenn ich irgendwo illegal bin , ich kann mich auch gut benehmen und anpassen bin trotzdem illegal da - kapiert !",False,True,False,none,none,none,none,1065421463496276,False
465,"Seid doch mal ehrlich euch sind bestimmt die Bananen ausgegangen ihr armen gefrusteten. Der Lügenpresse habt ihr es nicht zu verdanken das ihr im Rest der BRD als grosser Witz gelten tut das habt ihr gantz allein geschafft.Und jetzt rennt ihr einer von der FDP nach nachdem euer ""Führer"" sich selbst zerstört hat. Armes Dresden das es euch ertragen muss und das nach Lichtenhagen. Ihr habt nichts verstanden.",False,False,none,none,none,none,none,858354074203017,False
466,"Das Verhalten der AWO ist diskriminierend und dient der Hetze. Ganz ehrlich, diese ganzen möchte-gerne-Wohlfahrtsverbände sind keine zu empfehlenden Arbeitgeber. Alles Heuchler, bei denen es auch nur ums Geld geht.",False,False,none,none,none,none,none,1152512101453878,False
467,"Zitat:"" Stephan Laurent ihr macht aber alle das selbe wie die idioten im 2 weltkrieg bevor hitler an die macht kam... IHR SEID ZU DUMM UM GESCHICHTE ZU KENNEN U WEITER ZU DENKEN ! 
Engstirnig, kurzsichtig u dumm seit ihr ! ""  Und ich dachte immer, Hitler hat die ""Idioten"" in den Krieg geschickt. Dann müssen wir wohl mein Geschichtsbuch umschreiben. Und den Duden gleich mit, wenn ich deine Rechtschreibung betrachte. ;-)",False,True,False,none,none,none,none,858087204229704,False
468,"Dieses Nazi Gequatsche geht mir tierisch auf den Geist. 
Fragt doch mal die Asylanten, ob sie Stolz auf ihr Land usw. sind? Die meisten von denen sind Rassisten. Da sind die Schiiten gegen die Suniten, die Schwarzen hassen die Weissen. Die Moslems die Ungläubigen. 
In Deutschland versuchen die Medien und die Politik die Menschen mit gesundem Menschenverstand als Nazi zu verunglimpfen. 
Was sind dann die Asylanten?",False,False,none,none,none,none,none,945858592119231,False
469,Der is aber auch ne hässliche Alte...,True,True,True,True,False,False,True,951882118183545,True
470,"Diese Menschen hetzen selbst nur rum zwar ein anderes Feindbild aber trotzdem nicht besser!!!!!!  Mit Weltfrieden kann man kein Geld verdienen ,also schön weiterhetzen ihr sogenannten Gutmenschen, wie ich euch verachte, nicht Pegida und Sarrazien sind die Pest der Gesellschaft sondern sie Herr Todenhöfer und ihresgleichen.",False,True,True,True,False,True,True,894847150553709,False
471,"Na Herr Weidner, funktioniert bei ihnen nur auf der persönlichen Schiene oder? Mehr Grips hätte ich einem Blödbürger auch nicht zugetraut. Und das sie nicht wissen wer das auf dem Foto ist hätte ich mir auch denken können :D",True,True,True,True,False,False,True,982910071747416,True
472,"was die linken idioten und die gutmenschen vergessen , ist das sie selber nicht verschont bleiben und das ist gut so !  alles gehirnlose idioten !",False,False,none,none,none,none,none,1108392712532484,False
474,Der IS ist die logische Konsequenz von dem was im Koran steht.,False,False,none,none,none,none,none,858043067567451,False
475,"Die Serben machen es Richtig und halten sich die ganze Merkelscheiße vom Hals.Nur die Affen vom Reichstagszoo begreifen das nicht, immer Munter gehts hier weiter.",False,False,none,none,none,none,none,982665288438561,False
476,"Die ""Schande"" von Clausnitz kennt nun jeder deutsche Depp. Das Sachsen seit Jahren Geld aus gezogenen Bürgschaften (für die ehemalige Sachsen-LB) an die Landesbank Baden-Würtenberg überweist und damit direkt den Rot-Grünen Kretschmann Verein finanzieren muß, dass interessierte und interessiert sprichwörtlich ""kein - Gutmenschen - Schwein""......Widerliche Wessi-heuchler - Pfui Deibel!!  Insgesamt werden von den Wessis 2,75 Milliarden Euro aus dem Sächsischen Landeshaushalt gezogen. Anmerkung: Mal die Summe durch die Anzahl der sächsischen Bürger teilen und staunen was da pro Kopf raus kommt....Alles unser Geld.  Zitat aus Wikipedia: ""Nachdem die endgültige Übernahme Anfang Dezember zu scheitern drohte, wurde in der Nacht vom 12. auf den 13. Dezember 2007 eine abschließende Einigung über die Übernahme der Sachsen LB durch die LBBW erzielt. Diese beinhaltet u. a. weitreichende finanzielle Bürgschaften über 2,75 Milliarden Euro durch das Land Sachsen.[22] Von diesen Bürgschaften wurden mittlerweile (Stand Oktober 2015) rund 1,34 Milliarden abgerufen.[23] [24] [25] Da mittlerweile auch die sächsische Landesregierung eingesehen hat, dass sie offenbar die gesamte Garantiesumme wird übernehmen müssen, wurden nun auch die restlichen 1,75 Milliarden Euro in einen Garantiefonds zurückgelegt.[26]",False,,none,none,none,none,none,1064929776878778,False
477,"[@IND] Du bist echt nur doof. Der ""Deutsche"" ist ein Türke mit deutschem Pass !!!! Also häng Dich weg Du Spinner.",True,True,True,True,False,False,True,857209170984174,True
478,"ich würde mal sagen, meine lieben Hausbesitzer, macht schon mal eure überschüssigen Zimmer bereit, denn die vielen Asylanten ob jung oder alt brauchen ja auch ein Plätzchen und da rufe ich doch mal konkret die dazu auf, die so sehr darauf pochen Deutschland muss bunt sein, muss diese armen Menschen aufnehmen. Wie gesagt meine Lieben dann macht schon mal die Betten bereit. Ich brauche sie hier sicher nicht und dazu stehe ich auch. Irgendwann muss der Wahnsinn mal ein Ende haben!!!! Liebe Frau Merkel und Ihr ganzes Team, IHR habt doch auch viel Platz in euren Häusern und LUXUSVILLEN, seit mal Vorbilder und nehmt euch einen Schwung Asylanten mit nach Hause und den Rest verteilt Ihr in eurer noblen und reichen Nachbarschaft, das wäre doch mal vorbildliche Politik.",False,True,False,none,none,none,none,946596388712118,False
479,"Britta Elsner 
Wir kümmern uns erstmal darum, das die heuschrecken Plage hier aus europa abhauen. Danach können wir uns um die Sache mit dem bargeld kümmern.",False,True,False,none,none,none,none,1111791922192563,False
480,"Nurdin Tah das sie den Glauben verteidigen kann ich mir vorstellen. Auch das nur für euch das Paradies nach dem Abgang zählt.Wo ist unser Paradies? Deutschland o.ä.? Ich habe noch keinen Flüchtling,Islamisten erlebt der ohne Worte die Bibel in dir Hand nimmt. !Ich werde den Islam nicht befürworten. Wer hier einige Zeit leben darf, dann bitte sich anpassen. Die  Islamisten denken sie sind die besten. Dann ab nach Hamburg da passen sie alle hin. Euer Weltbild IST gestört.Glaubt ihr eigentlich an euch selbst? Strafen wie im Mittelalter, ein Weltbild was ihr uns auf drücken wollt.Verständniss? Terror und Weltbilder so wollt ihr euren heiligen Krieg gewinnen.Dann gehen wir halt nach Europa.Nein ich wehre mich gegen so eine Denkanstoß. Ich habe den Sozialismus, Kapitalismus mit machen müssen, das reicht.",False,True,False,none,none,none,none,1058322330872856,False
481,"Es geht nicht darum, was andere tun oder nicht tun. Ist deine Begründung etwa: Wenn die bösen Asylanten das nicht machen, brauchen wir das auch nicht?",False,True,False,none,none,none,none,895482920490132,False
484,"kann gar nicht sein, die Lügenpresse schreibt doch gar nicht über die von der BRD GmbH bezahlten Gegendemonstranten.
3x3 macht 6",False,False,none,none,none,none,none,857887580916333,False
485,"Die Zahlen sind nicht rückläufig,verbreite nicht solch Unsinn,bist wohl Lügenpresse verseucht!Außerdem ist der Name Pegida Europaweit ein Markenname geworden!Natürlich gibt es eine Islamisierung,lebst wohl hinterm Mond?",False,True,True,True,False,True,False,855116041193487,False
486,Warten wir mal ab bis das Leipziger Studentenpack eine Zählung veröffentlicht ! Da werden es nur wieder ca. 2500 Leute gewesen sein!,False,False,none,none,none,none,none,856742597697498,False
487,...weil viele trotz Abschiebung hier geduldet werden :(,False,False,none,none,none,none,none,951528138218943,False
488,"Christine Nordmann Was ist denn eine ""Europäisierung des Islam""?? Die,welche die ""verweichlichten""  Moslems ""gebar"",die nicht zur Waffe greifen und den Kuffar mit ""Alluah Akbar""- Geschrei den Kopf abschneiden? Recht abstruse Behauptung.",False,True,False,none,none,none,none,1010239202347836,False
489,Wegtragen? Eher nach islamischen Recht auspeitschen,False,False,none,none,none,none,none,1096020673769688,False
490,Mit der Kraft soll das Pack mal zurück gehen und ihr Land wieder aufbauen!! Aber lieber nach Deutschland zum Abkassieren!!!,False,False,none,none,none,none,none,1095898477115241,False
491,"Andreas Wegner ich habe schon viel über das Dummvolk geschrieben , es wundert mich immer wieder aufs neue wie pervers  krank einige Menschen in diesem Land sind. Nur so ist es auch zu erklären das Merkel und Co  weiter vorerst walten können wie sie wollen.Ich hoffe das die Verbrechen in Köln manche oder besser viele zum nachdenken bringen. In diesem Sinne Pegida ist das einzigste was zur Zeit offen darlegt das vieles schief läuft in Deutschland.",False,True,False,none,none,none,none,1035160156522407,False
492,"kann ich mir auch vorstellen warum! Er oder Sie könnte dann ja den Durchblick erhalten und sehen was da für ein Schmuh getrieben wird. Diese sogenannte ""Arbeiterwohlfahrt"" sind nichts anderes als, ich nenne es mal so : Geld saugende Durchfallopfer, also ............",False,True,False,none,none,none,none,1152508324787589,False
493,Der PEGIDAwarnminister Maas klappert das Internet ab nach Hasskommentaren von Pegidaanhängern. Die Verabredung zur Gewalt zu Sylvester von Migranten übersieht er dabei geflissentlich. Genauso wie die Gewaltaufrufe der Antifa.,False,True,False,none,none,none,none,1038630682842021,False
494,"[@IND], Die AfD erledigt sich selber. Zudem ist sie nicht mehr als ein Wurm der Union. Wer der Meinung war/ist, dass sie die Interessen der Bevölkerung wahrnimmt, ist ein Narr. Mal bitte die Biografie vom Lucke u. Henkel im Internet nachlesen.",False,True,True,True,False,True,False,887997697905321,False
495,"Ich muss sie kurz verbessern, Herr Meier: Ich möchte keine illegalen, kriminellen Flüchtlinge. Und keine Flüchtlinge aus sicheren Herkunftsländern. Dann hätte DE und Europa das Problem längst gelöst.",False,True,False,none,none,none,none,993485414023215,False
496,Ein Religionslehrer?Ein verblendeter vom Hass des Islam gezüchteter Terrorist war das!,True,True,True,True,False,False,True,1088442974527458,True
497,"Ich kenne bei dieser Politik die hier gemacht wird nur einen Spruch und der geht so. Politik ist eine Hure, du kannst machen was du willst solange du Bezahlst!!!",False,False,none,none,none,none,none,1066592630045826,False
498,"Warum ist es nicht möglich den Linksfaschisten die Gegendemonstrationen zu verbieten. Warum ist es nicht möglich die Gegendemos der Chaoten an einem anderen Ort, bzw. anderen Zeitpunkt festzusetzen. Dann können die doch mit ihrem Gewaltpotential die Tauben jagen, wenn keine friedliche Pegidakundgebung da ist !Vorallem brauch die Landesregierung kein Demogeld mehr an die Antifas zu zahlen, dann werden sogar Steuergelder gespart. Wenn es kein Geld gibt kommen die Untertassen ja sowieso nicht mehr. Also ist das Problem doch gelöst! Wie nannte Gabriel Teile der Bevölkerung mit anderer Meinung ....? Was ist das hier?  https://jungefreiheit.de/politik/deutschland/2016/streit-um-veroeffentlichung-von-kriminalstatistik/",False,False,none,none,none,none,none,1052425154795907,False
499,"Islam ist die totale Unterwerfung, das ist nicht so das, wie wir Europaer uns das vorgestellt haben, mit Multi Kulti!",False,False,none,none,none,none,none,858107114227713,False
500,"Ich befürchte, dass wir schon heute gegen diese ungebildeten muslimischen Brutalos keine Chance mehr haben. Das tut mir unendlich leid, es ist aber so. Ich hoffe nur noch auf eines: dass unsere verantwortlichen Volksverräter durch das deutsche Volk die Strafe bekommen, die sie verdient haben.",False,False,none,none,none,none,none,1096019933769762,False
501,"Dieser Nazi, wie kann man nur die armen Traumatisierte Menschen ausschließen. #Sarkasmus Off#",False,True,True,True,False,True,False,1013043705400719,False
502,Wenn da irgend welche in mein Eltern Haus sollen dann garantiere ich für nichts.,False,False,none,none,none,none,none,951869571518133,False
503,"Nein, Du hast Recht. Dumme Weiße kommen diesen Verschwörungstheorien immer näher.",False,False,none,none,none,none,none,857303917641366,False
504,"Ich habe ein Geschenk für unsere Gäste, ein Koffer voll mit Messer",False,False,none,none,none,none,none,1063239983714424,False
505,"naja, sowas passiert eben überall dort, wo der islam die oberhand gewinnt ... wenn ich sehe, dass auf den malediven schon kinder in die todeszelle wandern, weil dort die scharia herrscht, weiß ich nicht wo diese schleichende verbreitung dieses glaubens noch hinführen soll ... http://www.welt.de/politik/ausland/article127555940/Malediven-schicken-Siebenjaehrige-in-Todeszelle.html",False,False,none,none,none,none,none,1120268538011568,False
506,"Ich würde mich freiwillig beim Grenzbau beteiligen??. 
Außerdem sollten wir die Asylforderer zwangsverpflichten, Grenzzäune. zu bauen. Die sollen gefälligst für ihre Unterkunft und Verpflegung arbeiten. Es kann doch nicht sein, dass diese kräftigen jungen Männer hier faul rumhängen, Kaffee trinken und ihre Eier schaukeln.",False,False,none,none,none,none,none,1057763334262089,False
507,Wie bitte es gibt keine islamisierung.wo lebst du denn . warum werden große Moscheen gebaut.warum fordern Muslime das Mädchen und Jungen getrennt sport machen sollen.warum dürfen die Frauen vermummt rum laufen.und so weiter und so weiter.,False,False,none,none,none,none,none,856928744345550,False
508,"jetzt zeigen die ""flüchtlinge ihr wahres gesicht! Terrorgruppen sind das!",False,False,none,none,none,none,none,982757211762702,False
509,"was wollen die spinner, ab nach hause!!!",False,False,none,none,none,none,none,1105406679497754,False
510,"Die Grünen sind zumindest aus Inzucht entstanden, das wird immer deutlicher.",True,True,True,True,True,none,none,925344500837307,True
511,"Eure Kost kennen wir ja :D ''Deutschland verrecke'' I <3 Volkstod, Alles was uns nicht passt = Nazi (die selbst Link waren) usw. - immer wieder höchst amüsant und widerlich.",False,False,none,none,none,none,none,856764834361941,False
512,Dieser  alle Dreck   Siedler zurück  schicken . Sofort,False,False,none,none,none,none,none,1095977817107307,False
513,Die Merkel wird in die Geschichte eingehen als Kanzlerin die Deutschland und die EU fast zerstört hat.Das ist Verrat am Deutschen Volk und allen anständigen Mitbürgern.Wieso müssen wir uns alles gefallen lassen und dürfen unsere Werte nicht  vertreten?Es wird so kommen das immer mehr Hass und Gewalt aufkommt.Alle Länder die ihre Grenzen dicht machen haben recht.Wenn alle Männlichen Flüchtlinge über 18 für ihr Land kämpfen würden anstatt feige zu fliehen hätten sie schon längst ihr Land befreit.Aber es ist leichter bei uns rum zusitzten Kaffee zu trinken und am Handy zu hängen anstatt zu kämpfen...,False,True,False,none,none,none,none,1058083387563417,False
514,Eben in den ARD Nachrichten kam mal wieder ein Bericht über PEGIDA und die seit der Gründung angeblich stark angestiegenen  rechtsradikalen Übergriffe gegen Immigranten... aber leider kein Wort über die stark angestiegenen Kriminalität durch Immigranten... Komisch oder??? Beschissene Lügenpresse,False,False,none,none,none,none,none,858012910903800,False
515,"Der Islam ist nicht friedlich, schaut eu doch den Koran an..",False,False,none,none,none,none,none,876262615745496,False
516,Und das V..hzeug will hier in unser Land ?????????????,False,False,none,none,none,none,none,1107848559253566,False
517,Proletarier - Waschmaschine und weggespült. Die sollten in ihrer Heimat mal die Ausfahrt des Kalifen blockieren. Da erkennt sie die eigene Mutter nicht wieder. Aber in Europa wide Sau spielen. Unglaublich,False,False,none,none,none,none,none,1096428357062253,False
518,"Hier ist immernoch ein Mendch gestorben. Ich würde mir lieber Sorgen um den Täter machen. Vielleicht ist der ja aus absurden Gründen, wie religiösenr Verwirrung, straffrei zu stellen..?",False,False,none,none,none,none,none,882678058437285,False
520,"Der Schatz der Nibelungen wurde auch noch nicht gefunden..man sollte in der ecke ein Asylantenheim. Aufmachen...mein gott  was für möglichkeiten..
Darf ich mir einen Asylanten als trüffelschwein holen??????",False,False,none,none,none,none,none,1065209143517508,False
521,"Frauenverachtend sind die Jungs die er und sein Regime hier zu Millionen ansiedelt.
Herr Maas was stimmt nicht mit ihnen und ihres gleichen?
Sind ihre Eltern Geschwister und oder sind sie auf Droge?
Naja egal, euch sind wir bald los.",False,True,True,True,False,True,True,1120385961333159,False
523,"War doch eh wieder ein Asylbewerber...vielleicht gings ja wieder um die Haushaltsführung??? Kann Köpping und Konsorten wieder Hände schütteln gehen und alles auf die bösen Nazis schieben. Die Armen brauchen nämlich Trost und Schutz. Am besten nimmt die Köpping und Roth und wie sie alle heißen gleich noch ein paar Nutten mit, natürlich zum Nulltarif... Die nordafrikanischen Testosteronbolzen schäumen sonst über und das wollen wir ja nicht...nicht das wir noch mit dem europäischen Gerichtshof für Menschenrechte zu tun bekommen...",False,True,False,none,none,none,none,882700555101702,False
524,"weil er der wahre nazi ist,nur dumme menschen verleugnen ihre herkunft",True,True,True,True,False,False,True,856807827690975,True
525,"Heute scheinfluechtlinge ,und bald unserer eigenen Mörder Bürgerkrieg wird definitiv und kommen nur noch eine frage der zeit und die lächerliche antifa  und andere linksdenkende, werden auch nicht verschont.die moslems machen keinen unterschied zwischen links und rechts.aber das kapieren die nie vielleicht wenn es die richtigen mal schlimmer erwischt wie der fall von köln.",False,False,none,none,none,none,none,1095971847107904,False
526,Die Leben bestimmt alle vom Staat und gehe nicht arbeiten. Die müsste man alle in einem Arbeitslager einsperren am besten in Bautzen.,False,False,none,none,none,none,none,1007170822654674,False
527,"Die erinnert an eine stalinistische Politfunktionärin - schon dieser kalte, abgebrühte Blick. Solch einem Typus Frau würde man auch die Erschießung kleiner Kinder zutrauen.",True,True,True,True,True,none,none,858061987565559,True
528,"Hört auf diesen Fake idioten Nico Anders zu füttern , sein Account ist nicht echt , das ist ein kleiner spast der noch aus der Flasche gefüttert wird, weil er vor Blödheit zu dumm für alles ist!",True,True,True,True,False,False,True,1124542027584219,True
529,"Lisa Sander... mach mal deinen Kopp zu, ne! Du hast null plan vom Leben! Du guckst Dir die Linksmarotten der ""Ossis"" ab und beschwerst Dich aber gleichzeitig über Ossis. In der Schule warst Du auch nicht, sonst würdest Du nicht so ne kranke Rotze schreiben. Was Du nicht kennst, ist Zusammenhalt! Waldorfschule... und dann noch abgebrochen... weil die Hände vom Klatschen zu weh taten! Dumme Nuß, Du!",True,True,True,True,False,False,True,982704095101347,True
530,"Die Jugendlichen sieht man dann am Stachus, Sendlinger Tor etc. mit der Flasche Bier in der Hand wie sie Frauen sexuell belästigen. Wohne in München und empfinde, die Flüchtlinge als eine Zumutung aber in München darf man es nicht öffentlich sagen, sonst ist man direkt ein Nazi.",False,False,none,none,none,none,none,945828588788898,False
532,"Sagt jetzt bitte ein Gebet für unsere Jungs, die Polizisten, die versuchen es, Europa von diese Horde zu schützen. LG aus Ungarn.",False,False,none,none,none,none,none,982647195107037,False
533,Wie lächerlich ist diese Frau,True,True,True,True,False,False,True,1134086349963120,True
534,ich finde dass es uns besser gehen würde wenn wir mehr Verständnis für die Russen entgegen bringen würden und dass wir eine heuchlerische Regierung haben die  da nicht im Interesse des volkes handelt oder total verblendet ist. Russland Deutschlands Nachbar ist und es besser ist mit seinem Nachbarn in Frieden zu leben und nicht diesen Faschismus zu unterstützen.,False,True,True,True,False,True,False,857977504240674,False
535,"Mit diesem Schrott Artikel hat er sich endgültig selbst disqualifiziert. Dabei sollte doch gerade er, nach seinem IS-Interview wissen, dass vom radikalen Islamismus eine schlimme Gefahr ausgeht.",False,True,False,none,none,none,none,894828340555590,False
536,"alles phöse, phöse Nahsis!!... Hätt das mal einer von uns Deutschen gesagt. Bigotte Welt!!",False,False,none,none,none,none,none,960889030616187,False
538,Die Christenschweine haben uns erst diese Scheiße eingebrockt!,False,False,none,none,none,none,none,968025573235866,False
539,"In 20 Jahren laufen in Deutschland die Frauen vielleicht nur noch mit Kopftuch rum. Sitzen zu Hause am Herd, dürfen nicht mehr Auto  fahren und schöne sexy Kleider tragen. Da sind die Bilder die ich vom Islam im Kopf habe. Und das ist noch nicht die Spitze vom Eisberg. So was habe ich mir für meine Kinder nicht erträumt.",False,False,none,none,none,none,none,856928747678883,False
540,"Stimmt, wir, die Pegidas, vor allem die aus Dunkeldeutschland, sind doch die Mischpoken, das Pack, der braune Mob, die Nazis, die Dumpfbacken.........! Ach, die Liste ist lang! Und ich weiß schon nicht mehr, welche Idioten uns, die Steuerzahler so genannt haben!",False,False,none,none,none,none,none,1044181732286916,False
541,"Jana sei froh das wir nicht so sind wie deinesgleichen... die hätten deine Rechtschreibung aber auseinander gerissen und im gleichen Atemzug erzählen das sie Ahnung haben ??!! Kennst du das Sprichwort "" Dumm f.... gut ""  ....!?",True,True,True,True,True,none,none,982808575090899,True
542,"You might say this is in Turkey... but actually it's Berlin. We should wonder how long Germany will be renamed to Germanistan
https://www.facebook.com/roman.aland/videos/1194795050536677/

A political party in Germany wants to give them the same rights as Christians:
- Special Privileges for the construction of mosques
- Tax deductions
- Recognition of the religion groups
http://www.welt.de/politik/deutschland/article107912782/Die-Gruenen-wollen-den-Islam-einbuergern.html

Meanwhile in countries with a Muslim majority Christians are persecuted, and they are imprisoned for spreading ""Christianity""!
https://www.facebook.com/persecuted/videos/10153855207152454/",False,True,False,none,none,none,none,987843211254102,False
543,Einfach nur sehr viel niedergeschriebene pisse...,False,False,none,none,none,none,none,894847157220375,False
545,"Passt genau zu dem Bericht über den, von unseren ach so traumatisierten Fachkräften aufgebauten Drogenring, die Gegend stimmt auch, Zwickau, Plauen und Umgebung hieß es im Polizeibericht!",False,,none,none,none,none,none,882739545097803,False
546,Der Vogel ist im Kasten hoffentlich bleibt das so. Nun muß man deren Moscheen schließen die Hass und Gewalt gegen ethnische Deutsche Predigen und aus unseren Land werfen. Sogenannter Frühlingsputz ist dringend nötig,False,False,none,none,none,none,none,935321696506254,False
547,"Ich glaube das mit der Zeit auch, von Westeuropa ist nichts zu erwarten. Fett, faul und unfähig sich zu behaupten. Wenn einer den Islam aufhält, dann ist das der Osten inkl. Rußland+China.",False,False,none,none,none,none,none,962181670486923,False
549,"Wenn die so weiter machen , sollten Deutsche Frauen und Kinder zuhause bleiben. Diese Bande(Regierung) , schießt  auch, blos nicht auf Ausländer.",False,True,True,True,False,True,False,1052470661458023,False
550,"Ich habe jetzt nur Angst und bitte lasst mich nicht Recht haben bitte bitte bitte.....wenn die, die Grenze nicht mehr halten können und diese Gestürmt wird...diese Horde auf die Polizisten gehen und nur einer die Nerven verliert....und einen oder mehrer Erschiesst dann wird es von innenherraus sowas von abgehen wenn die, die schon hier drinne sind erfahren das auf einen  Ihrer ""Brüder"" geschossen wurde....dann is hier Land unter! ES DREHT SICH MIR DER MAGEN UM bei dem Gedanke",False,False,none,none,none,none,none,982729191765504,False
551,NTV LiveTicker : Die Deutsche Bank hat Verständnis für die Demonstration ! Für diese Ausschreitungen haben die Verständnis ? Die sind doch Krank in der Birne!,False,False,none,none,none,none,none,885903541448070,False
552,Da kann ich nur sagen ...du hast wohl noch nie versucht obdachlosen zu helfen...oder? Denn diese wollen grossteils ihr eigenes Ding machen ohne fremde Hilfe weil sie sich sogar für ihre Misere schämen. ..leider! Versuch mal dagegen Asylanten zu helfen....die kriegen den Hals nämlich gar nicht voll genug....obdachlose sind dankbar für speisen und Getränke. ...die Asylanten wollen nur Geld mehr nicht...,False,False,none,none,none,none,none,1011337092238047,False
553,Bravo Angola ... mehr Länder müssten dem Beispiel folgen :-)  ... http://www.welt.de/newsticker/dpa_nt/infoline_nt/brennpunkte_nt/article122288558/Angola-verbietet-Islam-Islamische-Welt-empoert.html ...,False,False,none,none,none,none,none,861994247172333,False
554,"»Noch sitzt Ihr da oben, Ihr feigen Gestalten. Vom Feinde bezahlt, und dem Volke zum Spott! Doch einst wird wieder Gerechtigkeit walten, dann richtet das Volk, dann gnade Euch Gott!«",False,False,none,none,none,none,none,991253790913044,False
555,"Manch ein Flüchtling hat auch schon was tolles in Rucksäcken ,  Handtaschen ,  Jackentaschen oder Hosentaschen gefunden .",False,False,none,none,none,none,none,1065215890183500,False
556,"Minderheiten?sind unsere Alten Leute das etwa auch die ein leben lang gearbeitet haben und jetzt nicht wissen wie sie leben sollen von der Rente,eine Frechheit ,die haben es verdient besser zu leben und nicht die Wirtschaftsflüchtlinge die vor der Arbeit fliehen",False,False,none,none,none,none,none,960925827279174,False
557,Das ist voll der troll. Eine pro-pegida petition bricht er ab weils ihm zuviele unterschriften wurden. Was für ein penner. Und uns bezeichnet er als dummes volk. Gehts eigentlich noch?,False,True,True,True,False,True,True,885362214835536,False
558,was zum Geier ist die VSA? oder meinst du die USA? den zutrauen würde ich es den kriegstreibern,False,False,none,none,none,none,none,961128577258899,False
559,"Thomas, was ist los mit Dir?? Schwierigkeiten?? Tip: Schnapp Dir deine Tussy und verbeule ihr die Einfahrt. Alles klar?",False,True,False,none,none,none,none,882029928502098,False
560,Völkermord ist bunt!,False,False,none,none,none,none,none,951592081545882,False
563,"Wie blöd kann man eigentlich sein? Da merkt man mal wieder wie dumm ihr eigentlich seid. Wieso sollte Japan flüchtlinge aufnehmen? Und wieso sollte man als flüchtling durch den pazifik segeln? Das Mittelmeer zu befahren mit deren Nussschalen ist schon tödlich aber durch den pazifik zu tuckern wäre ein himmelfahrtskommando, der sichere tod. Denk doch mal nach bevor du so einen schwachsinn äußerst.",False,True,True,True,False,True,True,888168007888290,False
564,"Polizeiuniform um den Opfern nahe zu kommen, Glasflaschen um diese dann mit Säure zu attackieren, ist in islamischen Kreisen nicht unüblich, unwillige Frauen werden dort somit entstellt.",False,False,none,none,none,none,none,1011488318889591,False
566,Bei über 600.000 die Ausreisepflichtig weil Abgelehnten Schmarotzern die sich hier im Land aufhalten und unsere Sozialkassen plündern von Massenabschiebung zu sprechen schafft wirklich nur die deutsche Qualitätspresse.,False,False,none,none,none,none,none,1056938671011222,False
567,Geh an Bahnhof Klatschen Tiefflieger,False,,none,none,none,none,none,1035131663191923,False
568,Hör nicht so laut musik das macht anscheinend blöd wenn man deinen schwachsinnigen kommentar liest,True,True,True,True,False,False,True,857306594307765,True
569,"genau die Gutmenschen schreiben doch immer das diese Menschen doch nur Sicherheit suchen , daran sieht man auf was sie wirklich aus sind , in ein Land zu kommen wo das Maximum an Geld.- und Sachleistungen abzusahnen ist . Für mich sind die meisten Wirtschaftsflüchtlinge !",False,False,none,none,none,none,none,1095993953772360,False
570,"Dirk Wippich Stimmt, die hätten ihre Wut am IS auslassen sollen. Aber so sind die Forderer, sobald sie nicht bekommen was sie wollen, wird vermummt und zum Stein gegeriffen. Ein Vorgeschmack was Deutschland erwartet wenn sie endlich hier eintreffen. Die Winkefähnchen sind schon parat.",False,True,False,none,none,none,none,982762378428852,False
571,"In Frankreich ist es sehr schlimm, von wegen Multi-Kulti! Stress pur mit den Schwarzafrikanern und Algeriern und anderen in Frankreich lebenden legalen und illegalen lebenden Ausländern. Die Polizei wird von denen wie Abschaum behandelt Angegriffen, verletzt und beleidigt. Und wenn Sie sich wehren bekommen die Französischen Polizisten wie hier in Deutschland eine Dienstaufsichtsbeschwerde oder ein Disziplinarverfahren an den Hals! Nein Danke Multi Kulti, so etwas brauchen wir hier nicht!",False,False,none,none,none,none,none,995816607123429,False
572,Allahs Scheißbar ist eröffnet :)  Dreckspack,False,False,none,none,none,none,none,982660041772419,False
573,Haha die pegidisten scheissen sich in die Hose weil da ein paar Jugendliche an der Grenze zu Ungarn frei drehen. Oh mann was für jammerlappen diese pegida Spinner,False,False,none,none,none,none,none,982669581771465,False
574,"Aber wenn Ihr Euch ständig beschwert,  Mitleid sucht, unsere Fahnen verbrennt, unseren Glauben verurteilt,  unsere christlichen Werte missachtet, unseren Lebensstil verurteilt,  dann ermutige ich Euch einen weiteren Vorteil unserer großartigen  deutschen Demokratie und Gesellschaft zu nutzen:
 DEM RECHT, DAS LAND ZU VERLASSEN!!!!!!! 
 Wenn Ihr hier nicht glücklich seid, dann GEHT! 
  Wir haben Euch nicht gezwungen, hierher zu kommen. Ihr habt gebeten,  hier sein zu dürfen. Also akzeptiert das Land, dass Euch akzeptiert  hat.""",False,False,none,none,none,none,none,856765661028525,False
575,Antifa...Eure Tage sind gezählt....Gewalt..Lügen...Falschheit zieht hier nicht...ihr seid nur ein unwichter Restmüll der RAF Zeit...bleibt doch bitte auf Eurer Schmuddelseite,False,False,none,none,none,none,none,856846294353795,False
576,"Die Hymne wird gerade umgeschrieben: ""Kulturverrat aus erster Hand, Deutschland syrisch Merkelland ...!""",False,True,True,True,False,True,True,1035124473192642,False
577,Steinmeier ist genauso ein geistig und politischer Tiefflieger wie der Rest dieser Regierungsbande...,False,True,True,True,False,True,True,1007134042658352,False
578,"Ich wäre dafür das die Regierung euch in einer kleinen Stadt einen grossen Zoo gründet,damit ihr mit euren ganzen Anhängern  eine bleibe findet,wenn es euch in Deutschland nicht mehr gefällt dann seid ihr da gut aufgehoben..das wäre nämlich das beste für die ganze Welt und unsere Heimat Deutschland.",False,False,none,none,none,none,none,857167654321659,False
580,"Von wegen alle friedlich? wer später bremst ist länger schnell und hat keine ""Flüchtlinge"" an der Fensterscheibe. Und warum schaut die Polizei eigentlich nur zu statt zu räumen?",False,False,none,none,none,none,none,1096081857096903,False
581,"Hallo , Wir sind Deutschland...........
Schon der Slogan ,, wir sind Deutschland........"" Typisch für die linke Pest, welche hier nur mit dem Duden unterwegs ist weil andere Argumente fehlen. Ihr seit höchstens die neue Pest für Deutschland! Nehmt die ganzen geisteskranken, fixenden und pädophilen Arschgeigen mit und wandert aus! Ihr seit nie Deutschland gewesen!",False,False,none,none,none,none,none,1069077913130631,False
582,"Ja klar. .........ist doch immer wieder interessant alles !!!!! 
Statt der hundert Vergewaltigungen ,einfach mal was gutes erfinden . Der dumme Michel wird es sxhon schlucken . 
Am 1.3 kommt "" das Tagebuch der Anne Frank ins Kino "" 
Schon zig mal gesehen , aber jetzt kommt es gleich im Kino . 
Sollen dem Deutschen mal wieder Schuldgefühle nahe gelegt werden ? !!!!
Ein Schelm wer böses denkt ......
Wie wäre es mal mit nem Kinofilm über Russland wo damals 27 Millionen starben ?!!! 
Ach stimmt ja, die nehmen sich ja nicht so wichtig und leben in der Gegenwart !!!",False,False,none,none,none,none,none,1065182520186837,False
584,"Das stimmt nicht wir sind extra da weg gezogen! !! Gehe nach Mannheim da heißen Ortsteile mittlerweile kleine oder große Türkei! !! Du hast Angst da schon Tags durch die Strasse zu laufen in Straßenbahnen wird man dumm angemacht und eine Moschee nach der andere gebaut! !! Heidelberg ist eine Studenten Stadt wo man früher gerne weggegangen ist, leider ist das dort auch nicht mehr möglich!",False,False,none,none,none,none,none,856832841021807,False
585,Dann sollen die mal den Appell an die Gegendemonstranten richten ..... Die sind die einzigen die Randale und Sachbeschädigung machen ????,False,False,none,none,none,none,none,1052906671414422,False
586,"Tja Herr Lammert, es ist deutlich ,daß sie wissen ,daß sie in einer direkten Wahl ihr Amt verlieren könnten, genau wie die anderen sogenannten ""demokratisch Gewählten""  Ihr und nur Ihr seid das Geschwür am Leib des deutschen Volkes. Parrasiten haben sich schon immer auf Kosten anderer ""ernähren"" können ,ihr seid der Bandwurm Deutschlands!",False,True,True,True,False,True,True,1123543717684050,False
587,"Ich könnte mich über diesen Müll totlachen! Ihr seid nur ein winzig kleiner Teil des Volkes und ihr kommt alle aus fast der gleichen Region! Ihr habt mit diesem faschistischen Müll noch nicht mal einen flächendeckenden Erfolg! Lächerlich und dumm wie ihr eurem ehemaligen Nazi-Anführer hinterhergelaufen seid und nun zerfällt euer System nach wenigen Wochen, in dem ihr euch von eurem wahren Gesicht, der Legida, distanziert. In meinen Augen seit ihr alles Neofaschisten, die eine ganze Religion über einen Kamm schert. Ihr seid eine Schande für Deutschland! Mann sollte euch alle auf eine ferne Insel schicken, wo ihr euer 4. Reich  aufbauen könnt.... Wäre dann übrigens super für Atomtests geeignet!!!",False,False,none,none,none,none,none,855016391203452,False
588,"Als guter Christ, der sich Islamkritisch äussert, wird als Nazi bezeichnet, das ist bei den Islamischen Mitmenschen hier gang und gäbe. Wenn man als Rechts bezeichnet wird, ist jedem klar was damit gemeint ist. Bei den Ausländern ist natürlich keiner Rechts...das merkt man auch an ihrem Verhalten... unsere Linken arbeiten sehr gut mit Rechten zusammen, aber eben auf der Falschen Seite. Wenn man Fremden hilft indem man seine Brüder u. Schwestern in die Mangel nimmt, Frage ich mich natürlich was hier nicht Stimmt. Das Volk wird seit Kriegsende gegeneinander aufgehetzt um uns leichter zu Manipulieren, klein zu halten , das sozialsystem runter zu fahren  und suggestiv auszurotten. Unsere Werte und unser Glaube wird immer mehr in den Hintergrund gedrängt.",False,False,none,none,none,none,none,885453058159785,False
589,"Ich sag euch was: Es wird so kommen, das private Hausbesitzer Zwangseinquartierungen bekommen! Und wisst ihr, was passiert? NICHTS!  Warum? Weil die Deutschen noch nie geschlossen auf die Strasse gegangen sind. Wir sind revolutionsunfähig - sonst hätte es schon vor Jahren geknallt.",False,False,none,none,none,none,none,951539511551139,False
590,"ich muss mal kurz etwas in den Raum werfen...ich habe mir eben mal die Veranstaltung angeschaut. Mir ist aufgefallen das jetzt NIEMAND mehr sagen kann das es sich bei PEGIDA um Rechte handelt! Direkt an vor der ""Bühne"" stand ein Schwarzer, Fabiger, Afrikaner oder wie man sagen möchte. Entweder war dieser Mann lebensmüde sich in einen Mob (ca. 25.000  wie die Medien und Politik sagen würden ""Nazis"") zu stellen...oder es geht (wie ich mir schon von Anfang an sicher war) gar nicht um Rechte sondern um das Volk was langsam aufwacht! Daran kann man sehen was die Politik für eine scheiß Angst hat! Weiter so PEGIDA und darauf das auch die Langschläfer irgendwann aufwachen!",False,False,none,none,none,none,none,856744614363963,False
591,"""sehr geehrter Herr t... "" empfinde ich in seinem Falle als eine viel zu freundliche Anrede. ??",False,True,False,none,none,none,none,894852033886554,False
592,"Mal was neues. Ach, wir glauben ja alles. Interessant, das immer nur Funde von Asylschmarotzern veröffentlicht werden. Deutsche scheinen wohl nichts mehr zu finden. VOLKSVERDUMMUNG der Lügenpresse.",False,False,none,none,none,none,none,1065201160184973,False
593,"Die Antifa ist nichts anderes als eine kriminelle Straßengang. Es sind die ersten Ansätze von amerikanischen Verhältnissen. Irgendwann tritt diese Gruppe auch in den Drogenhandel, den Menschenhandel und vor allen Dingen in das Geschäft der Schutzgelderpressung ein !!",False,False,none,none,none,none,none,1052486301456459,False
594,"Die Flüchtlingsströme sind ein Problem, dem man nicht nur hier in München auf kommunaler und privater Ebene nach Kräften begegnet - statt  Stammtischparolen und Halluzinationen (Nini Czepokat) abzusondern.",False,False,none,none,none,none,none,946643398707417,False
595,"Sandra, das hat keinen Sinn mit Herrn Helmut Bue zu diskutieren, er ist vollständig verbohrt in seiner Meinung. Bei ihm ist die Mehrheit der Deutschen regierungstreu und findet die Asyl- und Flüchtlingspolitik genial. Laß ihn bei diesem irren Glauben. Fast alle EU-Länder verschließen sich gegen diese unbegrenzte Einwanderung, sind empört über das Handeln der deutschen Regierung. Aber Herr Bue ist ja um ein Vielfaches in seiner Ansicht schlauer, als alle anderen Staatsmänner Europas zusammengenommen. :)",False,True,True,True,False,False,False,1011307805574309,False
596,"Ich bin eine Fachkraft, aber in meinen Beruf mußt du noch Geld mitbringen,selbst dann reicht es nicht. Mir reicht` s dermaßen mit dieser Regierung. Nun hängen sich die größten Spinner auch noch rein. Da muß man für einen ALG1 -Antrag noch einen Antrag stellen. Die sollen ihre dreckige Fresse halten und ihre Arbeit machen, wofür sie mehr als fürstlich bezahlt werden. Sorry, aber ich muß kotzen. Ich gehe von 5Millionen Arbeitslosen aus, aber man wird ja nur noch belogen und betrogen von den Dreckspack in Berlin.",False,True,True,True,False,True,True,876320875739670,False
597,"Wohne im Münchner Norden, ca 300m von der tollen Bayernkaserne entfernt - von wohnen kann hier keine Rede mehr sein. Toleranz? Für was denn bitte? Für Flüchtlinge in Markenturnschuhen, Lederjacken und modernerem Smartphone als ich selbst besitze? Nix gegen Armut, wirklich! Aber dieses Bild passt nicht in meine persönliche Weltanschauung! Noch dazu schlagen wir uns nicht nur mit diesen Leuten in unserem neuen Kolonial-Afrika herum, wir sitzen auch täglich in den Linien 140,170 und 171 neben diversen Sinti und Roma - was wollen die hier alle? Richtig, während ich meiner geregelten Arbeit nachgehe und morgens im Bus sitze, fährt dieses übel riechende Gesinde zum Scheidplatz in Gruppen von bis zu 10 Leuten um dann direkt mit der U-Bahn in die City zu fahren.. ganz großes Kino, wirklich! Ich könnte nur kotzen vor Ekel und Ohnmacht!",False,False,none,none,none,none,none,945850128786744,False
599,"Mindestens 50 Wohnungseinbrüche  pro Tag in Köln!Tendenz steigend!(Quelle:TV phoenix)Und wer glaubt dass die Täter Deutsche sind,der glaubt auch dass Zitronenfalter Zitronen falten!Oder seid ihr anderer Meinung, liebe kunterbunten Realitätsverdränger ?!",False,False,none,none,none,none,none,857928614245563,False
600,"Hartmut Schulz , UPS wieder so ein Nazi der nur Müll von sich gibt. Bachmann und seine Nazitruppe sind doch schon Angezeigt worden. Was braucht ihr noch mehr ??? Bachmann - Petry - Festerlin = Nazis !!! Aber bei Hitler war das ja auch nicht anders. Wann schreit ihr nun mal "" Bachmann mein Führer "" und Heil Bachmann..... Man seid ihr alle Bekloppt....",True,True,True,True,False,False,True,966892863349137,True
601,"Die Medien LÜGEN so offensichtlich . . . es ist nicht zu fassen :-( , scheinen aber immer noch genug Leute drauf reinzufallen / daran zu glauben :-( Wilde Horden Schwerstkrimineller schiipPern aus dem SICHEREN NATO-Partneland Türkei auf eine nahegelegene, kleine grieschische Insel und verbreiten Terror & Randale, aber gmx schreibt : "" Allein im Juli sind mehr als 7.000 vor KRIEG und VERFOLGUNG fliehende Menschen auf der griechischen Insel Kos angekommen ""  . . . . abgesehen das ""Krieg"" kein Asyl begründet herrschen in der Türkei weder Krieg noch Verfolgung ! Gestern lief in den Nachrichten auch ein Spot darüber und ein Syrer (der wohl ein 5-Sterne Hotel erwartete) beschwerte sich mit den Worten : "" Ist das Europa? Wenn das Europa ist will ich zurück nach Syrien! "" . . .tja, besser heute noch als morgen :-) http://www.gmx.net/magazine/politik/fluechtlingsdrama-katastrophale-lage-kos-30824270",False,False,none,none,none,none,none,964092133629210,False
602,"Gleich mit den ""Asylanten"" rausschmeisen. Müssen die nicht arbeiten???",False,False,none,none,none,none,none,1108071842564571,False
603,Eine gutes Prugel sollten die bekommen aber so das sie 4wochen lang Blut pinkeln.,False,,none,none,none,none,none,1096091423762613,False
604,Statisten mit grosser Fresse aber es ist ja nicht jeder so unterbelichtet wie du. ??,True,True,True,True,True,none,none,856817624356662,True
605,"Brandstiftung ist nicht die Lösung, sondern endlich eine verünftige Asylpolitik.",False,False,none,none,none,none,none,894968090541615,False
606,Leute ganz ruhig.. er meint die Linken Schweine und Gutmenschen... :D,False,False,none,none,none,none,none,856840224354402,False
607,"die kann man so nicht miteinander vergleichen. Aber die Antifa Chaoten / Autonomen Spinner von heute, zum grossen Teil von staatlichen Unterstützungen lebend, braucht kein Mensch.",False,False,none,none,none,none,none,856754954362929,False
608,wieder ein Asylschwein weniger was wir durchfüttern müssen,False,False,none,none,none,none,none,882731625098595,False
609,Mann so haben die auch alle die grosse fresse in der Politik da oben liebe Frau Kanzlerin Merkel läßt euch doch nicht alles gefallen von denn Kopf Tuch Träger es ist unser Land oder Europa und nicht denn ihres wenn es nicht gefällt wie wir leben müssen die sich verpissen immerhin sind wir Christen und keine alaaa oder sonst was für scheiß also setzt euch durch oder sie sind schneller weg als sie noch Kanzlerin wahren und es Wir hir aufgeräumt in unserm Land.,False,True,True,True,False,True,False,1105411886163900,False
610,"Aus Rücksicht auf die vielen muslimischen Flüchtlinge muss man arabische Sprache überall verwenden und anstatt ""Weihnachtsmarkt""  einfach ""pazar"" schreiben, deutsche Sprache wird sowieso viel zu rassistisch klingen",False,False,none,none,none,none,none,1012254508812972,False
611,"Könnte ja auch sein dass sich viele nicht äussern weil sie Angst haben gleich in die Nazi Ecke geschoben zu werden! Darüber mal nachgedacht? Wahrscheinlich nicht. Dazu sind Sie scheinbar auch zu verblendet. Vor einiger Zeit konnte jeder seine Meinung kundtun ohne als Rassist, hetzer oder Rechtsradikaler betitelt zu werden. Neuerdings geht das nicht mehr! Komisch....woran mag das wohl liegen? Jeder der nur sagte er sei ein Besorgter Bürger wird nun in die Rechte Ecke geschoben! Man macht sich sogar darüber lustig und zieht das ins lächerliche! Und das finden Sie Herr Bue normal ja? Wenn ja dann tut es mir leid, dann sind Sie ein Realitätsverweigerer dem man auch nicht helfen kann. Dann....einfach weiter schlafen!!! Gute Nacht!",False,True,True,True,False,True,False,1011300458908377,False
613,"Benzin ,Messer da braucht man gar nicht weiterlesen um den Täterkreis einzugrenzen.",False,False,none,none,none,none,none,857922957579462,False
614,gann mal sofort anfangen damit aber schnell bevor die hier noch mehr unheil und krankheiten einschleppen,False,False,none,none,none,none,none,961445517227205,False
615,"Ich seh die Merkel schon vor meinem geistigen Auge in Burka auf der Kanzel stehen - aus Solidaritaet mit dem Islam. Und die Gutmenschen sind wie bloede am knechten, um ihre Unglaeubigensteuer abzuzahlen...",False,True,False,none,none,none,none,1105649686140120,False
616,"ein wort war suboptimal. das war ""PRÜGELN"". sie hätte ""JAGEN"" sagen sollen. 

aber ein eventueller prozess wendet sich eh gegen die sogenannten ankläger - aber nur, WENN der medial zur kenntnis genommen wird. 
insofern war PRÜGELN vielleicht unterm strich besser als JAGEN. 

""„Wenn die Mehrheit der Bürger noch klar bei Verstand wäre, dann würden sie zu Mistgabeln greifen und diese volksverratenden, volksverhetzenden Eliten aus den Parlamenten, 
aus den Gerichten, aus den Kirchen und aus den Pressehäusern ""prügeln"".“",False,False,none,none,none,none,none,1043608979010858,False
617,Es wird wiedermal nur gefordert aber um sich klar vom radikal Islam loszusagen ist es nämlich ein verrat an eurem Prophet. Also nehmt den Nazis doch den Wind aus den Segeln und redet Klartext. Aber die moslemischen Bürger  verstecken  sich hinter den Mainstream und sitzt es aus.,False,False,none,none,none,none,none,855496534488771,False
618,Genau ...die damalige Lazarettstadt soll ne Moschee mit Minaretten bekommen .....träumt weiter Ihr Banausen !.,False,False,none,none,none,none,none,1105399309498491,False
620,"Kaoten die sich mit bewafneten Armee anlegen, und sich nicht registrieren lassen wollen, Knast riskieren, sind keinen Asylbewerber.",False,False,none,none,none,none,none,982642145107542,False
621,"Mit friedlichen Demonstrationen erreicht ihr gar nichts. Die lachen sich doch nur schrott. Jemand, der nichts zu befürchten hat, der macht weiter, so tickt nunmal die menschliche Psyche. Mein Gott, laß euch doch nicht dauernd von dem blöden Nazi-Gerede einschüchtern. Ich muß kein Nazi sein um was gegen die Islamisierung zu haben und radikal erst recht nicht.",False,False,none,none,none,none,none,857454397626318,False
622,Boah - 1 2 7   (M A S S E N A B S C H I E B U N G)  -  ist doch die größte Verarschung schlecht hin !,False,False,none,none,none,none,none,1057157860989303,False
623,"Merkel lacht sich doch ins Fäustchen! Wie geplant, machen Andere die Drecksarbeit für sie und sie braucht ihre Politik nicht zu ändern, verliert ihr Gesicht nicht. Ha ha ha",False,True,True,True,False,True,True,1058071417564614,False
624,....die Hosen tragen jetzt  die Asylanten,False,False,none,none,none,none,none,886082511430173,False
625,"Mia Mani erst garnicht reinlassen ??wären sie an der Grenze abgefertigt und kontrolliert wurden , hätten wir diese ganze unkontrollierte Einwanderung nicht und wer weiß was sich jetzt hier alles in Deutschland eingenistet hat Dank Merkel und Politmarionetten",False,True,False,none,none,none,none,1057636954274727,False
626,"wie immer, weil die antifa nur was zum kloppen braucht ...",False,False,none,none,none,none,none,856737994364625,False
627,"Lies Dir mal die Version des GG bis 1989 durch Mädel! Töpferkurs mit 1 abgechlossen, aber Geschichte abgewählt. Dummtrulla.",True,True,True,True,False,False,True,982779048427185,True
628,"Was fällt bei Linken und den Islamisten besonders auf?
Der “ausgestreckte belehrende Zeigefinger”.
Ich bitte darauf acht zu geben.

“Darin kommt er zu der bahnbrechenden Erkenntnis, dass Menschen, die im Orient leben, weitaus glücklicher sind als solche in unseren Breiten.”
Gegenfrage:
“Weshalb sinds dann nicht im Orient?”.",False,False,none,none,none,none,none,894937640544660,False
629,"Solange die Herren Professoren glauben, dass Geld aus dem Wasserhahn kommt, wird sie das wenig jucken. Deren Gehälter und fette Pensionen bezahlen doch eh die Steuerzahlenden deutschen Deppen bis an ihr seliges Ende (Nicht das der Steuerzahler).. Warum eigentlich? Ist Professor sein eine hoheitliche Aufgabe?",False,False,none,none,none,none,none,882460811792343,False
630,"damit machen sie sich immer beliebter ;) die Tage stand doch irgendwo im Netz, das Iraker ihrer Kinder auf die Strasse gelegt haben um das von Schleppern versprochene  Haus zu bekommen :(  Kinder spielen bei denen keine Rolle, die produzieren ja genug :(",False,False,none,none,none,none,none,1095902490448173,False
631,Gleich einkassieren und zurück schicken dieses Pack,False,False,none,none,none,none,none,982647378440352,False
632,anne.....genausoviel liebe wie die wichser am wochenende in berlin im bad? verpiss dich mit deinem rotz,True,True,True,True,False,False,True,946618685376555,True
633,"Bremen wird auch das erste Bundesland sein was einen Moslemischen Bürgermeister hat.Sie werden auch bald beim Bund um mehr Geld betteln , können ja nicht die erhöhten Sicherheitsmaßnahmen für ihre desolate Muti-Kulti Politik bezahlen.",False,False,none,none,none,none,none,876833045688453,False
637,"#RECHTSVERDREHER #LÜGENVERSCHWÖRER #AllesNazis #PEGIDA/STINKT #IchbeherrschediedeutscheSprachenicht,aberhetzegegenAusländer #Keinerhatmichlieb,deswegenhasseichauchalle #PATRIOTISMUS -> AUSGRENZUNG und RASSISMUS!!!!!",False,False,none,none,none,none,none,1043891435649279,False
638,"ich kann das langsam nicht mehr einordnen...ist es nur zur Beruhigung des Volkes immer mal wider ein bisschen durchblicken zu lassen, ja ihr habt ja recht ... ich glaube denen kein Wort !!! Ungarn und die anderen Länder haben gehandelt ... und sind sehr deutlich, was diese Frage anbelangt...",False,False,none,none,none,none,none,960861953952228,False
639,"Tja,   sind genug Dresdner in der Ch,  passen sich nicht an, machen Löhne kaputt, hier seid ihr die Ausländer die uns nerven !!! Sollten mal gegen Euch ne Demo aufziehen !Seid ja auch wie die Schafe nen Nazi hinterhergelaufen die Geschichte wiederholt sich leider immer wieder! Schämt Euch !",False,False,none,none,none,none,none,857272880977803,False
641,"Ich war in der Tschechischen Republik geboren, aber ich habe das deutsche Blut .. :'( Frau Merkel ist Sie zum Verhängnis ! Sie ende! das ist nicht hilfe , aber genocide  Verrat Deutschland  und deren Werte. :'( OMG - Frau Merkel  du bist eine kranke Person :'(",False,True,True,True,False,True,True,1057783487593407,False
642,"Das sind keine Flüchtlinge, das sind wilde Horden -Danke Frau Merkel",False,False,none,none,none,none,none,982644025107354,False
643,warum  reiche arabische und türkische Muslime maner bauen sie nicht in Deutschland  krankhäuser  ?oder  warum bauen sie nicht   kosten lose  große bäckerei für arme menschen ? oder sie lügen und wollen detuschland  islamserein  .... ...   wen so weiter  geht  den bald kommt  jeder reiche araba oder  reiche  türke mit einem kopfer geld   kauft ein Grundstück und baut ein moscheen,False,False,none,none,none,none,none,1105581369480285,False
644,"Tja, einige Menschen haben halt von Geburt an einen niedrigen IQ. Dagegen lässt sich nichts machen...",False,False,none,none,none,none,none,857429937628764,False
645,"Wie lange will die staatsmacht noch zuschauen,wie unbescholtene buerger,vom linksradikalen mob,taetlich angegriffen werden??der feind im land steht links,und die versiffte Antifa und aehnliche rot- gruenen zusammenrottungen muessen endlich in die Schranken gewiesen werden!!Antifa ist wie NSU nur aus der anderen Richtung!!linksfaschismus,getarnt als demokratische vereinigungen,wie die linken und gruenen,gehoeren genauso verboten,wie die npd und salafistenzusammenrottungen!!!",False,False,none,none,none,none,none,856747851030306,False
646,"Scheint mir die deutsche Version des französischen ""Pas d'amalgames"" zu sein (also in etwa ""Keine falsche Denkbezüge!""). ""Amalgame"" wird in dieser Sprache langsam Synonym für ""das, was Ihr bitte nicht zu denken habt!"" und wird schon internetweit als Medikamentennamen bespöttelt: ""Padamalgam 50 mg"" :-)
A propos: Viele Grüße an die neue Bundesdenkenpolizei, und ein Gedenken an ihre Vordenker von VEB Horch & Greif... :-(",False,False,none,none,none,none,none,935642976474126,False
647,Jaja der Islam und die Nazis ein tolles Team: http://www.lexikon-der-wehrmacht.de/Zusatz/SS/SSOsttuerkei.htm,False,False,none,none,none,none,none,856887307683027,False
648,Ihr habt zuwenig draufgehauen auf diese linken Krawallbrüder.,False,False,none,none,none,none,none,1107837312588024,False
649,"[@IND] Es werden ja nicht mal die bestehenden Gesetze umgesetzt. Im Prinzip will PEGIDA gar nicht mehr. Hier leben 600000 Ausländer die gar keine Aufenthaltserlaubnis mehr haben. Zudem geht es bei der ""Islamisierung"" darum das Menschen ein besseres Leben haben wollen und deswegen hier her kommen. Warumn auch immer.  Oder?  Dann ist es für jeden ein Widerspruch wenn Menschen genau die Zustände hier wieder haben wollen die ihnen nur Leid und Elend in ihren Heimatländern gebracht haben. Wäre es da nicht logisch mich zu intigrieren und mich diesen neuen Kulturkreis anzupassen? Schließlich hat unsere Art zu Leben jeden einen gewissen Wohlstand und 70 Jahre Frieden gebracht. Über die Zusammensetzung der Flüchtlinge kann man sich auch nur wundern . Wo sind die ganzen Frauen und Kinder? Auf den Nußschalen die im Mittelmeer treiben sind immer nur Männer im besten Alter. Gegen Frauen und Kinder hätte hier sicherlich niemand was. Aber es gibt eben ein paar Ungereimtheiten die einfach der Klärung bedürfen. Und unsere Politiker setzen dem ganzen dann noch die Krone auf in dem sie behaupten bei über 3 Millionen Arbeitslosen  brauchen wir Fachkräfte aus 3. Welt Staaten. Für uns hier klingt das alles ziemlich lächerlich. Kann schon sein das wir nicht viel bewegen können aber die Politiker wissen jedenfalls jetzt das wir uns nicht für dumm verkaufen lassen.",False,False,none,none,none,none,none,862041733834251,False
650,"Nein, die haben auch keinen Bock auf antisemitische Islamisten und deren schweigende Dulder!",False,False,none,none,none,none,none,856861157685642,False
651,"Ich sag euch jetzt mal was, ich bin stinksauer!
Ich bin aus NRW und aus Beruflichen Gründen im Außendienst tätig. Zu 90% wird gemeckert und sich beschwert, mit der Begründung ich alleine kann doch nichts machen.
Jetzt haben wir endlich eine Bewegung und der Westen kriegt den Arsch nicht hoch.
Muss mir vom Türken sagen lassen, seid ihr doch selbst schuld, wir werden Deutschland übernehmen weil wir zusammenhalten.
Und damit wird er wohl Recht behalten.
Für mich ist der Westen zu Weicheiern und Feiglinge verkommen. Neue Männer braucht das Land.
Es tut mir Leid aber so empfinde ich es!",False,False,none,none,none,none,none,858033357568422,False
652,Sollen wir jetzt für das pack zahlen,False,False,none,none,none,none,none,993958007309289,False
653,moscheen gehören verboten und unter strafe gestellt.,False,False,none,none,none,none,none,1084477211590701,False
654,und die werden nicht wie linke chaoten von der politik rangekart ..,False,False,none,none,none,none,none,1035371759834580,False
655,"Das gleiche Problem haben wir in Frankfurt, da hier schon von jeher eine menge Kanacken wohnen, ist man gleich ein Nazi wenn man gegen weitere Zuwanderungen der Asylantenpest ist. Aber aus Erfahrung weiß ich, dass es eine ganze Menge ist, die dagegen sind, auch wenn sie sich nicht wagen, den Mund aufzumachen. Es ist eine Schande für Deutschland!!!!",False,False,none,none,none,none,none,946595282045562,False
656,how much naive europe can be?????do u know any thing about muslims that u wanna host them???? im arab christian who lives in arab country and know how they think.they wont integrate in europe.they wanna overcome europe and spread their religion.the most of the immigrant came to look for job.u must save your country.dont say im racist .im telling u the truth of these people,False,False,none,none,none,none,none,1007129875992102,False
657,"Wie Lange wollt ihr Euch den schleichenden Untergang dieses Landes noch ansehen ? Handelt !!! Heult nicht ??Schluss mit Grenzüberschreitenden Diebstählen,kriminellen Migrantenbanden und vielem mehr.Das ist kein Schönes Land mehr.",False,False,none,none,none,none,none,945834525454971,False
658,"Christoph du weist aber schon das die Flüchtlinge zu 90% nicht für den Arbeitsmarkt in den nächsten 6 - 13 Jahre nicht integrierbar sind . Nächstes Jahr sollen noch mals 4 ,6/Mill Raketentechnikern , Nobelpreisträger u Ärzte kommen. Es gibt Berichte das bis 2050 ca 52 Mill. nach Europa kommen . Auf der ganzen Welt gibt 950 Mill. den Status als Flüchtling erfüllen Die Grünen welche Deutschland abschaffen wollen scharren schön mit den Füssen . Für sie gibt es noch jede Menge Umweltflüchtlinge sowie Klima Flüchtlinge usw . Geile Aussichten was ? So u jetzt kommt das Beste : Arbeitgeberchef Crillo",False,True,True,True,False,True,False,1035816276456795,False
659,Wenn man zuhören wollte wäre es längst geschehen! Auch das Brüllen vor dem Kanzleramt wird taube Ohren und blinde Augen nicht hörend und sehend machen! Schade um die Zeit! Manche Sachen muss man vielleicht bis zur nächsten Wahl abwarten oder IS klärt es vorher auch in Deutschland! Es ist erst der Anfang! Wir haben die Schläfer lange im Land! Und es sind mehr als unsere Mutti und die Misere annehmen! Fakt!,False,True,True,True,False,True,False,1010914845613605,False
660,"Sehr richtig. Man will keine Zuwanderung von Idioten. Sondern von Fachleuten die in Deutschland was erreichen und beitragen wollen. Leute die sich einbringen, die Sprache lernen und können wollen, die nach Deutschland wollen weil sie das Land mögen. Man will nicht den Sprachverweigernden, ungebildeten Intergrationsverweigerer der nichts kann und sogar noch Hilfe braucht beim ausfüllen des Hartz4 Antrages.",False,False,none,none,none,none,none,876331435738614,False
661,"wenn die Gutmenschen nicht wären,sehe die Lage ganz anders aus,aber die Dummlacke gibt es eben.die opfern sogar zu Weihnachten die zeit für die Schmarotzer und denken nicht an Ihre Familie.Der umsturz wird kommen und ich kenne einige Gutmenschen",False,False,none,none,none,none,none,1013301772041579,False
662,Rotfaschismus halt!,False,False,none,none,none,none,none,1152531534785268,False
663,...weg mit dieser VolksVerräterVerrücktenRegierung...!!!,True,True,True,True,True,none,none,1056810031024086,True
664,"bei uns müssen Demo´s angekündigt und genehmigt sein .... toll wie das so alles geht wenn du kein Deutscher bist ..... wir sind der Abtreter  der Welt ...... alle werden besser behandelt als die "" Deutschen """,False,False,none,none,none,none,none,1096049223766833,False
665,"Haha Lutz, und nächse Woche liest man: ""Flüchtling findet Schwiegermutter und bringt sie zurück zum Schwiegersohn !"" Scheisse !",False,False,none,none,none,none,none,1065200626851693,False
666,"Christine Spielmann ...wenn ich andere Kulturen ansehen will, fahre ich da hin. Und da ich dort nicht hin will und nicht hinfahre ist eines klar. ICH WILL DEREN KULTUREN NICHT KENNENLERNEN. Warum versucht dieser Staat mir genau DAS aufzuzwingen???",False,False,none,none,none,none,none,1010184269019996,False
667,"Ja mein Freund,denn Pegida wird wachsen ! Deine Rechnerei kannste den Weihnachtsmann vorgaukeln. Ich bin heilfroh das es endlich mal gegen die bescheuerte Politik geht.Ich brauche keine Moscheen und auch keinen Islam,denn ich bin Deutscher und das will ich bleiben! Alles klar!",False,False,none,none,none,none,none,857118107659947,False
668,"Katja Bauch Ich amüsiere mich immer wenn so ein Allahschreier andere Massenmörder nennt, wenn man bedenkt das deren Inzuchthorden ind den letzten 1400 Jahren über 270Millionen ermorded haben und noch immer fleißig dabei sind. Vielleicht kann er ja nichts dafür das er so geistig beschränkt ist denn er wird ja auch wohl ein Produkt der Inzucht sein.",False,False,none,none,none,none,none,1105839846121104,False
669,"Na da können wir ja froh sein.??

IM Erika sagt: Es wird keinen Flüchtlingssoli geben. 

Sie sagte auch irgendwann mal: Es wird keine Maut geben.

Ebenso sagte sie : Wir schaffen das.

Und, wer kann sich noch an den Satz aus der Neujahrsansprache erinnern? Er lautete: Folgen Sie denen nicht!

Frau Merkel, wieso sollten wir Ihnen ausgerechnet jetzt glauben, wo doch Ihre anderen Versprechen ebenso nur Schall und Rauch waren?

Die deutsche Bevölkerung ist nicht so ungebildet wie all die Ärzte, Ingenieure und Architekten, welche laut einer Studie den Bildungsstand eines Viertklässlers haben.

Wenn Sie allerdings mit diesen uneingeschränkten und unkontrollierten Flüchtlingszustrom weiter machen, dann wird die Bevölkerung Deutschlands genau so dumm sein, wie Sie es sich wünschen. Denn nur dumme Wähler sind gute Wähler - Für Sie!

Deshalb noch einmal eine dringende Bitte an Sie: Treten Sie endlich zurück, denn Sie sind nicht länger unsere Bundeskanzlerin!

http://www.gmx.net/magazine/politik/fluechtlingskrise-in-europa/steuererhoehungen-rahmen-fluechtlingskrise-30988140",False,True,True,True,False,True,True,993916503980106,False
670,"Bis auf die ""WIRKLICHEN"" Kriegsflüchtlinge muß man das gesamte muslimische Pack rauswerfen!!!!!!!!!!! SOFORT!",False,False,none,none,none,none,none,993472160691207,False
671,... würde gern mal wissen hinter welchem Momd Herr Helmke wohnt .. anscheinend bezieht er sein Wissen nur von den staatlichen Medien ... seine Intelligenz basiert bestimmt darauf sich wie eine Marionette zu verhalten ???? !,True,True,True,True,False,False,True,856802154358209,True
672,"es ist schade um die armen schweineköpfe, dafür sind die viel zu schade. rausschmeißen, diese oberschmarotzer",False,False,none,none,none,none,none,1105436602828095,False
673,"ASYLHELFER SIND MEIST WEIBLICHE NICHTSNUTZIGE, AUSGEGRENZTE, DIE NIE EINER GEREGELTEN ARBEIT NACHGEGANGEN SIND UND SICH AN DEN UNSYMPHATISCHEN MUSLIMISCHEN ARABISCHEN UND NORDAFRIKANISCHEN ARCHAISCHEN TYPEN AUFGEILEN. DIES IST MEINE ANALYSE, ES  GIBT NATUERLICH EINE GANZE MENGE MEHR TIEFENANALYTISCHE DEUTUNGEN.DIESER BEVOELKERUNGSMISSBILDUNGEN, GENANNT ASYLHELFER. SIE SIND AUCH EIN PRODUKT NACHKRIEGSDEUTSCHER SCHULDINDOKTRINIERUNG GEFOERDERT VON ZIONISTISCHEN KREISEN UND IHREM MEDIENIMPERIUM.",False,False,none,none,none,none,none,1111335422238213,False
674,"Vielleicht nach der Pegida Demonstration noch ein Schweineschnitzel in der letzten deutschen Kneipe.  Daheim nur Hammelfleisch?

Österreich: Zugewanderte Muslimmenschen klagen gegen Kochen vom Schweinefleisch in Nachbarwohnung

http://www.kybeline.com/2015/01/23/oesterreich-zugewanderte-muslimmenschen-klagen-gegen-kochen-vom-schweinefleisch-in-nachbarwohnung/",False,False,none,none,none,none,none,857028501002241,False
675,So langsam wird den linken Schmutzfinken und Unterstützern der Fehlpolitik in unserem Land  der Wind aus den Segeln genommen...,False,False,none,none,none,none,none,856751661029925,False
676,Geh und lies in deinem verstaubten Märchenbuch und knüpf deiner Aishe das Kopftuch zu : -),True,True,True,True,False,False,True,857526484285776,True
677,verbieten diesen dreck  ..  .wir sind hier in mitteleuropa . . ..basta,False,False,none,none,none,none,none,1105452736159815,False
678,"Gerhard Schreiber Genau!! Deswegen schrieb ich ""auch ein Volltrottel"". Dieser Sorbe ist ein typischer Wendehals. Eine 2. Chance erhält der nicht!!! Hoffentlich sind die Bürger wach geworden und wählen richtig!",False,True,True,True,False,True,False,1069520616419694,False
679,"Das macht mir Angst. Bääh, ich kann die Merkel jetzt auch nicht mehr sehen. In Frankreich läuft sie mit, zu Hause ist sie empört. Pfui, soll sie doch die Mätresse von Hollande werden!",False,True,True,True,False,True,True,856806227691135,False
681,Ich warte auf die einzig wahre Meldung sie haben ihre richtigen Pässe gefunden und laufen zurück in ihre Heimat!,False,False,none,none,none,none,none,1065241860180903,False
682,also dem glaube ich ja garnichts mehr ... so ein heuchler ... https://israelkompetenzkollektion.files.wordpress.com/2012/02/todenhoefer-staging-toys.jpg,False,True,True,True,False,True,True,894928810545543,False
683,"Lisa Sander Haben sich DDR Bürger so aufgeführt an den Grenzen???  Das was in Ungarn die ja so traumatisierten da veranstalten, hätte in deren Ländern das Militär mit Panzern und Schießbefehl auf den Plan gerufen. Sind in einem sicheren EU Land und veranstalten so einen Zirkus.",False,False,none,none,none,none,none,982695398435550,False
684,Bemitleidenswerte Kreaturen,False,False,none,none,none,none,none,894947660543658,False
685,"Ich kann darauf verzichten,denn die haben keinen Respekt vor Frauen.Sollen sich lieber nach Hause scheren und für ihr Land was tun diese Sozialschmarotzer.",False,False,none,none,none,none,none,1134206479951107,False
686,Weiter so... Wir aus Baden sind stolz auf euch... Merkel mus weg !,False,True,True,True,False,True,False,1035179059853850,False
687,"Sollen alle die, die lauthals nach diesen schwarzen Asylanten schreien, sie zu Hause aufnehmen! Merkel kann mit gutem Beispiel voran gehen. Ich will diese ganzen Asylanten nicht hier haben, ich will keinen Islam in unserem Land! Ich will nicht ins Altertum zurück!!!!! Wer den Islam ausleben will, bitte sehr, der soll dort bleiben, wo er her kam. Menschen die in unserem Land leben, haben sich an unsere Gesetze zu halten, ohne Ausnahmen! Keine Kopftücher bei Frauen! Frauen und Männer sind gleich. Wer was anderes predigt, hat hier nichts zu suchen! Warum soll sich der Deutsche jetzt dem Islam unterwerfen? Warum dürfen alle jetzt hier illegal einreisen und kriegen alles in den Hintern gesteckt? Betrügen wo sie können, kommen mit falschen Pässen? Warum will die EU 56 Millionen Afrikaner heimlich ins Land schleusen, warum, warum????? Ich möchte mein schönes, friedliches Deutschland wieder haben! Wir gehen für diese Asylanten arbeiten, und Schäuble verschleudert unser Geld an diese Fremden. Wenn das so weiter geht, wäre es das Beste, wir wandern alle aus zu unseren Nachbarn, die auch nicht diese Asylanten wollen! Dann hauen die endlich wieder ab, denn wer sollte sie dann versorgen, diese armen Flüchtlinge? Warum sollen wir für die ganze Welt arbeiten, für Menschen, die noch im Altertum leben? Was wollen die hier? Benehmen sich hier wie die Wilden und meinen alles gehöre ihnen.  Warum lassen wir uns alles gefallen? Das Beste wird sein, wir bauen hohe Grenzen wieder auf, verjagen den Islam aus unserem Land und können wieder friedlich leben. Wer fragt uns, ob wir diese Menschen wollen? Ob diese Gutmenschen dann immer noch zum Bahnhof rennen, wenn die ersten Frauen vergewaltigt werden von denen und die ersten Bomben von denen gezündet werden? Wie blind sind unsere Menschen?",False,False,none,none,none,none,none,977062402332183,False
688,"Der Ramon... ein kleiner Strüffler... der im Netz nach Aufmerksamkeit sucht, weil seine Eltern ihn nicht mögen :-)",True,True,True,True,False,False,True,982766048428485,True
689,Ja die ostdeutschen lassen sich nicht so schnell auf Gehirnwäsche der Politik ein. In den alten Bundesländern lief die Gehirnwäsche schon paar Jahre länger. Aber würde es ans persönliche gehen ( auto angeben damit die Asylanten beweglicher sind usw) fällt ihnen vielleicht die Schuppen aus den Augen.,False,False,none,none,none,none,none,882694678435623,False
690,"Da ist nur ein Problem  , die will nie bleiben in Ungarn oder in Tschechei die will alle nach Deutschland. Und immer noch die 70% Schrein willkommen. Das ist das Problem. Wen ich bin jetzt Nazi, mir egal. Wen die Asylbewerber kann sich mit  Waffen besorgen, kann auch jede. In Deutschland gebe in jedem 5 laden offiziell genug Waffen jede Art",False,False,none,none,none,none,none,982674275104329,False
691,Also dieses Kompliment gebe ich doch gerne zurück ;-)  Ihr bekommt bestimmt nicht soviel Komplimente. Müßt euch ja schon gegenseitig liken ;-)  Ihr Armen :-(   ich meine arm im Geiste ;-),False,,none,none,none,none,none,857942890910802,False
692,Susanne meiner Meinung nach gehört dazu leider auch ein krimineller deutscher.. Ja ... Ich finde die sollte man auch härter anfassen und bestrafen als diese schönen luxusurlaube in unseren knästen.,False,False,none,none,none,none,none,857009494337475,False
693,"Ziemlich widerlich, wenn Muslime sich mit Juden im dritten Reich vergleichen. Maulschelle, setzen, sechs",False,False,none,none,none,none,none,856878481017243,False
694,Ganz normale Bilder wie wir sie schon seit jahren am 1 Mai in hamburg sehen oder bei den chaostagen in Hannover. Diese Faschisten  sind die neuzeitgestapo der Regierung,False,False,none,none,none,none,none,885880571450367,False
695,Ach München ist schon 60 Jahre bunt die 10.000 machen den Kohl nicht fett. Da weiß sowie keiner mehr wer deutsch ist. Da nennen sich schon welche deutsch mit rasterlocken und filtzläusen.,False,False,none,none,none,none,none,945832732121817,False
696,"Hier jammert der Großteil der Kommentatoren, daß der böse  (linke) Journalist den guten (grünen) Kretsche mit hartnäckigen Fragen attackiert. Potz Blitz, lauter Warmduscher oder wie? Wo sind denn die Gegner der Pädopartei, die sich darüber freuen, wenn deren Vertreter mal etwas gekitzelt werden?",False,True,True,True,False,True,True,1069882863050136,False
697,#RapeFuzees GetOut from Europe !,False,False,none,none,none,none,none,1038620316176391,False
698,"Sachsen soll überlegen, ob es ein souveräner Staat werden und auf die Diktate aus Berlin, Bonn, NRW und Brüssel pfeifen will!!! Sachsen wäre normal das größte Volk, der größte Stamm in Deutschland. Aber trotzdem sagen Fremde bzw. die in NRW an, was in Sachsen passieren, wer hier demonstrieren darf.",False,False,none,none,none,none,none,886049371433487,False
699,"[@IND] beide Seiten verallgemeinern.
Es wäre besser für alle sich nicht gegeneinander aufzuhetzen, 
dass ist genau das, was die Politiker / 
die Medien wollen.

Die wirklichen Feinde sind die Politiker.",False,False,none,none,none,none,none,857915014246923,False
701,die kommen um krieg zu führen ! und unsere  beschissene regierung lädt sie dazu ein !  hoffentlich hält ungarn durch....,False,False,none,none,none,none,none,983239458381144,False
702,"Wenn man mal schaut sind die alle ziemlich fit und werfen ihr Wasser und ihr Essen auf die Polizei, verbrennen ihre Zelte und Kleidung, Lachen in die Kamera und machen selfies mit ihren Smartphones. Aber es geht Ihnen ja so schlecht und sie sind ja so entkräftet. Mhhhhhh....",False,False,none,none,none,none,none,982644041774019,False
703,"Lieber Lutz, auf was für Seiten du dich aber auch zu bilden und zu informieren versuchst. Das kann ja nur in die Hose gehen ??????????????",False,True,True,True,False,False,False,1012240715481018,False
704,"Das kann ich Dir ganz einfach erklären, da die ""LÜGENPRESSE"" nun mal nicht die Wahrheit sagt über die PEGIDA-Bewegung und PEGIDA-Anhänger kommen aus ganz Deutschland und nicht nur aus Dresden.  Die Zahlen stimmen oft nicht, es wird meist heruntergeredet, die öffentlich-rechtlichen Medien beizeichnen oder haben die PEGIDA als rechtspopulistisch in den Nachrichten bezeichnet, obwohl Populismus was gutes ist (Volksnähe) so wird dieses als Negativbegriff benutzt, obwohl gerade die ARD und das ZDF zur Neutralität verpflichtet sind, aber ihre Rundfunkräte bestehen aus den MItgliedern der HARTZ IV-Partei, Union, FDP und Grüne, nun rate mal, wessen Meinung dort verbreitet wird.",False,True,True,True,False,True,False,857891457582612,False
705,Islam hat Gewaltproblem,False,False,none,none,none,none,none,857595754278849,False
706,"Absolut anmaßend, 17000 Sachsen sind bestimmt nicht das Volk. Ihr seid max. 0,05% des Volkes, mit sinkender Tendenz! Und das ist gut so, denn wenn die Mehrheit der Deutschen sich auf dem Niveau bewegen würde, auf dem sich die Mehrheit der hier gelisteten Kommentatoren bewegt, müssten wir wahrscheinlich Entwicklungshilfe aus den Ländern beziehen, aus denen momentan die ""Massen"" zu uns ""einwandern"". Vielleicht würde der Pegida das ja auch ganz gut gefallen: ""Masseneinwanderung"" und ""Überfremdung"" würde es dann nicht geben, wir wären unter uns und könnten bei Schweinshaxe und Sauerkraut unsere Stammtischreden schwingen.",False,False,none,none,none,none,none,856805061024585,False
707,"...frag mich wo die ganzen Rechtsratikalen denn sind von denen er spricht....? Meint er vielleicht die Türkischen Demonstranten die im Juli 2014 in Essen solche Parolen schrien wie, ""zitiere"": Juden ins Gas..Sieg Heil...etc.""!!!!",False,False,none,none,none,none,none,894911697213921,False
708,"Und was macht die Zonenwachtel? Will Orban dazu zwingen,dass sie diese Assilanten und Krimigranten bei sich aufzunehmen. Wie bekloppt muss es hier noch werden,bis auch der letzte Tolleranzdepp aus seinem Tiefschlaf erwacht?",False,,none,none,none,none,none,982661315105625,False
709,"Jeder Haufen scheint in Deutschland einen ""Zentralrat"" zu haben!! Gibt es eigentlich einen ""Zentralrat der Deutschstämmigen""?? So nicht, sollten wir ihn gründen, denn von den kriminellen Vereinigungen, die in Berlin sitzen und die Land- sowie Stadträte okkupieren, haben Deutschstämmige nur Entscheidungen zu erwarten, die ihren Fortbestand in Frage stellen!!",False,False,none,none,none,none,none,1084495658255523,False
710,Jeder von den Kannacken da bekommt ein Taschengeld von 2500 Euro Und die Wessis betiteln die Ossis seit 25 Jahren als ewige Nörgler und Ausländer werden bevorzugt behandelt seit 2 Jahren ?   Geht Euch da mal ein Licht auf im Westen ^^,False,False,none,none,none,none,none,951587988212958,False
712,Was machen überhaupt Marrokkaner und Tunesier hier ??? Ist dort auch Krieg ??? Dann muss ich aber was verpasst haben !!! Deutschland holt sich anscheinend die Verbrecher selber rein :-D :-D :-D,False,False,none,none,none,none,none,882704565101301,False
713,wieder die linke Antifa ....die nichts..... im Kopf außer Müll.,False,False,none,none,none,none,none,1007172995987790,False
714,"Ich verstehe nur nicht ganz, warum die das machen? Letzten Endes vernichten die sich selbst - und zwar in kürzester Zeit! Sind die so realitätsfern, daß sie das nicht realisieren oder glauben die - im Worst Case würden die Moslems sie an der Macht lassen? Denen muß doch klar sein, daß sie die nächsten sind, die zum Teufel gejagt werden!",False,False,none,none,none,none,none,1115002988538123,False
716,"Wenn die nicht ihren Willen bekommen, dann schalten sie in Angriffmodus, egal ob dort oder hier :-( so wie es in Suhl war. Was natürlich von den längst gleichgeschalteten M(F)erkel Medien verschwiegen wird.",False,True,True,True,False,True,False,982650028440087,False
717,"Wenn ich mir unsere gehirngewaschenen Gegner so ansehe, weis ich wieder, warum es die Redewendung ''linker Hund'' gibt.",False,False,none,none,none,none,none,857960414242383,False
719,"Rudi Fett und die Bevölkerung wird weiter dümmer, anstatt mal an die Zukunft zu denken!",False,False,none,none,none,none,none,1055108464527576,False
720,Gegen ISLAM !!!,False,False,none,none,none,none,none,856746334363791,False
721,"Wer mehr über schwere Amtsdelikte von CDU Politikern erfahren möchte, die die Lügenpresse verschweigt, liest den Blog Beamtenkriminalitaet!",False,True,True,True,False,True,False,1152503618121393,False
722,"Kann ich bei euch Asyl beantragen? Ich komme aus München und will gern flüchten, weil mir dieses Dreckspack gewaltig auf den Sender geht. Ich habe zwar bei der letzten Wahl das kreuz an der richtigen Stelle gemacht, aber leider hat es nicht gereicht :(",False,False,none,none,none,none,none,945887198783037,False
723,Ich denke am Ende 2016 wird es die Bundesrepublik Deutschalnd so nicht mehr geben. Merkel hat ihr eigens Land auf dem Gewissen. Merkel- ist die größte Schande seit 1945 für dieses Land.,False,True,True,True,False,True,True,1055083457863410,False
724,bei kohl und schröder(einheit u.agenda2010) hab ich gedacht schlimmer gehts nimmer! mit merkel wurde ich eines besseren belehrt.,False,True,True,True,False,True,True,1057726654265757,False
725,"Sorry, dass ich Dich verbessern muss, Totenhöfer ist Scheisse und zwar Schweinescheisse !!!",True,True,True,True,True,none,none,894680667237024,True
726,Ab in den Knast mit der Brut! Solche Hassprediger vergiften schon viel zu lange die Gehirne extrem naiver jugendlicher Moslems in unserem Land.,False,False,none,none,none,none,none,935989286439495,False
727,"Diesen Links-Grünen Idioten ist aber auch nichts zu doof !  Diese Asylbetrüger wissen doch vorher, dass sie in ein christliches Land einfallen und dass sie sich auf eine christliche Kultue einzustellen haben. Es ist einfach nur widerlich, wie diese Links-Grünen sich bei den Asylbetrügern einschleimen wollen !",False,False,none,none,none,none,none,1012533228785100,False
728,"Ihr dankt den Bullen???
Dafür dass sie auf Befehl von oben die Bekanntgabe des wahren Mörders des Eritreers hinauszögerten um Pegida in Misskredit zu bringen und um die Gegendemonstranten zu motivieren und zu legitimieren? Und jetzt gesteht ihr eure eigene Hilflosigkeit ein, mit ein paar Zecken nicht klarzukommen?
 Aber schön von Nazis distanzieren,  die wir unsere Veranstaltungen selbst schützen können. 
Ihr Pegida ""Organisatoren"" seid ja soo erbärmlich.",False,True,True,True,False,True,False,856765477695210,False
729,Einer der mutig genug ist mit seinem wahren profil seine Meinung zu äußern  und nicht wie du feige Ratte mit einem fake account hier auf Internet Polizei machst. Ich werde nicht mehr auf deine antworten reagieren kleiner möchtegern facebook Sheriff.,True,True,True,True,False,False,True,982881701750253,True
730,Sozialschnorrer-Pack??,False,False,none,none,none,none,none,1096013480437074,False
731,"Jo!...erstmal die bescheuerten 
Koran-Verteilstände weg...Burka-Verbot sowieso...und Meldepflicht ist ein unwiderufliches MUSS; auch für uns!!",False,False,none,none,none,none,none,1010177182354038,False
732,"SChön, im Namen Allah verlieren zur Zeit 1000 Menschen  am Tag ihr Leben dieser Spinner will das nicht wahrhaben. Das ist Volksverhetzung pur.",False,False,none,none,none,none,none,895399477165143,False
733,"nrw wird in naher zukunft ein autonomes gebiet in deutschland werden. die migranten sind dort schon in überzahl und werden bald ihr eigenes land in deutschland fordern. und so wie die politik hier tickt....sie wird selbstverständlich autonomie gewähren. was hier im land abgeht....die zerschlagung von deutschland ist angelaufen. welcher deutscher würde denn in nrw freiwillig leben wollen, außer die dort geborenen restdeutschen???",False,False,none,none,none,none,none,1010965248941898,False
734,Unsere Volksverräter Merkel und Gabriel müssen endlich mal kapieren.. Wir wollen weder Flüchtlinge noch Multikulti,False,True,True,True,False,True,False,993437980694625,False
735,Diese elenden Linksfaschisten .,False,False,none,none,none,none,none,1107834389254983,False
737,"Solange diesen unverschämten Typen das Schlaraffenland in Deutschland geboten wird, tun die einfach alles dafür, um hierher zu kommen. Die werfen sogar ihre Kinder vors Auto. Werden eben dann neue gemacht.",False,False,none,none,none,none,none,1095965297108559,False
738,Asylbewerber entrüstet. Och ihr armen. Dann aber ab nach Hause,False,False,none,none,none,none,none,1111407438897678,False
739,Da ist es wohl am besten in jeden Asylantenheim Messer auszuteilen ist ja billiger wie Abschiebehaft könnte ja sogar von Solingen gesponsert werden,False,False,none,none,none,none,none,882695355102222,False
741,gar ne erst rein lassen da braucht man die auch nicht abschieben,False,False,none,none,none,none,none,960898337281923,False
742,"Hat der nicht mal den IS besucht und hat einige davon interviewt! 
Warum ist gerade der lebend da wieder heim gekommen
Anderen Reporter hat man den Kopf abgeschnitten!
Der ist das beste Beispiel für einen Nazitheoretiker!",False,True,True,True,False,True,True,894644070574017,False
743,Es sind Diener des Zionismus und jetzt ist wirklich Christentum auf der Zielscheibe!,False,False,none,none,none,none,none,1096010653770690,False
744,"Die deutsche hette es sehr gut haben können ohne amerika und die EU,keine asylanten,genung arbeit und so weiter,aber durch die schädlinge etablierte Volksverräter werden die deutsche mißbraucht und ausgeraubt,wie die Ärsche der welt ausgenuzt",False,False,none,none,none,none,none,1098144503557305,False
745,Fachkenntnisse? Welche Fachkenntnisse haben diese Migranten? Arabisch sprechen und gut Eselrteiten,False,False,none,none,none,none,none,876334312404993,False
746,Es wird Zeit das ein Aufräumer kommt mit Oberlippenbart,False,False,none,none,none,none,none,982965621741861,False
747,"*Herzlich*Willkommen.....""Die Schweine begrüßen herzlichst den Metzger, der sie bald schlachten wird! ""   Diesen alten Spruch kann man in der jetztigen Lage auch gut verwenden...oder???  PS: Wird es demnächst ein 17. Bundesland geben ...""SYRIEN"" ?? Bei dann rund mind. 2 Millionen EInwohnern kann man darüber nachdenken.....",False,False,none,none,none,none,none,977038572334566,False
748,Der Dummkopf bist Du - ich hoffe Du bist noch jung - dann ist es verzeihlich.,True,True,True,True,False,False,True,856778541027237,True
749,"[@IND], ich meine wenn man die einsperrt, verursacht  das geistesgestörte Biest dem Volk nur überflüssige Kosten.  Ich würde eher vorschlagen die wie im Mittelsalter auf einem Scheiterhaufen als als abschreckende Hexe zu verbrennen. Das sollte gut geflimt  und auch in Afrika  vorgeführt werden mit dem Zusatz, dass wir das Gleiche mit jedem Koksbrocken  tun werden, der illegal unsere Grenzen überschreitet.  Wenn das alle in Afrika wissen, kommt bestimmt kein Koksbrocken illegal  zu uns.",True,True,True,True,True,none,none,994543903917366,True
752,"Hi Artur .Tolleranz und Respekt ,gehts noch .Mit wem denn ,????Etwa mit den Mörden einer 19 Jährigen in Berlin .Bei lebendigen Leib verbrannt weil sie Schwanger war .Respekt mit Drogendialern die vor den Schulen stehen ,Respekt vor Zuhältern .Ich sage schlicht und einfach ,,,,Schande über dich ....Bedenke die Mörder sind unter uns Mach die mal Gedanken über Deutschland und seine ach so Lieben",False,True,False,none,none,none,none,858356850869406,False
753,"Ich sprühs auf jede Wand: ""Raperefugees raus aus diesem Land""",False,False,none,none,none,none,none,1038623599509396,False
754,"Das wäre der zweite wichtige Schritt. Der erste wäre, die Leute gar nicht ins Land zu lassen.",False,False,none,none,none,none,none,960970707274686,False
755,"Genau wie ""wie wir"" alle Merkel gewählt haben?? Versteh mich bitte nicht falsch ,aber die Bonzen,egal in welcher Position' stehen auch ohne des Volkes Stimme schon fest""""",False,False,none,none,none,none,none,935426126495811,False
756,"nicht schuldig mirantite schuldig Griechenland. Griechenland hat Geld für Migranten erhalten. Das Geld sollte die griechische Regierung mit ihnen zu verbringen sie Migranten in Lagern unterzubringen . Migranten sind zu Fuß frei um Griechenland und Mazedonien wirtschaftlichen Folgen leiden. Unsere Lkw mit verderblichen Waren haben die griechischen Straßen erfasst. (Mazedonien profitieren Hafen Thessaloniki) .Welche den Schaden zu bezahlen. Griechenland unorganisiert, faul und gierig",False,False,none,none,none,none,none,1095988190439603,False
758,Habe ich und zwar jene die innerhalb meiner Familie aufgenommen wurden. Fazit.... NIE WIEDER!!! Das Wort Flüchtling ist gier absolut unpassend! Rotzfreche Invasoren sind es die ich kennenlernte!,False,False,none,none,none,none,none,1134094019962353,False
759,"Traumatisierte maskierte Asylanten werfen Steine und zündeln Feuer an,weil sie ihren Willen nicht kriegen... Aufwachen..... ! Das sind doch keine Asyl....ab nach Hause !",False,False,none,none,none,none,none,982890168416073,False
760,"Das ermordete und verbrannte Mädchen aus Berlin. Laßt mich raten. Täter hatten Migrationshintergrund, oder? Ist das schon raus?",False,False,none,none,none,none,none,857907734247651,False
761,"Welch armseliges heuchlerisches linkes Pack...ueberall am Klatschen, aber das ganze Gesockse bloss nicht in der Nähe haben wollen...wie scheinheilig...aber wundert mich nicht..",False,False,none,none,none,none,none,987833004588456,False
762,"Fleißig weiterarbeiten und Überstunden machen, 2 Job 3, Job,die Neubürger , haben Hunger, brauchen ( in guter Lage) Wohnungen , Klamotten usw. Und an die Frauen kauft keine Höschen mehr ,  die gehen nur kapput, bei der Bereicherung !",False,False,none,none,none,none,none,1055081944530228,False
763,"das Stupide an diesen Kundgebungen ist, daß sie nicht gegen ""Nazis"" sondern gegen alles sind was diesen linken Faschisten nicht paßt !",False,False,none,none,none,none,none,945355532169537,False
764,Da war sie wieder.Merkelnazidiktatur 2016.,False,True,True,True,False,True,True,1152509131454175,False
766,Gott seid ihr blöd... #pegidioten,False,False,none,none,none,none,none,1012258145479275,False
767,"Ich würde sagen, schafft erstmal Ordnung in eurem Islam. Solang es Attentäter, Kopfabschneider, Taliban und IS gibt, die sich alle auf euren Herren Mohammed und den Koran berufen, solang wird der Islam unglaubwürdig sein. Jedoch könnt nur ihr das selbst intern klären. Ich habe z.B. noch keinen Iman gesehen, der den IS auf Schärfste kritisiert. Statt dessen, so scheint es, schafft ihr nur überall anders Probleme. Übrigens: Reden deine Eltern Deutsch mit dir, wenn ihr hier wohnt?",False,False,none,none,none,none,none,857421180962973,False
768,"Dieser Abschaum sitzt auf ihrem faulen Fleisch und redet nur was ihnen die Versager Politiker vorgeben 
Wer muss sich mit den Facharbeitern herumschlagen und bezahlen wir das dumme Volk",False,False,none,none,none,none,none,876342492404175,False
769,Hans-Jürgen Dischereit der einzige der hier stumpfsinnig ist bist du. Bei so dummen und naiven Menschen verspüre ich auch immer einen starken Brecheiz.,True,True,True,True,False,False,True,1055527887818967,True
770,Habe Flüchtling gefunden und zur Grenze gebracht .,False,False,none,none,none,none,none,1065199963518426,False
771,"Wann hat die Merkel nun gelogen? Damals, als es hieß Multi-Kulti ist gescheitert oder aktuell wo wir multikulti sein sollen?  Ich behaupte mal die lügt immer wenn sie das Maul aufmachen tut.",False,True,True,True,False,True,True,855480981156993,False
773,"1. Focus Falschmeldung, gestern ist erst im Radio gekommen, solche Falschmeldungen seien Volksverhetzung und strafbar. Also wo ist die Anzeige? 

2. Mehrere Personen ein uns ausgegangen? Im Hotel? Wenn es keine Terroristen sind, dann ist es eben eine andere Kriminelle Organisation.  Ob ich nun von nem  Kameltreiber in die Luft gejagt werde weil er seinem pedofilen Profeten nacheifern oder weil er nen geldtransporter sprengen wollte spielt nun keine große rolle.

3. Die konnten mit den eigenen Autos abhauen? Wird sowas nicht als erstes verhindert? Aber die Münchner Polizei ist ja vermutlich netmal in der Lage. Einen 6 jährigen Bub daran zu hindern nen lutscher zu klauen. 

4. Und man wird nie erfahren was es wirklich war und die Blümchenpflücken in München werden weiter jubeln. Die würden noch junbeln wärend sie von den Kameltreibern abgeschlachtet werden.",False,False,none,none,none,none,none,1011479098890513,False
774,"aus Dortmund, HSV Fan und Unterstützer von Pegida? 3x Fail...",False,True,False,none,none,none,none,856743184364106,False
776,Ist halt ein Mitglied unserer undemokratischen Volksverarscher.....,False,True,True,True,False,True,True,1123592267679195,False
777,Die Drecksäcke kommen wenigstens nicht mehr als traumatisierte Flüchtlinge nach Deutschland.Und Steinmeier sollte lieber alten Omas im Seniorenheim Geschichten vorlesen.,False,True,True,True,False,True,True,1007164525988637,False
779,"Jetzt zeigen die meisten ""Flüchtlinge"" ihr wahres Gesicht. Gewalt pur.",False,False,none,none,none,none,none,982736175098139,False
781,"Es waren die Gutmenschen die im III. Reich die Menschen denunziert und an die Nazi Schergen verraten haben. Angeführt von einer Meute Politiker denen sie alles glaubten und aufgestachelt von den Medien wie damals Streicher mit dem 'Stürmer' und anderen Konsorten. 

Diejenigen die gegen den Staat aufbegehrten, widersprachen wurden gehetzt und gejagt.

Diese Gutmenschen haben das nicht getan, weil sie Nazis waren. Nein, sie waren davon überzeugt dem Staat damit etwas gutes zu tun. Zumal als Christen von der Kirche unterstützt. verblendet.

Es hat sich nichts geändert. Es sind immer nur die Gutmenschen die uns an Politik und Medien verraten und die alle hinterher von sich behaupten, ich habe von nichts gewußt. Aber alle machen mit gegen das eigene Volk.

Und wie man sieht, die Treibjagd ist eröffnet. 
Von Politik und Medien und wieder den die Gutmenschen...!",False,False,none,none,none,none,none,856849404353484,False
782,Nicht nur in Österreich ist die Lage von Tag zu Tag immer bedrohlicher. Auch hier in Doitschelandistan will das Merkel-Regime die ISlamisierung gegen alle Widerstände durchboxen. Es wird allerhöchste Zeit für einen Regime-Change. Ja. Wir können das.,False,True,True,True,False,True,True,1038624159509340,False
783,"Hab ja gar nichts gespürt , hässlicher Ackergaul Eddie welcher dass kacken üben muss. Aber gut, der Klügere gibt nach, hast gewonnen.",True,True,True,True,True,none,none,994754917229598,True
784,FANGEN S?E M?T DER TÜRKE? AN  NATO M?TGL?ED UND MORDET ?N KURD?STAN ... SCHAUEN S?E AN D?E WAENDE  ?N KURD?STAN WAS D?E TÜRK?SCHE M?LL?TAER AN D?E WAENDE SCHRE?BT... ?S?S  CHEF TÜRKE?  MR.. ERDOGAN.,False,False,none,none,none,none,none,1010245355680554,False
785,"stolzen deutschen Nation, aber sie sehen nicht, wie die Muslime zu zerstören Deutsch",False,False,none,none,none,none,none,945849142120176,False
786,"Hahahah und wo ist dieser ""Islam""? Du Hinterwäldler es gibt auch Kirchen in Islamischen Länder aber dafür müsstest du Dorfesel aus deinem Bauernhof raus. Du kannst von Glück reden, dass du - wegen deinem Alter - die Islamisierung Deutschlands nicht mehr mit erleben wirst. In diesem Land werden in 100-200 Jahren mehr Moslems Leben als Christen usw. weil ihr am aussterben seid. Zu verdanken habt ihr das euch selber, denn zum Glück ist die Geburtenrate so niedrig „smile“-Emoticon. Die Welt wird ein besseres ohne euch Massemmörder.",True,True,True,True,False,False,True,1105825759455846,True
787,"Diesen Randalierern gehören mal gewaltig die Ohren hochgezogen , mach Du das mal als Bürger, du wirst sofort eingesperrt , diese werden nicht mal zur Rechenschaft gezogen... Ja ja vor dem Gesetz sind alle gleich ... Was für eine verlogene Welt , noch nie gearbeitet , keine Steuern bezahlt und Millionen Menschen über die Grenze holen , ist denen überhaupt bewusst, wer das zahlen soll ... DU ... ICH ... Sicher aber nicht die . Sollten nicht mal erst die Menschen, die bereits hier sind , menschenwürdig versorgt werden, aber so weit können die wohl nicht denken , Grenzen überrennen und dabei behilflich sein ist sicher keine Lösung . Grenzen müssen geachtet werden .",False,False,none,none,none,none,none,1108067299231692,False
789,Bist auch so ein verschissener linker? Dann halt die Klappe du Knaller :@,True,True,True,True,False,False,True,972343526137404,True
790,I love all of u.  Thanks for ur hard work.  Islam is not a religion.  Sure it has a god but it is primarily a political ideology.  It is a political ideology with a religious component.  It has more in common with nazism or communism that a religion,False,False,none,none,none,none,none,856922501012841,False
791,"Wenn überhaupt Herr Todenhöfer Angst vor etwas haben sollte (was nicht der Fall ist), dann ist es die vor der rechten Gefahr, die in Deutschland vorhanden ist. Leider wird in den Medien wenig darauf eingegangen. Stattdesssen wird dem Ottonormalverbraucher ""Hans Würstchen"" suggeriert, es bestehe in Deutschland die Gefahr der Islamisierung. Das kommt in diesem Land, wo es viele Islamhasser gibt, natürlich besser an, als es die Realität hergibt.",False,True,False,none,none,none,none,894897087215382,False
792,Dresdener Bürger gehen hier für mehr Demokratie auf die Straße. Dresden ist doch jetzt schon zur heimlichen Hauptstadt der Demokratie in Deutschland geworden. Berlin = Multikulti und Verarschung des Deutschen Volkes.,False,False,none,none,none,none,none,856768134361611,False
793,"Die ""Geschäftsführer"" und ""Verbände"" der Zeitungen sollen sich nur lächerlich machen. Runter mit der Maske, dann wird deutlich dass diese NICHTS zu sagen haben und deren Versuch mit manipulativer Berichterstattung das Volk zu lenken als kriminell, mindestens aber der Verrat, ENTTARNT. Wenn auch nur ein Richter diesen komischen Paragraphen anwenden würde, was glaubt er wie des Volkes Seele stürmen würde. Solche Anzeigen, Prozesse, ALSO BITTE!, HaHa, ich denk' auch langsam wir sind in Nordkorea. Es tut mir leid für Tatjana, dass sie diesen Mist über sich ergehen lassen muss.",False,False,none,none,none,none,none,1043609129010843,False
794,"Matthias Kühr ..oller angeber..wie peinlich ist es denn,damit zu protzen bereits ,mit x profilen irgendwo gesperrt zu sein ?....du degradierst dich damit selbst.....geh weiter und entsorge deinen unsinn bei "" dresden hirnfrei"" oder "" pegida#swatch""...",True,True,True,True,False,False,True,1111923292179426,True
795,"ca. 80% Prozent sind Analphabeten -------> das wird uns hier in Europa, vorallem in Deutschland in den Ruin treiben",False,False,none,none,none,none,none,982648591773564,False
796,"""Die Pest"" wie sie sie nennen sind meiner Meinung nach die sogenannten Flüchtlinge die unser Land überrennen. Solche die sich nicht on die Gesellschaft eingliedern wollen. Wirtschaftsflüchtlinge die sich unter Vortäuschung falscher Tatsachen und falscher Dokumente hier auf Kosten der Steuerzahler ein schönes Leben machen wollen. Islamisten die aus Deutschland einen Gottes staat machen wollen. Die ""Pest"" sind auch schmierfinken wie sie die nur ""einseitige"" hetze betreiben. Dann kommt das linke Pack das mit Gewalt, Steinen, Flaschen und Feuerwerkskörper nur Unruhe stiften will. Zum Schluss die Politiker die meinen sie können alle Entscheidungen ohne das Volk treffen. Das ist die Pest die es zu bekämpfen gilt.",False,True,True,True,False,True,False,894865597218531,False
797,"bevor dies nach deutschland kommt ziehe ich einen Bürgerkrieg vor.....die Merkeln muss wech, aber schnell..... wenn es nicht anderst geht auch mit Abschiebungsbefehl.... in die Wüste. Ironie oder Ernst gemeint, überlasse Euch die Entscheidung......",False,True,False,none,none,none,none,1055114801193609,False
